ID,Spectrometer,Cereal,Variety,Country,Year,Moisture,Protein,950,955,960,965,970,975,980,985,990,995,1000,1005,1010,1015,1020,1025,1030,1035,1040,1045,1050,1055,1060,1065,1070,1075,1080,1085,1090,1095,1100,1105,1110,1115,1120,1125,1130,1135,1140,1145,1150,1155,1160,1165,1170,1175,1180,1185,1190,1195,1200,1205,1210,1215,1220,1225,1230,1235,1240,1245,1250,1255,1260,1265,1270,1275,1280,1285,1290,1295,1300,1305,1310,1315,1320,1325,1330,1335,1340,1345,1350,1355,1360,1365,1370,1375,1380,1385,1390,1395,1400,1405,1410,1415,1420,1425,1430,1435,1440,1445,1450,1455,1460,1465,1470,1475,1480,1485,1490,1495,1500,1505,1510,1515,1520,1525,1530,1535,1540,1545,1550,1555,1560,1565,1570,1575,1580,1585,1590,1595,1600,1605,1610,1615,1620,1625,1630,1635,1640,1645,1650
BarleyWholePerten0001,Perten_DA7200,barley,Unknown,Slovenia,2004,11.10000038,14.10000038,0.145606995,0.146704003,0.148420006,0.151003003,0.153931007,0.156854004,0.159347996,0.160706997,0.161274001,0.160977006,0.160293996,0.159131005,0.157925993,0.156192005,0.154312,0.152115002,0.149904996,0.147802994,0.145685002,0.143509999,0.141411007,0.139412001,0.137300998,0.135252997,0.133251995,0.131593004,0.129949004,0.128526002,0.127265006,0.126313001,0.125534996,0.125031993,0.124893002,0.125156,0.126054004,0.128252998,0.132486001,0.138977006,0.147357002,0.156830996,0.167063996,0.177147001,0.186661005,0.19483,0.201769993,0.208035007,0.213829994,0.219125003,0.223297,0.226104006,0.227496997,0.227647007,0.226321995,0.223671004,0.219803006,0.215461999,0.211106002,0.207396001,0.204313994,0.201780006,0.199696004,0.198191002,0.197209999,0.196237996,0.195372999,0.194287002,0.193022996,0.191558003,0.190363005,0.189533994,0.189437002,0.189969003,0.191396996,0.193774,0.197228998,0.201929003,0.207617998,0.214348003,0.221751005,0.229551002,0.237315998,0.244966999,0.251899988,0.257764012,0.262953997,0.267619014,0.273220003,0.280429989,0.289907008,0.301169992,0.31437701,0.32861799,0.343270987,0.357820004,0.370570988,0.381563008,0.390284985,0.396670997,0.401142001,0.404269993,0.406091005,0.407247007,0.408143014,0.408688009,0.408329994,0.40724501,0.406049997,0.404069006,0.402291,0.400178999,0.397913009,0.396111012,0.393691987,0.390960991,0.388550997,0.386483014,0.384609014,0.38321799,0.381650001,0.380715996,0.379711002,0.378340989,0.377250999,0.376174003,0.375178993,0.373856008,0.372593999,0.370662987,0.368611008,0.366232008,0.363251001,0.36046201,0.357459992,0.354988009,0.352192015,0.349501997,0.34701401,0.344718993,0.343124002,0.341753006,0.340617001
BarleyWholePerten0002,Perten_DA7200,barley,Unknown,Slovenia,2004,14.0,10.69999981,0.145392001,0.146918997,0.148931995,0.151502997,0.15411,0.156470999,0.158443004,0.159352005,0.159490004,0.158856005,0.157828003,0.156348005,0.154898003,0.152921006,0.150845006,0.148479,0.146191999,0.143974006,0.141763002,0.139526993,0.137379006,0.135404006,0.133379996,0.131457999,0.129543006,0.127942994,0.126399994,0.125094995,0.123975001,0.123131998,0.122492999,0.122116998,0.122092001,0.122367002,0.123259999,0.125367999,0.129390001,0.135646999,0.143892005,0.153433994,0.163773,0.173727006,0.182669997,0.190054998,0.196144,0.201575995,0.206636995,0.211305007,0.215057999,0.217690006,0.218990997,0.219086006,0.217812002,0.215180993,0.211435005,0.207316995,0.203130007,0.199551001,0.196575001,0.194089994,0.191984996,0.190412998,0.189276993,0.188131005,0.187140003,0.186012,0.184836999,0.183585003,0.182660997,0.182148993,0.182373002,0.183284998,0.185167998,0.188014999,0.191874996,0.196979001,0.203008995,0.209984005,0.217501,0.225226,0.232767999,0.240132004,0.246842995,0.252620995,0.2579,0.263085008,0.269667,0.278443992,0.29006201,0.303932995,0.319995999,0.336903006,0.353866994,0.370218009,0.384267986,0.396099001,0.405335993,0.411971986,0.416512996,0.419517994,0.421056002,0.421905994,0.422417015,0.422551006,0.421581,0.419696003,0.417591006,0.414629996,0.411724001,0.408582985,0.405378014,0.402691007,0.399385005,0.39577201,0.392556012,0.389777988,0.387279004,0.385354012,0.383246005,0.381875992,0.380519003,0.378695011,0.377112001,0.375645012,0.374273002,0.372487009,0.370795995,0.368427008,0.365958989,0.363211989,0.359683991,0.356287986,0.352694005,0.349783987,0.346561998,0.343472987,0.340615004,0.337889999,0.335936993,0.334414005,0.333332986
BarleyWholePerten0003,Perten_DA7200,barley,Unknown,Slovenia,2004,13.19999981,11.5,0.141222,0.142730996,0.144703001,0.147183999,0.149740994,0.152097002,0.154044002,0.154947996,0.155112997,0.154521003,0.153548002,0.152113006,0.150619,0.148611993,0.146507993,0.144197002,0.141877994,0.139602006,0.137356997,0.135130003,0.132961005,0.130989,0.128920004,0.126949996,0.125015006,0.123341002,0.121766999,0.120480001,0.119346999,0.118479997,0.117838003,0.117473997,0.117453001,0.117761999,0.118715003,0.120930001,0.125046,0.131385997,0.139741004,0.149379,0.159752995,0.169754997,0.178790003,0.186267003,0.192458004,0.197984994,0.203090996,0.207789004,0.211545005,0.214148998,0.215443,0.215549007,0.214325994,0.211809993,0.208150998,0.204088002,0.199947998,0.196412996,0.193462998,0.190982997,0.188887999,0.187292993,0.186193004,0.185103998,0.184136003,0.183023006,0.181844994,0.180591002,0.179644004,0.179114997,0.179353997,0.180244997,0.182090998,0.184891,0.188754007,0.193859994,0.199874997,0.206853002,0.214366004,0.222117007,0.22969,0.237054005,0.243796006,0.249592006,0.254844993,0.259884,0.266281992,0.274850994,0.286184996,0.299690992,0.315351009,0.331988007,0.348699004,0.364921004,0.378975987,0.390859008,0.400148988,0.40683201,0.411449999,0.414507002,0.416126013,0.417066008,0.417703003,0.417861998,0.416949004,0.415152013,0.413114011,0.410232008,0.407368988,0.404316992,0.401174992,0.39852199,0.395238012,0.391689986,0.388554007,0.385794014,0.383318991,0.381433994,0.379314005,0.377945989,0.376623988,0.374855012,0.373297989,0.371825993,0.370517999,0.368759006,0.367035002,0.364690989,0.362316996,0.359613001,0.356184989,0.352874994,0.349314004,0.346381009,0.343171001,0.340095997,0.337246001,0.334630996,0.332810998,0.331371009,0.330430001
BarleyWholePerten0004,Perten_DA7200,barley,Unknown,Slovenia,2004,14.10000038,12.19999981,0.154174998,0.155566007,0.157386005,0.159759998,0.162104994,0.16415,0.165896997,0.166587994,0.166568995,0.165855005,0.164903,0.163435996,0.162049994,0.160185993,0.158300996,0.156165004,0.154073,0.152121007,0.150140002,0.148124993,0.146182999,0.144391,0.142514005,0.140696004,0.138885006,0.137391001,0.135927007,0.134753004,0.133744001,0.132949993,0.132291004,0.131891996,0.131818995,0.132005006,0.132753,0.134597004,0.138209999,0.143838003,0.151276007,0.159904003,0.169266,0.178304002,0.186473995,0.193186,0.198746994,0.203749999,0.208422005,0.212715,0.216123998,0.218428001,0.219476998,0.219424993,0.218048006,0.215440005,0.211772993,0.207735002,0.203651995,0.200176999,0.197295994,0.194842994,0.192754,0.191172004,0.190036997,0.188920006,0.187972993,0.186901003,0.185764998,0.184530005,0.183599994,0.183080003,0.183293,0.184093997,0.185791999,0.188433006,0.192095995,0.196943998,0.202658996,0.209278002,0.216413006,0.223813996,0.231144995,0.238342002,0.244894996,0.250479996,0.255564988,0.260616988,0.267248988,0.27601701,0.287562013,0.301335007,0.317113012,0.333692998,0.350235999,0.366160005,0.379721999,0.391047001,0.399791986,0.405997008,0.410216004,0.412995011,0.414402008,0.415206999,0.415683001,0.415773004,0.414802998,0.412959009,0.410935998,0.408066005,0.405312002,0.402305991,0.399199009,0.396573007,0.393334001,0.389750987,0.386599988,0.383893013,0.381406993,0.379500002,0.37735799,0.37597099,0.374615014,0.372747004,0.371167988,0.369673997,0.368315011,0.366508007,0.364753991,0.362390012,0.359892994,0.357107997,0.35355401,0.350149989,0.346596003,0.343618989,0.340267003,0.33712399,0.334161997,0.331346005,0.329376996,0.327883989,0.326819003
BarleyWholePerten0005,Perten_DA7200,barley,Unknown,Slovenia,2004,16.0,12.39999962,0.157634005,0.159581006,0.161883995,0.164615005,0.167224005,0.169465005,0.171373993,0.17216,0.172147006,0.171404004,0.170329005,0.168698996,0.167104006,0.165024996,0.162931994,0.160570994,0.158261001,0.156091005,0.153919995,0.151729003,0.149664998,0.147733003,0.145705,0.143775001,0.141864002,0.140327007,0.138846993,0.137706995,0.136758998,0.136079997,0.135571003,0.135325998,0.135409996,0.135827005,0.136871994,0.139130995,0.143417001,0.150010005,0.158649996,0.16855,0.179100007,0.189078003,0.197956994,0.205181003,0.211100996,0.216379002,0.221276999,0.225752994,0.229285002,0.231668994,0.23274,0.232647002,0.231212005,0.228544995,0.224803999,0.220717996,0.216608003,0.213153005,0.210301995,0.207865,0.205797002,0.204225004,0.203122005,0.202048004,0.201187998,0.200214997,0.199221999,0.198190004,0.197518006,0.197289005,0.197845995,0.199056998,0.201224998,0.204372004,0.208578005,0.214006007,0.220277995,0.227417007,0.235007003,0.242752999,0.250295997,0.257674009,0.264409989,0.270236999,0.275707007,0.281345993,0.288812995,0.298667997,0.311585993,0.326781988,0.343923003,0.361566991,0.378890991,0.395374,0.409242988,0.42079401,0.429726988,0.436049014,0.440416008,0.443365991,0.444846004,0.445652992,0.446161002,0.446171999,0.445053995,0.442992002,0.440757006,0.437563002,0.434504986,0.431239009,0.427848995,0.425016999,0.421501994,0.417686999,0.414326996,0.411363006,0.408641011,0.406515002,0.404163003,0.402604014,0.401012003,0.39892,0.397100002,0.395413995,0.393857002,0.391887009,0.39002201,0.387573987,0.385015994,0.382133991,0.378513008,0.375079006,0.371517003,0.36857,0.365229994,0.362096995,0.359191001,0.356384993,0.354391992,0.352869988,0.351705015
BarleyWholePerten0006,Perten_DA7200,barley,Unknown,Slovenia,2004,16.20000076,14.60000038,0.167097002,0.168596,0.170433998,0.172714993,0.174822003,0.176608995,0.178099006,0.178538993,0.178280994,0.177305996,0.176098004,0.174419999,0.172784999,0.170713008,0.168644995,0.166305006,0.164041996,0.161908001,0.159742996,0.157585993,0.155543,0.153641,0.151633993,0.149711996,0.147793993,0.146268994,0.144800007,0.143637002,0.142672002,0.141927004,0.141357005,0.141068995,0.141096994,0.141406,0.142314002,0.144382998,0.148381993,0.154548004,0.162631005,0.171876997,0.181747004,0.191076994,0.199379996,0.206129998,0.211657003,0.216561005,0.221101999,0.225215003,0.228419006,0.230526,0.231389999,0.231186003,0.229719997,0.227083996,0.223435998,0.219478995,0.215494007,0.212129995,0.209338993,0.206922993,0.204852,0.203297004,0.202208996,0.201141,0.200283006,0.199330002,0.198373005,0.197350994,0.196689993,0.196454004,0.196987003,0.198155001,0.200243995,0.203286007,0.207369998,0.212641001,0.218728006,0.225661993,0.233034998,0.240557998,0.247920007,0.255115002,0.261658013,0.267284989,0.272588015,0.278093994,0.285481006,0.295226991,0.307931989,0.322836995,0.339558005,0.356669992,0.373369008,0.389156997,0.402348995,0.413262993,0.421622008,0.427540988,0.431589991,0.434280992,0.435597986,0.436315,0.436747015,0.43669799,0.435537994,0.433438987,0.431199014,0.428066999,0.425054014,0.421831012,0.418502003,0.415688992,0.412236989,0.408432007,0.405072987,0.402161986,0.399457008,0.397329003,0.394980013,0.393366009,0.391730011,0.389622003,0.387775987,0.386052996,0.384490013,0.382555991,0.380706996,0.378282994,0.375743002,0.372925013,0.369383007,0.366021007,0.362506002,0.359611005,0.356384009,0.353318989,0.35047099,0.347772986,0.345865995,0.344386995,0.343318999
BarleyWholePerten0007,Perten_DA7200,barley,Unknown,Slovenia,2004,17.79999924,13.5,0.172688007,0.174641997,0.176988006,0.179647997,0.182047993,0.184084997,0.185761005,0.186318994,0.186059997,0.184988007,0.183623001,0.181702003,0.179807007,0.177442998,0.175095007,0.172463998,0.169885993,0.167487994,0.165104002,0.162694007,0.160402,0.158318996,0.156158999,0.154091001,0.152036995,0.150406003,0.148912996,0.147781,0.146882996,0.146275997,0.145838007,0.145698994,0.145940006,0.146528006,0.147768006,0.150313005,0.155052006,0.162322998,0.171805993,0.182575002,0.193852007,0.204313994,0.213456005,0.220786005,0.226754993,0.232050002,0.23691,0.241290003,0.244723007,0.247018993,0.248005003,0.247861996,0.246377006,0.243696004,0.240013003,0.236015007,0.231969997,0.228589997,0.225803003,0.223395005,0.221329004,0.219776005,0.218723998,0.217691004,0.216910005,0.216047004,0.215200007,0.214333996,0.213870004,0.213868007,0.214707002,0.216235995,0.218792006,0.222367004,0.227008998,0.232879996,0.239542007,0.247005999,0.254842997,0.26275301,0.270404995,0.277864009,0.28461501,0.290398985,0.295937002,0.30182299,0.309799999,0.320226014,0.333768994,0.349541992,0.367029995,0.384669006,0.401688993,0.417704999,0.430967003,0.441899002,0.450302988,0.456223995,0.460254014,0.462962002,0.464269012,0.464933991,0.465297014,0.465178996,0.463878006,0.461578995,0.459129006,0.455662012,0.452354997,0.448864013,0.445273995,0.442326993,0.438677013,0.434704006,0.431203991,0.42809999,0.425217986,0.422926009,0.420410007,0.418664008,0.416904986,0.414649993,0.412638009,0.410728008,0.409004003,0.406937003,0.405079991,0.402633995,0.400114,0.397267014,0.393739998,0.390406996,0.386940986,0.384171993,0.381031007,0.378026009,0.375225991,0.372550011,0.370739996,0.369300991,0.368331999
BarleyWholePerten0008,Perten_DA7200,barley,Unknown,Slovenia,2004,19.5,13.80000019,0.189796999,0.191943005,0.194251999,0.196764007,0.198952004,0.200675994,0.202060998,0.202443004,0.202154994,0.201031998,0.199592993,0.197677001,0.195841,0.193424001,0.191019997,0.188391,0.185826004,0.183394998,0.181036994,0.178702995,0.176401004,0.174247995,0.172016993,0.169977993,0.168024004,0.166519001,0.165073007,0.163935006,0.162988007,0.162364006,0.161911994,0.161730006,0.161902994,0.162386,0.163452998,0.165819004,0.170276001,0.177189007,0.186234996,0.196424007,0.207037002,0.216714993,0.225050002,0.231656,0.236985996,0.241711006,0.246015996,0.249969006,0.252983004,0.254945993,0.255667001,0.255326003,0.253762007,0.25108701,0.247446001,0.243555993,0.239596993,0.236247003,0.233478993,0.231088996,0.228993997,0.227422997,0.226330996,0.225211993,0.224331006,0.223436996,0.222601995,0.221763998,0.221361995,0.221431002,0.222338006,0.223874003,0.226411998,0.229936004,0.234458,0.240164995,0.246600002,0.253775001,0.261274993,0.268792003,0.275968999,0.282932013,0.289283991,0.29491201,0.300467014,0.306479007,0.314700991,0.325621992,0.339612007,0.355758995,0.373609006,0.391499013,0.408578008,0.42445901,0.437505007,0.448197991,0.456339985,0.462013006,0.465820015,0.468347997,0.469390988,0.469803006,0.469971001,0.469595999,0.468014985,0.46547401,0.46271199,0.459021986,0.455462992,0.451680988,0.44787699,0.44470501,0.44085899,0.436742008,0.433052987,0.429753006,0.426705986,0.424178988,0.421460003,0.419580013,0.417620003,0.415228993,0.413096994,0.411056995,0.409177989,0.407005012,0.405032992,0.402469009,0.399852991,0.39695999,0.393379003,0.389999002,0.386518002,0.383729011,0.380528003,0.377507001,0.37471801,0.37202999,0.370088011,0.368445993,0.367318004
BarleyWholePerten0009,Perten_DA7200,barley,Unknown,Slovenia,2004,16.79999924,12.10000038,0.162315995,0.164216995,0.166500002,0.169193,0.171715006,0.173844993,0.175584003,0.176246002,0.176165998,0.175264999,0.174079001,0.172417,0.170809999,0.168680996,0.166550994,0.164156005,0.161761001,0.159454003,0.157223001,0.155033007,0.152882993,0.150860995,0.148775995,0.146844,0.144944996,0.143432006,0.141983002,0.140820995,0.139841005,0.139156997,0.138666004,0.138451994,0.138557002,0.138963997,0.139987007,0.142263994,0.146540001,0.153130993,0.161792994,0.171727002,0.182312995,0.192298994,0.201061994,0.208133996,0.213923007,0.219101995,0.223878995,0.228292003,0.231729999,0.234033003,0.235052005,0.234959006,0.233548001,0.230887994,0.227161005,0.223110005,0.219001994,0.215536997,0.212687001,0.210256994,0.208176002,0.206625,0.205544993,0.204465002,0.203578994,0.202618003,0.201643005,0.200638995,0.200016007,0.199837998,0.200443998,0.201692,0.203939006,0.207197994,0.211477995,0.216982007,0.223306,0.230490997,0.238104999,0.245856002,0.253398001,0.260755986,0.267482996,0.273288995,0.278759003,0.284440994,0.292073011,0.302190006,0.315376997,0.330909014,0.348414004,0.366335988,0.383882999,0.400465012,0.414355993,0.425853998,0.434713006,0.440993011,0.445297003,0.448199004,0.449580997,0.450302005,0.450787991,0.450776994,0.449557006,0.447405011,0.445046008,0.441760004,0.438578993,0.43513,0.431629986,0.42868799,0.425081015,0.42117399,0.417649001,0.414573014,0.411781997,0.409538001,0.407092989,0.405469,0.403791994,0.401636988,0.399758995,0.397969008,0.396299988,0.394275993,0.392414004,0.389930993,0.387333989,0.384460986,0.380816996,0.377353996,0.373733014,0.370766014,0.367453992,0.364293009,0.361434996,0.358642995,0.356617987,0.355019987,0.354113996
BarleyWholePerten0010,Perten_DA7200,barley,Unknown,Slovenia,2004,15.80000019,12.19999981,0.198012993,0.199236006,0.200675994,0.202534005,0.204257995,0.205762997,0.207111999,0.207715005,0.207754001,0.206943005,0.205771998,0.204187006,0.202662006,0.200563997,0.198498994,0.196202993,0.194024995,0.191926003,0.189906001,0.187778994,0.185778007,0.183871999,0.181936994,0.180093005,0.178232998,0.176715002,0.175292999,0.174094006,0.172931999,0.172033995,0.171289995,0.170886993,0.170754001,0.170889005,0.171427995,0.172932997,0.176036999,0.181064993,0.187935993,0.196031004,0.204870001,0.213406995,0.221175,0.227543995,0.232757002,0.237375006,0.241625994,0.245479003,0.248539001,0.250506997,0.251307011,0.251069009,0.249636993,0.247060999,0.243476003,0.239610001,0.235581994,0.232194006,0.229350999,0.226924002,0.224773005,0.223179996,0.222030997,0.220769003,0.219733,0.218619004,0.217565998,0.216438994,0.215644002,0.215202004,0.215473995,0.216287002,0.218017995,0.220613003,0.224179998,0.228890002,0.234436005,0.240838006,0.247656003,0.254684001,0.26146701,0.268160999,0.274197996,0.279498011,0.284453005,0.289445996,0.296038002,0.304892004,0.316662997,0.33059299,0.346459001,0.36284399,0.378978998,0.394237995,0.407312006,0.418103993,0.426486999,0.432574987,0.436650991,0.439413011,0.440643013,0.441260994,0.441561997,0.441581994,0.440504998,0.438540012,0.436248988,0.433156997,0.43027401,0.426932007,0.423588991,0.420749009,0.417533994,0.413764,0.410411,0.407445997,0.404655993,0.402458996,0.400090993,0.398523986,0.396919012,0.394912988,0.393032014,0.391258001,0.389586002,0.387544006,0.38578701,0.383435011,0.380995005,0.378333986,0.374886006,0.371571988,0.368059993,0.365278006,0.362080008,0.359135985,0.356391013,0.353702009,0.351862997,0.350293994,0.349260002
BarleyWholePerten0011,Perten_DA7200,barley,Unknown,Sweden,2006,17.20000076,11.39999962,0.109660998,0.112176999,0.115162998,0.118428998,0.12173,0.124857001,0.127349004,0.129023999,0.129809007,0.129766002,0.129076004,0.127990007,0.126551002,0.124877997,0.122991003,0.12094,0.118813999,0.116682999,0.114638999,0.112710998,0.110872999,0.109070003,0.107304998,0.105665997,0.104122996,0.102766998,0.101604,0.100593999,0.099830002,0.099344,0.099081002,0.099060997,0.099311002,0.100002997,0.101346001,0.103950001,0.108580999,0.115759,0.125144005,0.136051998,0.147585005,0.158659995,0.168448001,0.176642999,0.183333993,0.189103007,0.194498003,0.199472994,0.203676,0.206722006,0.208508,0.209022,0.208168998,0.205807,0.202242002,0.198200002,0.194272995,0.190785006,0.187836006,0.185435996,0.183560997,0.182137996,0.181035996,0.180151001,0.179308996,0.178420007,0.177432999,0.176514998,0.175871,0.175676003,0.176225007,0.177612007,0.179913998,0.183255002,0.187739,0.193361998,0.200048,0.207524002,0.215398997,0.223394007,0.231215,0.238835007,0.245941997,0.252308995,0.258150011,0.264198005,0.271631002,0.281275988,0.293577999,0.308349997,0.324829996,0.342191994,0.359286994,0.375223011,0.389432013,0.40150401,0.411190003,0.418433994,0.423429012,0.426750004,0.428994,0.430422008,0.431270987,0.431589007,0.431089014,0.42968601,0.427552015,0.424926013,0.421990991,0.418853015,0.415513009,0.412167013,0.408903986,0.405660003,0.402563989,0.399706006,0.397309989,0.395170003,0.393382013,0.391801,0.390255004,0.388821989,0.387360007,0.385885,0.384499013,0.382988006,0.381332994,0.379429996,0.377218008,0.374568999,0.371589989,0.368478,0.365386993,0.362383008,0.359432995,0.356694013,0.354216993,0.351929992,0.349869996,0.348111987,0.346493989
BarleyWholePerten0012,Perten_DA7200,barley,Unknown,Sweden,2006,16.39999962,10.89999962,0.115548,0.117518999,0.120058999,0.122841999,0.125764996,0.128588006,0.130841002,0.132275,0.132934004,0.132810995,0.132111996,0.131035,0.129640997,0.127979994,0.126155004,0.124182001,0.122130998,0.120058,0.118116997,0.116309002,0.114494003,0.112737998,0.111036003,0.109435998,0.107918002,0.106555998,0.105334997,0.104232997,0.103405997,0.102784999,0.102348998,0.102150999,0.102182999,0.102627002,0.103681997,0.105912998,0.109957002,0.11631,0.124738,0.134660006,0.145267993,0.155612007,0.164856002,0.172677994,0.179128006,0.184747994,0.190025002,0.194897994,0.199024007,0.202010006,0.203749999,0.204184994,0.203245997,0.200786993,0.197121993,0.192984998,0.188945994,0.185341001,0.182301998,0.179829001,0.177880004,0.176381007,0.175205007,0.174214006,0.173277006,0.172284007,0.171170995,0.170102999,0.169318005,0.168962002,0.169320002,0.170488998,0.172558993,0.175679997,0.179929003,0.185323998,0.191836,0.199195996,0.207048997,0.215119004,0.223121002,0.230979994,0.238352999,0.244953007,0.250939995,0.257099986,0.264692992,0.274549007,0.287234008,0.30262199,0.319963008,0.338369995,0.356640995,0.373728991,0.389091998,0.402139008,0.412609994,0.420437008,0.425859988,0.429417998,0.431838006,0.433369994,0.434302986,0.434706003,0.434287995,0.432902992,0.430790991,0.428171992,0.425191999,0.422019005,0.418673009,0.415338993,0.411947995,0.408618003,0.405407012,0.40248701,0.399993986,0.397808999,0.395983994,0.394448012,0.392928988,0.391474992,0.390006989,0.388567001,0.387142003,0.385636985,0.383893997,0.381864995,0.379538,0.376697004,0.373483986,0.370081008,0.366679013,0.363380998,0.360181004,0.357176989,0.354449987,0.351882011,0.34959501,0.347627997,0.34601599
BarleyWholePerten0013,Perten_DA7200,barley,Unknown,Sweden,2006,17.0,13.39999962,0.148258001,0.150169,0.152578995,0.155159995,0.157827005,0.160355002,0.162332997,0.163595006,0.164086998,0.163830996,0.163029999,0.161847994,0.160391003,0.158681005,0.156746998,0.154685006,0.152503997,0.150296003,0.148206994,0.146252006,0.144300997,0.142427996,0.140612006,0.138868004,0.137245998,0.135790005,0.134481996,0.133338004,0.132456005,0.131823003,0.131384,0.131163999,0.131201997,0.131651998,0.132709995,0.134960994,0.139151007,0.145747006,0.154492006,0.164725006,0.175601006,0.186129004,0.195567995,0.203541994,0.210123003,0.215827003,0.221158996,0.226023004,0.230052993,0.232877001,0.234403998,0.234596998,0.233408004,0.230717003,0.226788998,0.222444996,0.218277007,0.214552,0.211447999,0.208912998,0.206897005,0.205365002,0.204161003,0.203183994,0.202270001,0.201315001,0.200266004,0.199251995,0.198524997,0.198255003,0.198718995,0.200018004,0.202242002,0.205524996,0.209944993,0.215516001,0.222167999,0.229591996,0.237430006,0.245443001,0.253313005,0.260993987,0.268119991,0.274493009,0.280360013,0.286523014,0.294101,0.303820014,0.316091001,0.330716997,0.346857011,0.363711,0.380205989,0.395428002,0.408937007,0.420394003,0.429558009,0.436464995,0.441303998,0.444541007,0.446723998,0.448116005,0.448931009,0.449241012,0.448808014,0.447531998,0.445574999,0.443190992,0.440486014,0.437644005,0.434599012,0.431549996,0.428526014,0.425505996,0.422654003,0.420040995,0.417768002,0.415746987,0.414065003,0.412616015,0.411125988,0.409781992,0.408468992,0.407137007,0.405822009,0.404419005,0.40287599,0.401046008,0.398938,0.396441996,0.393675,0.390744001,0.387791991,0.384943992,0.382142991,0.379566997,0.377283007,0.375068009,0.373048991,0.371327013,0.369830996
BarleyWholePerten0014,Perten_DA7200,barley,Unknown,Sweden,2006,20.20000076,10.60000038,0.131152004,0.133242995,0.135702997,0.138220996,0.140600994,0.142735004,0.144334003,0.145199001,0.145337001,0.144802004,0.143748,0.142359003,0.140634,0.138640001,0.136535004,0.134362996,0.132065997,0.129782006,0.127625004,0.125595003,0.123594999,0.121711001,0.119925998,0.118228003,0.116667002,0.115304001,0.114084996,0.113025002,0.112236999,0.111699998,0.111346997,0.111239001,0.11135,0.111832,0.112907,0.115175001,0.119361997,0.125981003,0.134801999,0.145105004,0.155903995,0.166132003,0.174992994,0.182301998,0.188191995,0.193267003,0.198035002,0.202397004,0.206028,0.208592996,0.210023001,0.210254997,0.209217995,0.206763998,0.203183994,0.199185997,0.195351005,0.191952005,0.189088002,0.186765,0.184896007,0.183431,0.182274997,0.181327999,0.180451006,0.179594994,0.178740993,0.178026006,0.177650005,0.177752003,0.178562999,0.180200994,0.182769001,0.186342001,0.191016004,0.196775004,0.203514993,0.210930005,0.218669996,0.226478994,0.234091997,0.241511002,0.248438999,0.254761994,0.260780007,0.267464012,0.276118994,0.287414014,0.30173099,0.318821997,0.337476999,0.356667012,0.375202,0.392073005,0.40685299,0.419272006,0.429167002,0.436562002,0.441695988,0.445087999,0.447311014,0.448668987,0.449339986,0.449348003,0.448415011,0.446440995,0.443695992,0.440387994,0.436742008,0.432931989,0.428925008,0.42493701,0.421047986,0.417192996,0.413522989,0.410154015,0.407225013,0.404554009,0.402220994,0.400162995,0.398139,0.396250993,0.394374996,0.392542988,0.390780002,0.388916999,0.386895001,0.384678006,0.382247001,0.379400015,0.376246005,0.372958988,0.369646996,0.366474003,0.363370001,0.360460997,0.357834995,0.355399013,0.353231013,0.351345003,0.349741012
BarleyWholePerten0015,Perten_DA7200,barley,Unknown,Sweden,2006,18.89999962,13.10000038,0.136345998,0.138776004,0.141541004,0.144446999,0.147241995,0.149854004,0.151879996,0.153173998,0.153692007,0.153455004,0.152661994,0.151537001,0.150068,0.14835,0.146430001,0.144369006,0.142205,0.140062004,0.138014004,0.136098996,0.134219006,0.132401004,0.130654007,0.129004002,0.127477005,0.126173005,0.125008002,0.123999998,0.123292998,0.122821003,0.122521997,0.122483,0.122711003,0.123328,0.124544002,0.126990005,0.131409004,0.138318002,0.147397995,0.157948002,0.169027999,0.179608002,0.188952997,0.196759999,0.203093007,0.208536997,0.213618994,0.218264997,0.222106993,0.224791005,0.226273999,0.226508007,0.225422993,0.222868994,0.219168007,0.215059996,0.211106002,0.207591996,0.204673007,0.202262998,0.200362995,0.198918998,0.197788,0.196889997,0.196062997,0.195224002,0.194325,0.193529993,0.193038002,0.193017006,0.193725005,0.195272997,0.197718993,0.201216996,0.205826998,0.211541995,0.218248993,0.225674003,0.233456001,0.241341993,0.249047995,0.256556004,0.263511002,0.269791007,0.275624991,0.281942993,0.289920986,0.300217003,0.313172996,0.328550011,0.345389009,0.362821996,0.379700989,0.395164013,0.408798993,0.420316994,0.429508001,0.436398,0.441184998,0.444348991,0.446437001,0.447777987,0.448502988,0.44867,0.448006988,0.446467012,0.444196999,0.441444993,0.438387007,0.435167015,0.431780011,0.42840901,0.425076008,0.421765,0.418669999,0.415785015,0.413260996,0.411009014,0.409141004,0.407460004,0.405786008,0.404219002,0.402725995,0.401219994,0.399760008,0.398169994,0.396477014,0.394531012,0.392325997,0.389753997,0.386866987,0.383872986,0.380843014,0.37795499,0.375167996,0.372595996,0.370187014,0.367953986,0.365947992,0.364244014,0.362810999
BarleyWholePerten0016,Perten_DA7200,barley,Unknown,Sweden,2006,12.80000019,10.5,0.098462001,0.100729004,0.103765003,0.107473001,0.111584,0.115694001,0.119149998,0.121532999,0.122838996,0.123158,0.122709997,0.121767998,0.120439,0.118764997,0.116897002,0.114845,0.112649001,0.110473,0.108396001,0.106440999,0.104537003,0.102670997,0.100827999,0.099036999,0.097354002,0.095834002,0.094448999,0.093220003,0.092271999,0.091580004,0.091127001,0.090960003,0.091116004,0.091764003,0.093176,0.096037,0.101111002,0.108866997,0.118941002,0.130568996,0.142976001,0.155119002,0.166149005,0.175606996,0.183544993,0.190522999,0.197101995,0.203164995,0.208303005,0.212053001,0.214314997,0.215039,0.214183003,0.211586997,0.207609996,0.203070998,0.198603004,0.194607005,0.191288993,0.188644007,0.186618,0.185174003,0.184064999,0.183142006,0.182219997,0.181131005,0.179866999,0.178580001,0.177524,0.176903993,0.177026004,0.178002,0.179949001,0.183044002,0.187378004,0.192990005,0.199853003,0.207670003,0.216088995,0.224787995,0.233426005,0.241791993,0.249484003,0.256233007,0.262194008,0.267967999,0.274509013,0.282703996,0.293033987,0.305404991,0.319278002,0.334035009,0.348764002,0.362718999,0.375337988,0.386218995,0.395049006,0.401672006,0.406313986,0.409500003,0.411718994,0.413259,0.414301008,0.41494301,0.414965987,0.414308012,0.413062006,0.411496997,0.409675986,0.407707989,0.405548006,0.403400004,0.401225001,0.399026007,0.396990001,0.395150006,0.393586993,0.392253012,0.391245991,0.390448988,0.389642,0.388900995,0.388182998,0.387447,0.386718988,0.385847002,0.384799987,0.383500993,0.381960988,0.379942,0.377642006,0.375171006,0.372671008,0.370214999,0.367846012,0.36570701,0.36371401,0.361838996,0.360190004,0.358832985,0.35769099
BarleyWholePerten0017,Perten_DA7200,barley,Unknown,Sweden,2006,13.39999962,12.19999981,0.098649003,0.101497002,0.105158001,0.109407,0.113968998,0.118476003,0.122230001,0.124886997,0.126367003,0.126799002,0.126433998,0.125550002,0.124245003,0.122587003,0.120696999,0.118603997,0.116320998,0.114037,0.111856997,0.109816,0.107823998,0.105857998,0.103912003,0.102067001,0.100317001,0.098756999,0.097351,0.096171998,0.095287003,0.094676003,0.094361998,0.094356,0.094724,0.095647998,0.097434998,0.100795001,0.106576003,0.115223996,0.126256004,0.138892993,0.152270004,0.165325001,0.177112997,0.187184006,0.195585996,0.202949002,0.209796995,0.216076002,0.221320003,0.225097001,0.227347001,0.228030995,0.227098003,0.224423006,0.22033,0.215636,0.211028993,0.206910998,0.203453004,0.200688005,0.198562995,0.197005004,0.195857003,0.194948003,0.194053993,0.193020001,0.191786006,0.190521002,0.189501002,0.188966006,0.189246997,0.190433994,0.19269,0.196155995,0.200917006,0.207045004,0.214484006,0.222936004,0.231977999,0.241322994,0.250571996,0.259526014,0.267791987,0.275106996,0.281522006,0.287759006,0.294984996,0.304123998,0.315692991,0.329546005,0.345023006,0.361494988,0.377936006,0.393445998,0.407433987,0.419423014,0.429051012,0.436298996,0.441338986,0.444729,0.447122991,0.448785007,0.449892014,0.450580001,0.450545996,0.449681014,0.448202014,0.446354002,0.444173008,0.441825986,0.439285994,0.436677992,0.434022993,0.431403995,0.428927004,0.426665992,0.424748987,0.423099011,0.421768993,0.42069,0.419625014,0.418637991,0.417650998,0.416651994,0.415731013,0.414682001,0.413442999,0.411913991,0.410075009,0.407775015,0.405101001,0.402285993,0.399369001,0.396582007,0.393936008,0.391534001,0.389319986,0.387272,0.38547501,0.383994013,0.38280201
BarleyWholePerten0018,Perten_DA7200,barley,Unknown,Sweden,2006,16.60000038,10.89999962,0.158043996,0.159352005,0.161065996,0.163041994,0.165065005,0.166980997,0.168463007,0.169293001,0.169508994,0.169066995,0.168081,0.166832998,0.165355995,0.163601995,0.161686003,0.159735993,0.157668993,0.155607998,0.153683007,0.151831001,0.149994999,0.148213998,0.146482006,0.144831002,0.143258005,0.141801,0.140448004,0.139228001,0.138203993,0.137399003,0.136718005,0.136212006,0.135941997,0.136001006,0.136566997,0.138077006,0.141176999,0.146301001,0.153290004,0.161668003,0.170750007,0.179618001,0.187583998,0.194282994,0.199760005,0.204496995,0.208976999,0.213145003,0.216655001,0.219118998,0.220446006,0.220568001,0.219416007,0.216848999,0.213144004,0.209016994,0.205026001,0.201459006,0.198431,0.195926994,0.193917006,0.192314997,0.191023007,0.189925998,0.188848004,0.187716007,0.186541006,0.185415998,0.184527993,0.184056997,0.184240997,0.185176998,0.186960995,0.189723998,0.193525001,0.198394001,0.204285994,0.210956007,0.218067005,0.225376993,0.232659996,0.239811003,0.246484995,0.252460003,0.257923007,0.263704985,0.270909011,0.280218989,0.292151988,0.306589007,0.322726995,0.33977899,0.356620997,0.372258008,0.386186987,0.398052007,0.407494009,0.414546996,0.419395,0.422589004,0.424703002,0.426019996,0.426735997,0.426957011,0.426407009,0.424941987,0.422794014,0.420204014,0.417306989,0.414234996,0.410981,0.407745987,0.404520989,0.401320994,0.398268014,0.39547801,0.393038988,0.390882999,0.389070988,0.387486011,0.385948986,0.384483993,0.383028001,0.381606996,0.380236,0.378702015,0.376969993,0.375041992,0.372790009,0.370121002,0.367137015,0.36401099,0.360814005,0.357744992,0.354775012,0.351999015,0.349445999,0.347088009,0.344965011,0.343104988,0.341479003
BarleyWholePerten0019,Perten_DA7200,barley,Unknown,Sweden,2006,13.60000038,12.60000038,0.090117998,0.092696004,0.096035004,0.099907003,0.104028001,0.108073004,0.111489996,0.113886997,0.115179002,0.115575001,0.115209997,0.114381,0.113159001,0.111602999,0.109843001,0.107841,0.105700001,0.103565,0.101542004,0.099615999,0.097714,0.095863,0.094036996,0.092269003,0.090599999,0.089143001,0.087856002,0.086733997,0.085894004,0.085350998,0.085061997,0.085049003,0.085385002,0.086253002,0.087944001,0.091100998,0.096522003,0.104648002,0.114975996,0.126744002,0.139202997,0.151345998,0.162331998,0.171713993,0.179502994,0.186276004,0.192585006,0.198360995,0.203171998,0.206628993,0.208692998,0.209346995,0.208514005,0.206025004,0.202206999,0.197842002,0.193572998,0.189748004,0.186535001,0.183971003,0.181969002,0.180492997,0.179416001,0.178571999,0.177748993,0.176807001,0.175669,0.174509004,0.173593,0.173146993,0.173454002,0.174609006,0.176762998,0.180043995,0.184531003,0.190259993,0.197220996,0.205126002,0.213580996,0.222319007,0.230941996,0.239308998,0.24707,0.253908992,0.259950012,0.265850991,0.272783995,0.281592995,0.292782009,0.306246996,0.321357012,0.337469012,0.353626996,0.368923992,0.382806003,0.394739986,0.404385001,0.411648005,0.416720003,0.420150012,0.422553003,0.424201995,0.425325006,0.425996989,0.425940007,0.425042987,0.423501015,0.421543002,0.419263005,0.416810006,0.414171994,0.41149199,0.408813,0.406134993,0.403598994,0.401299,0.399370998,0.397662997,0.396313012,0.395186991,0.394055992,0.393034011,0.392022014,0.391025007,0.390037,0.388915002,0.387625009,0.386070013,0.384227008,0.381891012,0.379211009,0.376385987,0.373497993,0.370728999,0.368081987,0.365626007,0.363424987,0.361371994,0.359622985,0.358090013,0.356839001
BarleyWholePerten0020,Perten_DA7200,barley,Unknown,Sweden,2006,13.0,14.80000019,0.110174,0.112457,0.115460999,0.119113997,0.123104997,0.127097994,0.130447,0.132798001,0.134081006,0.134434,0.134057999,0.133261994,0.132091999,0.130572006,0.128799006,0.126767993,0.124614999,0.122432999,0.120362997,0.118399002,0.116449997,0.114487998,0.112589002,0.110757001,0.109020002,0.107410997,0.10599,0.104758002,0.103817001,0.103115998,0.102706,0.102562003,0.102790996,0.103533,0.105088003,0.108144999,0.113505997,0.121629,0.131977007,0.143713996,0.156112,0.168307006,0.179516003,0.189200997,0.197301999,0.204401001,0.211009994,0.217008993,0.221953005,0.225412995,0.227399007,0.227974996,0.227022007,0.224358007,0.220300004,0.215673,0.211147994,0.207065001,0.203637004,0.200853005,0.198693007,0.197077006,0.195908994,0.195006996,0.194137007,0.193103999,0.191836998,0.190522999,0.189423993,0.188804001,0.188930005,0.189922005,0.191928998,0.195091993,0.199533001,0.205257997,0.212230995,0.220217004,0.228851005,0.237797007,0.246740997,0.255423993,0.263404995,0.270411998,0.276553005,0.282460004,0.289252996,0.297780991,0.308517993,0.321341991,0.335687012,0.351042986,0.366421014,0.381007999,0.394302011,0.405779004,0.415057987,0.422044992,0.426961988,0.430325002,0.432657003,0.434264004,0.435458988,0.436170012,0.436206996,0.435543001,0.434231997,0.43254,0.430622011,0.428451002,0.426086992,0.423669994,0.421222001,0.418758988,0.416355997,0.414234996,0.412506014,0.410939992,0.409675002,0.408666015,0.407676011,0.406778991,0.405856013,0.404945999,0.404038996,0.403014988,0.401838005,0.400417,0.398649991,0.396358013,0.393772006,0.39100799,0.38824001,0.385598987,0.38300699,0.380611002,0.378396004,0.37639001,0.374597013,0.373044998,0.371621013
BarleyWholePerten0021,Perten_DA7200,barley,Unknown,Sweden,2006,15.0,15.30000019,0.140062004,0.141454995,0.143391997,0.145630002,0.148099005,0.150482997,0.152384996,0.153577,0.154011995,0.153715,0.152905002,0.151804,0.150393993,0.148734003,0.146860004,0.144792005,0.142625004,0.140469,0.138429999,0.136469007,0.134519994,0.132633999,0.130783007,0.129021004,0.127338007,0.125841007,0.124468997,0.123231001,0.122284003,0.121551,0.121025004,0.120760001,0.120757997,0.121160001,0.122240998,0.124525003,0.128705993,0.135203004,0.143666998,0.153411999,0.163744003,0.173820004,0.182928994,0.190724999,0.197162002,0.202717006,0.207865998,0.212536007,0.216356993,0.219025001,0.220498994,0.220809996,0.219833002,0.217461005,0.213991001,0.21006,0.206260994,0.20284,0.199927002,0.197512999,0.195610002,0.194157004,0.193057001,0.192195997,0.191358,0.190448001,0.189385995,0.188326001,0.187497005,0.187098995,0.187349007,0.188400999,0.190321997,0.193242997,0.197236002,0.202350006,0.208508998,0.215452001,0.222868994,0.230526,0.238112003,0.245495006,0.252330005,0.258367002,0.263687998,0.269039005,0.275552988,0.283885986,0.294467986,0.307271004,0.321630001,0.336968005,0.352418989,0.36708799,0.380376995,0.391808003,0.401024997,0.407923013,0.412723005,0.415935993,0.418065995,0.41940999,0.42028299,0.420657992,0.420314014,0.419167996,0.417320013,0.415102005,0.412589014,0.409868985,0.407011986,0.404103994,0.401178002,0.398303002,0.39557901,0.393121988,0.391018003,0.389156014,0.387618989,0.386316001,0.385022998,0.383845002,0.382663012,0.381484985,0.380259007,0.378957003,0.377508998,0.375887007,0.373939008,0.371477991,0.368752986,0.365938991,0.36303401,0.36026901,0.357616007,0.355167002,0.352836996,0.350827009,0.349038005,0.347503007,0.346053988
BarleyWholePerten0022,Perten_DA7200,barley,Unknown,Sweden,2006,14.30000019,14.39999962,0.103133,0.106259003,0.110122003,0.114439003,0.118911997,0.123306997,0.126965001,0.129547,0.130998999,0.131448999,0.131139994,0.130360007,0.129164994,0.127611995,0.125817001,0.123783998,0.121593997,0.119373001,0.117292002,0.115301997,0.113328002,0.111400999,0.109498002,0.107651003,0.105965003,0.104461998,0.103137001,0.102031998,0.101240002,0.100739002,0.100511,0.100582004,0.10103,0.101988003,0.103771001,0.107123002,0.112912998,0.121560998,0.132553995,0.145041004,0.158095002,0.170699999,0.182038993,0.191683993,0.199645996,0.20657,0.213007003,0.218835995,0.223658994,0.227074996,0.229038999,0.229628995,0.228724003,0.226202995,0.222330004,0.217923001,0.213630006,0.209749997,0.206488997,0.203867003,0.201810002,0.200316995,0.199221999,0.198394001,0.197591007,0.196675003,0.195579007,0.194466993,0.193595007,0.193226993,0.193624005,0.194914997,0.197216004,0.200654998,0.205320001,0.211264998,0.218406007,0.226417005,0.234950006,0.243690997,0.252285987,0.260623992,0.268319994,0.275106013,0.281093001,0.287036985,0.294041008,0.302904993,0.314054996,0.327342987,0.342069,0.357546985,0.372851998,0.387199014,0.400068998,0.41110599,0.420013994,0.426699996,0.431434989,0.434662998,0.436904013,0.438459992,0.439599991,0.44025901,0.440187007,0.439357996,0.437914014,0.436057001,0.433934987,0.431580991,0.429046005,0.426474005,0.423851997,0.421247006,0.418769985,0.416527003,0.414662987,0.412975013,0.411610991,0.410481006,0.409336001,0.408326,0.407283992,0.40624401,0.405198991,0.404109001,0.402913004,0.401439995,0.399652004,0.397395015,0.394836009,0.392147988,0.389414996,0.386788994,0.384281009,0.381962001,0.379788011,0.377876997,0.376127005,0.374603003,0.373295009
BarleyWholePerten0023,Perten_DA7200,barley,Unknown,Sweden,2006,13.89999962,12.30000019,0.139572993,0.141534999,0.144194007,0.147267997,0.150646001,0.154009998,0.156816006,0.158700004,0.159627006,0.159743995,0.159198999,0.158281997,0.156969994,0.155368999,0.153587997,0.151587993,0.149461001,0.147376999,0.145425007,0.143506005,0.141659007,0.139863998,0.138117001,0.136419997,0.134835005,0.133414,0.132137999,0.131001994,0.130135998,0.129539996,0.129176006,0.129035994,0.129212007,0.129825994,0.131161004,0.133798003,0.138459995,0.145625994,0.154981002,0.165871993,0.177487001,0.188869998,0.199218005,0.208097994,0.215487003,0.221963003,0.228049994,0.233631998,0.238337994,0.241740003,0.243754,0.244369,0.243504003,0.241014004,0.237198994,0.232868001,0.228637993,0.224813998,0.221619993,0.219050005,0.217086002,0.215604007,0.214502007,0.213629007,0.212785006,0.211797997,0.210638002,0.209484994,0.208590999,0.208139002,0.208389998,0.209518999,0.211603999,0.214738995,0.219102994,0.224684,0.231443003,0.239096001,0.247315005,0.255766004,0.264164001,0.272320986,0.279852003,0.286466986,0.292326003,0.298105001,0.304906994,0.313477993,0.324322999,0.337291986,0.351751,0.367094994,0.382429987,0.396889001,0.409960985,0.421216011,0.430303007,0.437058002,0.441785008,0.445012987,0.447223008,0.448706001,0.449752986,0.450336009,0.450212985,0.449375987,0.447871,0.446006,0.443883002,0.441531003,0.438988,0.436401993,0.433761001,0.431116998,0.42858699,0.426342011,0.424450994,0.422764003,0.42137599,0.420278013,0.419171989,0.418179005,0.417185009,0.416159987,0.415109992,0.414021999,0.412755013,0.411265999,0.409460008,0.407137007,0.404518992,0.401773989,0.398966998,0.396299988,0.393721014,0.391294003,0.389061004,0.387111008,0.385378987,0.383810014,0.382477999
BarleyWholePerten0024,Perten_DA7200,barley,Unknown,Sweden,2006,15.60000038,12.69999981,0.098573998,0.102355003,0.106812,0.111562997,0.116405003,0.121055,0.124837004,0.127483994,0.128977999,0.129442006,0.129038006,0.12816,0.126835004,0.125115007,0.123152003,0.120949999,0.118615001,0.116255,0.114041001,0.111939997,0.109899998,0.107896,0.105935,0.104102999,0.102398001,0.100890003,0.099610999,0.098554999,0.097842,0.097456001,0.097370997,0.097554997,0.098105997,0.099187002,0.101130001,0.104696997,0.110786997,0.119903997,0.131610006,0.144923002,0.158816993,0.172088996,0.183836997,0.193698004,0.201781005,0.208770007,0.215250999,0.221135005,0.22608,0.229655996,0.231748998,0.232418001,0.231546998,0.228964999,0.225033,0.220584005,0.216233,0.212320998,0.209059,0.206439003,0.204444006,0.202959001,0.201872006,0.201032996,0.200221002,0.199332997,0.198315993,0.197323993,0.196621999,0.196472004,0.197105005,0.198680997,0.201316997,0.205129996,0.210226998,0.216629997,0.224199995,0.232609004,0.241472006,0.250481993,0.259294987,0.267816991,0.275694996,0.282705009,0.288989991,0.295365006,0.303088009,0.312945008,0.325388998,0.340220988,0.356593013,0.37370199,0.390397996,0.405853003,0.419607997,0.431300014,0.440651,0.447638989,0.452551991,0.455862999,0.458104998,0.459616989,0.460667014,0.461156994,0.46084401,0.459728003,0.457845986,0.455545008,0.452944994,0.450143993,0.447174996,0.444148988,0.441145003,0.438176006,0.435314,0.432751,0.430601001,0.428644002,0.427029014,0.425648004,0.424286008,0.423081011,0.421837002,0.420628995,0.41938901,0.418103993,0.416756004,0.415098012,0.413116008,0.410708994,0.408012003,0.405176997,0.402269006,0.399502993,0.396833986,0.394338012,0.392019004,0.389959008,0.388099998,0.386530012,0.385039002
BarleyWholePerten0025,Perten_DA7200,barley,Unknown,Sweden,2006,14.60000038,10.30000019,0.098497003,0.101319999,0.104800001,0.108713999,0.112892002,0.116940998,0.120293997,0.122597002,0.123832002,0.124078997,0.123544999,0.122547999,0.121119998,0.119369999,0.117389001,0.115227997,0.112974003,0.110691004,0.108533002,0.106504999,0.104534999,0.102615997,0.100726999,0.098913997,0.097266004,0.095748,0.094434001,0.093308002,0.092499003,0.091946997,0.091654003,0.091666997,0.091985002,0.092788003,0.094403997,0.097478002,0.102836996,0.110997997,0.121574,0.133738995,0.146583006,0.15896,0.169983,0.179289997,0.186982006,0.193689004,0.199947998,0.205679998,0.210547,0.214067996,0.216169,0.216832995,0.215978995,0.213475004,0.209673002,0.205317006,0.201109007,0.197311997,0.194163993,0.191671997,0.189754993,0.188346997,0.187289,0.186441004,0.185608,0.184661999,0.183592007,0.182542995,0.181739003,0.181419998,0.181821004,0.183117002,0.185402006,0.188795,0.193386003,0.199226007,0.206223995,0.214074999,0.222411007,0.230897993,0.239260003,0.247332007,0.254777014,0.261350989,0.267197013,0.273054004,0.279978007,0.288727999,0.299766004,0.312950999,0.327582002,0.342920989,0.358020991,0.372085005,0.384680003,0.395438999,0.404125989,0.410623997,0.415187001,0.41830799,0.420464993,0.421903998,0.422904015,0.423426986,0.423218012,0.422295004,0.420709997,0.418772996,0.416588992,0.414207012,0.411731005,0.409258008,0.406738997,0.404251009,0.401843995,0.399764001,0.398021013,0.396443993,0.395170003,0.394098014,0.393077999,0.392179996,0.391220987,0.390291005,0.389317006,0.388242006,0.387030006,0.385625988,0.383967996,0.381857008,0.379492998,0.376942009,0.374388009,0.371933997,0.369545996,0.367312014,0.365285009,0.363471001,0.361773014,0.360365987,0.359041005
BarleyWholePerten0026,Perten_DA7200,barley,Unknown,Sweden,2006,11.60000038,13.60000038,0.103349,0.105595,0.108700998,0.112520002,0.116832003,0.121275,0.125012994,0.127580002,0.128979996,0.129433006,0.129099995,0.128307998,0.127119005,0.125568003,0.123745002,0.121714003,0.119528003,0.117344998,0.115275003,0.113302,0.111335002,0.109411001,0.107495002,0.105627,0.103840001,0.102193996,0.100735001,0.099409998,0.098374002,0.097594999,0.097093001,0.096909002,0.097066,0.09781,0.099427998,0.102574997,0.108037002,0.116255999,0.126663998,0.138436005,0.150929004,0.163259,0.174601004,0.184465006,0.192794994,0.200121999,0.206972003,0.213238001,0.218454003,0.222169995,0.224381998,0.225112006,0.224244997,0.221660003,0.217649996,0.213033006,0.208464995,0.204266995,0.200737998,0.197897002,0.195702002,0.194112003,0.192927003,0.191999003,0.191057995,0.189942002,0.188564003,0.187105,0.185827002,0.184985995,0.184924007,0.185735002,0.187564999,0.190556005,0.19483,0.200452,0.207418993,0.215520993,0.224354997,0.233600006,0.242835,0.251805991,0.260071993,0.26730299,0.27353099,0.27936101,0.285914987,0.294147998,0.304652989,0.317286015,0.331604987,0.347195,0.36312601,0.378470004,0.392565012,0.404832989,0.414718002,0.422093004,0.427143991,0.430608004,0.43305099,0.43472299,0.435882986,0.436598003,0.436639994,0.435945004,0.434673011,0.433010995,0.431084007,0.428943992,0.426566988,0.424151987,0.421658009,0.419135988,0.416743994,0.414591998,0.412842006,0.411363989,0.410136014,0.409191996,0.408302009,0.40743801,0.406628996,0.405790001,0.404942989,0.403923005,0.402799994,0.401365995,0.399540991,0.397213996,0.394580007,0.391755998,0.38884601,0.386050999,0.383358985,0.380919993,0.378684014,0.376693994,0.374967992,0.373555005,0.372364998
BarleyWholePerten0027,Perten_DA7200,barley,Unknown,Denmark,0,15.30000019,12.0425024,0.258211315,0.258376777,0.25912112,0.260140628,0.261264563,0.262130112,0.262817234,0.262877643,0.262350947,0.261358529,0.259917676,0.258302778,0.256469101,0.254441738,0.252349943,0.25011158,0.247877717,0.245652884,0.243428543,0.241242006,0.239207283,0.237218335,0.235115066,0.233140975,0.231096014,0.229296461,0.227660611,0.226097763,0.224636897,0.223415539,0.22231929,0.221387148,0.220504656,0.220035389,0.220098898,0.220835432,0.22276938,0.226511732,0.23205629,0.238556311,0.2455827,0.252443552,0.258493125,0.263346672,0.266917348,0.26994127,0.272915423,0.275823116,0.277986407,0.279281884,0.279869169,0.279538661,0.278284431,0.275916785,0.272584468,0.268957079,0.265363246,0.262069345,0.259198248,0.2567451,0.254728019,0.252981663,0.251433045,0.250070185,0.248784229,0.247411341,0.245939285,0.244567856,0.24339065,0.242478445,0.242220089,0.242517546,0.243384168,0.245278597,0.247981563,0.251523256,0.255955517,0.261032343,0.266574681,0.272432059,0.278200358,0.283815354,0.289107561,0.293565959,0.297256202,0.300909728,0.306137383,0.313088357,0.322621405,0.335048378,0.349274427,0.364855409,0.380799621,0.395892918,0.409392834,0.420693517,0.429528028,0.435839444,0.439896315,0.442155421,0.443419933,0.444105655,0.444297016,0.44396019,0.442910671,0.440983743,0.438420862,0.435162157,0.431803316,0.428297848,0.424398452,0.42056492,0.41685465,0.413069725,0.409489989,0.406189412,0.403275132,0.400932074,0.398758471,0.396763265,0.394735754,0.392698497,0.390870303,0.389093548,0.38713181,0.38529712,0.383313209,0.38095966,0.378258467,0.374959439,0.371549934,0.367958039,0.364239276,0.360796154,0.357401758,0.35426119,0.351339132,0.348815978,0.34658432,0.344734639,0.343302369
BarleyWholePerten0028,Perten_DA7200,barley,Unknown,Denmark,0,13.5,11.21387291,0.229743615,0.230547309,0.232274354,0.234430224,0.236880511,0.239304006,0.241317958,0.242219016,0.242404401,0.24181889,0.240640745,0.238973692,0.23712112,0.234956682,0.232652679,0.230267018,0.227658093,0.225136608,0.222694665,0.220252678,0.218056589,0.215897262,0.21360521,0.211348102,0.209161133,0.207299829,0.20555836,0.203914568,0.202534914,0.201407224,0.200455025,0.199721605,0.199186936,0.199157432,0.199913621,0.201613113,0.205080509,0.211117536,0.21955581,0.229227036,0.239710093,0.250045747,0.259241998,0.26687479,0.272861809,0.278084666,0.283197582,0.288144797,0.292013258,0.294590175,0.296093732,0.296196193,0.294783711,0.291871637,0.287727267,0.283076495,0.278483242,0.274376839,0.270947576,0.26806137,0.265831262,0.264001668,0.262415886,0.261093557,0.259808809,0.258408934,0.25676775,0.25521934,0.253919542,0.252999991,0.252931058,0.253582388,0.25500685,0.257701814,0.261576206,0.266592205,0.272729576,0.279790372,0.287457168,0.295467287,0.303554595,0.311376154,0.31856823,0.324663937,0.329624027,0.334399551,0.340668768,0.34864822,0.359259725,0.372669905,0.387829155,0.404150307,0.420752049,0.436494887,0.450668633,0.462574244,0.471934885,0.478809685,0.483387113,0.486083567,0.487697035,0.488738835,0.489291728,0.489447147,0.488908172,0.48752135,0.485443652,0.482826471,0.480101764,0.477145672,0.473758906,0.470341295,0.466951817,0.463607103,0.460501522,0.457593739,0.455136389,0.453152746,0.451391637,0.449848831,0.448181719,0.44650498,0.445093542,0.443724722,0.442140728,0.440594941,0.438995957,0.436757207,0.434331507,0.431272984,0.42802605,0.424422115,0.420714319,0.417258591,0.413714141,0.41072315,0.407796651,0.405000329,0.402770937,0.401016891,0.399472207
BarleyWholePerten0029,Perten_DA7200,barley,Unknown,Croatia,0,9.930000305,12.07949352,0.107855365,0.10911306,0.111012742,0.1134452,0.116088606,0.118801102,0.121002883,0.122312106,0.122885183,0.122725382,0.121958002,0.120896086,0.119660065,0.118160576,0.116419919,0.114471428,0.112405337,0.110377148,0.108420357,0.106541291,0.10480243,0.103129573,0.101412237,0.099629074,0.097929806,0.096435808,0.095038727,0.093744643,0.092621878,0.091746911,0.091180079,0.090876348,0.090753131,0.090961359,0.09184324,0.093924254,0.097760089,0.103681967,0.11152143,0.120760113,0.130755648,0.140696332,0.149886712,0.15791215,0.164686084,0.170599699,0.176223427,0.181507453,0.185890287,0.188898593,0.190611482,0.19105196,0.190063402,0.187642247,0.183978394,0.179694325,0.175534219,0.171853095,0.168679148,0.166143537,0.164210737,0.16273652,0.161573976,0.16060321,0.159754291,0.15887703,0.157701224,0.156406134,0.155358821,0.15468061,0.154621184,0.155323863,0.156892866,0.159502536,0.163248301,0.168138132,0.174186423,0.181128576,0.188776806,0.196880549,0.205117941,0.213200748,0.220610008,0.227050722,0.232601002,0.238021523,0.244325399,0.252445638,0.263143629,0.276480854,0.291790903,0.308695018,0.326065421,0.34251377,0.357508689,0.370370626,0.380735546,0.388231486,0.393548578,0.397317857,0.399653912,0.400919169,0.401702225,0.402399868,0.402240425,0.401206136,0.39940849,0.397049248,0.394428015,0.391810775,0.389157921,0.386347115,0.383370608,0.380197197,0.377473861,0.374795735,0.372317612,0.370414287,0.369051665,0.367823869,0.366437256,0.365092218,0.363491476,0.362127245,0.360796869,0.35933882,0.357759476,0.355907112,0.353503704,0.35033223,0.346996248,0.34350881,0.340141177,0.336727619,0.333329231,0.330253094,0.327315718,0.32465604,0.322340936,0.320527583,0.318590969
BarleyWholePerten0030,Perten_DA7200,barley,Unknown,Croatia,0,10.22000027,13.2100687,0.108008824,0.109829038,0.112260081,0.115218937,0.118362106,0.121460281,0.124015555,0.125628457,0.126416609,0.126438856,0.125803292,0.124835357,0.123658627,0.122155517,0.120370328,0.118382774,0.116272666,0.11418619,0.112194412,0.110291302,0.108509548,0.106777392,0.105004899,0.103190862,0.101488277,0.100012638,0.098630548,0.097370036,0.096349932,0.095610991,0.095171422,0.09500102,0.095032528,0.095433421,0.096561663,0.098966464,0.103277393,0.109886959,0.118572518,0.128729209,0.139582187,0.150203824,0.159911886,0.168304309,0.175308302,0.181361571,0.187074885,0.192398235,0.196797252,0.199820235,0.2015194,0.201963961,0.20100002,0.198600948,0.194982454,0.190738291,0.186635554,0.183038175,0.179923683,0.177431345,0.175546393,0.174127311,0.173023596,0.172115341,0.171331793,0.170534432,0.169452131,0.168261752,0.167337671,0.166807637,0.166914806,0.167819962,0.169655025,0.17254664,0.176565826,0.181742623,0.18808043,0.195255399,0.203045666,0.211182445,0.219309077,0.227183119,0.234390467,0.240696475,0.246207222,0.251665473,0.257973939,0.266042262,0.27663821,0.289681613,0.304382235,0.32037887,0.336637467,0.35185051,0.365590483,0.37727201,0.386620402,0.393351466,0.398118138,0.401493013,0.403563768,0.404668987,0.405359924,0.405955017,0.405697107,0.404652149,0.402912706,0.400621176,0.398125678,0.395732075,0.393347591,0.390757918,0.387929946,0.384906918,0.382357806,0.379860371,0.377522677,0.37573275,0.374510616,0.373392612,0.372062206,0.370758832,0.369224101,0.36794129,0.366714031,0.365414709,0.363985598,0.362284988,0.360082835,0.357139498,0.354043096,0.350835711,0.347814739,0.344770491,0.341754377,0.339034557,0.336345434,0.333832979,0.331694245,0.330076903,0.328188688
BarleyWholePerten0031,Perten_DA7200,barley,Unknown,Croatia,0,10.81999969,11.57210064,0.098244011,0.100174002,0.102665305,0.105619803,0.108741567,0.111804768,0.114328705,0.115958564,0.116774328,0.116811872,0.116192475,0.115208149,0.113977283,0.112444989,0.110663891,0.108661547,0.106533878,0.104461432,0.102473408,0.100560784,0.098784223,0.09707123,0.09534955,0.093589589,0.091881886,0.09037739,0.089009181,0.087782562,0.086789995,0.086070932,0.085614935,0.08540158,0.085406832,0.085782453,0.08686322,0.089218222,0.093465276,0.09995272,0.108489633,0.118534416,0.129318714,0.139865369,0.149434283,0.157620102,0.164394289,0.170263588,0.175850675,0.18107295,0.185421139,0.18846859,0.19023931,0.190777361,0.189921394,0.187636614,0.184121236,0.179973498,0.175953031,0.172411025,0.16935122,0.166904315,0.165040985,0.16363278,0.162512884,0.161570489,0.160763785,0.159950033,0.158878937,0.157718316,0.156821638,0.156327859,0.156467944,0.157387942,0.159222722,0.162086263,0.166063353,0.17121686,0.177511334,0.184626132,0.192378789,0.200498998,0.208633304,0.216543928,0.223812982,0.230172589,0.235694736,0.241172373,0.247620344,0.255996853,0.267093331,0.280887425,0.296620399,0.313855052,0.331415802,0.347922802,0.362888932,0.375642061,0.385861129,0.393252641,0.39850241,0.402202368,0.404426664,0.405588448,0.406311542,0.406917214,0.4065938,0.405343562,0.4032965,0.400630921,0.397734046,0.394935429,0.392124295,0.389115006,0.385900974,0.382518649,0.37961477,0.376761138,0.374123693,0.372094423,0.370647252,0.369346857,0.367880136,0.366435647,0.364735514,0.363286793,0.361896873,0.360444725,0.358841658,0.35692516,0.354516625,0.351368874,0.348033279,0.344549656,0.341252118,0.337927818,0.334641427,0.331718445,0.328831285,0.326136798,0.323933125,0.322290003,0.32032159
BarleyWholePerten0032,Perten_DA7200,barley,Unknown,Croatia,0,11.48999977,13.15105629,0.094216108,0.095439225,0.09716513,0.099322163,0.101675086,0.104010798,0.105893895,0.106995851,0.107400104,0.107142173,0.106285654,0.105118737,0.103750855,0.102064036,0.100106292,0.09796644,0.095734313,0.093539178,0.091444269,0.089455061,0.08758644,0.085765116,0.083949491,0.082138836,0.080402955,0.078869343,0.07750047,0.076290213,0.075310238,0.074604251,0.074175373,0.073994167,0.074019685,0.074431241,0.075581104,0.077988461,0.082251161,0.088751733,0.097269423,0.107224837,0.117884778,0.128340602,0.137866974,0.146029502,0.152795106,0.158634454,0.16414392,0.169281215,0.17355068,0.176531926,0.178256348,0.178801894,0.17802766,0.175876528,0.172535449,0.16857107,0.164736286,0.161377877,0.158464909,0.156118304,0.154326245,0.152988732,0.151964888,0.151125699,0.150419697,0.149703801,0.148741424,0.147710964,0.146939337,0.14657113,0.146858752,0.147937134,0.149910733,0.152914792,0.157029197,0.162266687,0.16860199,0.175729498,0.183415383,0.191377625,0.199317575,0.207018733,0.214073211,0.22026208,0.225677773,0.231063813,0.237400532,0.245593414,0.256357431,0.26956895,0.284392774,0.300425947,0.316642553,0.331804305,0.345487386,0.357155472,0.366551399,0.373396367,0.378369838,0.38195163,0.384149998,0.385389566,0.386235118,0.386926472,0.386728197,0.38566798,0.383861095,0.381505907,0.378946841,0.376446068,0.373928607,0.371211857,0.368215919,0.36504975,0.362356633,0.359673649,0.357183099,0.35525611,0.35385111,0.352575272,0.351160169,0.34975937,0.34811163,0.346734226,0.345436573,0.344121099,0.342676938,0.340925902,0.338752002,0.335923076,0.33290413,0.329771072,0.326868117,0.323875576,0.320877075,0.318213046,0.315508485,0.312958151,0.310906768,0.309436917,0.307665438
BarleyWholePerten0033,Perten_DA7200,barley,Unknown,Croatia,0,11.27999973,11.84625816,0.083493561,0.085248746,0.087599762,0.090453237,0.093452208,0.096407004,0.098726064,0.100100353,0.100681447,0.100470439,0.099672392,0.098618798,0.097413927,0.095988393,0.094382882,0.092599556,0.090669721,0.08874765,0.086929128,0.085199766,0.083579034,0.082046293,0.080494404,0.078850798,0.077270031,0.075933352,0.074753732,0.073668584,0.072723188,0.072046354,0.071704619,0.071635701,0.071778022,0.072269507,0.073413655,0.075706273,0.079756856,0.085941702,0.094062053,0.103598855,0.113801956,0.123756401,0.132796764,0.140504167,0.146838933,0.152347371,0.157636121,0.162613422,0.166781724,0.169688642,0.171377182,0.171892345,0.171075359,0.168909013,0.165554613,0.161625713,0.157819003,0.154427022,0.151504606,0.149156123,0.147379071,0.146063492,0.14500767,0.14414832,0.143446446,0.142725468,0.141757801,0.140690938,0.139895305,0.139507562,0.139680281,0.14060244,0.142442495,0.145283625,0.149198487,0.154206321,0.160291255,0.167211652,0.174756452,0.182666883,0.190687597,0.19855465,0.205755398,0.21199058,0.217343003,0.222710908,0.229230285,0.237641975,0.248512954,0.261977524,0.277349711,0.294035047,0.310867488,0.326616883,0.34083581,0.352843285,0.36237666,0.369218439,0.373989463,0.377241612,0.379186988,0.380251139,0.380859792,0.381336004,0.381002992,0.379771024,0.377731651,0.375196278,0.37248522,0.369754881,0.366968334,0.364069521,0.361050338,0.357833982,0.355087876,0.35247761,0.350031316,0.348057598,0.346591204,0.345318019,0.343900621,0.342493713,0.340880066,0.339537531,0.33823216,0.336759985,0.335124672,0.333261013,0.330992997,0.328023076,0.324850202,0.321551442,0.318425328,0.315208137,0.311933637,0.309007317,0.306203127,0.303710014,0.301589847,0.299912781,0.298220813
BarleyWholePerten0034,Perten_DA7200,barley,Unknown,Croatia,0,8.220000267,15.31924248,0.10598173,0.106616102,0.107963383,0.110013887,0.112484969,0.115201347,0.117323011,0.118512742,0.118983083,0.118638784,0.117669165,0.116394468,0.114968143,0.113383606,0.111625671,0.109668098,0.107598983,0.10557808,0.10364306,0.101752937,0.099937677,0.09816806,0.096355923,0.094486237,0.092707276,0.091146298,0.089737833,0.088439524,0.087268934,0.086295672,0.085618362,0.085277505,0.085198589,0.085523389,0.086550832,0.088784687,0.092852972,0.099058472,0.107092857,0.116368011,0.126253083,0.136074886,0.145273462,0.153389216,0.160239786,0.166223407,0.171956524,0.177294076,0.181626916,0.184533596,0.186173782,0.186661512,0.185796395,0.183541685,0.180050001,0.175881714,0.171819046,0.168204382,0.165023938,0.16240868,0.160388827,0.158909336,0.157788694,0.156900555,0.156149522,0.155315131,0.154150173,0.152815834,0.15169026,0.150936082,0.150773123,0.151376694,0.152870223,0.155389652,0.159035459,0.163847685,0.169880152,0.176882818,0.18464908,0.192935318,0.20144546,0.209800497,0.217391849,0.223895088,0.229323253,0.234502301,0.240488619,0.248035401,0.257789165,0.269873202,0.283699065,0.299011439,0.314864337,0.329997391,0.343928665,0.355902493,0.365494937,0.372356534,0.377185494,0.380600154,0.38267082,0.383803368,0.384568542,0.385306239,0.385255873,0.384393036,0.382855117,0.380838275,0.378594935,0.376356065,0.374027222,0.371457994,0.368743658,0.365845144,0.363358349,0.36090225,0.358649075,0.356946558,0.35566479,0.354534864,0.353329659,0.352179229,0.350731343,0.349499643,0.348436981,0.347274989,0.345872372,0.344127387,0.34192431,0.33909139,0.336073935,0.332818925,0.32965523,0.326462418,0.323319495,0.320618004,0.318157733,0.315941393,0.313898146,0.312315941,0.310936183
BarleyWholePerten0035,Perten_DA7200,barley,Unknown,Croatia,0,14.72999954,8.865955353,0.071967088,0.073350802,0.075538121,0.077962756,0.0804592,0.082822122,0.084750943,0.085953578,0.086347811,0.086009324,0.085087434,0.083854243,0.082375556,0.080640815,0.078694724,0.076718152,0.07468684,0.072630554,0.070708245,0.068902522,0.067227192,0.065498151,0.063860036,0.062226899,0.060689107,0.059400536,0.05826674,0.057306461,0.056561329,0.056048539,0.055756591,0.055617813,0.055691905,0.056170423,0.057195105,0.059277482,0.063101575,0.069189645,0.077359766,0.087026715,0.097486459,0.107712701,0.116570674,0.124010176,0.130228326,0.135451764,0.140501767,0.145313874,0.1494506,0.152417272,0.154138371,0.154667705,0.153934702,0.151690215,0.14822197,0.144293368,0.14056024,0.13725172,0.134437263,0.132244825,0.130558044,0.129262343,0.128224358,0.1274364,0.126749203,0.125968084,0.125037149,0.124177754,0.123602435,0.123472266,0.123983257,0.125224546,0.127346382,0.130427882,0.134589836,0.139943913,0.146365389,0.153574288,0.161318943,0.169311285,0.177192807,0.184862271,0.192154646,0.198716492,0.204462037,0.210215256,0.217623353,0.227730304,0.241192445,0.257988781,0.277166605,0.297814429,0.318612397,0.338112116,0.355592042,0.370357394,0.382199645,0.390996039,0.397102326,0.401192337,0.403729945,0.405332595,0.406381369,0.406864137,0.406250775,0.404551804,0.401963443,0.39863795,0.395058304,0.39127472,0.387411356,0.383416981,0.379380673,0.375326097,0.371464372,0.367967993,0.364955306,0.362392664,0.360245764,0.358178496,0.356176049,0.35429278,0.352397621,0.350491196,0.348516822,0.346624136,0.344584823,0.342128426,0.339130729,0.335532576,0.331644088,0.327612221,0.323641717,0.319720745,0.315965861,0.312448531,0.309198558,0.306272328,0.303639084,0.301529914,0.299983978
BarleyWholePerten0036,Perten_DA7200,barley,Unknown,Croatia,0,8.460000038,10.76032352,0.061781928,0.06335891,0.065952852,0.06924022,0.07316222,0.077268459,0.080780044,0.083198048,0.084555253,0.084948897,0.084627792,0.083878279,0.082772419,0.081359245,0.079745926,0.077966742,0.076039799,0.074104525,0.072302282,0.070578262,0.068935461,0.067307577,0.065635912,0.063941874,0.062343612,0.060899969,0.059622366,0.058537871,0.057631541,0.056930739,0.05649063,0.056251373,0.056267735,0.056776337,0.058002275,0.06044203,0.064896986,0.071812227,0.080794208,0.091154479,0.102335185,0.113552973,0.123722397,0.132593647,0.140241206,0.146777943,0.153083324,0.159026742,0.164091125,0.167705149,0.169846267,0.170625627,0.169959709,0.167680055,0.164009258,0.159711525,0.155544058,0.151809573,0.148640826,0.146174222,0.144348636,0.14301382,0.142007917,0.141236067,0.140494242,0.139548183,0.13828288,0.136941239,0.135751829,0.135010541,0.134917706,0.135556981,0.137121454,0.139696404,0.143451929,0.148481041,0.154768884,0.162080586,0.170160681,0.178760037,0.187368229,0.195788279,0.203637213,0.210367158,0.215919659,0.220850334,0.226493031,0.233792499,0.243512467,0.255617738,0.26958102,0.285201311,0.301405042,0.317173064,0.33191824,0.344597191,0.35485962,0.362429142,0.367630512,0.37113443,0.37338087,0.374886572,0.376021266,0.376735717,0.376635969,0.375889361,0.374455243,0.372599781,0.370545864,0.36829555,0.366038442,0.363506466,0.360954016,0.358246863,0.355623245,0.353186607,0.351222247,0.349647611,0.348446816,0.347352982,0.346258104,0.345265806,0.344202638,0.34312886,0.342015594,0.340913266,0.339648813,0.337961465,0.33586213,0.333049178,0.330066323,0.326912791,0.323736966,0.320686042,0.317692757,0.314886928,0.312317818,0.310079545,0.308038861,0.306379676,0.30524382
BarleyWholePerten0037,Perten_DA7200,barley,Unknown,Croatia,0,9.390000343,12.04061317,0.072630458,0.074075788,0.076503575,0.079506628,0.08300741,0.086550504,0.089576379,0.091705054,0.09276364,0.09302818,0.092642397,0.091825888,0.090722375,0.089284472,0.087638296,0.085777812,0.083825797,0.081873342,0.079980165,0.078244269,0.07652396,0.074852295,0.073153876,0.071459971,0.06981314,0.068311326,0.067029804,0.065898597,0.064989701,0.064298406,0.063867912,0.063644148,0.063657127,0.064120427,0.065228254,0.067517065,0.071845226,0.078568213,0.087355845,0.097495988,0.108393118,0.119314551,0.129198641,0.137849003,0.145262539,0.151582316,0.157642007,0.163299739,0.168073162,0.171408027,0.173319876,0.173895389,0.173120365,0.170755044,0.16703862,0.162815273,0.158694431,0.155039489,0.151992574,0.149589986,0.147816509,0.146494478,0.14552699,0.144781694,0.144099027,0.143259257,0.142075747,0.14085938,0.139795095,0.139176235,0.139212191,0.139977679,0.141690061,0.144355297,0.148200482,0.153251663,0.159515426,0.166796327,0.174694479,0.183086619,0.191508934,0.19972299,0.207344025,0.21391964,0.219492555,0.224579975,0.230465457,0.238134116,0.248296008,0.260904223,0.275385916,0.291415006,0.307887107,0.323823512,0.338500738,0.351068139,0.361261219,0.368808866,0.373964876,0.377458036,0.379740924,0.381296724,0.382359862,0.383031637,0.382851183,0.382032514,0.380527139,0.378585368,0.376520842,0.374225527,0.371803969,0.369157732,0.366532207,0.363701165,0.361080796,0.358703196,0.356740534,0.355119497,0.353812665,0.352589995,0.351326495,0.350242645,0.349103659,0.347917974,0.346788377,0.345655292,0.344311744,0.342571557,0.340415716,0.3376396,0.334615916,0.331437588,0.328234673,0.325243086,0.32224825,0.319444686,0.316863716,0.314474791,0.312383682,0.310746163,0.30948168
BarleyWholePerten0038,Perten_DA7200,barley,Unknown,Croatia,0,10.40999985,12.35628986,0.073394612,0.074974276,0.077442415,0.080507219,0.083929464,0.087348588,0.090312794,0.092400402,0.093521662,0.093774878,0.093358882,0.092550412,0.09139666,0.090011716,0.088387221,0.086592086,0.084703371,0.082767032,0.080950961,0.079246573,0.077529423,0.075841293,0.074161805,0.072480932,0.070884042,0.069508851,0.068292722,0.067237884,0.066434935,0.06583751,0.065462619,0.065298826,0.065380968,0.065975323,0.067202486,0.069620885,0.074058563,0.080855861,0.089709893,0.099891923,0.110840872,0.121743888,0.1315258,0.140034363,0.147302896,0.153417885,0.159258708,0.164719224,0.169254601,0.172421634,0.174300686,0.174892724,0.174137026,0.171885163,0.168315575,0.164259166,0.160343379,0.156908408,0.154025331,0.151747003,0.150042221,0.148789227,0.147863776,0.147176266,0.146550864,0.145754129,0.144684672,0.143559456,0.142615423,0.142134681,0.14234829,0.143233866,0.145012379,0.147807658,0.151708826,0.156746343,0.162858114,0.169941917,0.177606389,0.185565352,0.193509117,0.20123513,0.208439022,0.214700818,0.219973654,0.224815175,0.23054561,0.238010272,0.247876138,0.26015681,0.274120331,0.289395183,0.30493328,0.319806457,0.333459765,0.345315188,0.354927629,0.362182945,0.367284417,0.370687991,0.3729541,0.37449038,0.375515521,0.376214117,0.37609154,0.375202775,0.373713553,0.37179637,0.369609028,0.367247999,0.364789993,0.362150908,0.359401703,0.356586337,0.353914142,0.351491451,0.349487662,0.347839892,0.346492261,0.345218867,0.343941003,0.342734158,0.341528922,0.340311736,0.33919844,0.338021934,0.336653233,0.33501026,0.332897008,0.330239534,0.327359408,0.324344784,0.321406037,0.318460852,0.31547913,0.31284377,0.310329765,0.308097363,0.306084186,0.304433405,0.303224653
BarleyWholePerten0039,Perten_DA7200,barley,Unknown,Croatia,0,10.61999989,13.05661201,0.153206959,0.153752402,0.155051991,0.156617314,0.158312872,0.160154671,0.16164279,0.162346304,0.16236119,0.161811665,0.160881192,0.159532324,0.158041984,0.156376928,0.15450196,0.152461141,0.150420159,0.148385242,0.146432415,0.144615859,0.142792419,0.14096573,0.139205843,0.137383252,0.135672718,0.134156644,0.132806793,0.131606132,0.130610064,0.129879683,0.12930496,0.128944024,0.128873721,0.129292935,0.13019976,0.131965041,0.13520819,0.140388131,0.147257879,0.15532437,0.16404821,0.172653616,0.180552647,0.187196985,0.192683369,0.197419927,0.201919526,0.206177011,0.209724337,0.212152287,0.213537917,0.213823915,0.21310243,0.211013973,0.207830399,0.20417726,0.200553164,0.197344735,0.194586173,0.192326859,0.190535992,0.189150646,0.188095242,0.187313378,0.186530873,0.185527235,0.184397861,0.183247715,0.182293043,0.181698337,0.181732103,0.182401866,0.183872476,0.186237007,0.189590603,0.194029868,0.19945541,0.20576787,0.21260801,0.21973969,0.226827145,0.233768135,0.240184903,0.24577035,0.250519425,0.254999518,0.260452032,0.267797768,0.277462453,0.2894198,0.303157508,0.318130434,0.333325923,0.347717911,0.360811502,0.371950656,0.380861044,0.387463808,0.391823113,0.394623578,0.396455258,0.397642344,0.398288488,0.398511261,0.398125917,0.396986425,0.395220488,0.39299795,0.390592992,0.388056904,0.385312408,0.382344127,0.379284918,0.376171112,0.373320043,0.370727122,0.368422866,0.366473049,0.364849299,0.3635014,0.362024456,0.360563248,0.359095097,0.357665896,0.356280536,0.354902029,0.353340566,0.351479381,0.349222541,0.346529126,0.343522608,0.340240151,0.337015331,0.333836764,0.330803275,0.328013033,0.325392634,0.322959125,0.320835918,0.319142252,0.318087757
BarleyWholePerten0040,Perten_DA7200,barley,Unknown,Croatia,0,12.57999992,10.92427349,0.134597674,0.136011884,0.138201147,0.140709356,0.143444881,0.146255046,0.148620442,0.150033802,0.150601685,0.150413334,0.149665892,0.148454368,0.146953553,0.145229653,0.143281922,0.141158909,0.138986364,0.136797532,0.134630114,0.132548869,0.130563498,0.12863496,0.126657084,0.124784872,0.123042084,0.121427722,0.119963735,0.118674837,0.117671922,0.116826341,0.116196252,0.115846425,0.115727112,0.116008543,0.11689233,0.118957385,0.122849584,0.129110754,0.137359038,0.14700374,0.15740265,0.167546243,0.176614747,0.184169576,0.19032307,0.195631892,0.200719342,0.205406755,0.209250271,0.211810768,0.213132322,0.213184178,0.211906046,0.209200993,0.205243379,0.200846478,0.196731255,0.193050996,0.189983502,0.187454239,0.185481563,0.183925748,0.182699859,0.181623519,0.180590883,0.179429561,0.178142637,0.176814795,0.17574212,0.175054595,0.175078496,0.175844714,0.177528247,0.180184692,0.183925524,0.188779011,0.194757775,0.201484859,0.20883216,0.21637772,0.223903582,0.231168658,0.23798345,0.243894503,0.248966143,0.253866673,0.260007799,0.268247396,0.279289037,0.29303512,0.30867514,0.325568467,0.342638284,0.358701021,0.373238653,0.385518044,0.395419329,0.402673274,0.407605469,0.410726845,0.41265294,0.413816303,0.414543837,0.414698631,0.414000094,0.412562788,0.41034615,0.40774402,0.404785752,0.401561707,0.398202509,0.394819588,0.391343921,0.387942821,0.384610474,0.381638587,0.378980041,0.376728267,0.374764174,0.373020291,0.371246874,0.369506836,0.367811501,0.366289705,0.364568472,0.362842083,0.360924095,0.358724326,0.356010705,0.352952451,0.349665672,0.346206307,0.342720687,0.339370281,0.336136788,0.333241135,0.330478132,0.327916026,0.325620741,0.323750228,0.322592586
BarleyWholePerten0041,Perten_DA7200,barley,Unknown,Croatia,0,13.75,13.40289879,0.223724484,0.223792359,0.224408507,0.225299463,0.226241171,0.227075994,0.227783948,0.227957144,0.227543011,0.226647392,0.225448147,0.22392273,0.222314313,0.22050795,0.218554378,0.216502622,0.214354739,0.212187573,0.210059941,0.207974419,0.205942437,0.203966081,0.201935679,0.19999671,0.198111966,0.196342588,0.194617644,0.193053961,0.191649333,0.19032909,0.189135566,0.188129827,0.187264726,0.186627507,0.186399207,0.186920762,0.188685313,0.192041352,0.196870446,0.202790991,0.209496826,0.216128618,0.222154141,0.22718145,0.231173694,0.234597594,0.23785986,0.240927026,0.243331492,0.244691789,0.245078132,0.244467214,0.242855117,0.240065709,0.236250117,0.232093856,0.228127956,0.224539444,0.221460387,0.218833789,0.216608778,0.214766055,0.213190779,0.21176824,0.210387901,0.208898217,0.207337037,0.205701917,0.204344854,0.203273058,0.202799439,0.202950984,0.203867391,0.20560573,0.208180428,0.211750954,0.216269583,0.221506938,0.227259219,0.233264491,0.239331901,0.245289132,0.250885397,0.25576219,0.259893686,0.2639516,0.269372076,0.276806742,0.286888212,0.299556792,0.314046294,0.329714119,0.345498085,0.360366255,0.373698652,0.384983569,0.394030154,0.400677055,0.405194372,0.408003449,0.409682453,0.410682142,0.41123277,0.4111453,0.410331011,0.408748508,0.406393319,0.40365389,0.400586397,0.397269458,0.39380151,0.390360683,0.386821866,0.383218437,0.379797667,0.376668632,0.373872459,0.371520668,0.369356901,0.367417902,0.365499079,0.363566428,0.36168766,0.359843999,0.358038455,0.356224269,0.354251981,0.35190779,0.349182785,0.346073121,0.342712522,0.339219272,0.335729331,0.332391381,0.329121709,0.326146334,0.323265076,0.320714057,0.318361521,0.316454321,0.315061361
BarleyWholePerten0042,Perten_DA7200,barley,Unknown,Croatia,0,12.02000046,14.06001377,0.107318781,0.108612016,0.110755727,0.113309965,0.116174005,0.1189624,0.121301882,0.122708537,0.123277456,0.12307252,0.122350395,0.121302307,0.119924083,0.118396603,0.116586305,0.114682891,0.112685844,0.11066927,0.10874024,0.106833272,0.105042383,0.103332698,0.101623543,0.099897839,0.098308154,0.09682928,0.095486105,0.094352655,0.093441002,0.092796221,0.092356265,0.092143498,0.092165627,0.09266901,0.093757823,0.096064992,0.100195348,0.106537379,0.114696354,0.123955838,0.133869961,0.143513516,0.152135193,0.159320876,0.165168211,0.170186833,0.175002605,0.179504618,0.183175042,0.185638949,0.186941609,0.187120587,0.186149478,0.183822706,0.180330873,0.176412329,0.172607213,0.169205189,0.166367516,0.164019316,0.162092418,0.160638347,0.159509614,0.158621848,0.157776028,0.156834856,0.155637145,0.154374898,0.15331994,0.152716667,0.152706385,0.153406099,0.154946357,0.157353386,0.160743535,0.165215522,0.170710549,0.177065417,0.184038103,0.191328868,0.198572516,0.205589235,0.21221906,0.217871994,0.222610563,0.226942182,0.232307896,0.239483476,0.248875782,0.260650545,0.273939431,0.288310081,0.302942246,0.31682992,0.329490989,0.340263754,0.348908782,0.355217367,0.359399706,0.362054825,0.363615453,0.364613384,0.365253478,0.365469456,0.364943713,0.363734603,0.361853212,0.359645039,0.357174337,0.354486466,0.351655066,0.348718673,0.345690161,0.34258768,0.33969146,0.337014288,0.334703803,0.332775831,0.331020355,0.329433322,0.327767372,0.326319963,0.324824393,0.323394328,0.32203877,0.320657641,0.319100112,0.317210287,0.314884305,0.312190265,0.309244216,0.306149393,0.303014755,0.299985975,0.297129393,0.294418871,0.291997612,0.289747685,0.287874639,0.286372542,0.2853311
BarleyWholePerten0043,Perten_DA7200,barley,Unknown,Sweden,2011,21.0,10.5,0.177540004,0.179859996,0.182888001,0.185858995,0.188556999,0.190917,0.192681,0.193504006,0.193433002,0.192675993,0.191256002,0.189357996,0.187142,0.184671,0.182037994,0.179233998,0.176366001,0.173556,0.170826003,0.168182001,0.165656999,0.163331002,0.161065996,0.158853993,0.156861007,0.155157998,0.153661996,0.152429998,0.151445001,0.150773004,0.150411993,0.150255993,0.150327995,0.150683999,0.151773006,0.154143006,0.158712,0.166298002,0.176700994,0.188898996,0.201532006,0.213275999,0.223215997,0.231128007,0.237373993,0.242660999,0.247715995,0.252505988,0.256471992,0.259205014,0.260558009,0.260538012,0.25910899,0.25613901,0.252030999,0.247543007,0.243258998,0.239454001,0.236284003,0.233651996,0.231576994,0.229936004,0.228557006,0.227442995,0.226484001,0.225492001,0.224471003,0.223551005,0.223003998,0.223057002,0.223927006,0.225711003,0.228520006,0.232422993,0.237525001,0.243781999,0.251067996,0.259070009,0.267441988,0.275839001,0.283841997,0.291471005,0.298655003,0.305141002,0.311215997,0.317891985,0.326972991,0.339194,0.355165988,0.374767005,0.396153003,0.417865008,0.438493013,0.456896991,0.472667992,0.485695988,0.495898008,0.503413975,0.508418977,0.511489987,0.513298988,0.514209986,0.51454097,0.514194012,0.51277101,0.510110974,0.506568015,0.502479017,0.498124987,0.493542999,0.488891006,0.484171003,0.479438007,0.474848002,0.470431,0.466392011,0.462826014,0.459526986,0.456555009,0.453871995,0.451223999,0.448617011,0.446009994,0.443529993,0.441141009,0.438748002,0.436363995,0.433679998,0.430534005,0.427109003,0.423438996,0.419593006,0.415749997,0.412007988,0.408374995,0.404875994,0.401526004,0.398523986,0.395774007,0.393516004,0.391770005
BarleyWholePerten0044,Perten_DA7200,barley,Unknown,Sweden,2011,25.5,10.10000038,0.159783006,0.163679004,0.168155998,0.172077,0.175335005,0.178044006,0.180025995,0.180926994,0.180777997,0.179795995,0.178108007,0.175885007,0.173339993,0.170548007,0.167567998,0.164398998,0.161160007,0.157988995,0.154964998,0.152079999,0.149375007,0.146872997,0.144523993,0.142298996,0.140374005,0.138803005,0.137529001,0.136583,0.135998994,0.135802999,0.135956004,0.136340007,0.136962995,0.137925997,0.139695004,0.142947003,0.148801997,0.158246994,0.170978993,0.185597003,0.200284004,0.213410005,0.224124998,0.232464001,0.238950998,0.244397998,0.249586999,0.254559994,0.258753985,0.261658996,0.263134986,0.263177007,0.261765987,0.258823007,0.254702985,0.250209004,0.245959997,0.242183998,0.239040002,0.236423001,0.234358996,0.232750997,0.231435999,0.230403006,0.229591996,0.228836998,0.228174001,0.227746993,0.227813005,0.228579998,0.230231002,0.232875004,0.236644998,0.241630003,0.247869,0.255295992,0.26375401,0.272855014,0.282209009,0.291390002,0.300089002,0.308297992,0.316096991,0.323363006,0.330545992,0.338871986,0.350515008,0.366209,0.386382997,0.410423994,0.435862005,0.460844994,0.483900994,0.503929019,0.520815015,0.534568012,0.545310974,0.55321002,0.558483005,0.561744988,0.563624024,0.564553022,0.564792991,0.564089,0.562116981,0.558790028,0.554499984,0.549584985,0.54430002,0.538802028,0.53322202,0.527615011,0.521993995,0.516471028,0.511138022,0.50623399,0.501856983,0.497727007,0.493928999,0.490458012,0.487060994,0.483783007,0.480563015,0.477503985,0.474555999,0.47161901,0.468686014,0.465496004,0.46192199,0.458081991,0.453956991,0.449741989,0.445535988,0.441426992,0.437440991,0.433625013,0.429996997,0.426699013,0.423646987,0.421074003,0.419140011
BarleyWholePerten0045,Perten_DA7200,barley,Unknown,Sweden,2011,25.0,8.5,0.192217007,0.194275007,0.196797997,0.198957995,0.200708002,0.202105001,0.202975005,0.203090996,0.202467993,0.201287001,0.199598,0.197543994,0.195247993,0.192760006,0.190110996,0.187397003,0.184645996,0.181978002,0.179394007,0.176916003,0.174524993,0.172325999,0.170247003,0.168215007,0.166371003,0.164772004,0.163366005,0.162184,0.161247,0.160558999,0.160101995,0.159811005,0.159693003,0.159802005,0.160492003,0.162223995,0.165770993,0.171954006,0.180684999,0.191071004,0.201730996,0.211406007,0.219322994,0.225390002,0.230005994,0.233842999,0.237566993,0.241189003,0.244242996,0.246307001,0.247250006,0.247040004,0.245623007,0.242908001,0.239178002,0.235112995,0.231249005,0.227807999,0.224888995,0.222421005,0.220394999,0.218742997,0.217336997,0.216159001,0.215112999,0.214101002,0.213179007,0.212465003,0.212125003,0.212357,0.213340998,0.215123996,0.217805997,0.221484006,0.226216003,0.231961995,0.238624007,0.245830998,0.253315985,0.260724992,0.267753005,0.274432004,0.280779004,0.286650002,0.292380989,0.299088001,0.308687002,0.321646988,0.338351011,0.358568996,0.38022399,0.401749998,0.421788991,0.439328015,0.45411399,0.466208994,0.475564987,0.482356012,0.486786991,0.489365995,0.490781009,0.491338998,0.491313994,0.490550995,0.488656998,0.485518992,0.481532008,0.476987988,0.472128987,0.467076004,0.462024003,0.456919998,0.451819986,0.446832001,0.442016006,0.43761301,0.433703005,0.430029005,0.426647008,0.423548996,0.420506001,0.417540997,0.414622992,0.411796004,0.409083009,0.406370014,0.403611004,0.400709987,0.397403002,0.393895,0.390150994,0.386285991,0.382414013,0.378666014,0.375048995,0.371551007,0.368221998,0.36520201,0.362441987,0.360154003,0.358404011
BarleyWholePerten0046,Perten_DA7200,barley,Unknown,Sweden,2011,20.70000076,8.699999809,0.175281003,0.176726997,0.178785995,0.180754006,0.182580993,0.184138,0.185255006,0.185645998,0.185377002,0.184532002,0.183209002,0.181482002,0.179565996,0.177469,0.175207004,0.172828004,0.170433,0.168073997,0.165794998,0.163577005,0.161446005,0.159418002,0.157473996,0.155555993,0.153779,0.152218998,0.150808007,0.149577007,0.148540005,0.147714004,0.147100002,0.146616995,0.146327004,0.146303996,0.146834001,0.148291007,0.151335999,0.156609997,0.164091006,0.173103005,0.182662994,0.191717997,0.199459001,0.205550998,0.210270003,0.214229003,0.218059003,0.221772,0.224892005,0.227016002,0.228028998,0.227901995,0.226586998,0.223939002,0.220254004,0.216208994,0.212317005,0.208862007,0.205939993,0.203476995,0.201491997,0.199860007,0.198458999,0.197289005,0.196228996,0.195100993,0.193970993,0.192938998,0.192213997,0.191965997,0.192388997,0.193544999,0.195562005,0.198486999,0.202420995,0.207384005,0.213266,0.219813004,0.226775006,0.233786002,0.240554005,0.247048006,0.253206998,0.258772999,0.263904005,0.269454986,0.277240008,0.287880987,0.301997006,0.31962201,0.339121014,0.359322012,0.378807992,0.396324009,0.411451012,0.423927009,0.433620989,0.44065699,0.445264995,0.44799,0.449510992,0.450192988,0.450336993,0.449849993,0.448338002,0.445650011,0.442113996,0.438044995,0.433701992,0.429129005,0.424585998,0.42000699,0.415412992,0.410851002,0.406486005,0.402509004,0.399066001,0.395861,0.392971009,0.39032501,0.387742013,0.385178,0.382645994,0.38023001,0.377857,0.375515014,0.373098999,0.370409995,0.367291987,0.363945991,0.360311002,0.356510013,0.352690995,0.349014998,0.345468998,0.342018008,0.338735998,0.335756987,0.333104998,0.330958992,0.329347998
BarleyWholePerten0047,Perten_DA7200,barley,Unknown,Sweden,2011,19.70000076,9.399999619,0.223535001,0.224378005,0.225786001,0.227192998,0.228455007,0.229577005,0.230344996,0.230432004,0.229908004,0.228915006,0.227477998,0.225686997,0.223729,0.221573994,0.219281003,0.216925994,0.214514002,0.212115005,0.209800005,0.207522005,0.205307007,0.203217,0.201202005,0.199159995,0.197228,0.195481002,0.193867996,0.192396,0.191100001,0.189968005,0.189021006,0.188189998,0.187533006,0.187102005,0.187175006,0.188051,0.190347001,0.194640994,0.200950995,0.208745003,0.217133999,0.225152001,0.232019007,0.237434,0.241632998,0.245123997,0.248483002,0.251682013,0.254330993,0.256063998,0.256765991,0.256397992,0.254918993,0.252261013,0.248657003,0.244694993,0.240874007,0.237376005,0.234359995,0.231778994,0.229669005,0.227890998,0.226339996,0.224970996,0.223695993,0.222384006,0.221007004,0.219727993,0.218725994,0.218180999,0.218284994,0.219097003,0.220733002,0.223270997,0.226783007,0.231280997,0.236724004,0.242822006,0.249332994,0.255959988,0.262355,0.26848799,0.274298996,0.279507011,0.284184009,0.289198011,0.296256989,0.305952996,0.318926007,0.33533001,0.353682011,0.372812003,0.391402006,0.40822199,0.422841013,0.434962004,0.444391996,0.451166004,0.455509007,0.458023012,0.459372014,0.459939003,0.460049003,0.459538996,0.458052993,0.455433011,0.451922,0.447946996,0.443657994,0.439206988,0.434744,0.430236995,0.425673991,0.421220988,0.416952014,0.413053006,0.409667999,0.406524003,0.403708994,0.401147991,0.398640007,0.396174014,0.393682987,0.391301006,0.388983011,0.386671007,0.384330988,0.38173601,0.378704995,0.375355005,0.37174201,0.368010998,0.364244998,0.360581994,0.357033014,0.353639007,0.350421995,0.347517997,0.344909996,0.342763007,0.341149986
BarleyWholePerten0048,Perten_DA7200,barley,Unknown,Sweden,2011,24.5,8.600000382,0.196263999,0.198341996,0.200866997,0.203172997,0.205085993,0.206635997,0.207589001,0.207799003,0.207288995,0.206176996,0.204576999,0.202549994,0.200314,0.197903007,0.195297003,0.192635998,0.189960003,0.187325999,0.184799999,0.182345003,0.180007994,0.177840993,0.175775006,0.173760995,0.171920002,0.170343995,0.168970004,0.167807996,0.166871995,0.166212007,0.165762007,0.165464997,0.165350005,0.165500999,0.166216999,0.167978004,0.171535,0.177683994,0.186336994,0.196617007,0.207216993,0.216836005,0.224698007,0.230715007,0.235330001,0.239161998,0.242850006,0.246398002,0.249385998,0.251426011,0.252346009,0.252157986,0.250773013,0.248153999,0.244571999,0.240661994,0.236911997,0.233513996,0.230655,0.228229001,0.226248995,0.224617004,0.223213002,0.222037002,0.221013993,0.220012993,0.219061002,0.218299002,0.217906997,0.218070999,0.218972996,0.220648006,0.223236993,0.226788998,0.231371999,0.236972004,0.243453994,0.250499994,0.257838994,0.265121013,0.272000015,0.278510988,0.284695,0.290412009,0.295935005,0.302291989,0.311318994,0.323605001,0.339560002,0.359003007,0.379956007,0.400963992,0.420670003,0.438062996,0.452829987,0.464908987,0.474278003,0.481059998,0.485486001,0.488074988,0.489455998,0.490011007,0.489984989,0.489205003,0.487338007,0.484227002,0.480244994,0.475744993,0.470928013,0.465938002,0.460914999,0.455870003,0.450816989,0.445912987,0.441139996,0.436776996,0.432947993,0.429363012,0.426064014,0.423031002,0.42008099,0.417174012,0.414330989,0.411635995,0.408980995,0.406343997,0.403746992,0.400920004,0.397682995,0.394201011,0.390498996,0.386741996,0.382946014,0.379283994,0.375743985,0.372334987,0.369073987,0.366129011,0.363498986,0.361290008,0.359640002
BarleyWholePerten0049,Perten_DA7200,barley,Unknown,Sweden,2011,22.20000076,9.199999809,0.140744999,0.143806994,0.147597998,0.151133999,0.154282004,0.157011002,0.159122005,0.160235003,0.160346001,0.159640998,0.158279002,0.156406999,0.154201999,0.151749,0.149104998,0.146316007,0.143461004,0.140634999,0.137912005,0.13527,0.132770002,0.130468994,0.128316,0.126197994,0.124311999,0.122732997,0.121417001,0.120361999,0.119621001,0.119204,0.119115003,0.119263001,0.119622,0.120343,0.121831,0.124620996,0.129718006,0.137973994,0.149103001,0.161997005,0.175175995,0.187258005,0.197346002,0.205283001,0.211493999,0.216775999,0.221780002,0.226546004,0.230544001,0.233349994,0.234793007,0.234901995,0.233643994,0.230893001,0.227022007,0.222810999,0.218777001,0.215179995,0.212211996,0.209763005,0.207861006,0.206367999,0.205119997,0.204134002,0.203316003,0.202437997,0.201605007,0.200921997,0.200622007,0.200950995,0.202080995,0.204072997,0.207077995,0.211156994,0.216415003,0.222780004,0.230140001,0.238151997,0.246482,0.254750997,0.262636989,0.270148993,0.277209014,0.283618987,0.289692998,0.296436012,0.305785,0.318405002,0.334823996,0.354894012,0.376644999,0.398568988,0.419263989,0.437622994,0.453289986,0.466230989,0.476393014,0.483889997,0.488938987,0.492053986,0.493882,0.494827986,0.495139003,0.494697005,0.493111998,0.490272999,0.486557007,0.482262999,0.47773999,0.472961009,0.468169004,0.463288993,0.458404988,0.453667015,0.449032009,0.444855988,0.441213012,0.437824994,0.43472001,0.431881994,0.429060996,0.426312,0.423691988,0.421166986,0.418731004,0.416290999,0.413774014,0.411042005,0.407929987,0.404513001,0.40089199,0.397114009,0.393382013,0.389719009,0.38618201,0.382793993,0.37953499,0.376554996,0.373898,0.371675998,0.370018989
BarleyWholePerten0050,Perten_DA7200,barley,Unknown,Sweden,2011,18.70000076,11.70000076,0.202379003,0.203896001,0.206231996,0.208693996,0.211089999,0.213276997,0.215005994,0.215875,0.215834007,0.215109006,0.213722006,0.211906001,0.209810004,0.207488999,0.204931006,0.202217996,0.199422002,0.196659997,0.194011003,0.191411004,0.188870996,0.186522007,0.184267998,0.182016,0.179947004,0.178132996,0.176532,0.175146997,0.174009994,0.173175007,0.172599003,0.172250003,0.172132,0.172325999,0.173262,0.175401002,0.179629996,0.186746001,0.196541995,0.208104,0.220222995,0.231682003,0.241603002,0.249667004,0.256128013,0.261646986,0.266856015,0.271741003,0.275757998,0.278490007,0.279799998,0.279783011,0.278329015,0.275388986,0.271279007,0.266779989,0.262490988,0.258648992,0.255457997,0.252811015,0.250739992,0.249136001,0.247801006,0.246704996,0.245739996,0.244648993,0.243493006,0.242385,0.241616994,0.241407007,0.241988003,0.243416995,0.245857999,0.249384001,0.254078001,0.259903014,0.266840011,0.274498999,0.282564014,0.290681005,0.298514992,0.306012988,0.312996,0.319144011,0.324647009,0.330381006,0.338090003,0.348306,0.361622989,0.378140003,0.396219999,0.414781004,0.432588011,0.448617011,0.46241501,0.473852992,0.48278299,0.489336997,0.493708015,0.496360987,0.497929007,0.498771012,0.499112994,0.498935014,0.497844994,0.495730013,0.492868006,0.489533991,0.485967994,0.482160986,0.478386015,0.474498987,0.47061801,0.466807008,0.463070005,0.459693015,0.45678699,0.454129994,0.451732993,0.449523002,0.447353005,0.445198,0.443105012,0.441098005,0.439143986,0.437220991,0.435243994,0.433023006,0.430370003,0.42739901,0.424214006,0.420937002,0.417636007,0.414429992,0.411316007,0.408273011,0.405331999,0.402678013,0.400377005,0.398485005,0.397101998
BarleyWholePerten0051,Perten_DA7200,barley,Unknown,US,2009,12.35900021,13.21870041,0.176125303,0.178168297,0.181614995,0.186421305,0.192222402,0.198217094,0.203785107,0.207591906,0.209800795,0.2104664,0.209646002,0.208353296,0.206151307,0.203357607,0.200461701,0.196851194,0.193182007,0.189359203,0.185635105,0.182147905,0.178589404,0.175474107,0.1720559,0.168729007,0.165688694,0.162776396,0.160375699,0.158113599,0.156395793,0.155059904,0.154177606,0.153696895,0.153485805,0.153974801,0.1554057,0.1589946,0.166131005,0.178002,0.194000796,0.212824196,0.233617693,0.254806399,0.275097698,0.293386996,0.309021413,0.323261589,0.33677879,0.349667311,0.360422313,0.367719889,0.37175101,0.372148812,0.36904791,0.362280905,0.352665186,0.342422605,0.332713813,0.324618787,0.318105996,0.312995613,0.309467912,0.306666195,0.304727405,0.303085595,0.301393211,0.299534202,0.297137409,0.294833094,0.292548388,0.29128629,0.291171789,0.29245159,0.295684815,0.300747395,0.308204502,0.317997187,0.330280691,0.344878703,0.360681713,0.3775976,0.394672602,0.411749512,0.427802801,0.441836506,0.454633802,0.466791004,0.480502188,0.497693211,0.520254076,0.54819423,0.579638004,0.61446017,0.649366975,0.682457507,0.711291015,0.735594094,0.754914105,0.768888116,0.779766202,0.787027121,0.792337775,0.795825899,0.798542082,0.800513327,0.800770998,0.800670683,0.799047411,0.797667086,0.795446575,0.792912781,0.790154576,0.786773324,0.783961117,0.780372918,0.77775228,0.774566174,0.772561371,0.770054519,0.768072128,0.766703785,0.764788985,0.763886094,0.76225698,0.761338115,0.759703279,0.757479608,0.755753398,0.752104282,0.748807073,0.744083881,0.739359677,0.733811379,0.728310585,0.723356426,0.717183828,0.71276319,0.706896126,0.70238322,0.697271228,0.692900419,0.689480126
BarleyWholePerten0052,Perten_DA7200,barley,Unknown,US,2009,12.68700027,16.06863022,0.186510697,0.189178094,0.193516702,0.199308693,0.205918595,0.212788895,0.218993798,0.223578706,0.226279497,0.227245703,0.226979494,0.225867599,0.224057794,0.221731097,0.218881995,0.215617403,0.2118821,0.208138704,0.204483599,0.200907901,0.197512999,0.194125205,0.190734595,0.187369406,0.184215993,0.181416795,0.178895399,0.176713303,0.174981698,0.173701897,0.172979295,0.1725097,0.172457695,0.173028499,0.174735606,0.178701103,0.1864416,0.199222505,0.216214702,0.235974893,0.257393301,0.279220492,0.300525188,0.319856286,0.336647898,0.351853997,0.366162211,0.379779995,0.390820205,0.398130596,0.401705712,0.401640713,0.398009986,0.390432805,0.380034596,0.369048208,0.358796388,0.35016349,0.343254685,0.337917805,0.334070593,0.331192613,0.329142302,0.327541888,0.3259345,0.324108988,0.321697891,0.319163591,0.316832691,0.315467209,0.315242201,0.316535503,0.319719195,0.325077295,0.332753301,0.342906088,0.355651498,0.370705098,0.387403488,0.405101806,0.423240602,0.441325903,0.458153188,0.47299701,0.486453712,0.499383509,0.51360178,0.531689823,0.555121303,0.583838701,0.616111279,0.651329994,0.686553001,0.719204128,0.747556508,0.770770788,0.789097011,0.802259624,0.812189519,0.819128215,0.824127197,0.827445984,0.829966724,0.831908584,0.832193017,0.832237005,0.831202328,0.830090523,0.828493893,0.826390624,0.823965311,0.821086288,0.818499625,0.815624476,0.813027084,0.810158074,0.808496773,0.80592221,0.80401361,0.802464187,0.801199973,0.799741983,0.798208475,0.797364414,0.79592979,0.794191301,0.791627228,0.788757026,0.785266519,0.780983388,0.776399016,0.771100581,0.766051829,0.760916829,0.755354822,0.750709891,0.74514699,0.740477324,0.735551894,0.731260479,0.727873385
BarleyWholePerten0053,Perten_DA7200,barley,Unknown,US,2009,12.13399982,11.70419025,0.155824393,0.157986403,0.161969498,0.167283505,0.173443198,0.180117905,0.185980007,0.190157101,0.192405596,0.193143502,0.192712605,0.191394195,0.1893958,0.186949402,0.184125304,0.180943698,0.177561104,0.174145699,0.170870498,0.167684704,0.164635107,0.161693707,0.158719301,0.1557675,0.1529264,0.150290906,0.1480214,0.145950005,0.144250199,0.142936304,0.141957894,0.141367003,0.141100407,0.141377404,0.142630607,0.145697594,0.152077898,0.162763596,0.177357107,0.194621503,0.213633403,0.233099699,0.251663894,0.26845029,0.282792985,0.296011388,0.308779597,0.321110606,0.331570804,0.338886499,0.342852712,0.343382686,0.340567589,0.334064692,0.324847907,0.31493789,0.305548191,0.297628194,0.291245014,0.286350906,0.282937586,0.280328512,0.278408498,0.276750892,0.275054187,0.273100615,0.270680994,0.268177003,0.265952498,0.264413714,0.263902903,0.264868707,0.267403305,0.271920413,0.278566092,0.287414104,0.298657507,0.312071502,0.32707721,0.342958897,0.35928151,0.375654012,0.390906602,0.404394686,0.416474015,0.428067893,0.440849692,0.456900388,0.478016913,0.504252672,0.534680128,0.568715274,0.604075372,0.638387919,0.669027388,0.695065916,0.71579212,0.731086373,0.742310524,0.750101626,0.755452275,0.758602679,0.761330724,0.762916386,0.763178229,0.762651324,0.761107683,0.759091318,0.75687778,0.753943622,0.750671685,0.747341812,0.743911922,0.740410924,0.737343609,0.734266281,0.731917381,0.729366601,0.727458179,0.72623229,0.724669814,0.723579526,0.722110987,0.720962584,0.719658971,0.717337489,0.715056181,0.711343825,0.707460582,0.702601016,0.697258771,0.691188276,0.685209215,0.679439604,0.673215628,0.667812526,0.661346972,0.656368673,0.651241481,0.646681726,0.642977476
BarleyWholePerten0054,Perten_DA7200,barley,Unknown,US,2009,11.80500031,13.83298016,0.183505595,0.185660601,0.189541206,0.194739804,0.2010452,0.207775503,0.213792607,0.218280196,0.220702902,0.221688107,0.221400902,0.220087305,0.218206495,0.215747699,0.212900296,0.209521905,0.205959395,0.202361494,0.198821306,0.1954602,0.192064896,0.188884407,0.1855952,0.182237804,0.179124907,0.176274195,0.173825905,0.171652794,0.169801906,0.168409407,0.167433694,0.166778803,0.166500598,0.166793495,0.168171898,0.1715336,0.178605795,0.190291897,0.206138402,0.224738002,0.245098904,0.266085297,0.286370486,0.304879993,0.320920587,0.335512787,0.349559397,0.36273551,0.373699904,0.381269813,0.385131687,0.385461301,0.382228911,0.3751463,0.365227193,0.354593188,0.344699889,0.336185694,0.329459101,0.324269891,0.320464313,0.317765802,0.315807313,0.314106286,0.312412888,0.310439289,0.307937294,0.305297285,0.302863002,0.301182896,0.3007496,0.301795304,0.304565609,0.309489995,0.316675395,0.326262802,0.338259906,0.352627695,0.36854291,0.385468602,0.402880698,0.420182109,0.43640691,0.450648189,0.463469386,0.475612193,0.488840789,0.505415916,0.527108371,0.553816199,0.584331274,0.617928922,0.652302682,0.68503499,0.713819504,0.737851024,0.756795883,0.770863175,0.781173706,0.78863591,0.793605328,0.79702872,0.799580514,0.801263928,0.801769316,0.801741898,0.800757825,0.799487889,0.79754138,0.795637012,0.793194294,0.790415287,0.787811399,0.784891486,0.782221794,0.779562116,0.77766031,0.775307715,0.773632705,0.77251941,0.771135211,0.769896686,0.768568099,0.76775682,0.766340196,0.764543474,0.76248008,0.759381175,0.756006777,0.751511991,0.747301281,0.74206388,0.736869574,0.731450319,0.726269424,0.721215308,0.716199219,0.711084008,0.706495702,0.701525509,0.698746622
BarleyWholePerten0055,Perten_DA7200,barley,Unknown,US,2009,11.92000008,11.84377956,0.169558704,0.172134906,0.176297307,0.181835607,0.188382104,0.195287406,0.201617494,0.205939293,0.208392993,0.209191501,0.208842203,0.207530797,0.205387995,0.202843398,0.199967399,0.196617201,0.193146795,0.1895549,0.186098799,0.182787806,0.179550499,0.176493198,0.173301995,0.170110896,0.167111501,0.164350599,0.162008405,0.159865096,0.158123493,0.1567045,0.155775696,0.155149505,0.154842407,0.155151904,0.156468198,0.159750506,0.166435003,0.177809507,0.193354905,0.211749002,0.232065707,0.252857596,0.272777498,0.290688008,0.306131214,0.320284098,0.333930314,0.346985608,0.3579835,0.365689486,0.369836509,0.370326102,0.367375493,0.36038959,0.350596994,0.340047896,0.330155194,0.321693987,0.314946592,0.309780896,0.305992603,0.303282499,0.301292986,0.299506813,0.297819108,0.295755208,0.293258905,0.290627301,0.288263887,0.286676496,0.286286414,0.287340313,0.290160388,0.295056403,0.302252889,0.311829299,0.323825687,0.338163912,0.353975207,0.370846301,0.388156414,0.405428588,0.421596706,0.435895413,0.448732793,0.461116999,0.474723488,0.491864711,0.514366388,0.542153776,0.574457884,0.61013943,0.647065878,0.682637513,0.71400708,0.740725279,0.761575282,0.777377188,0.78869623,0.796678484,0.802115619,0.805665612,0.808332384,0.809823811,0.810288727,0.809898913,0.808607101,0.80652678,0.804126501,0.801462591,0.798334181,0.795002878,0.791703999,0.788289905,0.78508693,0.78204298,0.779797375,0.777254999,0.775254786,0.773966491,0.772355616,0.771232486,0.769680679,0.768658817,0.76690191,0.765034974,0.762490273,0.75900662,0.755112171,0.749721229,0.745039523,0.738643527,0.73289299,0.726635993,0.720661521,0.715277374,0.709166408,0.703489184,0.698205113,0.693254709,0.689373016
BarleyWholePerten0056,Perten_DA7200,barley,Unknown,US,2009,11.70199966,11.67296982,0.162828594,0.164968893,0.168624595,0.173750803,0.179711893,0.186036497,0.191765294,0.195764095,0.198156104,0.198910207,0.198506698,0.197256297,0.195297897,0.192919895,0.190181702,0.187070102,0.183703199,0.180348694,0.1770778,0.173895106,0.170852304,0.167854697,0.164912999,0.161904901,0.158989996,0.156302199,0.154019207,0.151978597,0.150270402,0.148914993,0.147962093,0.1472767,0.146904007,0.147124097,0.148284793,0.151308596,0.157607302,0.168192595,0.182720095,0.1999861,0.218995094,0.238523707,0.257296085,0.274251014,0.288833112,0.302194595,0.315128893,0.327436298,0.337854594,0.345229507,0.349204689,0.349781394,0.346978605,0.34055379,0.331363887,0.321397394,0.312099695,0.304130107,0.297847897,0.292997301,0.289569914,0.287014693,0.285045087,0.283449411,0.28172639,0.279809386,0.277410388,0.274886191,0.272567987,0.271028906,0.270543486,0.27151531,0.274102897,0.278535694,0.285196185,0.29408291,0.305300593,0.318623394,0.333353013,0.349101901,0.365217507,0.381337792,0.396351486,0.409629405,0.421453714,0.43281579,0.445227295,0.460741103,0.481366605,0.506902874,0.536465883,0.569178224,0.603419721,0.636356175,0.665890515,0.690909624,0.710820019,0.725772977,0.73677969,0.74450779,0.749553502,0.752986491,0.755693197,0.757230818,0.758008421,0.757398188,0.756174088,0.754410625,0.752070308,0.749589026,0.746325016,0.743556023,0.74000603,0.736973286,0.733935475,0.731076896,0.729193211,0.726342917,0.724651277,0.723183513,0.721971989,0.720762789,0.719423175,0.71849829,0.716787875,0.714930475,0.71262002,0.70898968,0.705509722,0.700759888,0.695861697,0.69040668,0.684845686,0.679279625,0.673507214,0.668221593,0.662510574,0.657749593,0.652567804,0.648194671,0.644143581
BarleyWholePerten0057,Perten_DA7200,barley,Unknown,US,0,8.793999672,14.19423962,0.091108203,0.09241797,0.095074117,0.099018857,0.103911102,0.108991697,0.113137603,0.115696698,0.116880402,0.1169765,0.116355099,0.1151243,0.113614202,0.111753397,0.1094689,0.106892802,0.104177803,0.101421498,0.098818012,0.096363939,0.093733251,0.091150276,0.08853592,0.085873596,0.083386406,0.081135497,0.079040773,0.077149823,0.075491384,0.074178077,0.073158287,0.072484873,0.072207227,0.072547063,0.073872633,0.076978423,0.082970694,0.092328318,0.104142599,0.1171676,0.131076098,0.145243302,0.158988401,0.171527296,0.182408407,0.192176595,0.201578394,0.210425705,0.217538104,0.221843496,0.224318102,0.224734396,0.222802296,0.218594506,0.212369993,0.205408707,0.198858902,0.193102002,0.188225702,0.184421003,0.181536406,0.179480597,0.178043097,0.176956102,0.175877094,0.174474597,0.172632396,0.170473903,0.168430597,0.166868001,0.166050807,0.166256905,0.167685807,0.170383498,0.174582198,0.180411696,0.188079193,0.197592393,0.208380297,0.220129803,0.232475206,0.244591594,0.255617291,0.265078187,0.273228198,0.280568212,0.287955105,0.297242791,0.309527814,0.324380606,0.341762602,0.361695707,0.383247197,0.40453431,0.424456894,0.441825509,0.455587387,0.465745509,0.472939611,0.477784813,0.480870485,0.483089596,0.484590799,0.485097498,0.484959304,0.484468788,0.483289987,0.482141703,0.480745405,0.478746593,0.476467311,0.473842114,0.471527696,0.469026715,0.466571301,0.464504898,0.462722808,0.460924298,0.459483087,0.458447188,0.457456201,0.45662269,0.455790997,0.455491304,0.454619497,0.453518391,0.451774001,0.449200392,0.44620499,0.442772389,0.439094514,0.43524611,0.431081414,0.42686519,0.422870308,0.419307113,0.41585201,0.412607998,0.409630597,0.407003999,0.404442191
BarleyWholePerten0058,Perten_DA7200,barley,Unknown,Sweden,2011,21.29611015,9.5,0.34632501,0.34702,0.348396003,0.349909991,0.351309001,0.352559,0.353338987,0.353525996,0.353015989,0.351942986,0.350315005,0.348235995,0.345964015,0.343621999,0.341053009,0.338344991,0.335557997,0.332942992,0.330348998,0.327785999,0.325177997,0.322705001,0.320556998,0.318507999,0.316558987,0.314765006,0.313044012,0.311681002,0.310505986,0.30943799,0.308611989,0.308003992,0.307680011,0.307642996,0.308167994,0.309448004,0.312507987,0.318213999,0.325998008,0.335292012,0.345174015,0.354212999,0.361654013,0.367516011,0.371975005,0.375813007,0.379429013,0.382858008,0.385820001,0.387719005,0.388420999,0.388025999,0.38656801,0.383926988,0.380153,0.376019001,0.372114003,0.368595988,0.365521014,0.362913013,0.360875011,0.359205991,0.357710004,0.356335014,0.355078012,0.353834987,0.352620006,0.351527005,0.350701988,0.350373,0.350652993,0.351776987,0.35373801,0.356667012,0.360511005,0.365424991,0.371257007,0.377838999,0.38470301,0.391577005,0.39873001,0.405880004,0.412535995,0.417769015,0.421887994,0.426600993,0.434561998,0.444433987,0.456696987,0.472528011,0.489551008,0.506848991,0.523128986,0.537853003,0.550921023,0.561671019,0.570065975,0.576146007,0.580088019,0.582551003,0.583769977,0.584416986,0.584958971,0.584900022,0.583764017,0.581463993,0.578607023,0.575308025,0.572182,0.568790972,0.56507802,0.561357975,0.557749987,0.554176986,0.55063802,0.547672987,0.544941008,0.54260999,0.540627003,0.538803995,0.537037015,0.535103977,0.533302009,0.531674981,0.530242026,0.528626025,0.526971996,0.524931014,0.522370994,0.519595981,0.516725004,0.513679028,0.510528028,0.507242978,0.504079998,0.501307011,0.498984993,0.496686995,0.494796008,0.493362993,0.492469013
BarleyWholePerten0059,Perten_DA7200,barley,Unknown,Sweden,2011,17.48667908,9.699999809,0.360413998,0.360525012,0.361283004,0.362266004,0.363186002,0.364075989,0.364650995,0.36461699,0.364028007,0.362904012,0.361398011,0.359544992,0.357531011,0.355489999,0.353273004,0.350899011,0.348396003,0.346031994,0.343742013,0.341432989,0.339163989,0.336917996,0.334735006,0.332672,0.330669999,0.328797996,0.327087998,0.32563901,0.324304998,0.323065013,0.32190001,0.320953012,0.320315987,0.319866002,0.319875002,0.320670992,0.322905988,0.327201009,0.333160013,0.340276003,0.348004997,0.355392993,0.361683995,0.366777986,0.370676994,0.373944998,0.377157003,0.380126,0.382587999,0.38420701,0.384759009,0.384303004,0.382829994,0.380277991,0.376686007,0.372657001,0.368786007,0.365267009,0.362210006,0.359530985,0.357398003,0.355627,0.354010999,0.352503002,0.351244986,0.349878013,0.348432005,0.34701699,0.345863015,0.345086992,0.344826996,0.345279992,0.346491993,0.348475993,0.351312012,0.355084986,0.359690994,0.365238994,0.371084988,0.376937985,0.382726997,0.388325006,0.393822998,0.398460001,0.402520001,0.406572998,0.411949009,0.419564992,0.429807991,0.442662001,0.457152009,0.472689986,0.487980008,0.50256902,0.515699029,0.526916027,0.535767019,0.542174995,0.546269,0.548772991,0.550239027,0.551096022,0.551802993,0.551809013,0.550930023,0.549072027,0.54668498,0.543816984,0.540979028,0.537945986,0.534663022,0.531235993,0.527930021,0.524487972,0.521124005,0.518388987,0.51593101,0.513872027,0.512058973,0.510428011,0.508899987,0.507153988,0.50574398,0.50424999,0.502923012,0.501383007,0.499799013,0.497969002,0.495521009,0.492790997,0.489930004,0.486898005,0.483904004,0.480746001,0.477584988,0.474815995,0.472458988,0.470268011,0.468374014,0.466695011,0.465454996
BarleyWholePerten0060,Perten_DA7200,barley,Unknown,Sweden,2011,19.83670044,11.5,0.419822991,0.419483006,0.419800013,0.420401007,0.420892,0.421456993,0.421588004,0.42128399,0.42050001,0.419234008,0.417531997,0.415591002,0.413482994,0.411330015,0.408895999,0.40643999,0.403907001,0.401623994,0.399307013,0.396988004,0.394594997,0.392367005,0.390347004,0.388395011,0.386519015,0.384755999,0.383049995,0.381641001,0.380474001,0.379377991,0.378443003,0.377685994,0.377312005,0.377193004,0.377595007,0.378450006,0.380688012,0.385105014,0.390985996,0.398050994,0.405508012,0.412263006,0.417769015,0.422125012,0.425381005,0.428113014,0.430741012,0.433241993,0.43521899,0.436405987,0.436666995,0.436102003,0.434677988,0.432408989,0.429219008,0.425684989,0.422410011,0.419380993,0.416707993,0.414371014,0.412586004,0.411119014,0.409772992,0.408558995,0.407418013,0.406230003,0.405048996,0.403934985,0.403021991,0.402456999,0.402336001,0.402967006,0.404282987,0.406401008,0.409213007,0.412856013,0.417387992,0.422518998,0.427956015,0.43363601,0.439891011,0.446424007,0.452405006,0.456364989,0.459013999,0.462199986,0.469177991,0.476711988,0.485639006,0.498302013,0.511933029,0.525790989,0.538802028,0.550710022,0.56139499,0.570192993,0.577018023,0.58178401,0.584787011,0.586571991,0.587261975,0.587504029,0.587710977,0.587547004,0.586391985,0.584161997,0.581555009,0.578704,0.575866997,0.573019028,0.569805026,0.566579998,0.563513994,0.560375989,0.557421982,0.555031002,0.552752972,0.550828993,0.549211979,0.547698975,0.546261013,0.544652998,0.543348014,0.541961014,0.540777028,0.539525986,0.53808099,0.536318004,0.534322977,0.532000005,0.52966702,0.527131975,0.524591982,0.521883011,0.519248009,0.516960025,0.515166998,0.513435006,0.511961997,0.510914981,0.510535002
BarleyWholePerten0061,Perten_DA7200,barley,Unknown,Sweden,2011,22.82356071,10.19999981,0.357347995,0.358422995,0.360000014,0.361577004,0.362953007,0.364066005,0.364693999,0.364775002,0.364271998,0.363211989,0.361636996,0.359699994,0.357609004,0.355475009,0.353103995,0.350623995,0.348026991,0.345578998,0.343219012,0.340819001,0.338467002,0.336192995,0.334143013,0.332224011,0.330375999,0.328709006,0.327172995,0.325928986,0.324930012,0.324043006,0.323318005,0.322728992,0.322447985,0.322387993,0.322833002,0.324034005,0.326867014,0.332138985,0.33938399,0.347889006,0.35679999,0.364901006,0.371596009,0.376814991,0.380764008,0.384041011,0.387068987,0.389970005,0.392417997,0.393987,0.394463986,0.393934012,0.392482013,0.390006989,0.386595011,0.382809013,0.379236996,0.376019001,0.373149991,0.37064299,0.368710995,0.367018014,0.365532011,0.364208996,0.363029003,0.361965001,0.36085099,0.359887004,0.359210014,0.359008014,0.359320015,0.360486001,0.362417013,0.36520201,0.368815005,0.373338997,0.378715009,0.384745985,0.390911013,0.397015989,0.403007001,0.408868015,0.414485991,0.419200003,0.423471004,0.428332001,0.435405999,0.445089012,0.457700998,0.473233998,0.490226001,0.507350981,0.523586988,0.538504005,0.551501989,0.562219977,0.570636988,0.576956987,0.580983996,0.583537996,0.58494401,0.585807979,0.586273015,0.586254001,0.585070014,0.582731009,0.579864979,0.576494992,0.573240995,0.569639981,0.565789998,0.561887026,0.558035016,0.554172993,0.550418019,0.547239006,0.544330001,0.541818976,0.539545,0.537519991,0.535510004,0.533365011,0.531461,0.52966702,0.527957022,0.526202977,0.52441901,0.522274017,0.519804001,0.516902983,0.513925016,0.510890007,0.507731974,0.504472017,0.501296997,0.498560995,0.496134013,0.493930996,0.49199301,0.490244001,0.489161015
BarleyWholePerten0062,Perten_DA7200,barley,Unknown,Sweden,2011,21.46511078,10.60000038,0.355666012,0.356142998,0.357127011,0.358148009,0.359001994,0.359634996,0.359813005,0.359483004,0.358662009,0.357299,0.355535001,0.353408992,0.351215005,0.349004,0.346561998,0.344025999,0.341394991,0.338921011,0.336502999,0.33405,0.331710011,0.329373986,0.327214986,0.325156003,0.323202997,0.321442992,0.319810987,0.318462998,0.317301989,0.316246986,0.315344989,0.314615011,0.314166009,0.313941002,0.314168006,0.315210015,0.317811012,0.322640985,0.329293013,0.337038994,0.345245987,0.352780014,0.358913004,0.363620013,0.367157996,0.370104998,0.372931004,0.375546992,0.377719998,0.379155994,0.37955299,0.378968,0.377548009,0.37508899,0.371717006,0.368003011,0.364454001,0.361173004,0.358314008,0.355821014,0.353758991,0.352068991,0.350603998,0.349207997,0.347981989,0.346841991,0.345645011,0.344612986,0.343885988,0.343495995,0.343668014,0.344581008,0.346269995,0.348758996,0.352010012,0.356148988,0.361021996,0.366775006,0.372680008,0.378369004,0.383890986,0.389223993,0.394373,0.398903012,0.403044999,0.407472014,0.413709015,0.422309011,0.433773011,0.44787699,0.463429987,0.47942701,0.494691998,0.508722007,0.521210015,0.531579971,0.53964901,0.545391977,0.549048007,0.551258981,0.552260995,0.552834988,0.553231001,0.552919984,0.551657975,0.549422026,0.546661973,0.54341203,0.540206015,0.536916018,0.533234,0.529519975,0.525997996,0.522376001,0.518953979,0.515985012,0.51343298,0.511075974,0.508966029,0.50720799,0.505532026,0.503583014,0.50187701,0.500232995,0.498685986,0.497007012,0.495415986,0.493436992,0.491037011,0.488373995,0.485417992,0.482562006,0.479660004,0.476547986,0.47348699,0.470860004,0.468625009,0.466594994,0.464729011,0.463256002,0.462256014
BarleyWholePerten0063,Perten_DA7200,barley,Unknown,Sweden,2011,17.60066986,11.0,0.361135989,0.361741006,0.36292699,0.364450008,0.365884006,0.367246985,0.368137002,0.368371993,0.368030012,0.367145985,0.365750998,0.363997012,0.362071008,0.360166997,0.357955992,0.355601996,0.353166014,0.350843996,0.348545998,0.346282005,0.344027013,0.341800004,0.339700997,0.337673992,0.335676998,0.333907008,0.33228001,0.330852985,0.329591006,0.328399986,0.327347994,0.326512992,0.325960994,0.325610995,0.325758994,0.326680988,0.329104006,0.333790988,0.340243012,0.347874999,0.356175989,0.364091009,0.370918006,0.376397014,0.380638987,0.384277999,0.387757987,0.391012996,0.393709987,0.395480007,0.395940989,0.395397991,0.393828988,0.391009003,0.387140006,0.382845014,0.378735989,0.375025004,0.371836007,0.369038999,0.366791993,0.364968002,0.363362014,0.361837,0.360480994,0.359102994,0.357668012,0.356274009,0.355129987,0.354355007,0.354101002,0.354617,0.355931997,0.358112991,0.361207008,0.365152001,0.370085001,0.375955999,0.382153988,0.388363004,0.394556999,0.400601,0.406399012,0.411199004,0.415367991,0.419533998,0.425309986,0.433102995,0.443502009,0.45659101,0.471284986,0.486797988,0.501938999,0.516219974,0.528909028,0.539712012,0.54817301,0.554224014,0.558091998,0.560519993,0.561878979,0.562565029,0.563108981,0.563039005,0.562156975,0.560369015,0.557986021,0.555188,0.552577972,0.549714983,0.546508014,0.543277979,0.540123999,0.536994994,0.533806026,0.531206012,0.528934002,0.527006984,0.525286019,0.523809016,0.522481024,0.520814002,0.519508004,0.518142998,0.516959012,0.515510023,0.513961971,0.512063026,0.509898007,0.507247984,0.504411995,0.501576006,0.498614013,0.495593995,0.492588013,0.489845991,0.487594008,0.485469997,0.483570993,0.482102007,0.480953008
BarleyWholePerten0064,Perten_DA7200,barley,Unknown,Sweden,2011,18.04915047,12.5,0.443645001,0.444049001,0.445062995,0.446238011,0.447344989,0.448496997,0.449126005,0.449252993,0.448812991,0.447807014,0.446426988,0.444687992,0.442820013,0.440824002,0.438569993,0.436277002,0.433813006,0.431416988,0.429132015,0.426764995,0.424443007,0.422141999,0.419963986,0.417941004,0.415895999,0.414074004,0.412405014,0.410941005,0.409660995,0.408425003,0.407391995,0.406545013,0.40596199,0.405544013,0.405591995,0.406477004,0.408841997,0.413464993,0.419842988,0.42732501,0.435472012,0.443192989,0.449835002,0.455262989,0.459439009,0.462938011,0.46627,0.46933499,0.471792996,0.473354012,0.473728001,0.473147005,0.471565008,0.468856007,0.465099007,0.460949987,0.456986994,0.453449011,0.450394988,0.447706014,0.445535004,0.443767995,0.442167997,0.440710008,0.439393997,0.438080996,0.436666995,0.435297996,0.43422401,0.433495998,0.433274001,0.43383199,0.435164988,0.43730399,0.440292001,0.444142014,0.448884994,0.454465985,0.460341007,0.466051996,0.471623987,0.477043003,0.482234001,0.486734986,0.490828991,0.494856,0.500176013,0.507777989,0.518011987,0.530628026,0.544834971,0.559700012,0.574248016,0.587796986,0.599851012,0.610086024,0.618039012,0.623916984,0.627699971,0.630084992,0.631492972,0.632278025,0.632875025,0.632826984,0.631946981,0.630069017,0.627812982,0.625069022,0.622305989,0.619432986,0.616225004,0.612994015,0.609840989,0.606589973,0.603435993,0.600796998,0.598375022,0.596346021,0.594578028,0.592936993,0.591481984,0.589671016,0.588303983,0.586827993,0.585595012,0.584140003,0.582553029,0.580726028,0.578653991,0.576035023,0.573266983,0.570650995,0.567883015,0.565063,0.562210977,0.559612989,0.557484984,0.555509985,0.553623974,0.552159011,0.551002979
BarleyWholePerten0065,Perten_DA7200,barley,Unknown,Sweden,2011,18.26936913,11.30000019,0.386534005,0.387100995,0.388247013,0.389555991,0.390785009,0.392013997,0.392760992,0.392901003,0.392466992,0.391490012,0.390098989,0.388301998,0.386364013,0.384328991,0.382102996,0.379723996,0.377213001,0.374774009,0.37243101,0.370018989,0.367695004,0.365379989,0.363186002,0.361182004,0.35916701,0.357345998,0.355737001,0.354299992,0.353100002,0.351971,0.350989997,0.350212991,0.349714994,0.349400997,0.349572986,0.350620002,0.353246987,0.358244002,0.365141004,0.373178005,0.381857008,0.390109986,0.397257,0.40306899,0.407573998,0.411404014,0.415046006,0.418410987,0.421128005,0.422890991,0.423390001,0.422838986,0.421218991,0.418388993,0.414485008,0.410198987,0.406111002,0.402458012,0.399293989,0.396555007,0.394356996,0.392576009,0.390969008,0.389526993,0.388235986,0.386990011,0.385585994,0.384265989,0.383284003,0.382676989,0.382587999,0.383352995,0.384916008,0.387382001,0.390742004,0.394977987,0.400193989,0.406300992,0.412660003,0.41891399,0.424984008,0.430882007,0.436533988,0.441514999,0.446108013,0.450697005,0.456734985,0.465285003,0.476720989,0.490671009,0.506174028,0.522378027,0.538142026,0.552770019,0.565771997,0.576765001,0.585376978,0.591733992,0.595910013,0.598573983,0.600193024,0.601153016,0.601849973,0.601885974,0.601069987,0.599201024,0.596844018,0.594035029,0.591103017,0.588033974,0.584639013,0.581174016,0.577803016,0.57437098,0.571030021,0.568175018,0.565608025,0.563377976,0.561442971,0.559656024,0.558021009,0.556080997,0.554525971,0.552973986,0.551644981,0.550068975,0.548434019,0.546424985,0.544164002,0.541437984,0.538444996,0.535642028,0.532585025,0.529560983,0.526479006,0.523712993,0.52146101,0.519288003,0.517247021,0.515630007,0.514261007
BarleyWholePerten0066,Perten_DA72xx,barley,Unknown,US,0,9.659999847,12.76290035,0.162193403,0.163061306,0.164748102,0.167145103,0.170010403,0.173046798,0.175523102,0.177138701,0.177763298,0.177613601,0.1766994,0.175438702,0.173782304,0.171930999,0.169816896,0.167538002,0.165064007,0.162658498,0.160299003,0.1579808,0.155758396,0.153611198,0.151381195,0.149236307,0.147245199,0.145418301,0.143618405,0.142028004,0.140661597,0.139658704,0.138925403,0.138383895,0.138061598,0.138125897,0.139090598,0.141205505,0.145441502,0.152437598,0.161661401,0.172207296,0.183558896,0.194727898,0.204939798,0.213668793,0.220836401,0.2271806,0.233073995,0.238699094,0.243373901,0.2465754,0.248175204,0.248480305,0.2473353,0.244374305,0.240119904,0.235393703,0.230808795,0.226725102,0.223174304,0.220539004,0.218509495,0.216858,0.215568304,0.214466706,0.213509902,0.212305099,0.210861102,0.209316894,0.207905203,0.207135201,0.207057595,0.2076585,0.209254697,0.211984098,0.215798795,0.220835,0.227157995,0.234719098,0.242871702,0.251478493,0.259863108,0.267965794,0.275360197,0.281682909,0.286904603,0.291679412,0.297490597,0.305192411,0.31526351,0.327775598,0.341842294,0.357014507,0.372118712,0.386334091,0.399016589,0.409925699,0.418334812,0.424304307,0.428246886,0.430698097,0.432340801,0.433414608,0.43413651,0.434407294,0.434025914,0.432837904,0.431096613,0.429032207,0.42691341,0.42457661,0.421999902,0.419436306,0.416734606,0.414093286,0.411461711,0.409051299,0.406935692,0.405366093,0.403954893,0.402536213,0.40119651,0.399975389,0.398793012,0.397629589,0.396408796,0.39514181,0.393654615,0.391991794,0.389817715,0.387288898,0.384548307,0.381341487,0.378313303,0.375359207,0.372558296,0.369895488,0.367265999,0.365032911,0.363147914,0.3615596,0.360379905
BarleyWholePerten0067,Perten_DA72xx,barley,Unknown,US,0,9.510000229,13.83578014,0.144064605,0.145265698,0.147261202,0.150194302,0.153791502,0.157659993,0.160931304,0.163117394,0.164211407,0.164487898,0.164014995,0.163105398,0.161847994,0.160335004,0.158537597,0.1565433,0.154384494,0.152200699,0.1501095,0.148012593,0.145928904,0.143930599,0.141990706,0.140007004,0.138098195,0.136375099,0.134701595,0.133229896,0.1319547,0.131005094,0.1303242,0.129834697,0.129558995,0.129784301,0.130794093,0.133087501,0.137490898,0.144615099,0.153773397,0.1640331,0.175146207,0.186335996,0.196790099,0.205927894,0.213551804,0.220427603,0.226823106,0.232877106,0.237827897,0.241181895,0.242895603,0.243232593,0.242084503,0.239191294,0.234797493,0.2298778,0.225159898,0.220926404,0.217330605,0.214638203,0.212555304,0.210901797,0.209633604,0.208639801,0.207724199,0.206503496,0.205045506,0.203382105,0.201816604,0.200846404,0.2005243,0.200922102,0.202289507,0.204728797,0.208351106,0.213182598,0.219363406,0.226859406,0.235171497,0.244038403,0.252968192,0.2616418,0.269637913,0.276319712,0.281697393,0.286431193,0.292025,0.299326688,0.308935493,0.320948094,0.334570289,0.34955731,0.364906699,0.379517704,0.392794013,0.404125094,0.412931502,0.419198602,0.423207313,0.425848991,0.427647203,0.428690791,0.429383099,0.429655492,0.429493815,0.428522915,0.42712149,0.425362915,0.423652887,0.421569586,0.41936329,0.416971088,0.414474189,0.412038893,0.409588009,0.407338589,0.405400813,0.403956205,0.402711511,0.401438505,0.400265604,0.399234206,0.398257613,0.397176415,0.396061897,0.394864291,0.393569589,0.391974986,0.389910489,0.387507707,0.384822488,0.38165769,0.378651887,0.375674307,0.372908592,0.370252788,0.367694587,0.365499288,0.363604188,0.362071991,0.360887498
BarleyWholePerten0068,Perten_DA72xx,barley,Unknown,US,0,7.75,15.03522968,0.151079893,0.152291596,0.154304996,0.157074794,0.160550505,0.164188296,0.167275399,0.169385403,0.170465305,0.170730099,0.170323506,0.169567004,0.168498695,0.167191595,0.165619806,0.163873896,0.161952093,0.160067305,0.158295095,0.156469807,0.154647499,0.152999297,0.151318401,0.149646893,0.148031995,0.146573201,0.1451682,0.143978298,0.142896399,0.142154604,0.141653404,0.141300499,0.141164199,0.141449094,0.142433196,0.144529596,0.148476899,0.154850498,0.163124993,0.1724305,0.182538405,0.192787394,0.202425197,0.210938796,0.218061999,0.224574,0.230662301,0.236473799,0.241215304,0.244525403,0.246215001,0.246559903,0.245477095,0.242714405,0.238548294,0.233843401,0.2293282,0.225306705,0.221915707,0.219361395,0.217425004,0.215893105,0.214734703,0.213795498,0.213000506,0.211893901,0.210523307,0.208968103,0.207521707,0.206666395,0.206371099,0.206711605,0.207984805,0.210279703,0.213640094,0.218132198,0.223942205,0.231033906,0.239014506,0.247596398,0.256219298,0.264680207,0.272507787,0.279058486,0.2843422,0.289023191,0.294528186,0.301744998,0.311255902,0.323183894,0.336792886,0.351938605,0.367583007,0.382695913,0.396458089,0.408247799,0.417477608,0.423908591,0.428041607,0.430713385,0.432480007,0.433514088,0.434191287,0.434452891,0.434215903,0.433184207,0.431659907,0.429840088,0.428084701,0.42599389,0.423652113,0.42124331,0.418675512,0.416173011,0.413593113,0.411350101,0.409416497,0.407953888,0.406659812,0.4053711,0.404155612,0.403136194,0.402185202,0.401110888,0.399976105,0.398713589,0.397328794,0.395683289,0.393481404,0.390934497,0.388147891,0.384865493,0.381790191,0.378714293,0.375781894,0.373037905,0.370390713,0.368055493,0.366058707,0.364400893,0.363288909
BarleyWholePerten0069,Perten_DA72xx,barley,Unknown,US,0,7.940000057,15.2943697,0.154657707,0.155596003,0.157360703,0.159879804,0.163107798,0.1665245,0.169393897,0.171280101,0.1722648,0.172463194,0.171996296,0.171198994,0.1701065,0.168785706,0.167167604,0.165443897,0.163554907,0.161676899,0.159879893,0.158091307,0.156320095,0.154608801,0.1529084,0.151271194,0.149703696,0.148202896,0.146808997,0.145620406,0.144537404,0.143742994,0.143201098,0.1428352,0.142649397,0.142863795,0.143781796,0.145743206,0.149522007,0.155618802,0.163513199,0.172433496,0.182139203,0.191993997,0.201317206,0.209494606,0.2163634,0.222602695,0.228437007,0.233980298,0.238580495,0.241684496,0.243278593,0.243603006,0.242541999,0.239891604,0.235878304,0.231357396,0.227050707,0.223159999,0.219875604,0.217436701,0.215573296,0.214062199,0.212964207,0.212058902,0.211255804,0.210207,0.208851099,0.207359701,0.205937699,0.205064297,0.204728097,0.205056503,0.206298605,0.208486199,0.211678296,0.216004401,0.221562207,0.228412703,0.236056507,0.244275093,0.252584606,0.260740399,0.268240303,0.274517506,0.279543489,0.283966392,0.289238006,0.296085805,0.305117488,0.316500694,0.329495788,0.343918204,0.358759612,0.373056293,0.386190593,0.397402197,0.406129897,0.412253588,0.416231006,0.418781102,0.420475394,0.421461105,0.422107011,0.422378093,0.422152311,0.42113179,0.419713408,0.417979389,0.416195691,0.414194793,0.411939204,0.409588009,0.407142699,0.404739499,0.40230751,0.400107414,0.398230106,0.396735609,0.395517498,0.394309312,0.393135905,0.392129302,0.391169012,0.390130907,0.389033586,0.387853086,0.386448085,0.384912908,0.38283819,0.380408108,0.377708912,0.374562293,0.371605605,0.36867559,0.365870297,0.36323601,0.360731512,0.358507603,0.356659412,0.355078399,0.353914589
BarleyWholePerten0070,Perten_DA72xx,barley,Unknown,US,0,6.699999809,13.08681965,0.150398701,0.150627196,0.151723102,0.153774202,0.156561703,0.159663498,0.162190899,0.163806304,0.164474502,0.164326996,0.163519204,0.162277699,0.160696998,0.158918694,0.156885907,0.154677898,0.152244806,0.149889305,0.147610202,0.1452889,0.143067598,0.140934601,0.138728693,0.136644006,0.134559795,0.132539496,0.1307071,0.129013404,0.127385795,0.126212299,0.125282303,0.124433599,0.123939298,0.123939604,0.124812797,0.126902998,0.131054699,0.137764797,0.146454006,0.156342998,0.1671125,0.177933097,0.188115194,0.197021097,0.204440504,0.211083099,0.217312902,0.223214597,0.228118599,0.231551796,0.233407497,0.233959705,0.233076796,0.230475307,0.226532504,0.221973598,0.217514604,0.213368803,0.209740102,0.206955895,0.204772294,0.203029603,0.201703697,0.200612098,0.199596494,0.198289305,0.196617305,0.194769904,0.192988902,0.191769704,0.191275507,0.191484407,0.192668706,0.194914594,0.198354393,0.203042507,0.209119707,0.216649696,0.225037694,0.234077498,0.243204698,0.252061695,0.260212213,0.267129213,0.272554308,0.277133703,0.282389194,0.289522708,0.299201101,0.311438501,0.325753987,0.341964394,0.358922809,0.375697494,0.391355693,0.405005813,0.41570881,0.423290312,0.428380907,0.431724697,0.434007704,0.43563959,0.436841786,0.437608898,0.437669814,0.436850995,0.435474008,0.433528602,0.431445986,0.429044098,0.426267296,0.423369497,0.420313686,0.41717121,0.414004594,0.411328495,0.408975691,0.407115609,0.405585915,0.403995097,0.402653486,0.401393414,0.400118202,0.398775488,0.397515088,0.396195114,0.394629598,0.392692,0.390134513,0.387003899,0.383567303,0.379614711,0.375853807,0.37220031,0.368687987,0.365597308,0.3626059,0.359969497,0.3577452,0.3559376,0.354675293
BarleyWholePerten0071,Perten_DA72xx,barley,Unknown,US,0,7.320000172,13.12040997,0.134176806,0.134709299,0.136050299,0.138182998,0.141073197,0.144236505,0.146851599,0.148580596,0.149313301,0.1493458,0.148692504,0.147709996,0.146323398,0.144757003,0.143006399,0.140997797,0.138773501,0.136678994,0.134656206,0.132659197,0.130646899,0.128740296,0.126792505,0.124885596,0.123035803,0.1212501,0.119622901,0.118144304,0.116764002,0.115785897,0.114951097,0.114232697,0.113837503,0.113915503,0.114823699,0.116868302,0.120816402,0.127163395,0.135315999,0.144578293,0.154672995,0.164786607,0.174299404,0.182601303,0.189452305,0.195539504,0.201258794,0.206756696,0.211343899,0.214544401,0.216274396,0.216834396,0.215990603,0.2134974,0.209661007,0.205263197,0.2009895,0.197096899,0.193676397,0.191067398,0.189045996,0.187417194,0.186149895,0.185087606,0.184138596,0.182937205,0.1814221,0.179716095,0.178105295,0.177012906,0.176577807,0.176802799,0.177953705,0.180081397,0.183317795,0.187686294,0.1933783,0.200369701,0.208189696,0.216609806,0.225076407,0.233242199,0.240814298,0.247184604,0.252189696,0.256517112,0.261587709,0.2684156,0.277641892,0.289203793,0.302660108,0.317740589,0.333491713,0.34896639,0.363288403,0.375791699,0.385593087,0.39253819,0.397157699,0.400256991,0.4022277,0.403533399,0.404627413,0.405187488,0.405099005,0.404182106,0.402681202,0.400730312,0.398690701,0.396377802,0.393653989,0.390977293,0.388182312,0.385305196,0.382402688,0.379839689,0.377631992,0.375883907,0.374470115,0.373057008,0.371751189,0.370600194,0.369438589,0.368197709,0.366953403,0.365700305,0.364217103,0.362394005,0.359986514,0.357113093,0.354064792,0.350438386,0.346928597,0.343580097,0.340390801,0.337498099,0.334713191,0.332311809,0.330171615,0.328494012,0.327239394
BarleyWholePerten0072,Perten_DA72xx,barley,Unknown,US,0,6.559999943,13.55949974,0.147605494,0.148062706,0.149418607,0.151882306,0.155274093,0.158996999,0.162193596,0.164234206,0.165141001,0.165164098,0.164455801,0.1633057,0.161756799,0.160006404,0.157944799,0.155606598,0.153095901,0.150657296,0.148306698,0.145963997,0.143704802,0.1415115,0.139250502,0.137048304,0.134875402,0.132818505,0.130894199,0.129148603,0.127539694,0.126311004,0.125294894,0.124460504,0.123957403,0.124019302,0.124938801,0.127211005,0.131699204,0.138893202,0.148245305,0.158830598,0.170300901,0.181792006,0.192748994,0.202462196,0.210504606,0.217821702,0.2247096,0.231266797,0.236689597,0.240466103,0.242420107,0.242969394,0.241857693,0.238832593,0.234334394,0.229230404,0.224224493,0.2197368,0.215817004,0.212826699,0.210515499,0.2087138,0.207341194,0.2061719,0.205080599,0.203711197,0.201996505,0.200046405,0.198153302,0.196859896,0.196259603,0.196412593,0.197613597,0.199959397,0.203484997,0.208350003,0.214724302,0.222586095,0.231362701,0.2409105,0.250569493,0.259983987,0.268539012,0.275752604,0.281490088,0.286422014,0.291962892,0.299289405,0.309081614,0.321216285,0.335331589,0.351247788,0.36774829,0.384053201,0.399150908,0.4122352,0.422485501,0.429759711,0.434585899,0.437821597,0.439928591,0.4412826,0.442335397,0.442942411,0.442899913,0.4420591,0.440762609,0.438973099,0.437119693,0.435067594,0.432579309,0.4300327,0.427436888,0.424797386,0.422032505,0.419679701,0.417591393,0.416046292,0.414705306,0.413354009,0.412134111,0.411199212,0.410142213,0.409073502,0.407993287,0.406845689,0.405404389,0.403645396,0.401255488,0.398452789,0.395386189,0.391774714,0.388404012,0.385061801,0.381817788,0.378831089,0.376078486,0.373595804,0.3714526,0.36971131,0.368521512
BarleyWholePerten0073,Perten_DA72xx,barley,Unknown,US,0,6.889999867,13.29609966,0.134990007,0.135742307,0.137299404,0.139819205,0.143156096,0.146769896,0.149868399,0.151905805,0.152804494,0.152829394,0.152179599,0.151094094,0.149628297,0.1479581,0.145942807,0.143758103,0.141328797,0.138998404,0.136729404,0.134476498,0.132277399,0.130138397,0.127978206,0.125919893,0.123813197,0.121802002,0.119973101,0.118294597,0.116736703,0.115603298,0.1146902,0.113935202,0.113516003,0.1136254,0.114663303,0.117000103,0.121513501,0.128732801,0.1380409,0.148481399,0.159769893,0.171004906,0.181498393,0.190733194,0.198347196,0.205177605,0.211566299,0.217594802,0.222657293,0.226138696,0.227974698,0.228479296,0.227510005,0.224754304,0.220620304,0.215912506,0.211282104,0.207051098,0.203390405,0.200565606,0.198347196,0.196627304,0.195309505,0.194215894,0.193225399,0.191907406,0.190313399,0.188528597,0.1867899,0.185630307,0.185170397,0.185430601,0.186693698,0.189015493,0.192544103,0.197319195,0.203523293,0.211069003,0.219502494,0.228571102,0.237664998,0.246431202,0.254454404,0.261215508,0.266638607,0.271354407,0.276693404,0.283833504,0.29337579,0.305205792,0.318949103,0.334355503,0.350258797,0.365895003,0.380271286,0.392730415,0.402519912,0.409403712,0.413861811,0.416825414,0.418767095,0.420033395,0.420988798,0.421445906,0.421257585,0.420194,0.418666095,0.416724712,0.414691389,0.412439287,0.409844905,0.407204688,0.404455006,0.401684314,0.398929805,0.396457702,0.394303888,0.3926467,0.391312808,0.389890909,0.388643891,0.387572408,0.386419296,0.385306507,0.384127587,0.382911801,0.381442785,0.379683495,0.377356499,0.374529094,0.371557206,0.36803931,0.364690512,0.361533403,0.358430207,0.355548888,0.352931202,0.3506262,0.348606914,0.347011894,0.345889598
BarleyWholePerten0074,Perten_DA72xx,barley,Unknown,US,0,6.369999886,13.92716026,0.148573503,0.149039,0.150329098,0.152660698,0.155774295,0.1592962,0.162276104,0.164184094,0.165015101,0.165065199,0.164322093,0.163165107,0.161627099,0.159875602,0.157894194,0.155640498,0.153188497,0.150824904,0.148503706,0.146222606,0.143959999,0.141826004,0.139614895,0.137430802,0.135338798,0.133305803,0.131384298,0.129679397,0.128074899,0.126839399,0.125838697,0.124983199,0.124419101,0.1244049,0.125237495,0.127330005,0.131586298,0.138492301,0.147395104,0.157484502,0.168502793,0.179594904,0.190157294,0.199553698,0.207422793,0.214473501,0.221088395,0.227408201,0.232662201,0.236307994,0.238178596,0.238649204,0.237575606,0.234590605,0.230223298,0.225244701,0.220376506,0.215922505,0.2120713,0.209100395,0.206789106,0.204982504,0.203556895,0.202372804,0.201279298,0.199904695,0.1981709,0.196192399,0.194295704,0.192980006,0.192387804,0.192489699,0.193622902,0.195849896,0.1993099,0.204075798,0.210310102,0.218058407,0.226768807,0.236233294,0.245834693,0.255156905,0.263661295,0.270844996,0.27652669,0.281443507,0.28689909,0.294237793,0.30411461,0.316391707,0.330827206,0.347140104,0.364271998,0.381247312,0.397025287,0.410665393,0.421287507,0.428766489,0.4337008,0.436939806,0.439054191,0.440336108,0.441390187,0.441938698,0.441759914,0.440763414,0.439299792,0.437375993,0.435351789,0.433165491,0.430510789,0.427805513,0.424953491,0.422050804,0.419161409,0.4166722,0.4145118,0.412733108,0.411327004,0.409917802,0.408639193,0.407481104,0.406355202,0.405243486,0.404023498,0.402794987,0.401242197,0.399336487,0.396805614,0.39376691,0.390572012,0.386790991,0.383185595,0.379712105,0.376411498,0.373327106,0.370380402,0.367800415,0.365608096,0.363816589,0.362455189
BarleyWholePerten0075,Perten_DA72xx,barley,Unknown,US,0,7.010000229,11.44209003,0.110281602,0.111259803,0.113347299,0.1164487,0.120384701,0.124633603,0.128310606,0.130768895,0.132001802,0.132319495,0.131884202,0.130943507,0.1295899,0.127983406,0.126187101,0.124090999,0.1218528,0.119657502,0.117524996,0.115387999,0.113342397,0.111414202,0.109399803,0.107432902,0.1055011,0.103651799,0.101940803,0.100380004,0.098916352,0.097880088,0.097044677,0.096392907,0.096055843,0.096271157,0.097368442,0.099742979,0.1042758,0.1114356,0.120712303,0.131295502,0.142789304,0.154279798,0.164974898,0.174223095,0.1817635,0.1886006,0.195110798,0.201371998,0.206708804,0.210534602,0.212684006,0.213556305,0.212856501,0.210200906,0.205969393,0.201086402,0.196340397,0.192030206,0.188345999,0.185546204,0.1833812,0.181698397,0.180329695,0.179262102,0.178243995,0.176940903,0.175325707,0.173525199,0.171801001,0.170649096,0.170221403,0.170455098,0.171641395,0.173931599,0.177425802,0.182165295,0.188260198,0.195789605,0.204198003,0.213263795,0.222398907,0.231268302,0.239423201,0.246275902,0.251725406,0.256405205,0.26173529,0.2687774,0.278160691,0.28981331,0.303366095,0.318755806,0.334861904,0.350706488,0.365417898,0.378221393,0.388183504,0.395256013,0.400028914,0.403111488,0.405217707,0.406608999,0.407669008,0.408364296,0.40832299,0.407411605,0.406063199,0.404250503,0.402303308,0.4001849,0.397703707,0.395175487,0.392578304,0.389932096,0.387196899,0.384860486,0.382804096,0.381217688,0.379919797,0.378601998,0.37750271,0.376491696,0.375519902,0.374476492,0.373327613,0.372167707,0.370779306,0.369109213,0.3668091,0.364016891,0.36100179,0.357473701,0.354112387,0.350850195,0.347714692,0.3447918,0.342061788,0.339633286,0.337652594,0.335987687,0.334731698
BarleyWholePerten0076,Perten_DA7200,barley,Unknown,Slovenia,2004,10.5,13.5,0.139305994,0.140377998,0.142095998,0.144695997,0.147652999,0.150518,0.152974993,0.154361993,0.154894993,0.154576004,0.153841004,0.152641997,0.1514,0.149634004,0.147772998,0.145535007,0.143318996,0.141156003,0.139033005,0.136851996,0.134718001,0.132725999,0.130640999,0.128626004,0.126614004,0.124922998,0.123230003,0.121748999,0.120494999,0.119507998,0.118701004,0.118210003,0.118087001,0.118311003,0.119208001,0.121381998,0.125566006,0.132084996,0.140459001,0.149914995,0.160111994,0.170157,0.179591999,0.187722996,0.194617003,0.200849995,0.206588,0.211812004,0.216004998,0.218896002,0.220326006,0.220512003,0.219237,0.216613993,0.212754995,0.208443999,0.204119995,0.200429007,0.197331995,0.194759995,0.192654997,0.191135004,0.190079004,0.189082995,0.188222006,0.187101007,0.185820997,0.184322998,0.183053002,0.182168007,0.182059005,0.182540998,0.183920994,0.186287001,0.189725995,0.194377005,0.200021997,0.206764996,0.214120999,0.221891999,0.229671001,0.237358004,0.244348005,0.250144988,0.255205005,0.259799987,0.265332997,0.272403985,0.281704992,0.292793989,0.305875987,0.320021987,0.334650993,0.349195004,0.361995995,0.373053014,0.381832004,0.388278008,0.392785996,0.395956993,0.397762001,0.398885012,0.399753988,0.400294989,0.399944991,0.398862988,0.397637993,0.395608008,0.393808007,0.391701013,0.389398009,0.387585014,0.385168999,0.382400006,0.379893005,0.377745003,0.375892997,0.374624997,0.373026997,0.372060001,0.371100992,0.369654,0.368469,0.367466986,0.366566002,0.365276009,0.363994986,0.362105012,0.359991998,0.357508987,0.354535997,0.351734996,0.348683,0.346179992,0.343304008,0.340537012,0.338007003,0.335678011,0.33404699,0.332729012,0.331703991
BarleyWholePerten0077,Perten_DA7200,barley,Unknown,Slovenia,2004,10.89999962,10.89999962,0.143851996,0.144901007,0.146623001,0.149129003,0.151859999,0.154484004,0.156776995,0.157912999,0.158246994,0.157759994,0.156895995,0.155613005,0.154262006,0.152374998,0.150404006,0.148159996,0.145979002,0.143860996,0.141733006,0.139621005,0.137566,0.135644004,0.133606002,0.131650001,0.129714996,0.128089994,0.126490995,0.125092,0.123879999,0.122915998,0.122137003,0.121629,0.121471003,0.121653996,0.122451998,0.124493003,0.128471002,0.134582996,0.142591,0.151819006,0.161933005,0.171844006,0.180958003,0.188669995,0.195162997,0.201029003,0.206547007,0.211698994,0.215855002,0.218797997,0.220341995,0.220611006,0.219437003,0.216826007,0.212929994,0.208554998,0.204110995,0.200286999,0.197093993,0.194426,0.192234993,0.190604001,0.189436004,0.188262001,0.187208995,0.185963005,0.184597999,0.183101997,0.181877002,0.181017995,0.180914998,0.181426004,0.182891995,0.185347006,0.188895002,0.193728998,0.199579999,0.206487,0.214078993,0.222029999,0.229956001,0.237767994,0.244850993,0.250858009,0.256168991,0.260982007,0.266894013,0.274639994,0.284877986,0.297138989,0.311536998,0.327114999,0.343107998,0.358958006,0.372895986,0.384784997,0.394149989,0.400871009,0.405454993,0.408524007,0.410171002,0.411206007,0.411942005,0.412285,0.411666989,0.410281986,0.408722013,0.406370014,0.404127002,0.401526988,0.398853988,0.396638006,0.393839002,0.390634,0.387798995,0.385416001,0.383248001,0.381660998,0.379887998,0.378834993,0.377754003,0.376295,0.375111997,0.373955011,0.372837007,0.371309996,0.369825006,0.367628008,0.365334988,0.362706989,0.359227985,0.355958998,0.352521002,0.349655986,0.34643501,0.343351007,0.340593994,0.33792299,0.336071014,0.334668011,0.333739996
BarleyWholePerten0078,Perten_DA7200,barley,Unknown,Slovenia,2004,11.10000038,9.699999809,0.140934005,0.142100006,0.143931001,0.146520004,0.149334997,0.152105004,0.154519007,0.155709997,0.156085998,0.155661002,0.154877007,0.153612003,0.152275994,0.150411993,0.148451999,0.146246001,0.144075006,0.141982004,0.139879003,0.137784004,0.135765001,0.133871004,0.131860003,0.129941002,0.128041998,0.126441002,0.124866001,0.123490997,0.122285999,0.121339001,0.120554,0.120067999,0.119896002,0.120058,0.120852999,0.122891001,0.126818001,0.132886007,0.140854001,0.150058001,0.160154,0.170055002,0.179129005,0.186764002,0.193171993,0.198969007,0.204441994,0.209564,0.213718996,0.216694996,0.218309999,0.218656004,0.217548996,0.214990005,0.211147994,0.206807002,0.202370003,0.198546007,0.195379004,0.192759007,0.190595999,0.188972995,0.187793002,0.186623007,0.185562,0.184303001,0.182928994,0.181444004,0.180221006,0.179377005,0.179267004,0.179762006,0.181217,0.183635995,0.187145993,0.191951007,0.19777,0.204616994,0.212142006,0.220027,0.227853,0.235557005,0.242584005,0.248585999,0.253906012,0.258706987,0.264593989,0.272395015,0.282723993,0.295103014,0.309684992,0.325504988,0.341760993,0.357896,0.372096002,0.384211004,0.393754005,0.40061301,0.405276001,0.408403993,0.410082996,0.411101013,0.411817014,0.412164003,0.411504,0.410064012,0.408425987,0.405993998,0.403667003,0.400990009,0.398221999,0.395933986,0.393043011,0.389748007,0.386853993,0.384404004,0.382167012,0.380508006,0.378728002,0.37765199,0.376572013,0.375108987,0.373907,0.372694999,0.371526986,0.369991988,0.368423015,0.366192997,0.363871992,0.361236006,0.357751995,0.354391992,0.350852013,0.347896993,0.344642997,0.341497988,0.338674992,0.335974991,0.334075004,0.332605004,0.331687003
BarleyWholePerten0079,Perten_DA7200,barley,Unknown,Slovenia,2004,11.10000038,9.800000191,0.136323005,0.137467995,0.139158994,0.141596004,0.144262001,0.146876007,0.149143994,0.150261,0.150582999,0.150143996,0.149336994,0.148109004,0.146788999,0.144945994,0.143029004,0.140855998,0.138723999,0.136627004,0.134519994,0.132462993,0.130463004,0.128576994,0.126589999,0.124697998,0.122823,0.121238001,0.119668998,0.118314996,0.117164001,0.116218999,0.115447,0.114952996,0.114753999,0.114900999,0.115647003,0.117602997,0.121404998,0.127271995,0.134999007,0.143962994,0.153844997,0.163542002,0.172445998,0.179968998,0.186274007,0.191982999,0.197357997,0.202387005,0.206468999,0.209391996,0.210979998,0.211300001,0.210196003,0.207664996,0.203856006,0.199570999,0.195189998,0.191420004,0.188296005,0.185698003,0.183565006,0.181964994,0.180809006,0.179642007,0.178596005,0.177369997,0.175997004,0.174518004,0.173296005,0.172451004,0.172335997,0.172814995,0.174226999,0.176596999,0.180058003,0.184768006,0.190484002,0.197210997,0.204601005,0.212363005,0.220115006,0.227740005,0.234669,0.240557,0.245754004,0.250485003,0.256296009,0.263935,0.274062008,0.286276996,0.300648004,0.316215009,0.332224995,0.348127991,0.362138987,0.374136001,0.383567989,0.390352011,0.395002991,0.398090988,0.399767011,0.400804997,0.401526988,0.401876003,0.401255995,0.399866015,0.398234993,0.395853996,0.393563002,0.390899986,0.388161987,0.385865003,0.383011997,0.379777998,0.376935989,0.374507994,0.372305006,0.370694995,0.368923992,0.36786899,0.36680001,0.365328997,0.36413601,0.36294499,0.361815989,0.36027801,0.358749986,0.356530994,0.354205012,0.351581007,0.348152012,0.344850004,0.341367006,0.338436991,0.335166007,0.332046986,0.329203993,0.326528996,0.324642986,0.323179007,0.322270006
BarleyWholePerten0080,Perten_DA7200,barley,Unknown,Slovenia,2004,13.10000038,11.89999962,0.163697004,0.164951995,0.166610003,0.168871,0.171132997,0.173184007,0.174899995,0.175602004,0.175617993,0.174882993,0.173878998,0.172442004,0.171074003,0.169195995,0.167309001,0.165188,0.163091004,0.161037996,0.159033999,0.157066003,0.155100003,0.153252006,0.15129,0.149443001,0.147614002,0.146100998,0.144615993,0.143363997,0.142267004,0.141403005,0.140689001,0.140246004,0.140121996,0.140283003,0.140981004,0.142794997,0.146336004,0.151844993,0.159131005,0.167560995,0.176774994,0.185709,0.193809003,0.200498998,0.206064999,0.211118996,0.215830997,0.220210999,0.223645002,0.225976005,0.227053002,0.227035001,0.225707993,0.223114997,0.219416007,0.215338007,0.211192995,0.207651004,0.204716995,0.202215001,0.200075999,0.198458001,0.197316006,0.196171999,0.195149005,0.194010004,0.192798004,0.191470996,0.190443993,0.189815,0.189895004,0.190559,0.192142993,0.194658995,0.198172003,0.202877,0.208471,0.215029001,0.222167,0.229587004,0.236919001,0.244117007,0.250669986,0.256258994,0.261337012,0.266250998,0.272569001,0.280979008,0.29211399,0.305381,0.320733011,0.337027013,0.353455991,0.369347006,0.383029014,0.394531995,0.403409988,0.409711987,0.414032012,0.416884989,0.418282002,0.419052988,0.419597,0.419725001,0.418826014,0.417080998,0.415131003,0.412393987,0.409732014,0.406814009,0.403825015,0.401340008,0.39822799,0.394726008,0.39160201,0.388936013,0.386519998,0.384633005,0.382524997,0.381249994,0.379987001,0.378241003,0.376749009,0.375319988,0.373993993,0.372233003,0.370546997,0.368214011,0.365745008,0.363023013,0.359465003,0.355989993,0.352400005,0.349456996,0.346159011,0.343017012,0.340142995,0.337336987,0.335303992,0.333712012,0.332762986
BarleyWholePerten0081,Perten_DA7200,barley,Unknown,Slovenia,2004,16.0,14.89999962,0.174180999,0.175560996,0.177223995,0.179352999,0.181364998,0.183068007,0.184498996,0.184965998,0.184762999,0.183824003,0.182622001,0.180995002,0.179458007,0.177432001,0.175411999,0.173142001,0.170922995,0.168723002,0.166582003,0.164472997,0.162426993,0.160502002,0.158427998,0.156516001,0.154666007,0.153187007,0.15174,0.150561005,0.149537996,0.148791999,0.148220003,0.147898004,0.147911996,0.148214996,0.149057999,0.151062995,0.154907003,0.160885006,0.168714002,0.177664995,0.187319994,0.196527004,0.204734996,0.211438999,0.216992006,0.221964002,0.226506993,0.230658993,0.233833998,0.235898003,0.236708999,0.236466005,0.234979004,0.232306004,0.228625998,0.224631995,0.220595002,0.217205003,0.214392006,0.211965993,0.209858,0.208292007,0.207219005,0.206156999,0.205277994,0.204307005,0.203311995,0.202252999,0.201543003,0.201251,0.201710999,0.202770993,0.204800993,0.207800001,0.211795002,0.216961995,0.222939998,0.229785994,0.237109006,0.244595006,0.251902014,0.259065002,0.265569001,0.271164,0.276432008,0.281854987,0.289101005,0.298716009,0.311235994,0.325951994,0.342537999,0.359531999,0.376194,0.391975999,0.405212998,0.416209996,0.42465499,0.430651993,0.434801012,0.437611014,0.43897599,0.439700007,0.440203995,0.440221012,0.439112008,0.437132001,0.434951007,0.431906015,0.428968996,0.425781995,0.422504008,0.419773996,0.416411012,0.412694007,0.409337014,0.406428993,0.403759986,0.401587993,0.399197012,0.397630006,0.396037996,0.393981993,0.392174989,0.39043799,0.388864994,0.386940002,0.385140985,0.382735014,0.380214989,0.377449006,0.373934001,0.370537013,0.367033988,0.364165008,0.360944986,0.357894003,0.355100989,0.352385014,0.350418001,0.34889099,0.347887009
BarleyWholePerten0082,Perten_DA7200,barley,Unknown,Sweden,2006,11.80000019,10.80000019,0.098338999,0.100722,0.103981003,0.107974999,0.112545997,0.117146,0.121018998,0.123751998,0.125369996,0.125916004,0.125695005,0.124926001,0.123765998,0.122225002,0.120485999,0.118519999,0.116416,0.114295997,0.112296999,0.110394001,0.108517997,0.106660999,0.104851,0.103073999,0.101375997,0.099826001,0.098442003,0.097184002,0.096208997,0.095458999,0.094976999,0.094769001,0.094911002,0.095562004,0.097010002,0.099933997,0.105129004,0.113020003,0.123207003,0.134932995,0.147480995,0.159842998,0.171191007,0.180995002,0.189232007,0.196501002,0.203407005,0.209784001,0.215177998,0.219105005,0.221512005,0.222340003,0.221524999,0.218841001,0.214659005,0.209832996,0.205117002,0.200873002,0.197361007,0.194555998,0.192440003,0.190901995,0.189747006,0.188788995,0.187842995,0.186704993,0.185340002,0.183902994,0.182696998,0.181911007,0.181852996,0.182648003,0.184447005,0.187382996,0.191591993,0.197127998,0.203980997,0.211881995,0.220493004,0.229499996,0.238539994,0.247357994,0.255466014,0.262582004,0.268824995,0.274751991,0.281369001,0.28965199,0.30013001,0.312747002,0.327122003,0.34276399,0.358705014,0.373950005,0.387959987,0.400148004,0.41000399,0.417475998,0.422711015,0.426290989,0.428824991,0.430611014,0.431787014,0.432559013,0.43265599,0.432045996,0.430839002,0.429284006,0.427403987,0.425372988,0.423083007,0.420785993,0.418442011,0.416054994,0.41376701,0.411695004,0.409954995,0.408479005,0.407366008,0.406464011,0.40557,0.404790014,0.404040009,0.403234989,0.402467996,0.40151,0.400384009,0.398957014,0.397201002,0.394932985,0.39231199,0.389530987,0.386714995,0.383989006,0.381339014,0.378892988,0.376662999,0.374561012,0.37272501,0.371134996,0.369796991
BarleyWholePerten0083,Perten_DA7200,barley,Unknown,Sweden,2006,11.80000019,11.80000019,0.172339007,0.172958002,0.174073994,0.175656006,0.177523002,0.179513007,0.181140006,0.182108998,0.182466999,0.182214007,0.181520999,0.180592999,0.179423004,0.178023994,0.176468998,0.174766004,0.173004001,0.171223,0.169544995,0.167926997,0.166308001,0.164726004,0.163145006,0.161586002,0.160093993,0.158711001,0.157360002,0.156059995,0.154952005,0.153990001,0.153162003,0.152502999,0.152043,0.151913002,0.152246997,0.153467998,0.156064004,0.160334006,0.166075006,0.172920004,0.180475995,0.188177005,0.195444003,0.201796994,0.207103998,0.211754993,0.216183007,0.220311999,0.223731995,0.226089001,0.227392003,0.227577001,0.226545006,0.224150002,0.220562995,0.216453999,0.212418005,0.208743006,0.205590993,0.202939004,0.200769007,0.199046999,0.197668001,0.196456,0.195243999,0.193910003,0.192393005,0.190812007,0.189383,0.188270003,0.187719002,0.187831998,0.188688994,0.190426007,0.193162993,0.196937993,0.201785997,0.207527995,0.213937998,0.220802993,0.227781996,0.234693006,0.241099998,0.246655002,0.251433015,0.255993992,0.261227012,0.267926008,0.276603997,0.287322015,0.299778998,0.313726008,0.32842201,0.342979997,0.356593996,0.368533999,0.378192991,0.385345012,0.390219003,0.393393993,0.395451009,0.39673999,0.397477001,0.397823006,0.397531003,0.396476001,0.394831002,0.392809987,0.390489996,0.387973994,0.38526699,0.382530987,0.379732013,0.376938999,0.37428999,0.371872991,0.369868994,0.368124008,0.366750002,0.365601003,0.364504993,0.363393009,0.362300992,0.361144006,0.360085011,0.358841002,0.357376993,0.355634004,0.353545994,0.350962013,0.348035991,0.344963998,0.341859996,0.338869005,0.335958004,0.333281994,0.330879986,0.328631997,0.326649994,0.324968994,0.323608995
BarleyWholePerten0084,Perten_DA7200,barley,Unknown,Sweden,2006,11.19999981,13.60000038,0.107101999,0.109164998,0.112144001,0.115845002,0.120090999,0.124426,0.128105,0.130634993,0.132025003,0.13245,0.132131994,0.131327003,0.130132005,0.128582999,0.126794994,0.124755003,0.122589,0.120393999,0.118316002,0.116356,0.114405997,0.112470999,0.110567004,0.108733997,0.106925003,0.105286002,0.103816003,0.102496997,0.101438999,0.100652002,0.100102,0.099868,0.100019999,0.100712001,0.102247998,0.105299003,0.110647,0.118685,0.128883004,0.140476003,0.152824998,0.165055007,0.176367,0.186215997,0.194539994,0.201866999,0.208725005,0.214980006,0.220184997,0.223921001,0.226128995,0.226839006,0.225976005,0.223373994,0.219341993,0.214671001,0.210062996,0.205873996,0.202327997,0.199457005,0.197246,0.195613995,0.194417998,0.193445996,0.192495003,0.191337004,0.189905003,0.188382,0.187084004,0.186221004,0.186101005,0.186863005,0.188639,0.191575006,0.195819005,0.201409996,0.208349004,0.216391996,0.225202993,0.234455004,0.243718997,0.252741993,0.261022002,0.268220007,0.274462014,0.280306995,0.286803991,0.294955999,0.305350989,0.317909986,0.332215011,0.347779006,0.363734007,0.379153997,0.393415004,0.405797005,0.415778011,0.423276007,0.428463996,0.431946993,0.434359014,0.436026007,0.437195003,0.437909991,0.437981993,0.437289,0.436033011,0.434377998,0.432401002,0.430260986,0.427882999,0.425471008,0.423000991,0.420480996,0.41811201,0.415978998,0.414231002,0.412734002,0.41159901,0.410679996,0.409779012,0.408926994,0.408105999,0.407224,0.406387001,0.405429006,0.404249013,0.402738988,0.400931001,0.398618013,0.395938993,0.393041015,0.390139997,0.387295991,0.384620994,0.382200003,0.379994988,0.377941996,0.376183003,0.374743998,0.37360701
BarleyWholePerten0085,Perten_DA7200,barley,Unknown,Sweden,2006,13.10000038,15.80000019,0.137160003,0.138624996,0.140698001,0.143262997,0.146151006,0.149026007,0.151397005,0.152985007,0.153767005,0.153727993,0.153109998,0.152144,0.150909007,0.149378002,0.147641003,0.145735994,0.143711999,0.141629994,0.139671996,0.137786999,0.135907993,0.134076998,0.132266,0.130508006,0.128855005,0.127324998,0.125894994,0.124642998,0.123625003,0.122837998,0.122281,0.121950001,0.121913999,0.122322001,0.123372003,0.125695005,0.129989997,0.136603996,0.145154998,0.154998004,0.165536001,0.175975993,0.185634002,0.194049001,0.201144993,0.207322002,0.213081002,0.218298003,0.222555995,0.225474998,0.227102995,0.227408007,0.226331994,0.223711997,0.219834998,0.215474993,0.211220995,0.207402006,0.204160005,0.201474994,0.199342996,0.197735995,0.196521998,0.195543006,0.194608003,0.193550006,0.192312002,0.190993995,0.189881995,0.189192995,0.189191997,0.189995006,0.191708997,0.194473997,0.198394001,0.203488007,0.209778994,0.217014998,0.224866003,0.233086005,0.241318002,0.249380007,0.256832987,0.263359994,0.269107014,0.274755001,0.281320006,0.289687991,0.300339997,0.313178003,0.327706993,0.343421012,0.359324992,0.374467999,0.388274014,0.400222987,0.409878999,0.41712299,0.42215699,0.425559014,0.427902013,0.429448992,0.430397987,0.430988997,0.430844992,0.429895014,0.428319007,0.426367998,0.424120992,0.421691001,0.419016987,0.416325986,0.413621008,0.410898,0.40833199,0.406006992,0.404036999,0.402312011,0.40092501,0.399800986,0.398662001,0.397558987,0.396450996,0.395366013,0.394315004,0.393108994,0.391719997,0.390022993,0.388025999,0.385594994,0.382779986,0.379806012,0.376854003,0.373948008,0.371127009,0.368541986,0.366160005,0.363967001,0.362004995,0.360275,0.358891994
BarleyWholePerten0086,Perten_DA7200,barley,Unknown,Sweden,2006,17.0,10.39999962,0.145431995,0.146934003,0.148846,0.150975004,0.153144002,0.155156001,0.156696007,0.157592997,0.15783,0.157432005,0.156513006,0.155303001,0.153853998,0.152107999,0.150226995,0.148251995,0.146191001,0.144125998,0.142171994,0.140331,0.138479993,0.136705995,0.135015994,0.133358002,0.131779999,0.130389005,0.129093006,0.127875,0.126897007,0.126133993,0.125543997,0.125139996,0.124961004,0.125101998,0.125763997,0.127434,0.130733997,0.136088997,0.143290997,0.151868999,0.161088005,0.170017004,0.177993998,0.184694007,0.190128997,0.194787994,0.199192002,0.203269005,0.206700996,0.209123001,0.210436001,0.210616007,0.209526002,0.207067996,0.203489006,0.199478,0.195602998,0.192135006,0.189215004,0.186814994,0.184846997,0.183289006,0.182049006,0.180984005,0.179977998,0.178917006,0.177793995,0.176716,0.175908998,0.175497994,0.175720006,0.176676005,0.178471997,0.181181997,0.184906006,0.189675003,0.195418999,0.201885998,0.208785996,0.215869993,0.222882003,0.229757994,0.236179993,0.241936997,0.247206003,0.252775997,0.259728015,0.268759996,0.280360013,0.29439801,0.310167015,0.326965004,0.343721986,0.359474987,0.373587996,0.385616005,0.395278007,0.402471989,0.407413006,0.410672993,0.412804991,0.414115012,0.41476801,0.414967001,0.414364994,0.412851989,0.410614997,0.407929987,0.404915005,0.401726991,0.398380011,0.395036995,0.391671002,0.38835299,0.385203004,0.382342011,0.379886001,0.377682,0.375806004,0.374199987,0.37261799,0.371120989,0.369630992,0.368111014,0.366652995,0.365083009,0.363308013,0.361297011,0.359023005,0.356243998,0.353168011,0.350001991,0.346798003,0.34364301,0.340636998,0.337839007,0.335278004,0.332852006,0.330720991,0.328862995,0.327282012
BarleyWholePerten0087,Perten_DA7200,barley,Unknown,Sweden,2006,11.69999981,13.0,0.101393998,0.103037998,0.105493002,0.108595997,0.112126,0.115736,0.118803002,0.120888002,0.122040004,0.122340001,0.121964999,0.121174999,0.120072998,0.118647002,0.117005996,0.115160003,0.113208003,0.111204997,0.109356999,0.107573003,0.105783999,0.104050003,0.102330998,0.100651003,0.099072002,0.097613998,0.096303999,0.095091,0.094116002,0.093382001,0.092894003,0.092644997,0.092703,0.093235999,0.094503999,0.097048998,0.101636,0.108634003,0.117624998,0.127985999,0.139116004,0.150212005,0.160523996,0.169520006,0.177105993,0.183795005,0.190112993,0.195941001,0.200789005,0.204245001,0.206324995,0.206971005,0.206107006,0.203549996,0.199586004,0.195032999,0.190586001,0.186607003,0.183276996,0.180575997,0.178494006,0.176965997,0.175842002,0.174923003,0.174022004,0.172962993,0.171687007,0.170317993,0.169134006,0.168363005,0.168303996,0.169018999,0.170671001,0.1734,0.177301005,0.182432994,0.188837007,0.196260005,0.204370007,0.212913007,0.221530005,0.229972005,0.237770006,0.244608998,0.25058499,0.256307006,0.262777001,0.270886987,0.281190008,0.293619007,0.307837009,0.323318988,0.339165002,0.354440004,0.368487001,0.380697012,0.390606999,0.398061007,0.403259009,0.406814992,0.409285009,0.410979986,0.412117004,0.412838012,0.412865996,0.412185013,0.410932988,0.409321994,0.407398999,0.405301988,0.402949989,0.400581986,0.398128986,0.395691991,0.393353999,0.391220003,0.389468998,0.388013005,0.386848003,0.385946989,0.385037988,0.384178013,0.383361995,0.382506996,0.381648004,0.380667001,0.379453003,0.377914012,0.376100987,0.373773992,0.371062011,0.368185997,0.365296006,0.362497985,0.359762996,0.357237995,0.354968011,0.352804989,0.350892007,0.349263996,0.347847015
BarleyWholePerten0088,Perten_DA7200,barley,Unknown,Sweden,2006,13.80000019,11.69999981,0.179321006,0.180190995,0.181437001,0.183055997,0.184873,0.186755002,0.188205004,0.189035997,0.189272001,0.188925996,0.188109994,0.187014997,0.185720995,0.184189007,0.182411,0.180570006,0.178626999,0.176642999,0.174786001,0.172989994,0.171179995,0.169410005,0.167659,0.165986002,0.164351001,0.162821993,0.161364004,0.159988001,0.158769995,0.157739997,0.156859994,0.156169996,0.155684993,0.155536994,0.155854002,0.157091007,0.159785003,0.164343998,0.170507997,0.177903995,0.186003,0.194175005,0.201775998,0.208385006,0.213891,0.218683004,0.223232001,0.227467001,0.230924994,0.233266994,0.234468997,0.234519005,0.233284995,0.230588004,0.226716995,0.222407997,0.218198001,0.214394003,0.211161003,0.208465993,0.206267998,0.204503998,0.203067005,0.201848,0.200651005,0.199353993,0.197906002,0.196415007,0.195118994,0.194193006,0.193867996,0.194224,0.195381001,0.197497994,0.200647995,0.204868004,0.210164994,0.216333002,0.223110005,0.230276004,0.237535998,0.244745001,0.251442999,0.257364988,0.262591004,0.267791987,0.274008006,0.282012999,0.292356014,0.305047005,0.319581002,0.335500002,0.351774991,0.367437989,0.381808996,0.394302011,0.404404014,0.412012994,0.417308986,0.420868009,0.423281997,0.424867004,0.425808996,0.426301986,0.426057011,0.425000995,0.423280001,0.421131998,0.418648005,0.415991008,0.413111001,0.410169989,0.407168001,0.404172003,0.401338011,0.398748994,0.396530986,0.394612998,0.393023014,0.391689003,0.390336007,0.389077008,0.38785401,0.386622012,0.385419011,0.384056002,0.382454991,0.380580992,0.378363997,0.375669003,0.372608006,0.369421005,0.366145998,0.363025993,0.359961003,0.357095987,0.354458988,0.352046013,0.349842012,0.347936004,0.346332997
BarleyWholePerten0089,Perten_DA7200,barley,Unknown,Sweden,2006,12.39999962,12.39999962,0.143480003,0.144279003,0.145539999,0.147218004,0.149158999,0.151181996,0.152804002,0.153776005,0.154084995,0.153767005,0.153105006,0.152143002,0.150885999,0.149414003,0.147817001,0.146086007,0.144289002,0.14249,0.140809998,0.139206007,0.137608007,0.136026993,0.134470001,0.132967994,0.131559998,0.130206004,0.128901005,0.127636001,0.12658,0.125681996,0.124936,0.124361999,0.124013998,0.123972997,0.124404997,0.125753,0.128468007,0.132887006,0.138816997,0.145879,0.153610006,0.161419004,0.168659002,0.174925,0.180153996,0.184762999,0.189146996,0.193203002,0.196599007,0.198993996,0.200287998,0.200519994,0.199628994,0.197440997,0.194137007,0.190381005,0.186695993,0.183293998,0.180364996,0.177916005,0.175944999,0.174377993,0.173132002,0.172062993,0.170993,0.169790998,0.168420002,0.167031005,0.165799007,0.164905995,0.164541006,0.164865002,0.165924996,0.167833,0.170704007,0.174591005,0.179498002,0.185276002,0.191652,0.198401004,0.205276996,0.212078005,0.218392998,0.223924995,0.228689,0.233291999,0.238711998,0.245667994,0.254756004,0.265980005,0.279022992,0.293545991,0.308701009,0.323596001,0.337437987,0.349550009,0.359366,0.366643995,0.371656001,0.374978989,0.377137989,0.378479987,0.37933299,0.379716992,0.379422009,0.378385991,0.37668401,0.374632001,0.372262001,0.369645,0.366831988,0.363995999,0.361088008,0.358181,0.35542199,0.352964014,0.350892007,0.349081993,0.347608,0.346377999,0.345167995,0.344071001,0.342940003,0.341821015,0.340662986,0.339368999,0.33791101,0.336169004,0.334037006,0.331357002,0.328355998,0.325233012,0.322088987,0.31903401,0.316080004,0.313344985,0.310804009,0.308535993,0.306553006,0.304836988,0.30330199
BarleyWholePerten0090,Perten_DA7200,barley,Unknown,Sweden,2006,13.10000038,13.69999981,0.097305998,0.099250004,0.101829998,0.104887001,0.108315997,0.111721002,0.114574999,0.116520003,0.117559001,0.117776997,0.117343999,0.116558999,0.115428999,0.113992997,0.112333,0.110509999,0.108547002,0.106583998,0.104736,0.102976002,0.101245999,0.099526003,0.097842999,0.096221998,0.094669998,0.093292996,0.092044003,0.090938002,0.090085998,0.089479998,0.089091003,0.088950001,0.089120001,0.089736998,0.091054998,0.093689002,0.098316997,0.105288997,0.114248999,0.124531999,0.135492995,0.146305993,0.156234995,0.164790005,0.171918005,0.178120002,0.183915004,0.189216003,0.193591997,0.196685001,0.198495999,0.199062005,0.198247999,0.195868,0.192249999,0.188104004,0.184052005,0.180381,0.177286997,0.174755007,0.172810003,0.171324998,0.170218006,0.169366002,0.168525994,0.167555004,0.166400001,0.165205002,0.164205998,0.163619995,0.163706005,0.164596006,0.166397005,0.169220001,0.173161,0.178269997,0.184538007,0.191712007,0.199489996,0.207596004,0.215689004,0.223602995,0.230911002,0.237287998,0.242807001,0.248162001,0.254424006,0.262331009,0.27233699,0.284404993,0.298043996,0.312795013,0.327807009,0.342222989,0.355448008,0.366937995,0.376237005,0.383186013,0.388060987,0.391364992,0.393575013,0.394993007,0.395981997,0.396519989,0.396344006,0.395451009,0.393925995,0.392030001,0.389849007,0.387472987,0.384956986,0.382380009,0.379750997,0.377144992,0.374660999,0.372438014,0.370584011,0.368934006,0.367612004,0.366537988,0.365440011,0.364479989,0.363537997,0.362572014,0.361568987,0.360435009,0.359194011,0.357701004,0.355834007,0.353498012,0.350867003,0.348118007,0.345311999,0.342624009,0.340016991,0.337606013,0.33533901,0.333287001,0.331465989,0.329948008,0.328534007
BarleyWholePerten0091,Perten_DA7200,barley,Unknown,Sweden,2006,16.20000076,11.19999981,0.109649003,0.111854002,0.114703998,0.117872,0.121147998,0.124232002,0.126744002,0.128380999,0.129077002,0.128941,0.128215998,0.127027005,0.125443995,0.123591997,0.121555999,0.119374998,0.117092997,0.114827,0.112680003,0.110651001,0.108657002,0.106739998,0.104888998,0.103129998,0.101507999,0.100027002,0.098710001,0.097571999,0.096740998,0.096156001,0.095825002,0.095765002,0.095997997,0.096681997,0.098090001,0.100813001,0.105630003,0.113036998,0.122691996,0.133910999,0.145824999,0.157272995,0.167370006,0.175848007,0.182774007,0.188775003,0.194407001,0.199570999,0.203958005,0.207173005,0.209080994,0.209683001,0.208887994,0.206560001,0.203015998,0.198980004,0.195037007,0.191448003,0.188436002,0.185993001,0.184103996,0.182660997,0.181553006,0.180666998,0.179807007,0.178875998,0.177846,0.176863998,0.176163003,0.175966993,0.176475003,0.177840993,0.180179998,0.183565006,0.188116998,0.193856999,0.200693995,0.208297998,0.216387004,0.224627003,0.232737005,0.240628004,0.247960001,0.254473001,0.260309011,0.266234011,0.273485988,0.282842994,0.294795007,0.309228003,0.325351,0.34247601,0.35966,0.375914007,0.390549004,0.403070986,0.41317299,0.420715988,0.425954998,0.429446012,0.431757003,0.433212996,0.434165001,0.434570998,0.434174001,0.432852,0.430743992,0.428223997,0.425356001,0.422244012,0.418963999,0.415670008,0.412371993,0.409081012,0.40595299,0.403147996,0.400765002,0.398616999,0.396811992,0.395305991,0.393812001,0.39239201,0.391050994,0.389694989,0.388325989,0.38687101,0.385268986,0.383437008,0.381282985,0.378576011,0.375526011,0.372354001,0.369132996,0.366064996,0.363108009,0.360318989,0.357731998,0.355430007,0.353403002,0.35166201,0.35009101
BarleyWholePerten0092,Perten_DA7200,barley,Unknown,Sweden,2006,17.20000076,10.19999981,0.111446001,0.113962002,0.116974004,0.120169997,0.123401001,0.126469001,0.128931999,0.130475998,0.131153002,0.131001994,0.130174995,0.128950998,0.127344996,0.125470996,0.123391002,0.121154003,0.118858002,0.116558999,0.114403002,0.112346999,0.110376999,0.108448997,0.106573999,0.104842,0.10323,0.101798996,0.100553997,0.099483997,0.098696999,0.098168001,0.097875997,0.097838,0.098073997,0.098728001,0.100070998,0.10272,0.107433997,0.114789002,0.124461003,0.135710001,0.147584006,0.158891007,0.168863997,0.177167997,0.183956996,0.189857006,0.195353001,0.200391993,0.204692006,0.207810998,0.209583998,0.210042,0.209116995,0.206659004,0.203033999,0.198958993,0.195028007,0.191503003,0.188546002,0.186183006,0.184334993,0.182951003,0.181903005,0.181052998,0.180242002,0.179377005,0.178452998,0.177615002,0.177065998,0.176998004,0.177652001,0.179171994,0.181618005,0.185135007,0.189803004,0.195601001,0.202458993,0.210088998,0.218112007,0.226226002,0.234202996,0.241983995,0.249210998,0.255659998,0.261554986,0.267737001,0.275413007,0.285236001,0.297710002,0.312671006,0.329180002,0.346489012,0.363559008,0.379460007,0.393624991,0.405665994,0.415320993,0.422574014,0.427623987,0.430992991,0.433216989,0.434601009,0.435467005,0.435768992,0.435234994,0.433867008,0.431699008,0.429129988,0.426239014,0.423115999,0.419867009,0.416608989,0.413349003,0.410151988,0.407121986,0.40437901,0.402043998,0.399892986,0.398110002,0.396591008,0.395063013,0.393673003,0.392320007,0.390942991,0.389541,0.388062,0.386492997,0.384672999,0.382546008,0.379952997,0.377097994,0.374101996,0.371039987,0.368162006,0.365341991,0.362668008,0.360217989,0.357998014,0.355971992,0.354205996,0.352658004
BarleyWholePerten0093,Perten_DA7200,barley,Unknown,Sweden,2006,15.80000019,14.60000038,0.129759997,0.131101996,0.132995993,0.135187998,0.137536004,0.139769003,0.141524002,0.142557994,0.142893001,0.142505005,0.141586006,0.140349001,0.138818994,0.136999995,0.135029003,0.132915005,0.130696997,0.128471002,0.126374006,0.124361001,0.122378998,0.120433003,0.118564002,0.116755001,0.115070999,0.113551997,0.112209998,0.110990003,0.110042997,0.109343,0.108856,0.108607002,0.108617,0.109050997,0.110111997,0.112403996,0.116599999,0.123124003,0.131657004,0.141517997,0.151957005,0.162064999,0.17114,0.178864002,0.185201004,0.190703005,0.195814997,0.200431004,0.204260007,0.206953004,0.208449006,0.208747998,0.207793996,0.205441997,0.201987997,0.198143005,0.194400996,0.191010997,0.188180998,0.185866997,0.184031993,0.18265,0.181620002,0.180794001,0.179987997,0.179125994,0.178142995,0.177180007,0.176483005,0.176212996,0.176585004,0.177747995,0.179778993,0.182781994,0.186856002,0.192027003,0.198214993,0.205157995,0.212570995,0.220173001,0.227674007,0.234986007,0.241779,0.247820005,0.253277987,0.258848995,0.265666008,0.274461001,0.28568399,0.299236,0.314460009,0.330673993,0.346933991,0.362293989,0.376138002,0.387982994,0.397552997,0.404718012,0.409676999,0.412995011,0.415210992,0.416583002,0.417499006,0.417870998,0.417450994,0.416233987,0.414297998,0.411949009,0.409281999,0.406421989,0.403398007,0.400364995,0.397262007,0.394259989,0.391406,0.38883701,0.386624008,0.384676009,0.383056998,0.381644011,0.380273014,0.379023999,0.377759993,0.376536995,0.375225991,0.373852015,0.372336,0.370579004,0.368487001,0.365938991,0.363092005,0.360105991,0.357122004,0.354263008,0.351473004,0.348832011,0.346426994,0.344267994,0.342334986,0.340649009,0.339231014
BarleyWholePerten0094,Perten_DA7200,barley,Unknown,Sweden,2006,12.39999962,12.69999981,0.103084996,0.105852,0.109466001,0.113738999,0.118463002,0.123195998,0.127132997,0.129890993,0.131481007,0.132018998,0.131715998,0.130902007,0.129699007,0.128132001,0.126270995,0.124186002,0.121942997,0.119693004,0.117578998,0.115537003,0.113540001,0.111561999,0.109627999,0.107734002,0.105974004,0.104331002,0.102858,0.101602003,0.100622997,0.099910997,0.099486999,0.099357002,0.099610999,0.100413002,0.102093004,0.105339997,0.111008003,0.119528003,0.130429,0.142902002,0.156149,0.169106007,0.180902004,0.191036001,0.199493006,0.206921995,0.213879004,0.220257998,0.225609005,0.229462996,0.231759995,0.232541993,0.231714994,0.229047999,0.224897996,0.220136002,0.215471,0.211218,0.207628995,0.204767004,0.202573001,0.200930998,0.199727997,0.198759005,0.197796002,0.196676001,0.195344001,0.193938002,0.192757994,0.192076996,0.192158997,0.193138003,0.195182994,0.198404998,0.202959001,0.208886996,0.216133997,0.224433005,0.233408004,0.242704004,0.251993001,0.261020988,0.269329995,0.276600987,0.282905012,0.288931012,0.295810014,0.304430008,0.315351993,0.328447998,0.343174994,0.358990997,0.374947012,0.390143007,0.403991014,0.415980011,0.425693989,0.432940006,0.438039005,0.441475987,0.443866015,0.445528001,0.446732014,0.447463006,0.447497994,0.44680801,0.445425004,0.443693012,0.441711992,0.439527005,0.43709001,0.434583992,0.432065994,0.429536998,0.427076995,0.424923986,0.423150003,0.421544999,0.420302004,0.41931501,0.418312997,0.417457998,0.416552007,0.415641993,0.414674997,0.413664997,0.412497997,0.411036015,0.409242004,0.406892002,0.404224008,0.401331991,0.398393989,0.395698994,0.393083006,0.390561998,0.388222992,0.386200011,0.384371012,0.382809997,0.381511003
BarleyWholePerten0095,Perten_DA7200,barley,Unknown,Sweden,2006,17.20000076,14.69999981,0.116962001,0.120292999,0.124219,0.128246993,0.132183999,0.135860995,0.138824001,0.140764996,0.141635001,0.141602993,0.140893996,0.139722005,0.138126999,0.136217997,0.134090006,0.131739005,0.129253998,0.126752004,0.124395996,0.122138999,0.119979002,0.117880002,0.115827002,0.113872998,0.112112001,0.110547997,0.109174997,0.108061001,0.107341997,0.106913,0.106774002,0.106927,0.107417002,0.108382002,0.110174999,0.113534004,0.119341001,0.128157005,0.139507994,0.152358994,0.165663004,0.178222001,0.189208001,0.198351994,0.205797002,0.212142006,0.218008995,0.223320007,0.227678001,0.230735004,0.232430995,0.232794002,0.231768996,0.229203001,0.225415006,0.221160993,0.217079997,0.213395998,0.210291997,0.207758993,0.205779001,0.204297006,0.203191996,0.202344999,0.201597005,0.20081,0.199920997,0.199129999,0.198641002,0.198694006,0.199508995,0.201276004,0.204077005,0.207977995,0.213102996,0.219439,0.226827994,0.234950006,0.243421003,0.251915991,0.26017499,0.268119991,0.275478005,0.282029986,0.288004011,0.294321001,0.302172005,0.312112987,0.324564993,0.339275986,0.355185986,0.371473998,0.387086004,0.401293993,0.413747013,0.424228013,0.43264699,0.438901007,0.443251014,0.446179003,0.448130995,0.449396014,0.450213999,0.450479001,0.449943006,0.448612005,0.446595013,0.444139004,0.441428006,0.438515991,0.435467005,0.432415009,0.429361999,0.426364005,0.423507989,0.420908004,0.418693006,0.416651994,0.414887011,0.413379014,0.411944002,0.410582006,0.409186006,0.407844007,0.406536996,0.405146003,0.403721005,0.402112991,0.400200993,0.397857994,0.395294011,0.392652005,0.389966011,0.387457997,0.384999007,0.382667005,0.380528003,0.378627002,0.376906991,0.375386,0.374107003
BarleyWholePerten0096,Perten_DA7200,barley,Unknown,Sweden,2006,13.80000019,16.89999962,0.105656996,0.108675003,0.112378001,0.116541997,0.120976001,0.12534,0.128953993,0.131555006,0.133016005,0.133533001,0.133306995,0.132646993,0.131588996,0.130189002,0.128456995,0.126463994,0.124292001,0.122074999,0.119975001,0.117996998,0.116037004,0.114069,0.112131,0.110287003,0.108546004,0.106999002,0.105622001,0.104468003,0.103629001,0.103118002,0.10289,0.102963999,0.103390001,0.104355,0.106224999,0.109704003,0.11564,0.124430999,0.135496005,0.147916004,0.160897002,0.173522994,0.185019001,0.194904998,0.203096002,0.210196003,0.216736004,0.222615004,0.227390006,0.230698004,0.232543007,0.233063996,0.232095003,0.229466006,0.225491002,0.221002996,0.216629997,0.212696001,0.209377006,0.206689,0.204578996,0.203042001,0.201934993,0.201119006,0.200351,0.199467003,0.198367,0.197225004,0.196309999,0.195893005,0.196227998,0.197466001,0.199708998,0.203116,0.207760006,0.21367,0.220817998,0.228908002,0.23759,0.246492997,0.255304009,0.263864011,0.271708012,0.278634995,0.284734011,0.29065901,0.297648996,0.306470007,0.317535996,0.33068201,0.345283002,0.360742986,0.376051009,0.390415996,0.403385013,0.414492011,0.423480988,0.430191994,0.434913009,0.438167989,0.440409005,0.441926003,0.443044007,0.443659008,0.443601012,0.442806989,0.441363007,0.439543009,0.437469989,0.435151011,0.432680011,0.430153012,0.427561015,0.424973011,0.422508001,0.420314997,0.418464989,0.416772008,0.415439993,0.414314985,0.413186014,0.412182003,0.411166012,0.410162002,0.409177989,0.408075005,0.406861007,0.405413985,0.403692007,0.401466012,0.398909003,0.39624399,0.393557996,0.391025007,0.388509989,0.386189997,0.384041011,0.382100999,0.380448997,0.379101992,0.377813011
BarleyWholePerten0097,Perten_DA7200,barley,Unknown,Sweden,2006,13.80000019,12.19999981,0.102829002,0.106210001,0.110444002,0.115186997,0.120255999,0.125176996,0.129258007,0.132192001,0.133906007,0.134498999,0.134277999,0.133484006,0.132247001,0.130641997,0.128776997,0.126641005,0.124378003,0.122124001,0.119956002,0.117908001,0.115916997,0.113913,0.111979999,0.110161997,0.10842,0.106867001,0.105518997,0.104376003,0.103537999,0.102987997,0.102725998,0.102766998,0.103162997,0.104121,0.105915003,0.109306999,0.115176,0.124040999,0.135449007,0.148542002,0.162375003,0.175814003,0.187922001,0.198237002,0.206796005,0.214304999,0.221336007,0.227743,0.233126,0.237026006,0.239294007,0.240014002,0.239087001,0.236295,0.232049003,0.227239996,0.222559005,0.218327999,0.214810997,0.212016001,0.209880993,0.208304003,0.207142994,0.206208006,0.205292001,0.204270005,0.203069001,0.201836005,0.200853005,0.200416997,0.200757995,0.202039003,0.204389006,0.207959995,0.212871999,0.219134003,0.226665005,0.235198006,0.244329006,0.253670991,0.262915999,0.271892995,0.280153006,0.287443012,0.293891013,0.300251991,0.307689995,0.317000002,0.328698993,0.342640013,0.358108014,0.374412,0.390498996,0.405546993,0.419037998,0.430579007,0.43985799,0.446781993,0.451671004,0.455009013,0.457298011,0.458889008,0.460036993,0.460685015,0.460620999,0.45984599,0.45837599,0.456542999,0.454468995,0.452156991,0.449690998,0.447156012,0.444626004,0.442088008,0.439619988,0.437485993,0.435712993,0.434074998,0.43276301,0.431704998,0.430637002,0.429699004,0.428739995,0.427801013,0.426815003,0.425758988,0.424578995,0.423087001,0.421308994,0.419043005,0.416451007,0.413718998,0.410941005,0.408279985,0.405663014,0.403241009,0.400970995,0.398939997,0.397127003,0.395552993,0.394158006
BarleyWholePerten0098,Perten_DA7200,barley,Unknown,Sweden,2006,15.60000038,9.899999619,0.110308997,0.112356,0.114995003,0.117968999,0.121021003,0.123981997,0.126376003,0.127912998,0.128560007,0.128496006,0.127786994,0.126662999,0.125157997,0.123448998,0.12156,0.119525999,0.117402002,0.115326002,0.113329001,0.111459002,0.109627001,0.107842997,0.106105,0.104436003,0.102907002,0.101526998,0.100267001,0.099161997,0.098329,0.097714998,0.097319998,0.097140998,0.097245999,0.097778998,0.098949,0.101311997,0.105584003,0.112228997,0.120989002,0.131257996,0.142221004,0.152864993,0.162345007,0.170316994,0.176854998,0.182541996,0.187912002,0.192889005,0.197156996,0.200271994,0.202133998,0.202711999,0.201930001,0.199588001,0.195972994,0.191835001,0.187810004,0.184172005,0.181104004,0.178630993,0.176679999,0.175180003,0.174024999,0.173060998,0.172126994,0.171105996,0.169986993,0.168935999,0.168118998,0.167732,0.168053001,0.169211,0.171268001,0.174348995,0.178572998,0.183947995,0.190422997,0.197759002,0.205590993,0.213658005,0.221639007,0.229470998,0.236812994,0.243364006,0.249243006,0.255270004,0.262656003,0.27226001,0.284635007,0.299713999,0.316734999,0.334993005,0.353273004,0.370523989,0.386049002,0.399390996,0.410113007,0.418137997,0.423694015,0.427448005,0.429922015,0.431546986,0.432563007,0.433017999,0.432583988,0.431234002,0.429082006,0.426402986,0.423404992,0.420179009,0.416741014,0.413257986,0.409765005,0.406352997,0.403097004,0.400177985,0.397661001,0.395471007,0.393660992,0.39209199,0.390579999,0.389108986,0.387719989,0.386307001,0.384876996,0.383293003,0.381653011,0.379658997,0.37726599,0.374372989,0.371136993,0.367756009,0.364333004,0.360960007,0.357717991,0.354725003,0.351960987,0.349516988,0.347279012,0.345328987,0.343578994
BarleyWholePerten0099,Perten_DA7200,barley,Unknown,Sweden,2006,14.89999962,9.5,0.087661997,0.089930996,0.092900001,0.096294001,0.099894002,0.103404999,0.106284998,0.108179003,0.109119996,0.109176002,0.108491004,0.107372001,0.105848998,0.104037002,0.102035999,0.099923998,0.097664997,0.095441997,0.093347997,0.091340996,0.089391999,0.087482996,0.085631996,0.083881997,0.082248002,0.080802001,0.079517998,0.078377999,0.077523001,0.076932997,0.076575004,0.076471999,0.076687001,0.077393003,0.078829996,0.081583999,0.086432003,0.093845002,0.103528999,0.114799999,0.126817003,0.138522998,0.149038002,0.157956004,0.165354997,0.171843007,0.177974001,0.183662996,0.188540995,0.192075998,0.194178999,0.194819003,0.193887994,0.191262007,0.187282994,0.182784006,0.178436995,0.174562007,0.171370998,0.168837994,0.166871995,0.165433005,0.164337993,0.163458005,0.162590995,0.161621004,0.160536006,0.159492999,0.158708006,0.158363998,0.158744007,0.159975007,0.162155002,0.165416002,0.169869006,0.175568,0.182429999,0.190202996,0.198553994,0.207166001,0.215730995,0.224124998,0.231950998,0.238909006,0.245169997,0.251500011,0.259074003,0.268712997,0.281042993,0.296034992,0.312999994,0.331263989,0.349723011,0.367300987,0.383244008,0.39695999,0.407974005,0.416258007,0.422044992,0.425972015,0.428591013,0.430289,0.431373,0.431888998,0.431573004,0.430384994,0.428469986,0.426063001,0.423359007,0.420441985,0.417320013,0.414195001,0.411015004,0.407912999,0.404971987,0.402298003,0.400009006,0.398003012,0.396355003,0.395013005,0.393703997,0.392482013,0.391310006,0.390116006,0.388902009,0.387465,0.385913014,0.384034008,0.381785989,0.379018992,0.375898987,0.372581989,0.369251996,0.366017997,0.362827987,0.359867007,0.357125998,0.354656011,0.352476001,0.350598991,0.348984987
BarleyWholePerten0100,Perten_DA7200,barley,Unknown,Denmark,0,12.89999962,11.48105621,0.206550136,0.20718886,0.208895028,0.210982546,0.213500932,0.215952754,0.217979327,0.219164565,0.219451264,0.21889396,0.217712149,0.216176122,0.214437187,0.212367803,0.210219398,0.207857236,0.205417961,0.202993602,0.200544253,0.198259354,0.196029276,0.1939383,0.191703454,0.189531833,0.18745631,0.18560043,0.18396768,0.18229562,0.180933759,0.179890141,0.179009378,0.178342551,0.177875742,0.177867904,0.178703532,0.180482894,0.184027061,0.190098763,0.198362708,0.207865819,0.218152076,0.228351772,0.237498149,0.245181203,0.25114435,0.256413281,0.261493236,0.26637584,0.270276874,0.272954673,0.274532884,0.274661243,0.273432165,0.270669013,0.26669547,0.262161017,0.257682294,0.253739089,0.250456542,0.247630686,0.245418564,0.243684128,0.242212057,0.240971968,0.239773229,0.238459215,0.236944601,0.23547551,0.234169766,0.233196721,0.233113229,0.233716279,0.235137507,0.237693861,0.241278574,0.24609524,0.252037019,0.258810461,0.266308993,0.274098635,0.281998187,0.289775461,0.296858847,0.30289194,0.307800323,0.312355638,0.318338722,0.325949967,0.336219221,0.349277079,0.364243954,0.380634815,0.397342056,0.41331017,0.42791304,0.440218657,0.449923813,0.457165659,0.461919576,0.464685619,0.466363192,0.467552662,0.468162239,0.468350291,0.467728466,0.466282129,0.464239895,0.461697578,0.458860964,0.455878317,0.452483684,0.449097097,0.445753634,0.442547888,0.43937847,0.436445832,0.434006184,0.432206065,0.430422723,0.428840786,0.427330166,0.425674349,0.424354971,0.422896951,0.421309918,0.419892818,0.418212622,0.415966451,0.413545698,0.410512835,0.407207042,0.40370065,0.400023401,0.396617621,0.393094212,0.389908373,0.387069672,0.38444221,0.38221103,0.380409598,0.378882498
BarleyWholePerten0101,Perten_DA7200,barley,Unknown,Denmark,0,15.60000038,12.91469193,0.192853704,0.193414703,0.19453913,0.196186557,0.197812229,0.199305669,0.200655475,0.201085284,0.20088017,0.200073525,0.198751435,0.197109565,0.195344418,0.193402946,0.191200972,0.188968793,0.186670527,0.184350148,0.182050213,0.179819226,0.177795574,0.175662369,0.17361927,0.17168805,0.169675335,0.167919323,0.166392565,0.164988399,0.163766027,0.162794754,0.16204302,0.161455452,0.161010951,0.160969913,0.161483496,0.162950546,0.165999875,0.17119953,0.178665564,0.187263712,0.196399674,0.205346957,0.213400319,0.220055535,0.225212425,0.22971119,0.234084889,0.23833628,0.241609827,0.243674561,0.24474448,0.244641095,0.243305102,0.240518019,0.236626998,0.232494623,0.228537262,0.224977851,0.221969262,0.219550312,0.217599317,0.215996355,0.214696318,0.213611931,0.212589279,0.211493626,0.210235372,0.209083378,0.208172008,0.207586512,0.207736298,0.208551809,0.210079625,0.212769896,0.216396928,0.220965818,0.226553977,0.23292762,0.239759654,0.246771663,0.253760755,0.26048705,0.266722769,0.2720218,0.276724309,0.281504542,0.287730008,0.295796752,0.306556851,0.320001543,0.334941983,0.350757748,0.366462886,0.380998462,0.3939026,0.404568762,0.412993878,0.419081539,0.423243582,0.425768912,0.427290916,0.42818141,0.428646952,0.428656071,0.427901089,0.426384717,0.424353063,0.421801657,0.41911909,0.41628933,0.413077951,0.409905106,0.406798393,0.403606653,0.400634348,0.397882611,0.39537859,0.393364459,0.391633093,0.389996499,0.388358206,0.386712611,0.385224581,0.383820355,0.382166952,0.380698174,0.379022449,0.376981407,0.374557197,0.371741206,0.368851125,0.365657717,0.362410754,0.359369874,0.356220514,0.353435218,0.350757688,0.348403603,0.34633705,0.344701827,0.343132198
BarleyWholePerten0102,Perten_DA7200,barley,Unknown,Denmark,0,14.0,14.1860466,0.246706724,0.246338204,0.246465728,0.24693045,0.247404248,0.247807741,0.248132795,0.247854188,0.247154802,0.246009246,0.244665623,0.243138447,0.241432935,0.239626661,0.237711966,0.23571603,0.233761221,0.231807783,0.229702354,0.227788016,0.225994304,0.224206731,0.222326487,0.22052516,0.21871458,0.217000634,0.215459511,0.213985488,0.212606147,0.211449325,0.210406542,0.209449858,0.2086761,0.208205462,0.20827125,0.208834752,0.210488543,0.213608369,0.218117833,0.223410517,0.229250997,0.235170379,0.240524769,0.24485442,0.248015463,0.250663579,0.25334698,0.255980998,0.257914543,0.259058654,0.259611934,0.259341866,0.258200735,0.256017774,0.252866656,0.24936384,0.245851249,0.242611393,0.239819974,0.237382963,0.235398665,0.233651266,0.232073411,0.230788291,0.229520604,0.228194669,0.226728126,0.225320816,0.224099651,0.223148748,0.222805485,0.222925454,0.223556384,0.225179195,0.227589369,0.230765328,0.234844789,0.23961775,0.245059907,0.250825524,0.25650844,0.262110919,0.26738295,0.271873981,0.275551558,0.279115796,0.284095168,0.290967196,0.300575405,0.313016027,0.32747221,0.34349516,0.359953374,0.37568605,0.389901817,0.401733279,0.410896808,0.417466551,0.421645612,0.423913807,0.425256163,0.425920129,0.426198244,0.425952703,0.424843162,0.422935605,0.420302481,0.417065114,0.413753718,0.410168558,0.406291366,0.402408063,0.398485392,0.39462164,0.390871733,0.38740471,0.384504318,0.382077605,0.379903615,0.377862781,0.375850707,0.373887539,0.371875644,0.370035738,0.368061543,0.366207212,0.364271909,0.361727297,0.359020442,0.355584055,0.352037489,0.348160327,0.344335616,0.3408117,0.337227762,0.334156573,0.331286013,0.328761935,0.326715648,0.325109303,0.324022114
BarleyWholePerten0103,Perten_DA7200,barley,Unknown,Denmark,0,16.60000038,11.75059986,0.18497102,0.186252981,0.18836239,0.19050312,0.192817047,0.194799915,0.196465418,0.197189406,0.197155029,0.196419329,0.195120871,0.193500012,0.19164899,0.189475715,0.187254161,0.184907749,0.182487488,0.180065125,0.177660719,0.175354078,0.173248112,0.171189368,0.169110879,0.167039648,0.165100217,0.163348794,0.161828533,0.160515502,0.159421742,0.158549696,0.15788801,0.157524467,0.157238945,0.157377303,0.15826188,0.160119936,0.163704649,0.169858053,0.178324193,0.188019291,0.198317558,0.208203793,0.216735765,0.223629654,0.228967533,0.233512595,0.237900287,0.242143676,0.245485619,0.24770236,0.24898161,0.249023259,0.247770757,0.245204225,0.241531119,0.237392515,0.233464241,0.229949772,0.226977766,0.224513754,0.222611696,0.221041232,0.219674826,0.218598098,0.217566237,0.216461152,0.215336919,0.214248836,0.213444412,0.213079169,0.213468105,0.214506447,0.21640943,0.219464213,0.22353448,0.228639528,0.234711066,0.241444558,0.24862361,0.255981386,0.263137281,0.270069659,0.276615888,0.282161504,0.286973238,0.291967452,0.298846126,0.307790905,0.319616795,0.334362924,0.350767851,0.368098289,0.385222405,0.400892764,0.41473344,0.426172018,0.43507719,0.441671342,0.446007073,0.448579162,0.450050235,0.450999558,0.451336652,0.451138526,0.450172693,0.448255092,0.44564572,0.442524046,0.439235896,0.435680449,0.431949675,0.428278744,0.42457968,0.421005756,0.417607069,0.414402306,0.411631137,0.409374446,0.407311112,0.405499339,0.403525531,0.401644528,0.399990648,0.398285329,0.396433473,0.394678503,0.392906189,0.390625864,0.388139516,0.38516736,0.3819381,0.378609896,0.375194758,0.371930271,0.368766397,0.365902513,0.36323759,0.360788643,0.358675152,0.356825501,0.355490714
BarleyWholePerten0104,Perten_DA7200,barley,Unknown,Denmark,0,14.19999981,12.3543129,0.25946179,0.259369403,0.259927452,0.260688186,0.261782676,0.262660176,0.263330817,0.263385505,0.262799978,0.261754841,0.260347843,0.258696348,0.256875604,0.254815251,0.252723396,0.250536382,0.248275995,0.246041209,0.243790284,0.241608128,0.239627302,0.237582743,0.235492796,0.233438909,0.23147732,0.229648233,0.227951154,0.226411656,0.224948347,0.223713264,0.222595602,0.221666873,0.22078687,0.220231995,0.220294252,0.221041918,0.222908855,0.226646885,0.232120648,0.238490164,0.245505408,0.252465963,0.258728474,0.263903052,0.26781407,0.271198005,0.274519503,0.277829707,0.280240536,0.281658858,0.282277376,0.281882674,0.28047958,0.277884156,0.27427879,0.270393759,0.266585052,0.263156563,0.260189384,0.257677287,0.255659908,0.253912747,0.25237903,0.251051903,0.249736413,0.248360738,0.246936515,0.245502815,0.244237781,0.243296728,0.24297528,0.243223593,0.244097278,0.245942101,0.248651177,0.252257437,0.256770045,0.261964291,0.26770708,0.273791134,0.279881686,0.28587383,0.291411936,0.296031535,0.299898356,0.303754777,0.309147537,0.316094905,0.325609803,0.337834954,0.351766139,0.366969585,0.382283151,0.39659363,0.409386426,0.420036584,0.428396314,0.434547484,0.438492268,0.440746784,0.442073494,0.442833513,0.443070859,0.442900986,0.442011207,0.440368682,0.438085407,0.435325325,0.432421595,0.429341584,0.425886333,0.422454149,0.419203788,0.415887892,0.412659377,0.409701496,0.407129467,0.405015469,0.403075844,0.401355714,0.399628848,0.397838175,0.396257877,0.394635081,0.392964542,0.391318351,0.389479876,0.387295961,0.384877473,0.381890446,0.378623635,0.375313789,0.371836126,0.36856091,0.36531511,0.36232993,0.359628111,0.357124209,0.355008364,0.353260577,0.35180074
BarleyWholePerten0105,Perten_DA7200,barley,Unknown,Denmark,0,16.10000038,12.5148983,0.219924465,0.220496461,0.221779957,0.223281726,0.224907652,0.226314247,0.227468669,0.227794975,0.227432922,0.226552427,0.225187615,0.223495439,0.221664786,0.219649822,0.217499867,0.21516642,0.212888628,0.210597962,0.208221018,0.206058204,0.204011202,0.201943085,0.199920774,0.197910473,0.195968285,0.19421947,0.192614242,0.191147238,0.189906314,0.188923195,0.188064024,0.187340558,0.186824009,0.186638668,0.18699415,0.188196033,0.190893039,0.195719197,0.202610165,0.210673496,0.219276398,0.227618918,0.234875649,0.24075982,0.245260268,0.249162808,0.252996951,0.256623894,0.259446561,0.261253864,0.26215297,0.261950105,0.260587007,0.257945299,0.254381269,0.250439882,0.246553391,0.243090645,0.240208626,0.23774758,0.235829026,0.234220997,0.232802346,0.231616944,0.23050569,0.229336381,0.228053287,0.226869941,0.225875869,0.225266933,0.225387871,0.226086095,0.22750932,0.230025813,0.233486548,0.237822577,0.243172601,0.249170974,0.255613983,0.262210995,0.268803537,0.275138915,0.281002045,0.286120445,0.290534169,0.29504332,0.30123654,0.309402734,0.320215702,0.333878279,0.349073887,0.36518997,0.38124761,0.396076918,0.40911606,0.419811904,0.428234339,0.434266329,0.438126743,0.440422058,0.441681832,0.44233954,0.442597747,0.442393154,0.441387028,0.439609766,0.437100887,0.434049815,0.430968523,0.427753985,0.42408523,0.420572817,0.417110711,0.413663745,0.410404831,0.407476664,0.404883325,0.40267095,0.400748253,0.398946166,0.397101194,0.395432651,0.393688738,0.392088771,0.39035821,0.38864696,0.386878073,0.38463077,0.382156342,0.379210353,0.376155168,0.372849733,0.369417727,0.366349101,0.363272309,0.36049068,0.357801646,0.355379492,0.353347808,0.351660609,0.350291073
BarleyWholePerten0106,Perten_DA7200,barley,Unknown,Croatia,0,13.93999958,12.28212833,0.085703969,0.087650932,0.090024591,0.092719458,0.09545254,0.098025143,0.100096725,0.101365931,0.101879887,0.10167551,0.100881212,0.099794805,0.098473214,0.096824721,0.094929546,0.0928462,0.09067376,0.088544317,0.086490899,0.084545732,0.082749009,0.081024952,0.07930702,0.077598639,0.076000929,0.074603997,0.073355682,0.072288908,0.071477994,0.070969626,0.070749149,0.070766032,0.070999123,0.071618013,0.072968774,0.075603902,0.08016324,0.08703848,0.096000075,0.106429756,0.117521904,0.128267467,0.137905493,0.14607127,0.152783305,0.158532992,0.163938254,0.168981582,0.173160106,0.176044747,0.177680835,0.178122595,0.17723681,0.175016791,0.17166993,0.167766839,0.164006323,0.160707459,0.157836139,0.155501545,0.153719336,0.152394041,0.151382387,0.150558502,0.149885431,0.14924407,0.148375019,0.147465587,0.146878719,0.146720707,0.147245601,0.148611546,0.150904447,0.154235467,0.158685833,0.164267853,0.170925632,0.17833361,0.186241135,0.194380343,0.202438802,0.210199714,0.217355698,0.223714083,0.229350999,0.235154957,0.242210433,0.251421422,0.263526261,0.278348953,0.294842303,0.312470764,0.330179989,0.346580327,0.361229539,0.373635441,0.383557797,0.390739977,0.395858705,0.399515301,0.401751816,0.402900577,0.403604925,0.404203475,0.403828263,0.402469277,0.400298983,0.397513539,0.394437641,0.39139393,0.388385564,0.385209382,0.381796539,0.378216624,0.375153035,0.372145414,0.369294852,0.367033511,0.365375787,0.363838375,0.362079471,0.360375255,0.358488083,0.356893063,0.35540387,0.353849053,0.35215205,0.350174606,0.347711951,0.344530463,0.341207176,0.337775379,0.334518254,0.331195414,0.327921987,0.32501033,0.32207793,0.319328994,0.317039371,0.315354079,0.313514173
BarleyWholePerten0107,Perten_DA7200,barley,Unknown,Croatia,0,9.859999657,11.59307671,0.066463091,0.068743341,0.071667917,0.075166598,0.078961343,0.082764223,0.085959733,0.088127554,0.089322619,0.089613639,0.089192368,0.088352837,0.087220721,0.085786194,0.084091768,0.082163438,0.080062114,0.077963837,0.075977445,0.074088223,0.072330996,0.070694543,0.069066964,0.067382209,0.065757863,0.064300254,0.062950805,0.061753087,0.06083319,0.060247794,0.059981514,0.059973519,0.060185149,0.060833313,0.062280469,0.065097921,0.070008412,0.077393755,0.086933613,0.097955927,0.109643467,0.121034868,0.131360889,0.1402013,0.147551328,0.153938562,0.159996271,0.165644929,0.170378357,0.173743665,0.175763071,0.176501691,0.175820366,0.173691005,0.17027849,0.166200072,0.162229151,0.158709124,0.155656964,0.153211057,0.151378244,0.150045812,0.149047613,0.148255229,0.14756541,0.146802336,0.145769939,0.144644097,0.143763363,0.143299878,0.1434744,0.14444989,0.146372438,0.149366126,0.153516069,0.158860564,0.165413678,0.17287159,0.180968717,0.18943572,0.197983921,0.206291571,0.213850111,0.22036621,0.225860581,0.231202304,0.237474918,0.245399937,0.255628198,0.268288404,0.282668352,0.298312128,0.314200252,0.329160273,0.342793882,0.354450226,0.363813639,0.37059176,0.375416696,0.378822208,0.380894482,0.382035434,0.382782847,0.383456528,0.383301973,0.382285774,0.380565524,0.378361583,0.375951529,0.373569071,0.371154636,0.368578941,0.36582762,0.36289227,0.360432923,0.358067274,0.355860859,0.354129225,0.352884948,0.351822943,0.350692123,0.349608243,0.348240316,0.347117901,0.34607634,0.344891638,0.343495697,0.341820449,0.339773268,0.33713007,0.334294081,0.331275255,0.328401029,0.325413525,0.322420865,0.319832742,0.31739521,0.315208435,0.31332022,0.311889172,0.310437918
BarleyWholePerten0108,Perten_DA7200,barley,Unknown,Croatia,0,11.64000034,9.744227409,0.08124654,0.082398489,0.084260121,0.086422995,0.088879615,0.091303825,0.093289241,0.094544038,0.095005848,0.094726764,0.093968906,0.092887402,0.091579929,0.090085238,0.088395022,0.086635605,0.084799208,0.082964964,0.081238546,0.079638921,0.078122787,0.076595634,0.075056419,0.07353203,0.072085992,0.070795447,0.069693923,0.068715341,0.067902103,0.067301303,0.06686455,0.066596396,0.066499487,0.066818759,0.067645527,0.06941247,0.072792843,0.078151956,0.085310467,0.093769319,0.103009306,0.112200983,0.120303802,0.127178386,0.133011371,0.13797015,0.142762095,0.147353202,0.15128544,0.154110447,0.155768871,0.15626213,0.155542389,0.153473616,0.150215626,0.146453306,0.142819703,0.139568225,0.13679871,0.134597242,0.132904619,0.131588668,0.130573824,0.129765272,0.129013524,0.128132775,0.127084002,0.12602587,0.125163004,0.124732263,0.124881424,0.125673398,0.127264708,0.129747644,0.133294821,0.137920886,0.143583983,0.150088832,0.157199875,0.164652288,0.172089428,0.179331511,0.186200231,0.192236647,0.197357148,0.202217355,0.208230481,0.216296792,0.227022186,0.240453377,0.25593394,0.272913873,0.290332407,0.306989998,0.322162986,0.3350164,0.345253557,0.352725327,0.357797921,0.361118585,0.363112241,0.364312589,0.365156502,0.365556806,0.365027785,0.363697231,0.361571461,0.358894497,0.3560673,0.353067845,0.349998176,0.34676075,0.343529582,0.340140551,0.336994737,0.334099054,0.331660122,0.32957387,0.327887058,0.326310992,0.324812144,0.323413312,0.32193777,0.320488513,0.318949401,0.317419946,0.315733999,0.313671529,0.311128438,0.308016628,0.304670364,0.301127911,0.297555536,0.294106782,0.290751785,0.287668109,0.284817457,0.282299817,0.280009449,0.278166205,0.276860833
BarleyWholePerten0109,Perten_DA7200,barley,Unknown,Croatia,0,10.25,13.12534809,0.089792602,0.091172963,0.093380861,0.096081004,0.099186331,0.102274992,0.104925521,0.106732667,0.107607119,0.107713394,0.107196488,0.106284961,0.105106346,0.10364607,0.101978667,0.100158684,0.098230086,0.096314386,0.094421215,0.092643514,0.090975486,0.089228816,0.087572329,0.085898019,0.084283441,0.082868516,0.081595019,0.080571801,0.079724528,0.079091303,0.078670815,0.078420259,0.078429356,0.078856766,0.079912081,0.08213111,0.086243607,0.092698515,0.101098813,0.110812023,0.121269785,0.131664708,0.140985295,0.149059922,0.155951768,0.161770389,0.16727306,0.172412008,0.176717266,0.179722592,0.181457326,0.182006732,0.181262255,0.179058179,0.175624609,0.171667859,0.167840004,0.16445978,0.161626577,0.159380466,0.157667011,0.156403959,0.155447766,0.154734731,0.154057995,0.153251961,0.152192786,0.151108488,0.150183946,0.149682105,0.14985159,0.150704712,0.152436137,0.155086264,0.158836097,0.163726077,0.169676721,0.176507205,0.183921576,0.191659018,0.199304968,0.206725568,0.213684067,0.219686896,0.224741682,0.229455009,0.234983861,0.242233738,0.251808494,0.263547748,0.276902676,0.291431665,0.30624184,0.320390612,0.333405852,0.344599247,0.353777826,0.360705972,0.365568578,0.368913144,0.371120125,0.372652173,0.373711675,0.374401838,0.374333173,0.37348935,0.372009486,0.37016499,0.368128777,0.365904987,0.363511264,0.360981971,0.358441472,0.355763793,0.353295326,0.35099259,0.349125058,0.347484767,0.346180707,0.344971657,0.343773305,0.342639655,0.341451198,0.340390593,0.339341432,0.338239282,0.337008745,0.335410684,0.333412349,0.330911249,0.328154206,0.325267136,0.322500825,0.319753319,0.317049503,0.314505816,0.312105298,0.309965789,0.307965279,0.306416214,0.305334687
BarleyWholePerten0110,Perten_DA7200,barley,Unknown,Croatia,0,11.18000031,10.96599865,0.185309321,0.185577616,0.186496317,0.187825099,0.189411506,0.191063538,0.192475393,0.193138972,0.193164572,0.192642033,0.191754639,0.190457121,0.188955829,0.187310427,0.18548125,0.183501735,0.181492135,0.179471329,0.177489057,0.17558229,0.173760831,0.17192173,0.170034409,0.168147802,0.16634652,0.164721414,0.163152963,0.161751032,0.160504073,0.159399197,0.158404499,0.157614678,0.156970352,0.15669775,0.15683645,0.157737851,0.159940064,0.163814053,0.169282407,0.17589578,0.183316827,0.19091697,0.197989002,0.204075769,0.20912607,0.213537008,0.21778281,0.221805871,0.225165889,0.227406487,0.228516549,0.228522271,0.227355868,0.224803731,0.221117348,0.21702002,0.21301809,0.209440962,0.206438541,0.203940243,0.201893568,0.200254425,0.198857874,0.197678179,0.19654423,0.195270777,0.193818495,0.192296132,0.190940261,0.189955875,0.189483777,0.189624175,0.19049257,0.192200735,0.194942743,0.198684976,0.203457996,0.209122375,0.215397,0.221995652,0.228776127,0.235467419,0.241669223,0.247093931,0.251666874,0.256007373,0.261222631,0.268165171,0.277518392,0.289363921,0.303169519,0.318685949,0.3347767,0.35032317,0.364955306,0.377648145,0.387999773,0.395757943,0.401173443,0.40470621,0.406989127,0.408415288,0.40928629,0.409653068,0.409285724,0.408097148,0.406246394,0.403964907,0.401416987,0.398690045,0.395653367,0.39249596,0.389324427,0.386023819,0.383004308,0.380230546,0.377830267,0.37573275,0.374050617,0.37254101,0.370967925,0.369608343,0.3681705,0.366756618,0.365258157,0.363743156,0.361998588,0.35991019,0.357455999,0.354494125,0.351177365,0.347553194,0.343999952,0.340488523,0.337189406,0.33392778,0.330927104,0.328158468,0.325623304,0.323712945,0.322255939
BarleyWholePerten0111,Perten_DA7200,barley,Unknown,Croatia,0,12.55000019,12.95597458,0.166964993,0.167839482,0.16922155,0.170931295,0.172916427,0.174800366,0.176306009,0.177104697,0.177164361,0.176565304,0.175571278,0.174191445,0.172561094,0.170835421,0.168880746,0.166782096,0.16462633,0.1624856,0.160408363,0.158395827,0.156532139,0.154626861,0.152687714,0.150779143,0.148989245,0.147381142,0.145897508,0.144591704,0.143466607,0.142573938,0.141878724,0.141392723,0.141094074,0.141264156,0.14195028,0.143515423,0.146656692,0.151799947,0.158785015,0.167071745,0.175988361,0.184882119,0.192909479,0.199659482,0.205212012,0.209994689,0.214510471,0.218782827,0.222363696,0.224785686,0.226070106,0.226220191,0.225182816,0.222745985,0.219168603,0.215114802,0.211141601,0.207644701,0.20466058,0.202199534,0.200190991,0.198623836,0.197331995,0.196332648,0.195408657,0.194300279,0.193079442,0.191849157,0.190784141,0.190166026,0.190175653,0.19085978,0.192337945,0.194767892,0.198280409,0.202845067,0.208494708,0.215043485,0.222065568,0.229381666,0.236720502,0.243875012,0.250502229,0.256317198,0.261327118,0.266185492,0.272177666,0.280176669,0.29071945,0.303796887,0.318627596,0.33467871,0.350953162,0.36631453,0.38028273,0.392215967,0.401671946,0.408571959,0.413381934,0.416405499,0.418236256,0.419407487,0.420014918,0.420193285,0.419681281,0.418315262,0.416205108,0.41370979,0.411071271,0.408209503,0.405156523,0.401914537,0.398667514,0.395395905,0.392387807,0.389544189,0.387125343,0.385028869,0.383178443,0.38162759,0.380021662,0.378566265,0.376980513,0.375460118,0.373890072,0.372361362,0.370699465,0.368699551,0.366295725,0.363434911,0.36019066,0.356823951,0.353473723,0.350173712,0.347086012,0.344069183,0.341351926,0.338736534,0.336445123,0.334608883,0.333338112
BarleyWholePerten0112,Perten_DA7200,barley,Unknown,Croatia,0,10.61999989,13.05661201,0.157186359,0.157836586,0.159118623,0.160825104,0.162719145,0.164651409,0.166215286,0.167031348,0.167146757,0.166598916,0.16563572,0.164320305,0.162840337,0.161138922,0.159256771,0.157286927,0.155288339,0.153262168,0.151225895,0.149319917,0.14747487,0.145668015,0.143861249,0.142089456,0.140429601,0.138872981,0.137413546,0.136186436,0.135100633,0.134183765,0.133465886,0.132960007,0.132699326,0.132797271,0.133431107,0.135093436,0.138374507,0.143537253,0.150309265,0.158205792,0.166818857,0.175299436,0.182940066,0.189344868,0.194495872,0.19893989,0.203213453,0.207227305,0.21049571,0.212624714,0.213726595,0.213773623,0.212724656,0.210449398,0.206990793,0.203125939,0.199403763,0.196038306,0.193122849,0.190704137,0.188758314,0.187227383,0.186000571,0.184986264,0.183976471,0.182861492,0.181557998,0.180180192,0.179043546,0.178300232,0.178192064,0.178697929,0.1799514,0.182150081,0.185256019,0.189378575,0.194448978,0.200393006,0.206968114,0.213843927,0.220668361,0.227326796,0.233575329,0.238965288,0.243485704,0.247638419,0.252863526,0.259958148,0.269380719,0.281133175,0.294641823,0.309367269,0.324399263,0.338635236,0.351415008,0.362297088,0.370866984,0.37703681,0.381058157,0.383492678,0.384904057,0.385819703,0.386355013,0.38642323,0.385736644,0.38440302,0.382382721,0.380074441,0.377566278,0.374720216,0.371793091,0.368677408,0.365502566,0.362288296,0.359234124,0.356467128,0.354091913,0.352095068,0.350331515,0.348689973,0.347125471,0.345469922,0.343828559,0.342248768,0.340742618,0.339157939,0.337545693,0.335445881,0.332977831,0.330015749,0.326827586,0.323493451,0.320212811,0.317073673,0.314039469,0.311377436,0.308692992,0.306326509,0.304409802,0.302889347,0.301745057
BarleyWholePerten0113,Perten_DA7200,barley,Unknown,Croatia,0,12.63000011,13.17385864,0.174741134,0.175165758,0.176263541,0.177687526,0.179317728,0.181004122,0.182302862,0.182997152,0.183018863,0.182429269,0.181431815,0.180099592,0.178606823,0.176883802,0.175031468,0.17300652,0.170968086,0.168860868,0.166795969,0.164785862,0.162858456,0.160983235,0.159032747,0.157110423,0.155331746,0.15362896,0.152022213,0.150602505,0.149330169,0.148221359,0.147273511,0.146467567,0.145914301,0.145602256,0.145810455,0.146848038,0.149380699,0.153761238,0.159741759,0.166882947,0.174670145,0.182429642,0.189447835,0.195395395,0.200261608,0.204464406,0.208535239,0.212302625,0.21530579,0.217167795,0.217906281,0.217542872,0.216032773,0.213276282,0.209469274,0.205359861,0.20138067,0.197829902,0.194819599,0.192348421,0.19024843,0.188603386,0.187239423,0.186043158,0.184886113,0.183588862,0.182121694,0.180571437,0.179255337,0.178338647,0.178029805,0.178341195,0.179393947,0.181260675,0.18405889,0.187877953,0.192641288,0.198261559,0.204489693,0.211088151,0.217697784,0.224190757,0.230288401,0.235491455,0.239891157,0.244053543,0.249350816,0.25644806,0.265814841,0.277646512,0.291294605,0.306227446,0.321589679,0.336303741,0.349680066,0.361086309,0.370185226,0.376853883,0.381302863,0.384033412,0.385590911,0.386542261,0.38710323,0.387157142,0.386512786,0.385140955,0.383024812,0.380556852,0.377901614,0.374913424,0.371902585,0.368671507,0.365454137,0.362147987,0.359088272,0.356276363,0.353822857,0.351710349,0.349889547,0.348203152,0.346535474,0.34484753,0.343157947,0.341612637,0.340029925,0.338398755,0.336662322,0.33448121,0.331798047,0.328736991,0.325388938,0.322010458,0.318510592,0.31526354,0.312102884,0.309120297,0.306267977,0.303721756,0.301431835,0.299784958,0.298363537
BarleyWholePerten0114,Perten_DA7200,barley,Unknown,Croatia,0,11.77000046,13.9068346,0.120615259,0.122332729,0.12516351,0.12835747,0.13186805,0.135385618,0.138277903,0.140142873,0.141036451,0.141039521,0.14037016,0.139294833,0.13790904,0.136267617,0.134366989,0.132277951,0.130119652,0.127898514,0.125722736,0.123643279,0.121658877,0.119770542,0.11776454,0.115871169,0.114130013,0.112533487,0.111059509,0.109849602,0.108886831,0.108158097,0.107690677,0.107511036,0.107655518,0.108241975,0.109597281,0.112249039,0.117098279,0.124472342,0.133950055,0.144670069,0.156089246,0.167193532,0.177142367,0.185565993,0.192340463,0.198209778,0.203801319,0.208999038,0.213148207,0.215911552,0.217286959,0.217441276,0.216189161,0.213409111,0.209315181,0.204822898,0.200498045,0.196646214,0.193424225,0.190871805,0.188762263,0.187194929,0.186013609,0.18504101,0.184112027,0.182985604,0.181665659,0.18029505,0.179163992,0.178548381,0.178622022,0.179494754,0.181258097,0.184068665,0.188015834,0.19311823,0.199359193,0.206544891,0.214344457,0.222519845,0.230526164,0.238276854,0.245470971,0.25166291,0.256904185,0.261793494,0.267738968,0.275636435,0.285879463,0.298525453,0.312698722,0.327842057,0.34298715,0.357192278,0.369916588,0.380633831,0.389202476,0.395472109,0.399630308,0.402267367,0.403863043,0.404889524,0.405668318,0.405867755,0.405398578,0.4042193,0.402407914,0.400169671,0.397818297,0.395107508,0.392436892,0.389481485,0.386566103,0.383570135,0.380797088,0.378175169,0.375947595,0.374037057,0.372404933,0.37083894,0.369356811,0.367832243,0.366349131,0.365008354,0.363647521,0.362243682,0.360824198,0.358906806,0.3565965,0.353876114,0.35098064,0.347977549,0.344910502,0.341961682,0.339138985,0.336540252,0.334021121,0.331800431,0.329965651,0.328548521,0.327400446
BarleyWholePerten0115,Perten_DA7200,barley,Unknown,Sweden,2011,15.80000019,9.399999619,0.226979002,0.227241993,0.228095993,0.229209006,0.230281994,0.231371999,0.232121006,0.232268006,0.231860995,0.231022,0.229728997,0.228091002,0.226324007,0.224393994,0.222290993,0.220096007,0.217877001,0.215682,0.213511005,0.211366996,0.209283993,0.207270995,0.205314994,0.203342006,0.201438993,0.199682996,0.198004007,0.196430996,0.194991007,0.193693996,0.192564994,0.191551,0.190695003,0.190050006,0.189885005,0.190466002,0.192243993,0.195741996,0.200937003,0.207461998,0.214675993,0.221878007,0.228286997,0.233458996,0.237554997,0.240987003,0.244305998,0.247477993,0.250075996,0.251776993,0.252490014,0.252157003,0.250732988,0.248148993,0.244586006,0.240620002,0.236739993,0.233172998,0.230124995,0.227501005,0.225323007,0.223496005,0.221870005,0.220450997,0.219088003,0.217582002,0.215984002,0.214397997,0.213009998,0.212027997,0.211634994,0.211875007,0.212886006,0.214734003,0.217519999,0.221269995,0.225980997,0.231438994,0.237457007,0.243736997,0.249922007,0.25592199,0.261613995,0.266584992,0.270812005,0.27493301,0.280604005,0.288396001,0.299091011,0.312985987,0.329055011,0.346459001,0.364006013,0.380421013,0.39507699,0.40744099,0.417138994,0.424106985,0.428609997,0.431252986,0.432718009,0.433450997,0.433697999,0.433447987,0.432359994,0.430200011,0.427242994,0.423774004,0.420051009,0.416143,0.41218099,0.408154994,0.404080004,0.400023013,0.396117002,0.392601013,0.389600009,0.386889011,0.384489,0.38233,0.380196989,0.378060013,0.375939995,0.373874009,0.37183699,0.369819999,0.367693007,0.36530599,0.362406999,0.359151006,0.355553001,0.351819992,0.34799999,0.344359011,0.340817988,0.337422013,0.334226996,0.331335992,0.328731,0.326611012,0.325134993
BarleyWholePerten0116,Perten_DA7200,barley,Unknown,Sweden,2011,14.69999981,8.600000382,0.186399996,0.186836004,0.187971994,0.189410999,0.191010997,0.192592993,0.193822995,0.194325,0.194221005,0.193541005,0.192410007,0.190924004,0.189237997,0.187362999,0.185332,0.183200002,0.181039006,0.178893,0.176798001,0.174752995,0.172757998,0.170813993,0.168938994,0.167034999,0.165234998,0.163571999,0.162008002,0.160607994,0.159339994,0.158202007,0.157273993,0.156443,0.155809,0.155423999,0.155543998,0.156479999,0.158752993,0.162870005,0.168785006,0.176085994,0.184102997,0.192091003,0.199310005,0.205268994,0.210056007,0.214182004,0.218179002,0.222029999,0.225226,0.227391005,0.228423998,0.228341997,0.227056995,0.224463999,0.220778003,0.216665,0.212683007,0.209075004,0.206017003,0.203456998,0.201414004,0.199757993,0.198296994,0.197032005,0.195824996,0.194461003,0.192968994,0.191459999,0.190151006,0.189233005,0.188886002,0.189209998,0.190288007,0.192232996,0.195123002,0.199018002,0.203913003,0.209604994,0.215911001,0.222521007,0.229083002,0.235492006,0.241531,0.246776,0.251248002,0.255558014,0.261177987,0.268783003,0.279179007,0.292641997,0.308254004,0.325347006,0.34276101,0.359261006,0.374085009,0.386709988,0.396679997,0.403961986,0.408764988,0.411657989,0.413385004,0.414328009,0.41475299,0.414692015,0.413841009,0.411969006,0.409377992,0.406342,0.403008014,0.399466991,0.39587599,0.392228991,0.388521999,0.384862006,0.381309003,0.378082007,0.375348985,0.372905999,0.370759994,0.368865997,0.366975993,0.365108013,0.363254011,0.361436993,0.359654009,0.357805997,0.355870009,0.353583992,0.350813001,0.34770599,0.344289005,0.340682,0.33702901,0.333483011,0.330029011,0.326709986,0.323545009,0.320672989,0.318163991,0.316085994,0.314599007
BarleyWholePerten0117,Perten_DA7200,barley,Unknown,US,2009,11.83300018,14.10958958,0.168218002,0.169506297,0.172313303,0.176280707,0.181072593,0.186281994,0.191015303,0.194188595,0.195784301,0.196036801,0.195150107,0.193654195,0.191393897,0.188817799,0.185985699,0.182690695,0.179192305,0.175610304,0.172184199,0.168903098,0.1656795,0.162612006,0.159471393,0.156347305,0.153433994,0.150688797,0.148411304,0.146254703,0.144483507,0.143197104,0.142283201,0.141684502,0.141374007,0.141667098,0.142958596,0.1460796,0.1524055,0.163020805,0.177210406,0.194064096,0.212490305,0.231321305,0.249474898,0.265713513,0.279702604,0.292336196,0.304427505,0.315916002,0.325462699,0.332062692,0.335431099,0.335749894,0.332943887,0.326718301,0.318054497,0.308727592,0.29994899,0.292498201,0.286462188,0.28174609,0.278373092,0.275852412,0.273966491,0.272391409,0.27090919,0.269167006,0.266982913,0.26471749,0.262566686,0.261251599,0.260997206,0.262102902,0.26481089,0.269301087,0.275900513,0.284659505,0.2956599,0.308718592,0.323068589,0.338368595,0.3539491,0.369383186,0.383987486,0.396789193,0.408241898,0.419204205,0.431411386,0.446895897,0.467050612,0.491975606,0.52034539,0.55151999,0.58335191,0.613409221,0.639867485,0.662309229,0.679750919,0.692939222,0.702304006,0.708990097,0.713582397,0.716424525,0.719036281,0.720286012,0.720769882,0.719935179,0.718759179,0.717051089,0.714700997,0.712292314,0.709284186,0.706237316,0.70306617,0.700042188,0.696906328,0.694051087,0.691982806,0.689552188,0.68776238,0.686171174,0.684803128,0.683615387,0.682276785,0.680933476,0.679430425,0.677618384,0.675319195,0.672390282,0.668639123,0.664394915,0.659799993,0.65452683,0.649755299,0.644296885,0.639199495,0.63450861,0.62927258,0.624798417,0.62004292,0.616326511,0.61264652
BarleyWholePerten0118,Perten_DA7200,barley,Unknown,US,2009,12.54899979,15.70250988,0.191004604,0.193806201,0.198450804,0.204402894,0.211292297,0.218480006,0.225026801,0.229617402,0.232474998,0.233626798,0.233289897,0.232208207,0.230359897,0.227994099,0.225132003,0.221578002,0.217937902,0.214061096,0.210371405,0.206735894,0.203168407,0.199794307,0.1962782,0.192857206,0.189670906,0.186649397,0.184252903,0.181916595,0.1802717,0.178988099,0.178173199,0.177748501,0.177640706,0.178328097,0.180011705,0.183991596,0.191968694,0.205049306,0.222593799,0.242892906,0.264942586,0.287404895,0.3091878,0.329051912,0.346271813,0.361809313,0.376503915,0.390403986,0.401675701,0.409267485,0.413008303,0.412959993,0.409273893,0.401584297,0.390933693,0.379724294,0.369256586,0.360445201,0.353413612,0.347948313,0.344008595,0.341098011,0.33903259,0.337347597,0.3357099,0.333842009,0.33135429,0.328804702,0.32639119,0.32498169,0.324786514,0.326140106,0.329466313,0.334906191,0.342855185,0.353279889,0.366273314,0.381813288,0.398809791,0.416908711,0.435384899,0.453644186,0.470937789,0.485992014,0.499715298,0.512782872,0.527186513,0.545668721,0.569376171,0.598507285,0.631051302,0.666277587,0.701427221,0.733839214,0.76175499,0.784453273,0.802219808,0.815066516,0.824548483,0.831402481,0.836014092,0.839240193,0.841717005,0.843402624,0.8439641,0.843928814,0.842822015,0.841855288,0.840060175,0.838243902,0.836046279,0.833026528,0.830838978,0.827741325,0.825382471,0.822672308,0.821268022,0.818503916,0.816572785,0.815271914,0.813833773,0.812587082,0.811204791,0.810354829,0.809018374,0.807148993,0.804952622,0.801954925,0.798634529,0.794691026,0.790006518,0.784846127,0.779775918,0.77506721,0.769707978,0.76492238,0.759761691,0.755209386,0.750344575,0.746386588,0.743008971
BarleyWholePerten0119,Perten_DA7200,barley,Unknown,US,2009,12.5170002,16.08197975,0.186522707,0.189077407,0.193208799,0.198859796,0.205429807,0.212097496,0.218464196,0.2227467,0.225418404,0.226367503,0.225941196,0.224923506,0.222822204,0.220588803,0.217769504,0.214299798,0.210834995,0.206882402,0.203283206,0.199711606,0.196183398,0.192914099,0.189421505,0.186120406,0.182923406,0.180023804,0.177644894,0.175326794,0.173679501,0.172331601,0.171518505,0.171102196,0.170930207,0.171571896,0.173171893,0.177041307,0.184779495,0.197395399,0.214321494,0.233920604,0.255207896,0.276930302,0.298050791,0.317308992,0.333873898,0.3489649,0.363217801,0.376601785,0.387600809,0.394802094,0.398413599,0.398339391,0.394768089,0.387373686,0.376991391,0.366253287,0.355985493,0.347450197,0.340634614,0.33526361,0.331493497,0.328571707,0.326624006,0.324894697,0.323395014,0.321588904,0.319090009,0.316708088,0.314272791,0.3129237,0.312656611,0.314004004,0.317277104,0.322502703,0.330279887,0.340328097,0.352979511,0.367968112,0.384425491,0.402055591,0.419865787,0.437723607,0.454439998,0.469111711,0.482570797,0.495142907,0.509237588,0.526993811,0.550173223,0.578381777,0.610174477,0.644737482,0.679017901,0.711382628,0.738612473,0.761587203,0.779357493,0.792187393,0.801925778,0.808319688,0.813615322,0.816499472,0.819148421,0.821180821,0.821152329,0.821499884,0.820030212,0.819289029,0.817198396,0.815390289,0.813115478,0.810087681,0.808135629,0.804755986,0.80263108,0.799506187,0.797966778,0.795320809,0.793300211,0.792603076,0.790351272,0.789783895,0.788312316,0.787239075,0.785808027,0.783664525,0.781591773,0.778439403,0.775590777,0.771002173,0.766661882,0.761832118,0.756936908,0.751828671,0.746242583,0.742083311,0.736065388,0.732469082,0.727133513,0.72324872,0.720134914
BarleyWholePerten0120,Perten_DA7200,barley,Unknown,US,2009,12.71800041,15.9127903,0.188417196,0.191007406,0.195448205,0.201166496,0.207727194,0.2145814,0.220807999,0.225243807,0.227854997,0.228802696,0.228451103,0.227304205,0.2253557,0.223012298,0.220087603,0.216687605,0.212981105,0.209170297,0.205497503,0.201865107,0.198306099,0.194966897,0.191569701,0.188142598,0.184977293,0.182043001,0.179552406,0.177360103,0.175612494,0.1743204,0.173574403,0.173098207,0.173079997,0.173626199,0.175302103,0.179252505,0.187052399,0.199939698,0.217003495,0.236889601,0.258397013,0.280339092,0.301607698,0.320858985,0.337581486,0.352632493,0.366939694,0.380432189,0.391401291,0.398661196,0.402218312,0.402188987,0.39853099,0.391059607,0.380765587,0.369844586,0.359610885,0.35104841,0.344147503,0.338822186,0.335076392,0.332189411,0.330143601,0.328530401,0.326884091,0.325090587,0.322704285,0.320237488,0.317894399,0.316491306,0.316325605,0.317659587,0.320959806,0.326305091,0.334015787,0.344212413,0.356989592,0.372042686,0.388630301,0.406259805,0.424203008,0.442029506,0.458817989,0.47355029,0.486773402,0.499635905,0.513727129,0.531764686,0.555093527,0.583591282,0.615707994,0.650269806,0.685124397,0.71690619,0.744785607,0.767468274,0.785036326,0.798153579,0.807492673,0.814448476,0.819111586,0.822357714,0.824696124,0.826396525,0.827097178,0.826554894,0.825755477,0.824443877,0.822728992,0.820582688,0.818178594,0.815334916,0.812860727,0.809862614,0.807069004,0.804438114,0.802782416,0.800027311,0.798036516,0.796667576,0.795111477,0.793920815,0.792613328,0.791576386,0.79001528,0.788185418,0.785898686,0.782813191,0.779541671,0.77517581,0.770743191,0.765419483,0.760694921,0.755508423,0.750150502,0.745369315,0.7402336,0.735623419,0.730803073,0.726831913,0.723106623
BarleyWholePerten0121,Perten_DA7200,barley,Unknown,US,2009,12.26099968,15.85840034,0.192469895,0.194452301,0.198255003,0.203465998,0.209542707,0.216088295,0.221850902,0.225938201,0.228471905,0.229368806,0.228995904,0.227730006,0.225863904,0.2235654,0.220701098,0.217431799,0.213744998,0.210094094,0.206505597,0.202984199,0.199614793,0.196215302,0.192928806,0.189572007,0.186510801,0.183705598,0.181187496,0.179042593,0.177155003,0.175895199,0.175001502,0.174470201,0.174346402,0.174743697,0.176324606,0.179951504,0.187243104,0.199334696,0.215403706,0.234126404,0.254583299,0.275537103,0.295801401,0.314347506,0.330376089,0.344874889,0.358608186,0.371560991,0.382041991,0.389125913,0.392601699,0.392632306,0.389137894,0.381997496,0.372260392,0.361687809,0.351978391,0.343728989,0.336997211,0.331927806,0.32817471,0.325495988,0.323501498,0.321818203,0.320298493,0.318504989,0.316205114,0.313658595,0.311407685,0.309921503,0.309586108,0.310815692,0.313766986,0.318833411,0.326041997,0.335639089,0.347788513,0.362072289,0.378052592,0.394812614,0.412021697,0.429201186,0.445272386,0.4594194,0.472000986,0.48412171,0.497356415,0.514150083,0.536043584,0.562737882,0.593189716,0.625945926,0.659416318,0.690300822,0.717170417,0.739405572,0.756625772,0.769730926,0.778963924,0.785570681,0.790221512,0.793222785,0.796142519,0.797511816,0.798005819,0.797712624,0.796664119,0.795330524,0.793791115,0.791535676,0.788865626,0.786371291,0.783585429,0.78076601,0.778274715,0.775458694,0.773601413,0.771179915,0.769353271,0.767829299,0.766542375,0.765235603,0.76392889,0.763064683,0.761429012,0.759571195,0.757449389,0.754393399,0.75111568,0.747267425,0.742890298,0.737800121,0.7330603,0.72783041,0.722783923,0.71805501,0.712669909,0.708397627,0.704034329,0.699915707,0.69636631
BarleyWholePerten0122,Perten_DA7200,barley,Unknown,US,2009,11.89999962,16.01930046,0.193856597,0.196086496,0.200041995,0.205352306,0.211408302,0.2179607,0.223762006,0.227941394,0.230330497,0.231029704,0.230604693,0.229365394,0.227364793,0.224985704,0.222066701,0.218770206,0.215012297,0.211311907,0.207717404,0.204124495,0.200702205,0.197324604,0.194077805,0.190720499,0.187586606,0.184772804,0.182203293,0.180098295,0.178329706,0.177003905,0.176213399,0.175684899,0.175559104,0.176067099,0.177701399,0.181375697,0.188778803,0.201019898,0.217355505,0.236284405,0.256914109,0.277926892,0.298088402,0.316537887,0.332327604,0.346717,0.360272914,0.373079389,0.383576304,0.390449196,0.393952906,0.393788308,0.390316188,0.383228988,0.373562098,0.363160789,0.353499502,0.345311493,0.338647604,0.333582014,0.329827786,0.327147514,0.325149685,0.323508501,0.321985185,0.320186287,0.317902803,0.315395713,0.313195497,0.311745286,0.311491698,0.312814087,0.315790087,0.320962101,0.328269303,0.338006288,0.350200713,0.364574403,0.38065961,0.397526801,0.414772391,0.431908399,0.447927892,0.462057591,0.474605888,0.486665785,0.500081122,0.516992629,0.538998723,0.565900922,0.596108079,0.62865901,0.661235511,0.691340089,0.717586517,0.738794625,0.755498707,0.767796397,0.776813209,0.783179224,0.787425876,0.790364623,0.792605877,0.794341087,0.794695377,0.794351995,0.793402612,0.791879296,0.790683091,0.788306117,0.785805881,0.78338939,0.780390084,0.777792096,0.775167584,0.772549689,0.770648181,0.768386424,0.76670748,0.765295327,0.763714314,0.762372017,0.761160612,0.760147393,0.758710921,0.756814778,0.754839003,0.751773179,0.748541176,0.744574428,0.740261793,0.735131204,0.730495811,0.725508094,0.720577776,0.716606319,0.710575521,0.706545472,0.702291608,0.698361099,0.695313573
BarleyWholePerten0123,Perten_DA7200,barley,Unknown,US,2009,12.14999962,13.76436996,0.173813,0.174784794,0.177143693,0.180752605,0.185310602,0.190002397,0.194390997,0.197346598,0.198939294,0.199091807,0.198190704,0.196611598,0.194461599,0.191765606,0.188880906,0.185497701,0.182018101,0.178475305,0.175022602,0.171745896,0.168509096,0.165424302,0.162318602,0.159189403,0.156318903,0.153603897,0.151199907,0.149068698,0.147302404,0.145898596,0.144958705,0.144199297,0.143906996,0.144095093,0.145249501,0.1482068,0.154267296,0.164468095,0.178220496,0.194548607,0.212563098,0.231083497,0.248859897,0.26486209,0.278485388,0.290864199,0.302689195,0.313919306,0.323287189,0.32975781,0.333158314,0.333487511,0.330876201,0.32490769,0.316533297,0.307455093,0.298900902,0.291691601,0.2858015,0.281258702,0.277969599,0.275517494,0.273672611,0.272127092,0.270632714,0.268903792,0.266749293,0.26448679,0.262439311,0.261128008,0.260855913,0.261930913,0.264544398,0.268939495,0.275330901,0.28383401,0.294547707,0.30722931,0.321203589,0.335967302,0.351025701,0.366068691,0.38010481,0.392561615,0.40353629,0.414003909,0.4256576,0.440347314,0.45973891,0.483367592,0.510672689,0.54032588,0.57085371,0.599779725,0.625234425,0.646747172,0.663569629,0.676609278,0.685901225,0.692533314,0.697106481,0.700013518,0.70255357,0.70388639,0.704404116,0.703854084,0.702715397,0.700749576,0.698806286,0.696328521,0.693330228,0.690645814,0.687362075,0.684425414,0.681634784,0.678874016,0.67675668,0.674306393,0.672852576,0.671518087,0.670089424,0.668945015,0.667380571,0.666378379,0.664746821,0.663006425,0.661001027,0.657916784,0.654754698,0.650713027,0.646513879,0.641424775,0.636970282,0.63182348,0.627052784,0.622783184,0.617469192,0.613601923,0.609012723,0.605714321,0.602064192
BarleyWholePerten0124,Perten_DA7200,barley,Unknown,US,2009,12.53899956,16.17749977,0.197791904,0.199973702,0.203805193,0.208866701,0.2147993,0.220992595,0.226416394,0.230442196,0.232472405,0.233141795,0.232575998,0.2311932,0.229316697,0.226815596,0.223889798,0.220582306,0.216877103,0.213302001,0.209620401,0.2062428,0.202799901,0.199467704,0.196301699,0.192966104,0.189999104,0.187127098,0.184669897,0.182579398,0.180781797,0.179554403,0.178706393,0.178315699,0.178225994,0.1786993,0.180279493,0.183858797,0.191120997,0.203089297,0.219036505,0.237547502,0.257665306,0.27821371,0.297705412,0.315444112,0.330668896,0.344378412,0.357464612,0.369609386,0.379743695,0.386366487,0.389745802,0.389739007,0.386349112,0.379650891,0.37030071,0.360326409,0.351042688,0.343082309,0.336695105,0.331753194,0.328169614,0.325532585,0.32351929,0.322002798,0.320462614,0.318776488,0.316597194,0.314159513,0.312135011,0.310774893,0.310616404,0.311926305,0.314913601,0.320013791,0.32713449,0.336755008,0.348577499,0.362622887,0.37818861,0.394512385,0.411169112,0.427705497,0.443222702,0.456727088,0.468829393,0.480498195,0.493524611,0.51013428,0.531571925,0.557718813,0.587119222,0.618725181,0.650130987,0.679325819,0.704382479,0.724921882,0.740904093,0.752682626,0.761355281,0.767282009,0.771360278,0.773983896,0.776006103,0.777658105,0.777682126,0.777144015,0.776087105,0.774462581,0.772906005,0.770330608,0.767707527,0.765066087,0.762071788,0.75926578,0.756573618,0.753958225,0.752023697,0.749678373,0.747886777,0.746701598,0.745001018,0.743819475,0.742208779,0.74101609,0.739848018,0.737745583,0.736074328,0.732646585,0.729604423,0.725839794,0.721516907,0.716763914,0.711495578,0.707226872,0.702034116,0.697936297,0.692539513,0.688510001,0.684457302,0.680551291,0.677295983
BarleyWholePerten0125,Perten_DA7200,barley,Unknown,US,2009,11.7670002,11.54216957,0.156989798,0.159162894,0.163113996,0.168245897,0.174323499,0.180785596,0.186437294,0.190404698,0.192657903,0.193319693,0.192799106,0.191425607,0.189426497,0.186967403,0.184165895,0.181018502,0.177615598,0.174180701,0.170888603,0.167756304,0.164761603,0.1618516,0.158886403,0.155978605,0.153214499,0.150604397,0.148310602,0.146287307,0.144612595,0.143303707,0.142444402,0.141808301,0.141497493,0.141797707,0.143006995,0.146048203,0.152296096,0.162872002,0.177216098,0.194250301,0.212972194,0.232101098,0.250306785,0.266650498,0.280670285,0.293487996,0.305960387,0.317902088,0.328072995,0.335147291,0.339013696,0.339568198,0.336734504,0.330383003,0.321399689,0.311708391,0.302577913,0.294802696,0.28855589,0.283789307,0.280361503,0.277866513,0.275913,0.274320096,0.272631586,0.270673007,0.268390805,0.265895814,0.263720512,0.262198895,0.261804104,0.26278159,0.265275002,0.269734591,0.276274413,0.285094887,0.296173006,0.309305012,0.324017912,0.339470804,0.355459213,0.371394903,0.386246413,0.399456799,0.411098808,0.422431886,0.434977591,0.450652003,0.471361011,0.496905893,0.526701212,0.559600174,0.593885005,0.627019525,0.656609178,0.681640923,0.701551378,0.716551006,0.727235615,0.734761596,0.739957511,0.743054688,0.745670795,0.747057796,0.74740243,0.746738195,0.745339513,0.743121624,0.740670204,0.737629414,0.73442483,0.731129706,0.727555275,0.724204481,0.721041083,0.71806097,0.715604127,0.713153184,0.711356878,0.709888995,0.708502114,0.707233787,0.705798388,0.704642713,0.703028619,0.701199412,0.698869884,0.694972515,0.691384971,0.68648231,0.681365728,0.675446272,0.669501126,0.663712919,0.657974601,0.652464688,0.646455407,0.641712189,0.636622012,0.632170618,0.628393889
BarleyWholePerten0126,Perten_DA7200,barley,Unknown,US,2009,11.90999985,13.36246967,0.172182798,0.174374104,0.178318396,0.183549106,0.189747304,0.196385801,0.202221796,0.206435099,0.208955303,0.209759906,0.209316507,0.208129406,0.206137598,0.203779504,0.200991198,0.197701201,0.194250703,0.190813005,0.187373102,0.184140995,0.180939496,0.177830696,0.174731404,0.171533302,0.168637201,0.165854394,0.163475305,0.161371499,0.159647197,0.158311397,0.157348394,0.156721696,0.156387195,0.156718507,0.158063904,0.1612802,0.168022707,0.179275304,0.194488794,0.212498799,0.232168198,0.252377808,0.271808714,0.289418608,0.304665297,0.318447411,0.331826091,0.344451904,0.354992092,0.362360507,0.366135299,0.366555393,0.363528609,0.356760502,0.34729749,0.337008297,0.327439487,0.319256693,0.312750608,0.307770789,0.304084003,0.301457614,0.299552113,0.297853708,0.2962538,0.294279188,0.291860014,0.289349914,0.287002891,0.285475791,0.285070002,0.286103398,0.288770199,0.293534786,0.300460607,0.309711099,0.321312606,0.335162997,0.350401402,0.366679788,0.383387506,0.399944097,0.415532202,0.429206789,0.4415012,0.453278899,0.466071188,0.482343495,0.503537417,0.529733479,0.559867621,0.593061209,0.627455592,0.660163581,0.689288497,0.713685989,0.733135819,0.747468412,0.758005321,0.765501916,0.770533323,0.773862898,0.776528478,0.778146684,0.778452873,0.778262794,0.777022481,0.775307775,0.773149014,0.770807684,0.76802659,0.764912725,0.761977017,0.75881958,0.755895972,0.753279984,0.751039386,0.748527587,0.746685505,0.745365024,0.744004011,0.74271661,0.741500676,0.740391314,0.738869786,0.73701632,0.734512329,0.731461585,0.727903783,0.723317921,0.718544781,0.712965071,0.707458973,0.701831818,0.696497619,0.691244125,0.685746074,0.680718422,0.676024318,0.670976579,0.66794157
BarleyWholePerten0127,Perten_DA7200,barley,Unknown,US,2009,11.57999992,14.49106979,0.183804303,0.185810804,0.189703196,0.194824904,0.200955898,0.207479894,0.213390693,0.217696905,0.220039204,0.220732704,0.220385104,0.219129399,0.217281997,0.214842305,0.212046295,0.208679393,0.205137804,0.201669797,0.198134407,0.194787905,0.191579297,0.188396499,0.185134098,0.181857303,0.178799897,0.175947696,0.173528403,0.171280801,0.169508398,0.168080896,0.167114005,0.166472793,0.166169107,0.166482002,0.167825893,0.171157196,0.178121895,0.189601794,0.205086604,0.223257795,0.243063197,0.263517588,0.2832371,0.301242709,0.316837609,0.33103019,0.344665587,0.357604802,0.368232012,0.375586808,0.379325211,0.379579097,0.376463413,0.369435102,0.359701604,0.3491157,0.339275301,0.330877394,0.324159414,0.318989903,0.315199196,0.312470287,0.310409814,0.30876261,0.307119399,0.305148989,0.302668214,0.300018013,0.297635794,0.295920193,0.295426488,0.2964257,0.299076498,0.303819299,0.310799897,0.320098013,0.331789613,0.345837086,0.361459106,0.378100812,0.395204693,0.41220969,0.428163588,0.442174494,0.454715312,0.466755986,0.479788512,0.496162295,0.517652571,0.543747008,0.57400918,0.607142687,0.641378105,0.673995614,0.70263052,0.726811111,0.745726228,0.759915412,0.770188272,0.777514279,0.78240478,0.785848379,0.788402677,0.789792001,0.790461719,0.790270925,0.78922832,0.787687182,0.785805106,0.783845425,0.781304002,0.778468072,0.775513887,0.772603571,0.769783914,0.767110825,0.765217483,0.76263231,0.760824025,0.759487093,0.758227527,0.756976783,0.755527318,0.754619122,0.753116071,0.751323819,0.749181926,0.746004522,0.742453814,0.737904191,0.733642519,0.727981806,0.723004878,0.717380405,0.712294579,0.707114816,0.701754689,0.696681917,0.691844702,0.687579811,0.683788717
BarleyWholePerten0128,Perten_DA7200,barley,Unknown,US,2009,11.40499973,13.97595978,0.185813904,0.187800795,0.191706404,0.197010398,0.203048199,0.2097698,0.215729594,0.220074207,0.222447902,0.223106697,0.222808301,0.221407697,0.219408706,0.216919094,0.213964194,0.2107324,0.2070961,0.203586802,0.199989095,0.196608201,0.193388894,0.190123498,0.186952397,0.183619499,0.180475995,0.1777132,0.175252706,0.173061997,0.171223402,0.169790596,0.168816596,0.168191493,0.167860404,0.168162897,0.169486299,0.172867,0.179759905,0.191317901,0.206960097,0.225308701,0.245345905,0.265966505,0.285836399,0.303874105,0.319607914,0.333817989,0.347504914,0.3605555,0.371304303,0.378828287,0.382600814,0.3829346,0.379767895,0.372715801,0.36300981,0.352441907,0.342571586,0.334120989,0.327324301,0.32215479,0.318255514,0.315568209,0.313475013,0.311765313,0.310105503,0.308065206,0.305602789,0.302885085,0.300439298,0.298774511,0.298260689,0.299311996,0.301975608,0.3068057,0.313854188,0.323315591,0.335188597,0.349413395,0.365329504,0.382151395,0.399533898,0.416669011,0.432808906,0.44697389,0.45957619,0.471694499,0.484802991,0.501406908,0.523124218,0.5495556,0.580023825,0.61325562,0.647451282,0.679772914,0.708154678,0.731840015,0.750205576,0.764198422,0.773958385,0.78114903,0.785922587,0.789004922,0.791377425,0.792840481,0.793405414,0.792897403,0.792102873,0.790397823,0.788555086,0.786501885,0.783784211,0.781113923,0.778103411,0.775335372,0.772377729,0.770078719,0.767988682,0.765404999,0.763879418,0.762254119,0.761200786,0.759702027,0.758484721,0.757608295,0.756127477,0.75470829,0.751959682,0.749209583,0.745526314,0.741189301,0.736861825,0.731063187,0.726236224,0.720482528,0.715692878,0.710403681,0.705339313,0.700339973,0.69525969,0.691069186,0.687371016
BarleyWholePerten0129,Perten_DA7200,barley,Unknown,US,2009,11.53499985,10.5623703,0.140402302,0.142463893,0.145945504,0.150655404,0.156140506,0.162029102,0.167260602,0.170943901,0.173158899,0.173680693,0.173221096,0.172085598,0.170212001,0.167995393,0.165415794,0.162642196,0.1595442,0.156462997,0.153522298,0.150601596,0.147796795,0.145104706,0.142364696,0.139579505,0.136961505,0.134540603,0.132447898,0.130608797,0.129013196,0.127753899,0.1268024,0.126139298,0.125829205,0.1259996,0.127038002,0.129735604,0.135393307,0.1450001,0.158089995,0.173816398,0.191158399,0.208988801,0.226056904,0.241328195,0.25447461,0.266493589,0.278215885,0.289430797,0.298916489,0.305664301,0.309314787,0.309864909,0.307323188,0.301392287,0.292928994,0.283754289,0.275202513,0.2679286,0.262172192,0.257808209,0.254630387,0.252295613,0.250485212,0.2489447,0.247354999,0.245548397,0.243339703,0.240997002,0.2388978,0.237511307,0.237067401,0.237944603,0.240289807,0.244439796,0.250494689,0.258581489,0.268854111,0.281043887,0.294561505,0.308844894,0.323602587,0.338179112,0.351990998,0.364128709,0.375018597,0.3855263,0.396979898,0.41163379,0.430978894,0.455361992,0.483756214,0.51568228,0.549490929,0.582444072,0.612562895,0.638509929,0.659191728,0.675109386,0.686690927,0.694833279,0.700352073,0.70401299,0.706829011,0.708328128,0.708993077,0.708301187,0.706596613,0.704415381,0.701631308,0.698721886,0.695214808,0.691849411,0.687873304,0.684292913,0.681088686,0.677993178,0.675498486,0.672875226,0.671082079,0.66937989,0.668006122,0.666659772,0.665504873,0.664067805,0.662325323,0.660285294,0.657615721,0.654265821,0.650218904,0.645302415,0.640016377,0.63411659,0.62828052,0.622421503,0.616861999,0.610809207,0.605260015,0.599768817,0.594977081,0.590967178,0.586402297
BarleyWholePerten0130,Perten_DA7200,barley,Unknown,US,2009,11.45499992,11.40888977,0.166781098,0.168830603,0.172525898,0.177492499,0.183570504,0.190164,0.196060896,0.200495601,0.202997193,0.204083607,0.204034001,0.202921704,0.201209605,0.198902905,0.196281299,0.193331495,0.189951301,0.186628103,0.183302507,0.180139095,0.177094698,0.173978597,0.1710089,0.167875707,0.164904803,0.162288204,0.159922704,0.157936901,0.156208098,0.154809997,0.153865904,0.153144807,0.152804703,0.153012902,0.154179007,0.1572005,0.163471997,0.174228296,0.188862905,0.206224904,0.225529701,0.245389,0.264773905,0.282459587,0.297655702,0.311656594,0.325110614,0.33789739,0.348748386,0.356176704,0.360219002,0.360744894,0.357781708,0.351156712,0.341625601,0.331333786,0.321800202,0.313643098,0.307195902,0.302276611,0.298780888,0.296248406,0.294246197,0.292670995,0.29092899,0.288949788,0.286465496,0.283798993,0.281416893,0.279720008,0.279203802,0.280002087,0.282567293,0.287133306,0.293599308,0.302559793,0.313871801,0.327410311,0.3423796,0.358271897,0.374777585,0.391197592,0.406684905,0.420230299,0.432328105,0.443883389,0.456322491,0.471749991,0.492264897,0.517977178,0.547736228,0.580934823,0.615955472,0.649955511,0.680869401,0.706985772,0.728060782,0.744138777,0.755935371,0.764225185,0.770059586,0.774075687,0.776941896,0.779142082,0.780071914,0.779426873,0.778450728,0.777050316,0.775022686,0.772525489,0.769603729,0.766447187,0.763207495,0.760082007,0.757210016,0.754392803,0.752126873,0.749616027,0.747862816,0.746893585,0.745292127,0.744190872,0.742935181,0.741889417,0.740316391,0.738447487,0.736009121,0.732820571,0.729166329,0.724498212,0.719387472,0.713940918,0.70811671,0.702492476,0.696556926,0.69113338,0.685614526,0.680078387,0.675320625,0.670202494,0.666274786
BarleyWholePerten0131,Perten_DA7200,barley,Unknown,US,2009,11.43599987,11.0835104,0.152247101,0.154082105,0.157650903,0.162268102,0.168104097,0.174115703,0.179722607,0.1839692,0.186366394,0.187439606,0.187272698,0.186301202,0.184715807,0.182447806,0.180021599,0.177156299,0.174017996,0.170860201,0.167673707,0.164754003,0.161838204,0.158985198,0.156084299,0.153159395,0.150410906,0.147845894,0.145695597,0.143785298,0.142194107,0.140883699,0.139884502,0.139242798,0.138867095,0.139083594,0.140160993,0.142969504,0.148949504,0.159024298,0.172849596,0.189316407,0.207598105,0.2265504,0.2449947,0.261913091,0.276358008,0.289774597,0.302654713,0.314905703,0.325399786,0.332591087,0.336526513,0.337028891,0.3342188,0.327882588,0.318719208,0.308858812,0.299735308,0.291959792,0.285781503,0.281136394,0.277840793,0.275426686,0.273560405,0.272026509,0.270347595,0.268452287,0.266072989,0.263587505,0.261285693,0.259752899,0.259259105,0.260033786,0.262537003,0.266798914,0.273122311,0.281622112,0.292457193,0.30537501,0.319657892,0.334893495,0.350591004,0.366337001,0.381008089,0.394055605,0.405703187,0.416841805,0.428860009,0.443895787,0.463822812,0.488815188,0.517898202,0.550622582,0.585211813,0.619134784,0.650069892,0.676517427,0.698080301,0.714375913,0.726639271,0.735210002,0.741182029,0.745170176,0.74834621,0.750522971,0.751170516,0.750920177,0.74963069,0.748307884,0.74627912,0.74353689,0.740700722,0.737417221,0.734344184,0.730980396,0.728033781,0.725211918,0.722873271,0.720535874,0.718455792,0.71737498,0.715748787,0.714936614,0.713371515,0.71253562,0.710979402,0.709221721,0.7069484,0.703577578,0.699993908,0.695018888,0.690095484,0.684250474,0.678786993,0.672828913,0.667004705,0.661466777,0.655641913,0.650402308,0.645127773,0.640398681,0.636411011
BarleyWholePerten0132,Perten_DA7200,barley,Unknown,US,2009,11.3920002,12.64107037,0.1798186,0.180276096,0.181639999,0.184012696,0.1869822,0.190180704,0.193231002,0.195375606,0.196356997,0.196351707,0.195617497,0.194296703,0.192557707,0.190452606,0.188117102,0.185541406,0.182655901,0.179824203,0.177022502,0.174353495,0.171777204,0.169165507,0.166601107,0.163913101,0.161396906,0.159065604,0.156977207,0.155068293,0.153457001,0.152079195,0.150984004,0.150005102,0.149328098,0.149047107,0.149368599,0.151038393,0.154974595,0.161995202,0.171714306,0.183497801,0.196799696,0.210713193,0.224619195,0.237392902,0.248333901,0.25836429,0.267914593,0.277052313,0.284624308,0.289736986,0.292287797,0.292366296,0.28992641,0.284715205,0.277388901,0.269440293,0.262049288,0.25577721,0.250721395,0.246782601,0.243833304,0.241585895,0.239809007,0.238364697,0.236819595,0.235129207,0.233057201,0.230816901,0.228797793,0.227431506,0.226811901,0.227242902,0.229027197,0.232204795,0.236978799,0.243454203,0.251790792,0.261718988,0.272747189,0.284582108,0.296817094,0.30915761,0.32069099,0.330881506,0.339849889,0.348500103,0.357912511,0.369857401,0.3858926,0.40601781,0.429517806,0.456142813,0.48456499,0.512599289,0.538680792,0.561181188,0.579881012,0.594519079,0.605564892,0.613604009,0.619125485,0.623005271,0.625755489,0.627742112,0.628473103,0.62797761,0.626773179,0.625149906,0.622992575,0.620318472,0.617323875,0.613977075,0.610808671,0.607382715,0.604314923,0.601260424,0.59875083,0.59635812,0.594420672,0.593017399,0.591323316,0.590024114,0.588614881,0.587417126,0.585693419,0.583873093,0.581377983,0.578485012,0.574941576,0.570479512,0.566017985,0.560926974,0.555914879,0.550608516,0.545537174,0.540537179,0.535829008,0.531099021,0.526813507,0.522619724,0.51951772
BarleyWholePerten0133,Perten_DA7200,barley,Unknown,US,2009,11.76399994,15.27834034,0.208288103,0.209501401,0.211954504,0.215441197,0.219565794,0.224215701,0.228197396,0.231216505,0.2329171,0.233487904,0.233111307,0.232033506,0.230456606,0.228481695,0.226135805,0.223533601,0.220508307,0.217492297,0.214473099,0.211641505,0.2088449,0.206025407,0.203248993,0.200314194,0.197701603,0.195219696,0.193030298,0.191122204,0.189443305,0.188158095,0.187117502,0.186335594,0.1858311,0.185710296,0.186459407,0.188691899,0.193808094,0.202524602,0.214384794,0.228435099,0.244003996,0.260209411,0.276293099,0.29130131,0.304296911,0.316167593,0.327403814,0.337926388,0.346490592,0.352074415,0.35470131,0.354427606,0.351252288,0.3450073,0.336522996,0.3273727,0.319024891,0.311916888,0.306110203,0.301750988,0.298363209,0.295884699,0.293961793,0.292441011,0.290886104,0.289040595,0.286857992,0.284387589,0.28217271,0.280688793,0.280026287,0.280721903,0.282887101,0.286717087,0.29231891,0.299865514,0.309623301,0.321180314,0.334008694,0.347666293,0.361828595,0.376102209,0.3893435,0.40099141,0.411345512,0.421370298,0.432348013,0.44621551,0.464470595,0.487042308,0.512901127,0.541390419,0.57092911,0.599312425,0.62475729,0.646217704,0.663423777,0.676544726,0.686296105,0.69314462,0.697897613,0.70128572,0.703732193,0.705505073,0.706076086,0.705572426,0.704835713,0.703625083,0.702053011,0.699734509,0.697310329,0.69464308,0.69182992,0.688928902,0.686176479,0.683427513,0.681392074,0.678970099,0.677128673,0.675783098,0.674227595,0.673014224,0.671574116,0.670592308,0.66874522,0.667087615,0.664845407,0.662043273,0.658873081,0.654640317,0.650586128,0.645783126,0.641083121,0.636155307,0.631194413,0.626319587,0.62158668,0.617030621,0.612934411,0.608538985,0.605312705
BarleyWholePerten0134,Perten_DA7200,barley,Unknown,Sweden,2011,17.05054092,10.69999981,0.339560986,0.339646012,0.340301007,0.341302991,0.342422992,0.343544006,0.344437003,0.344736993,0.344500989,0.343730003,0.342554003,0.341093004,0.339426011,0.33761701,0.335676998,0.333485991,0.331407994,0.329403013,0.327351987,0.32525301,0.323179007,0.321249992,0.319352001,0.317451,0.315622002,0.313933015,0.312402993,0.311001003,0.309735,0.308607996,0.307693988,0.306798011,0.306127995,0.305590004,0.305364996,0.306055993,0.307898015,0.311558008,0.316949993,0.323496997,0.330648005,0.337736011,0.343943,0.349023014,0.352979004,0.35620299,0.359203994,0.361993998,0.364327997,0.365826011,0.366468012,0.366129011,0.364876986,0.362715006,0.359360009,0.355547011,0.351971,0.348527998,0.345535994,0.343008995,0.340894997,0.339022994,0.337538004,0.336234003,0.334937006,0.333678007,0.332248002,0.330837995,0.329548001,0.328559011,0.328103006,0.328285009,0.329302996,0.330944985,0.333310008,0.336510986,0.340705991,0.345716,0.351022989,0.356234014,0.361384988,0.366344005,0.37113601,0.375654012,0.379539996,0.383103997,0.387371004,0.394208014,0.403710008,0.415078998,0.428380013,0.442900986,0.457821012,0.471857011,0.484540999,0.495278001,0.503637016,0.509822011,0.513953984,0.516267002,0.517629981,0.518411994,0.518944025,0.518841028,0.517934978,0.516300023,0.51403302,0.511395991,0.508581996,0.505653977,0.502480984,0.499253005,0.496037006,0.492698014,0.489468992,0.486543,0.483976007,0.481851995,0.479860008,0.47805199,0.476366997,0.474754006,0.473040998,0.471482009,0.470086008,0.468427002,0.46678099,0.464962006,0.462493002,0.459749997,0.456772,0.453626007,0.450464994,0.447486997,0.444418997,0.441572011,0.439031005,0.436693996,0.434590995,0.433182001,0.432155997
BarleyWholePerten0135,Perten_DA72xx,barley,Unknown,US,0,9.430000305,13.40400028,0.158183098,0.159181297,0.161050096,0.163589194,0.166663796,0.169823498,0.172478601,0.174090505,0.174730897,0.174579307,0.173722804,0.172452495,0.170852795,0.168948904,0.166820303,0.164505705,0.162034303,0.159607202,0.157250494,0.154869095,0.152556807,0.150380805,0.148194104,0.146034494,0.1439711,0.142063797,0.140229106,0.138689607,0.137258902,0.136256695,0.135546595,0.134983495,0.134688705,0.134849295,0.135833696,0.138023302,0.142425194,0.149641499,0.159072995,0.169824004,0.181318402,0.192619205,0.202988803,0.211817801,0.219051793,0.225456402,0.231445,0.237090498,0.241738305,0.244989306,0.246618807,0.246847197,0.245655894,0.242690399,0.238352895,0.2335383,0.228898495,0.224760801,0.221195504,0.218516201,0.216449097,0.214757204,0.213436097,0.212342605,0.211387694,0.210160598,0.208717406,0.207194194,0.205758497,0.204917103,0.204834104,0.205441296,0.207079396,0.209818006,0.213751897,0.218866095,0.225316107,0.232957006,0.241252095,0.249958605,0.258511007,0.266827911,0.274393201,0.280846387,0.286094815,0.290908188,0.296831012,0.304690391,0.314907193,0.327578992,0.341785014,0.357138991,0.372413904,0.386773706,0.399598897,0.410558313,0.419015288,0.425006211,0.428930014,0.431436986,0.433111608,0.434136093,0.43482551,0.435081601,0.434747309,0.433532,0.431867093,0.429757386,0.427628696,0.425329,0.422785401,0.420146287,0.417362392,0.41475001,0.412114292,0.409683406,0.407580614,0.405909807,0.404508203,0.403019309,0.401652694,0.400490314,0.399310798,0.398085386,0.396815807,0.395469695,0.394015908,0.392333299,0.390195489,0.3876459,0.384829909,0.38160491,0.378554702,0.375549495,0.37263611,0.369960606,0.367343694,0.365095288,0.363209486,0.361583799,0.36037901
BarleyWholePerten0136,Perten_DA72xx,barley,Unknown,US,0,9.659999847,12.76290035,0.1386123,0.139821798,0.141875103,0.144844204,0.148489401,0.152504906,0.155843094,0.158029199,0.159096494,0.159341902,0.158777997,0.157870695,0.156521797,0.154869497,0.153044701,0.151011795,0.148750901,0.146555707,0.144456804,0.142299101,0.140189707,0.138200507,0.136218801,0.134230197,0.132325605,0.130559593,0.128875896,0.127363101,0.1260169,0.125015706,0.1243155,0.1237804,0.123468302,0.123669997,0.124716498,0.126973093,0.131376907,0.138464898,0.147625506,0.157964394,0.169116706,0.180287495,0.190635294,0.199599102,0.207039699,0.213719904,0.219982505,0.225912094,0.230819002,0.2342875,0.236077994,0.2365814,0.235566303,0.232788697,0.228546694,0.223724902,0.219079197,0.214888096,0.211299896,0.208675504,0.206622005,0.204968497,0.203709602,0.2026916,0.201749206,0.200536206,0.199028596,0.197364196,0.195772603,0.194784999,0.194437996,0.194809496,0.196148604,0.198553398,0.202100501,0.2068526,0.212935597,0.220356703,0.228598595,0.237350598,0.246138707,0.25475809,0.262645394,0.269212812,0.274340987,0.278919488,0.28442511,0.291520298,0.300843686,0.31262669,0.325967908,0.340711594,0.3558456,0.3703022,0.383526295,0.39489919,0.403738409,0.410005897,0.414056301,0.416758806,0.418579698,0.419634491,0.420359612,0.420661598,0.420465589,0.419472903,0.418017089,0.416235209,0.414439499,0.412405789,0.410158902,0.407765597,0.405266702,0.402834714,0.400340498,0.398103595,0.396187693,0.394712687,0.393533111,0.392250687,0.391049296,0.390048713,0.389070392,0.388006985,0.386962414,0.385791212,0.384399414,0.382938713,0.380927295,0.378477812,0.375744194,0.372585714,0.369608611,0.366684198,0.363855094,0.361195803,0.358647615,0.356487513,0.354614914,0.353074402,0.351898998
BarleyWholePerten0137,Perten_DA72xx,barley,Unknown,US,0,7.75,15.03522968,0.144544303,0.145589501,0.147404894,0.150021806,0.153289601,0.156775802,0.159727603,0.161766306,0.162802696,0.163130507,0.162770301,0.162094593,0.161067694,0.159783602,0.158327594,0.156655997,0.1548118,0.153038502,0.151340604,0.149565995,0.147858396,0.146178305,0.144542903,0.142939195,0.1413991,0.139973193,0.138641805,0.137480006,0.136455298,0.135717005,0.135187998,0.134881094,0.134770304,0.135026097,0.135973305,0.1379724,0.141772702,0.147914097,0.155790001,0.164678097,0.174399495,0.184265301,0.193638906,0.201885194,0.208855793,0.215192795,0.221112207,0.226706401,0.231334105,0.234502107,0.236088798,0.236446396,0.235376895,0.232691094,0.228679404,0.224165902,0.219838098,0.215974003,0.212685302,0.210248098,0.208394498,0.206890702,0.205755994,0.204909101,0.204122201,0.203048304,0.201719895,0.200229004,0.198803604,0.197971895,0.197706506,0.198041901,0.199232295,0.201426804,0.204657897,0.209013596,0.214575395,0.221424207,0.229083195,0.237326399,0.245651603,0.253881395,0.261451513,0.267803699,0.272877187,0.277365089,0.282652915,0.289555192,0.298687697,0.310187906,0.323339492,0.338005602,0.353163511,0.367879212,0.381355286,0.392947406,0.401998907,0.408379912,0.412516087,0.41523841,0.417021602,0.418067604,0.418858707,0.419224113,0.419021785,0.418031514,0.416649401,0.414918602,0.413173288,0.411128104,0.408824503,0.406508595,0.403978109,0.401549012,0.399112701,0.39694339,0.395047098,0.393542588,0.392296702,0.391049594,0.389842093,0.388853312,0.387858093,0.386753589,0.385640204,0.38444069,0.383085012,0.381520689,0.379461706,0.376998395,0.374247909,0.371042997,0.367926598,0.364935905,0.362045914,0.359369099,0.356783301,0.354483813,0.352529109,0.350974888,0.349717796
BarleyWholePerten0138,Perten_DA72xx,barley,Unknown,US,0,9.510000229,13.83578014,0.169049993,0.169836104,0.171376497,0.173646897,0.176381305,0.179297894,0.181700707,0.183187097,0.183689401,0.183536202,0.182677999,0.181428999,0.179849893,0.177976206,0.175903902,0.173693493,0.171256498,0.168917507,0.166593403,0.164302707,0.162039906,0.159890696,0.157774195,0.155648902,0.153674305,0.151867896,0.150083497,0.148524299,0.147193104,0.146191895,0.145457804,0.144908801,0.144579306,0.144665003,0.145535901,0.147559196,0.151708201,0.158523306,0.167442203,0.177615896,0.188576594,0.1994351,0.209410206,0.217964396,0.225021005,0.231356993,0.237174705,0.242634907,0.247156203,0.250248194,0.251704693,0.251960397,0.250727803,0.247865707,0.243651897,0.238938198,0.234472007,0.230447307,0.227008998,0.224483296,0.222482503,0.220857695,0.219598904,0.218532801,0.217598602,0.216488197,0.215075493,0.213572696,0.212163597,0.211389601,0.211292207,0.211920098,0.213480204,0.216098607,0.219873101,0.224781007,0.230933905,0.238300294,0.246291295,0.254739702,0.263007909,0.271124691,0.278599888,0.284872502,0.289883286,0.29452619,0.300320387,0.307881713,0.317772806,0.330189794,0.344004512,0.358921111,0.373889387,0.387995392,0.400700092,0.411531508,0.420072287,0.426183492,0.430124909,0.432826012,0.434581786,0.435606986,0.436356515,0.436647385,0.436402708,0.435352504,0.433736205,0.431791097,0.429800302,0.427569091,0.425054103,0.422449499,0.419801712,0.417258591,0.414637387,0.412263989,0.410189599,0.408589304,0.407216996,0.405760914,0.404368788,0.403179199,0.402086794,0.400906593,0.399604112,0.398369998,0.396981388,0.39535141,0.393288404,0.390833288,0.388063312,0.384885997,0.381880492,0.378939211,0.376098394,0.373432398,0.370864391,0.368589401,0.366692513,0.365093589,0.363889098
BarleyWholePerten0139,Perten_DA72xx,barley,Unknown,US,0,6.96999979,12.44760036,0.227912903,0.225865305,0.224140003,0.222948894,0.222196505,0.2216824,0.221036106,0.219959006,0.218491197,0.216693297,0.214481607,0.212084606,0.209515005,0.206882596,0.204144493,0.201290906,0.198304504,0.195417494,0.192599893,0.189685106,0.186862499,0.184110507,0.181337401,0.178612202,0.175939798,0.173340499,0.170737401,0.168313801,0.165885001,0.163793296,0.161791697,0.159867093,0.158159003,0.156819597,0.156075999,0.156090498,0.157431498,0.160583898,0.165305093,0.171168402,0.178116605,0.185459003,0.192741707,0.199329302,0.204814896,0.209885001,0.214842394,0.219701096,0.223851994,0.226656005,0.228019804,0.228208602,0.226994604,0.224049404,0.219784796,0.214909002,0.210175902,0.205859006,0.202071101,0.199095905,0.196712807,0.194730803,0.193101794,0.191704005,0.190376893,0.188789502,0.186866403,0.184817106,0.182822198,0.181359693,0.180513099,0.180282906,0.180965096,0.182619199,0.185391501,0.189370006,0.194708705,0.201460794,0.209145397,0.217524499,0.226127401,0.2346019,0.242405906,0.249004796,0.254348815,0.258923292,0.2640495,0.270909697,0.280173898,0.291717887,0.305262208,0.32056421,0.33658731,0.352378398,0.366971612,0.379612386,0.389545202,0.396643102,0.401326895,0.404409587,0.406469494,0.407900095,0.409021407,0.4096542,0.409621596,0.408865809,0.407648593,0.405940205,0.404198498,0.402172893,0.399772406,0.397365391,0.394837588,0.392252207,0.389626712,0.387352914,0.385359705,0.383790314,0.38247481,0.381214708,0.380072415,0.379022509,0.378048897,0.376992285,0.375966996,0.374798209,0.373390704,0.371676594,0.369362414,0.366586,0.363581389,0.360064387,0.356639892,0.353366613,0.350099802,0.347094208,0.34423551,0.341719687,0.339484096,0.337676197,0.336284995
BarleyWholePerten0140,Perten_DA72xx,barley,Unknown,US,0,6.71999979,15.13722038,0.224076107,0.223549902,0.223739296,0.224648699,0.226134494,0.2278312,0.229182705,0.229770407,0.229618102,0.228888199,0.227547407,0.225920498,0.224016503,0.221922502,0.219703302,0.217256501,0.214569598,0.212019295,0.209530696,0.207021505,0.204531893,0.202110604,0.199658796,0.197347105,0.194974899,0.192660704,0.190502793,0.188475996,0.186486095,0.184891701,0.183411807,0.182031706,0.180912599,0.180190995,0.180184305,0.181114301,0.183719605,0.188457102,0.194826096,0.202197596,0.210385695,0.218717396,0.226707101,0.233799607,0.239567295,0.244687304,0.249471694,0.254074514,0.257833093,0.260269791,0.261309385,0.261270404,0.259984493,0.257071197,0.253027707,0.248387203,0.243849799,0.239625707,0.235909596,0.232897803,0.2304288,0.228316605,0.2265784,0.225137204,0.223770693,0.222113103,0.2202003,0.218092397,0.216035903,0.214517802,0.213629797,0.213356897,0.214018703,0.215659604,0.218364999,0.222215101,0.2273442,0.233816907,0.241129205,0.249032706,0.257120192,0.265039086,0.272337496,0.278422594,0.283225089,0.287276506,0.292054415,0.298576802,0.307457596,0.318550497,0.331537902,0.346274287,0.361649901,0.376797706,0.390854806,0.403117001,0.412769288,0.419635385,0.424259096,0.427270114,0.429375112,0.430707812,0.431811392,0.432477802,0.432446212,0.431555986,0.430282295,0.428399503,0.426440001,0.424210101,0.421561003,0.418843001,0.41598919,0.413033813,0.410091192,0.407483101,0.405220896,0.403446704,0.401990086,0.400466889,0.399139196,0.397871912,0.396610111,0.395353198,0.394151211,0.392848313,0.391320288,0.389453292,0.386944801,0.384030908,0.380841315,0.377204686,0.373671204,0.370295703,0.367039502,0.364036709,0.361212194,0.358714402,0.356524408,0.35478431,0.353407413
BarleyWholePerten0141,Perten_DA7440,barley,Unknown,Denmark,2016,14.30000019,12.01867008,0.197646305,0.198698998,0.200793207,0.203407303,0.206345797,0.209459499,0.212127194,0.213800997,0.214483306,0.214335695,0.213464797,0.212169603,0.210465193,0.2084236,0.206168607,0.203833595,0.201367199,0.198754296,0.196279407,0.193863496,0.191574693,0.189356998,0.187282607,0.185153604,0.183140695,0.181348905,0.179836899,0.178423405,0.177125603,0.176263705,0.175653607,0.175305396,0.175270796,0.175903499,0.177430704,0.179850593,0.184039399,0.191269293,0.200588107,0.211815193,0.2236377,0.235024795,0.245261893,0.253972799,0.261194289,0.267521501,0.273419797,0.278995514,0.28378281,0.287150413,0.28899011,0.289460003,0.288248807,0.285277486,0.280969113,0.276251912,0.271678001,0.267667502,0.264327109,0.261719108,0.259818286,0.258301914,0.257103205,0.256190807,0.2551727,0.253987402,0.25264141,0.251310796,0.250245094,0.249732703,0.249905601,0.250737995,0.252696186,0.255751699,0.259986609,0.2653943,0.271794885,0.27924189,0.287465602,0.296453595,0.306646407,0.317679286,0.327251494,0.333774,0.33760941,0.341496199,0.350017488,0.358261794,0.367089897,0.381144911,0.396474302,0.412470698,0.428157985,0.4427073,0.456181586,0.467642188,0.477060199,0.484027296,0.48873809,0.491849512,0.493573099,0.494456708,0.495279908,0.4959943,0.496000499,0.494756192,0.492727488,0.490212411,0.487459391,0.484682113,0.481878787,0.478874713,0.475757599,0.47274819,0.46984309,0.467123687,0.46477589,0.462945908,0.461232811,0.459462613,0.457938194,0.456605285,0.455274791,0.453887492,0.452590615,0.451278001,0.449890286,0.448099196,0.4457241,0.442806512,0.439433008,0.436062813,0.432798386,0.429484487,0.426357597,0.423492104,0.420617402,0.418199301,0.416032493,0.414048702,0.412302196
BarleyWholePerten0142,Perten_DA7440,barley,Unknown,Denmark,2016,14.19999981,10.60606003,0.189570606,0.190653294,0.192732602,0.195361197,0.198323906,0.201417103,0.204128593,0.205815002,0.206468001,0.206280395,0.205381498,0.204076797,0.202369303,0.200312406,0.198038295,0.195692197,0.1932486,0.190646395,0.1881807,0.185785696,0.1835289,0.181324199,0.179252595,0.177161098,0.175156504,0.173363596,0.171866804,0.170449004,0.169141397,0.168268502,0.167655602,0.167279497,0.167224199,0.167845905,0.169349104,0.171709195,0.175815001,0.182954699,0.192143694,0.203256801,0.214996293,0.226304799,0.236439407,0.245079801,0.252218515,0.258481592,0.264357507,0.26992771,0.274720788,0.278105408,0.279972702,0.280464202,0.279293299,0.276350886,0.272061706,0.267359704,0.262774795,0.258777589,0.255457997,0.252871394,0.250977099,0.2494791,0.2482941,0.247357905,0.246348798,0.245171502,0.243824899,0.242488205,0.241416693,0.240908101,0.241071805,0.241888702,0.243807197,0.246811405,0.250996888,0.256346613,0.262692213,0.270092905,0.278278112,0.287240714,0.297444612,0.308510602,0.318117589,0.324639797,0.328472495,0.33238411,0.340967089,0.349325389,0.358298689,0.372585386,0.388251305,0.404681295,0.420859695,0.435914904,0.449849486,0.461708397,0.471430093,0.478656292,0.483530909,0.486765087,0.488523096,0.489420891,0.490248203,0.490948886,0.490910411,0.489655197,0.487561613,0.484966189,0.482117415,0.479247004,0.476392895,0.473305613,0.470109791,0.467009187,0.464032412,0.461302787,0.458926797,0.457044691,0.455282986,0.453492314,0.451990485,0.45061031,0.449286401,0.447877109,0.446516693,0.445140392,0.443671107,0.441766292,0.439303696,0.436279714,0.432839602,0.429388195,0.426015705,0.42263481,0.419434786,0.416494995,0.413544715,0.41104421,0.408815801,0.406802893,0.404990912
BarleyWholePerten0143,Perten_DA7440,barley,Unknown,Denmark,2016,14.19999981,10.48950958,0.190750703,0.192121595,0.194526896,0.197481707,0.200783595,0.204152405,0.207127497,0.209014103,0.209827095,0.209728003,0.208881095,0.207570106,0.205856696,0.2037597,0.201458603,0.199076593,0.196575001,0.193907902,0.191376001,0.1889157,0.186580896,0.184328497,0.182198897,0.180024505,0.177966803,0.176164895,0.174633697,0.173198193,0.171894401,0.171020404,0.170424596,0.170092002,0.170057103,0.170716494,0.172272593,0.174757198,0.179119706,0.186691403,0.196447,0.208195701,0.220579103,0.232490897,0.243123099,0.252150089,0.259597212,0.266158402,0.272312701,0.278160095,0.283203811,0.286776096,0.288752496,0.289281398,0.288043201,0.284928709,0.280384213,0.275437295,0.270648688,0.266465992,0.263007611,0.260338485,0.258402288,0.256868005,0.255636513,0.254674405,0.253643215,0.252442092,0.251096189,0.249744207,0.248681203,0.248190299,0.248396307,0.249290004,0.251320213,0.254477799,0.258848995,0.264441788,0.271031708,0.278707594,0.287150204,0.296349496,0.306810796,0.318109691,0.327929705,0.334601998,0.338593096,0.342721999,0.3515867,0.360198408,0.369386911,0.38389051,0.399687201,0.41613701,0.432158589,0.446947396,0.46057561,0.472128987,0.481587499,0.488616288,0.493356288,0.49651891,0.49823159,0.499130398,0.499914795,0.500602126,0.500561118,0.499328196,0.497277409,0.494776309,0.491999507,0.489232212,0.486457288,0.483497292,0.480447888,0.477469415,0.474615306,0.471985489,0.469697088,0.467922986,0.466234714,0.464503586,0.463055015,0.461746812,0.460477501,0.459136099,0.457826287,0.456489086,0.455065012,0.453246713,0.450886995,0.44796449,0.444627702,0.44125241,0.43796429,0.434622914,0.431462586,0.42859,0.425693989,0.423207313,0.420958996,0.418908,0.41706261
BarleyWholePerten0144,Perten_DA7440,barley,Unknown,Denmark,2016,14.19999981,12.1212101,0.203268305,0.204843104,0.207470596,0.210655496,0.2141736,0.217823297,0.220995098,0.223073795,0.224040806,0.224071398,0.223322004,0.222101599,0.220469996,0.218435407,0.216177106,0.213801399,0.211285904,0.208614707,0.206087202,0.2036158,0.201288998,0.199015304,0.196859002,0.1946733,0.192589998,0.190770403,0.189251304,0.187820405,0.186516404,0.185663998,0.185101599,0.184790596,0.1847931,0.185470104,0.187083304,0.189657107,0.194173798,0.201982796,0.212040693,0.224110201,0.236825302,0.249079496,0.260105789,0.2695297,0.277330488,0.284187913,0.29061231,0.296698004,0.301897287,0.305521697,0.307507604,0.307973713,0.306616813,0.303308308,0.298585206,0.293437392,0.288444012,0.284121901,0.280536503,0.277774394,0.275757015,0.274165094,0.272913903,0.271947295,0.270901889,0.269675314,0.268287301,0.266883701,0.265762597,0.265225887,0.265423089,0.266325086,0.268407613,0.271649599,0.276130289,0.281886399,0.28868869,0.296597987,0.305288702,0.314758509,0.325470895,0.336973399,0.346994698,0.353846312,0.358020097,0.36229381,0.371248007,0.3799676,0.3892681,0.40381071,0.419596613,0.435975701,0.451939702,0.466642797,0.48014909,0.491550297,0.500887394,0.507803619,0.512494803,0.515620589,0.517354429,0.518253326,0.519052804,0.519737124,0.519737303,0.518606484,0.516673207,0.514285505,0.511610389,0.508907497,0.506267607,0.50341928,0.500430524,0.497517407,0.494761497,0.49219349,0.489941299,0.488189489,0.486540109,0.484825611,0.483399808,0.482129186,0.480864108,0.479530901,0.478265613,0.476976007,0.475555211,0.4737266,0.47136721,0.468488097,0.465193898,0.461887389,0.458655208,0.455375195,0.452251613,0.449398488,0.44650659,0.444055796,0.441826493,0.439787597,0.437928587
BarleyWholePerten0145,Perten_DA7440,barley,Unknown,Denmark,2016,14.30000019,11.31855011,0.190090701,0.191727907,0.194410101,0.197647795,0.2012133,0.204845697,0.208026007,0.210096493,0.211043596,0.211064905,0.210311607,0.209103599,0.207448795,0.205412298,0.203146204,0.200783804,0.1982878,0.195632502,0.193128094,0.190679893,0.188365698,0.186121196,0.184012696,0.181837499,0.179795295,0.177999407,0.176498905,0.175099105,0.173831701,0.173001602,0.172449306,0.172144204,0.172163501,0.172863394,0.174484298,0.177027494,0.181486294,0.189192504,0.1991366,0.211058393,0.223622605,0.235700294,0.246529207,0.255758405,0.263379186,0.270091087,0.276367307,0.282299012,0.287404299,0.290970415,0.292926401,0.293405086,0.292103887,0.288882494,0.284251601,0.279218912,0.274355888,0.270139009,0.266646385,0.263942689,0.261988699,0.260434598,0.25920549,0.258241206,0.257197201,0.256003201,0.254647791,0.25329259,0.252214193,0.251710415,0.251933008,0.252843797,0.254898697,0.258093596,0.262517214,0.268166691,0.274846792,0.282628298,0.291200101,0.300538808,0.311121315,0.32254079,0.332475603,0.339264602,0.343376607,0.347645789,0.356673002,0.365513206,0.375032097,0.389965892,0.406287998,0.423318297,0.439934313,0.455218405,0.469238102,0.481108189,0.490839988,0.498050213,0.502925813,0.506151795,0.507928312,0.508823872,0.509583771,0.510237396,0.510174871,0.508853316,0.506722927,0.504138589,0.501278102,0.49840349,0.495548099,0.492447913,0.489317089,0.486263603,0.483343899,0.48064059,0.478284299,0.476416409,0.474683791,0.472912312,0.471424907,0.470058292,0.468736798,0.467328012,0.465969086,0.464560986,0.463035911,0.461119711,0.458670288,0.455685914,0.452289999,0.448845208,0.445493609,0.44211039,0.438874602,0.435914904,0.432914197,0.430336088,0.428008586,0.425895602,0.423964411
BarleyWholePerten0146,Perten_DA7440,barley,Unknown,Denmark,2016,16.60000038,13.30935001,0.245907396,0.246883199,0.248561099,0.250464499,0.252369791,0.254400492,0.256073594,0.256868511,0.256867498,0.256281912,0.255174696,0.253802806,0.252179414,0.250261486,0.247981504,0.245726898,0.243480906,0.241068602,0.238808394,0.236683101,0.234653696,0.232670605,0.230847299,0.2290048,0.227180794,0.225615099,0.224305406,0.223090604,0.221942797,0.221172601,0.220662803,0.220362499,0.220282301,0.220853001,0.222282797,0.224325404,0.227624804,0.233393595,0.240898505,0.250295609,0.260082185,0.269232601,0.277071297,0.283620894,0.28891331,0.293443114,0.297644198,0.301599711,0.3049981,0.307361394,0.308589995,0.308709204,0.307486892,0.304928809,0.301401287,0.297545612,0.293721408,0.290383607,0.287544787,0.285177201,0.283439994,0.281976014,0.280760706,0.279819787,0.278841406,0.277747214,0.276544809,0.275440604,0.274637491,0.274372906,0.274707913,0.275621086,0.277500898,0.280374408,0.284258813,0.289112985,0.29481709,0.3012743,0.30829519,0.3161847,0.32556811,0.336024612,0.345009506,0.350353688,0.352598995,0.355211914,0.363988787,0.37161839,0.378972411,0.39206931,0.405762404,0.419413894,0.432327211,0.443985194,0.454779714,0.463684708,0.470949203,0.476243913,0.479639411,0.481592387,0.482177496,0.482152313,0.482298613,0.482415587,0.481792212,0.479872614,0.477205992,0.474090815,0.470758408,0.467490107,0.464294493,0.461043298,0.457756907,0.454504788,0.451369911,0.448554903,0.446146488,0.444048911,0.44206059,0.440067112,0.438314587,0.436721414,0.435175598,0.433543801,0.432033211,0.430514902,0.428899795,0.426974714,0.424657106,0.421934009,0.418869108,0.415761411,0.412853807,0.409974307,0.407297313,0.404928803,0.402471989,0.400321901,0.398428887,0.396727294,0.395232707
BarleyWholePerten0147,Perten_DA7440,barley,Unknown,Denmark,2016,16.70000076,14.04561996,0.243695796,0.244097903,0.245123103,0.246345803,0.247643307,0.249056101,0.250192791,0.2506167,0.250419498,0.249720797,0.248627901,0.247338906,0.245834097,0.244113997,0.242025793,0.239988998,0.237979099,0.235826895,0.233789101,0.231840894,0.229998902,0.228159696,0.226510599,0.22484,0.223178402,0.221705496,0.220469698,0.219304502,0.218161494,0.217365101,0.216838494,0.216478899,0.216323003,0.216804802,0.218083993,0.219814107,0.222547501,0.227364093,0.233533502,0.241346896,0.249556601,0.25734061,0.264099598,0.26977101,0.274280697,0.27809611,0.281645387,0.285010397,0.287961692,0.289968699,0.290996194,0.291176498,0.290199012,0.287986785,0.284905195,0.281448811,0.277989894,0.274958313,0.272336513,0.270108908,0.268442094,0.266991496,0.265787095,0.264890999,0.263950586,0.262872487,0.261667013,0.260539413,0.259678513,0.259339392,0.259497792,0.260168105,0.261718094,0.264145911,0.267464787,0.271670193,0.276622087,0.28232801,0.288656414,0.295908094,0.304748714,0.314781904,0.323370904,0.328307599,0.33006981,0.33202979,0.340112686,0.346940488,0.353348911,0.365469605,0.37827149,0.391343296,0.404073298,0.415906608,0.427026898,0.436289698,0.443898886,0.449420393,0.452916205,0.454929888,0.455558002,0.455572486,0.455784589,0.455983311,0.455400914,0.453542501,0.450887799,0.447755605,0.444465309,0.441147387,0.437855512,0.434449107,0.430974513,0.427549511,0.424232304,0.421245396,0.418685287,0.416465491,0.414412588,0.412325591,0.410494298,0.4087843,0.407126993,0.405429989,0.403823614,0.40223521,0.400575697,0.398574114,0.3961263,0.393220186,0.389943093,0.38662371,0.383531392,0.380461097,0.377625614,0.37511,0.372535288,0.370317489,0.368390292,0.366746008,0.365208805
BarleyWholePerten0148,Perten_DA7440,barley,Unknown,Denmark,2016,17.29999924,15.35671043,0.268422395,0.269211203,0.27063939,0.272202909,0.273750395,0.27540639,0.276746899,0.277359694,0.277412802,0.276995897,0.276125401,0.2750462,0.273795486,0.272297412,0.270452112,0.26865989,0.26687029,0.264943689,0.263096392,0.261400998,0.25981909,0.258250207,0.256834,0.255421788,0.254043788,0.252839208,0.251885593,0.250991911,0.25012219,0.249615893,0.249380097,0.249296695,0.249410898,0.250169486,0.251685113,0.253649294,0.256518006,0.261374891,0.267525107,0.275320292,0.283464998,0.291182101,0.297964305,0.303761601,0.308496594,0.312442899,0.316139191,0.319723487,0.322843403,0.324901611,0.325937092,0.326028496,0.32498309,0.322721601,0.3196145,0.316186398,0.31281811,0.309912503,0.307465613,0.305423886,0.303938806,0.302684188,0.301646203,0.300930888,0.300161511,0.299293399,0.298315615,0.297437489,0.296819687,0.296705395,0.297036707,0.297874987,0.299565703,0.302096009,0.305467099,0.309663296,0.314620704,0.320279211,0.326530308,0.333745092,0.342595398,0.352743298,0.361465007,0.36654979,0.368510604,0.370821506,0.379442006,0.386738896,0.393552303,0.406055808,0.419178188,0.432423204,0.44519189,0.456833392,0.46766001,0.476585299,0.48382929,0.488940001,0.492164791,0.494015515,0.494511604,0.494438499,0.494600713,0.494757712,0.494198412,0.492344886,0.489683598,0.486547709,0.483232588,0.479931504,0.476655692,0.473241806,0.4697586,0.466356903,0.463094086,0.460127711,0.457531005,0.4553051,0.453185201,0.45100081,0.449120402,0.447420895,0.445711494,0.443997711,0.4423877,0.440854609,0.439256102,0.437284797,0.434934408,0.432177305,0.429003686,0.425795496,0.422845513,0.419980705,0.417322189,0.41501841,0.412662208,0.410661489,0.409017086,0.407772988,0.406881809
BarleyWholePerten0149,Perten_DA7440,barley,Unknown,Denmark,2016,14.0,12.5581398,0.2478977,0.247806907,0.248459697,0.249379605,0.250588894,0.251973987,0.253028214,0.253391802,0.253147304,0.25235039,0.251053989,0.2495545,0.247873798,0.2459196,0.243704394,0.2414767,0.239208803,0.236834303,0.234587103,0.232432798,0.230403796,0.228371799,0.226486206,0.224613905,0.222787306,0.221140206,0.219631597,0.218204394,0.216851294,0.215842307,0.215076596,0.214457393,0.214120701,0.214506105,0.215703994,0.217314199,0.220100403,0.225174293,0.231560007,0.239618704,0.248126194,0.256305099,0.263481289,0.269514501,0.274414897,0.278575689,0.282504797,0.286305785,0.289576113,0.29181841,0.293115199,0.293415606,0.292434514,0.290152103,0.286926597,0.283336103,0.279674798,0.276380509,0.273530394,0.271127403,0.269275397,0.267750114,0.2665039,0.265535504,0.264526188,0.263360411,0.262016207,0.260691911,0.259674192,0.2591483,0.259162009,0.259657115,0.261057198,0.2633726,0.266628712,0.270738095,0.2758497,0.281778306,0.288351893,0.296092093,0.305660993,0.316419691,0.325850189,0.331081986,0.332390785,0.334127992,0.342588812,0.349087805,0.354780287,0.366386414,0.378690392,0.39156419,0.404051513,0.415761411,0.42701909,0.436362296,0.444251299,0.449935913,0.45339489,0.455453187,0.456202209,0.456282914,0.456549794,0.456844509,0.456492007,0.4548195,0.452402502,0.449509412,0.446464092,0.443389595,0.440285206,0.437079907,0.43373099,0.430373788,0.427248389,0.424427301,0.422091603,0.42002669,0.418123692,0.41616869,0.414526612,0.4129273,0.411492914,0.409968913,0.408439994,0.407002002,0.405420393,0.403518587,0.401101887,0.398173988,0.394778192,0.391420901,0.388263911,0.385101914,0.382194489,0.379696399,0.377131403,0.374916494,0.373048991,0.371470004,0.370261014
BarleyWholePerten0150,Perten_DA7440,barley,Unknown,Denmark,2016,14.30000019,12.8354702,0.246129498,0.245964304,0.246417299,0.247203499,0.248278707,0.249537602,0.250505507,0.250816107,0.250533313,0.249684304,0.248345494,0.246832103,0.245195106,0.243253201,0.240970701,0.238721699,0.236466497,0.234108001,0.231863394,0.229713604,0.2276963,0.225658894,0.223792002,0.221940607,0.220114797,0.218463093,0.216951907,0.215526298,0.214176506,0.213161498,0.212370694,0.211723596,0.2113913,0.211768106,0.212936595,0.214502499,0.217241898,0.222184897,0.228416801,0.236315101,0.244715393,0.252810389,0.259949803,0.26600349,0.270922303,0.275133014,0.279088914,0.282894909,0.286190808,0.28843841,0.2897439,0.290032595,0.289045394,0.286713809,0.28345269,0.279826999,0.276144594,0.272833914,0.269985706,0.267608404,0.265769005,0.264244586,0.26301229,0.262049198,0.261062712,0.259880692,0.258560002,0.257225812,0.256213605,0.255687505,0.255690396,0.256151497,0.257554114,0.259840399,0.263059109,0.26713261,0.272232205,0.278154314,0.284705788,0.292464286,0.3020688,0.312882394,0.32233119,0.327531695,0.328798086,0.330464214,0.338943213,0.34535259,0.350872904,0.362277001,0.374276608,0.386824399,0.398945689,0.410285592,0.421153903,0.430185407,0.437808603,0.443286806,0.446621299,0.448569506,0.449290603,0.449333191,0.449525714,0.449774414,0.449424714,0.447778493,0.4454,0.442586899,0.439594299,0.436624914,0.433659911,0.430561602,0.427346289,0.42411679,0.421135008,0.418455094,0.416226387,0.414216697,0.412356794,0.410459489,0.408861488,0.407319307,0.405960888,0.404500008,0.403035611,0.401645601,0.400092304,0.398236394,0.395876288,0.393077791,0.389817804,0.386607587,0.383546591,0.380490392,0.377679288,0.375268996,0.3727777,0.3706173,0.368816793,0.367253989,0.365976602
CornWholePerten0001,Perten_DA7200,corn,Unknown,US,2006,16.99085045,8.005442619,0.158721998,0.165514901,0.173232898,0.180487901,0.18626,0.191446006,0.194873005,0.197106004,0.197334901,0.197906002,0.196219996,0.194969907,0.192468897,0.190189898,0.187614903,0.184463903,0.181216002,0.177808002,0.175109893,0.171911001,0.169305995,0.166320995,0.1637339,0.161262006,0.159529999,0.157276005,0.155838996,0.154548004,0.154138997,0.153800994,0.153845996,0.153834999,0.154514998,0.155934006,0.157747001,0.161549002,0.168427005,0.180316001,0.195428997,0.213377893,0.231373996,0.249042898,0.263468891,0.275213897,0.284279913,0.293127894,0.301104903,0.309189886,0.315926909,0.320204914,0.322470903,0.321723908,0.319058895,0.313664913,0.30614689,0.298176915,0.291894913,0.286422014,0.282000899,0.279223889,0.277016908,0.275745004,0.273981899,0.273375988,0.271564901,0.270659894,0.269107908,0.267663896,0.266753912,0.266754895,0.268029898,0.270360887,0.274356902,0.278640896,0.285650909,0.29408291,0.3041749,0.315267891,0.327230901,0.339237899,0.351360887,0.362754911,0.373364896,0.383629888,0.391339898,0.401539892,0.412788898,0.429362893,0.450386912,0.477731913,0.508777916,0.540662825,0.573802888,0.603019774,0.62961477,0.650540829,0.668102801,0.679268777,0.689361811,0.694557726,0.698041916,0.701255679,0.701363802,0.70307982,0.700152814,0.69855392,0.693692803,0.689546824,0.683680773,0.677740812,0.673132777,0.666105807,0.661918819,0.655535817,0.651342928,0.645987809,0.642683923,0.638587773,0.635796905,0.633900881,0.629595816,0.628298879,0.625295818,0.624019921,0.620418787,0.617876887,0.614483774,0.610558808,0.606213927,0.599990904,0.595491827,0.58899188,0.583863914,0.577587783,0.572336912,0.568828821,0.561449826,0.558733881,0.553766787,0.551022828,0.548746824
CornWholePerten0002,Perten_DA7200,corn,Unknown,US,2006,8.820590019,9.316634178,0.165290996,0.168887898,0.173753902,0.179276004,0.185321897,0.192653,0.198698893,0.203061,0.204889894,0.206352904,0.2053909,0.204823896,0.203079999,0.201303899,0.19912,0.196475998,0.193581894,0.190393999,0.187828004,0.184790999,0.182303995,0.179380998,0.176878899,0.174154893,0.172054902,0.169376999,0.167336896,0.165342897,0.163997904,0.162538901,0.161590993,0.160448,0.160025999,0.160369903,0.161181003,0.163916007,0.169465005,0.179641902,0.192620993,0.208379999,0.224147901,0.240711898,0.255679905,0.269181907,0.280561894,0.291402012,0.30121389,0.311092913,0.32009089,0.326274991,0.330138892,0.330656886,0.3288939,0.324170888,0.316822887,0.308169901,0.30041489,0.293473899,0.287530899,0.283505887,0.280146003,0.278128892,0.275875896,0.274885893,0.272695988,0.271300912,0.268773913,0.266182989,0.263667911,0.26194489,0.26114589,0.261385888,0.262940913,0.265048891,0.269736886,0.275935888,0.283863902,0.293534905,0.304896891,0.317174912,0.330324888,0.343678892,0.355837911,0.367505908,0.375795901,0.385592014,0.394402891,0.405705899,0.420174897,0.439512789,0.462559909,0.487844795,0.517595828,0.547397792,0.577092886,0.603479922,0.626740873,0.642955899,0.65682888,0.664457798,0.669894695,0.674598813,0.675711811,0.677686811,0.676023781,0.675553799,0.672257781,0.669752777,0.665523827,0.661372781,0.65808481,0.652379811,0.649320781,0.644110799,0.640726805,0.636310816,0.633345783,0.630762816,0.628859818,0.62771982,0.624816895,0.624656916,0.622640789,0.622772813,0.620106816,0.618471921,0.615954876,0.612452805,0.608620822,0.602499902,0.597789824,0.590998828,0.585578919,0.57850188,0.5727579,0.568860829,0.561201811,0.558043778,0.552319884,0.549369812,0.546822786
CornWholePerten0003,Perten_DA7200,corn,Unknown,US,2006,19.40401077,9.12044239,0.171582997,0.173263997,0.175907999,0.179118007,0.181311995,0.183327898,0.184809893,0.185356006,0.184208006,0.183336005,0.181593895,0.178498894,0.176613003,0.173733905,0.171349898,0.167574897,0.164519996,0.160967007,0.158023,0.155088008,0.152379006,0.149437994,0.147138998,0.144605994,0.142812997,0.140562996,0.139718905,0.138105005,0.137929007,0.137512997,0.137420997,0.137832999,0.138084993,0.139388993,0.140648007,0.143793002,0.148967996,0.158487007,0.170819998,0.186277002,0.201847896,0.216828004,0.229598895,0.239431903,0.247378007,0.255140901,0.261795998,0.268482894,0.274264902,0.278046995,0.280117899,0.279687911,0.277544886,0.273002893,0.26720801,0.260738909,0.255614907,0.251342893,0.247501001,0.245565996,0.243490905,0.242451996,0.241048902,0.240606993,0.239260003,0.238759995,0.237387002,0.236498907,0.236150906,0.236203894,0.237545997,0.239757001,0.243386999,0.247174904,0.253305912,0.260539889,0.269174904,0.278320998,0.288515896,0.298842013,0.308802992,0.318205893,0.326897889,0.335147888,0.341780901,0.350607902,0.36037001,0.374065906,0.392305911,0.415421814,0.442772806,0.4699049,0.497496903,0.521873891,0.542523921,0.558882773,0.572047889,0.580423892,0.587175787,0.59152782,0.593707919,0.596897781,0.596013784,0.598305881,0.594436884,0.59400779,0.589721918,0.586501777,0.58213079,0.577261925,0.573716819,0.568118811,0.564737916,0.559084892,0.555766821,0.551198781,0.548042893,0.545330882,0.542156875,0.541202784,0.536204815,0.536039829,0.532739878,0.531492829,0.52915293,0.526520789,0.523839891,0.520330787,0.517594814,0.512604892,0.509047926,0.504209876,0.50027293,0.495539904,0.491531909,0.489112914,0.483346909,0.481419891,0.477598906,0.475794911,0.475945801
CornWholePerten0004,Perten_DA7200,corn,Unknown,US,2006,11.84150028,8.633337021,0.190272898,0.195958898,0.203191996,0.211237907,0.218637899,0.226812899,0.232947901,0.237902001,0.239671007,0.241475999,0.240486905,0.239559904,0.237775907,0.235728905,0.233291,0.230304003,0.227140904,0.223258004,0.220279902,0.216693893,0.213826895,0.210464895,0.207606003,0.204669997,0.202496901,0.199527994,0.197484002,0.195520997,0.194387004,0.193337902,0.192891896,0.192132905,0.192047,0.192967996,0.194276005,0.197685003,0.204243898,0.216104895,0.231403902,0.25006789,0.268935889,0.288627893,0.305963904,0.320932895,0.333499908,0.345281899,0.355705887,0.365941912,0.374904901,0.381008893,0.384946913,0.384950906,0.382650912,0.377482891,0.369611889,0.36064291,0.35281691,0.345922887,0.339899898,0.336029887,0.332872808,0.331105888,0.328832895,0.32810691,0.325888902,0.324486911,0.322118908,0.319860905,0.317765892,0.3164199,0.316405892,0.317542911,0.320312887,0.323500991,0.32968691,0.337661892,0.347425908,0.35876289,0.371573895,0.384939909,0.398795903,0.412390888,0.42471081,0.436807901,0.445404887,0.456291914,0.466262907,0.479865909,0.496860802,0.519778788,0.54653579,0.574617803,0.605763912,0.634774923,0.66263181,0.685688913,0.705321789,0.71858573,0.730466783,0.736651778,0.741334796,0.745763779,0.746444821,0.748638809,0.746639907,0.746431828,0.743065774,0.740550816,0.736646771,0.732121825,0.729019702,0.723256826,0.720335782,0.715046823,0.712033808,0.707462788,0.704584777,0.701567829,0.699505806,0.698433816,0.695000887,0.694663882,0.692420721,0.691730797,0.689035714,0.687063873,0.684569717,0.681284785,0.677765787,0.67203778,0.667642772,0.661597788,0.656754911,0.650305808,0.644794822,0.641102791,0.633948922,0.63070488,0.625832915,0.623173893,0.620678902
CornWholePerten0005,Perten_DA7200,corn,Unknown,US,2006,9.797622681,12.53055,0.162888899,0.162377998,0.162594006,0.164154902,0.166005001,0.169262901,0.172211006,0.174255997,0.174357995,0.174280003,0.173304007,0.170862898,0.169842005,0.167601898,0.165902898,0.162717998,0.160128996,0.157000005,0.154476002,0.151944995,0.1494589,0.146724999,0.144443005,0.141881898,0.139932007,0.137306005,0.136062995,0.133892,0.133098006,0.131769002,0.130852997,0.130429998,0.129847005,0.130418897,0.131107003,0.133576006,0.138328001,0.147119999,0.158510998,0.172325,0.186151996,0.199791998,0.212312907,0.2230739,0.232377902,0.241533905,0.249470994,0.257591903,0.264728904,0.269303888,0.271795988,0.271498889,0.2694709,0.264939904,0.258740902,0.251583904,0.245554894,0.240316004,0.235528901,0.232742906,0.230083004,0.228496894,0.226803899,0.226255894,0.2247179,0.223951906,0.222158894,0.220330894,0.218754903,0.2174799,0.217338905,0.217820898,0.219756901,0.222025901,0.226346001,0.231916904,0.239034906,0.246986896,0.256535888,0.266855896,0.277407914,0.287938893,0.297905892,0.306912899,0.313894898,0.321805894,0.329360902,0.339157909,0.352009893,0.368335903,0.388093889,0.408989787,0.432033896,0.45419091,0.4744519,0.491790891,0.506202877,0.51587081,0.523449898,0.528438926,0.531242788,0.534721911,0.534280896,0.537023783,0.533845782,0.534518778,0.531659782,0.529848874,0.527485788,0.52427882,0.522625923,0.518719912,0.516928911,0.512772799,0.510366917,0.507095814,0.505006909,0.503612876,0.501468897,0.501603782,0.497600913,0.498615891,0.496361911,0.496222913,0.494718909,0.493163914,0.491432905,0.488605887,0.486455888,0.481777906,0.4787229,0.474040896,0.470211893,0.465681911,0.46159789,0.45932889,0.453961909,0.452063888,0.448325813,0.446593911,0.447109789
CornWholePerten0006,Perten_DA7200,corn,Unknown,US,2006,10.48332977,8.098200798,0.131087005,0.134806007,0.140220001,0.145699993,0.150959998,0.156833902,0.161036998,0.163582996,0.164085999,0.164811,0.163908899,0.163063899,0.161305994,0.159575,0.157318994,0.154889897,0.152211994,0.149616003,0.147591904,0.145127997,0.142878994,0.140325993,0.137878999,0.135466993,0.133797005,0.131543994,0.129914001,0.128322005,0.127499998,0.126346007,0.125788003,0.125071004,0.125147998,0.126099005,0.127565995,0.131336004,0.138187006,0.149654001,0.163262993,0.178734899,0.194496006,0.210104004,0.223593906,0.235076904,0.243696898,0.252449989,0.261575908,0.270754904,0.278349906,0.28302601,0.285433888,0.285007894,0.282409906,0.276201904,0.267279893,0.257870913,0.250113905,0.243687004,0.238668904,0.235338897,0.232769996,0.231065005,0.229181901,0.228188902,0.226298899,0.224836007,0.222538903,0.220298901,0.218490899,0.217486903,0.217413902,0.218569994,0.221088901,0.224151999,0.229440898,0.236458004,0.245160997,0.255221009,0.266547889,0.278541893,0.291095913,0.303646892,0.315215886,0.325690895,0.333465904,0.342679888,0.352616906,0.366515905,0.384004891,0.405877888,0.431724787,0.460583895,0.492751896,0.523169816,0.552052915,0.576504827,0.597074926,0.610953808,0.622439921,0.628777802,0.63287878,0.636686802,0.637203872,0.638991773,0.636224926,0.634849906,0.630794823,0.627170801,0.622248828,0.617365897,0.613505781,0.60745579,0.603870928,0.597876906,0.59460181,0.590216816,0.587643802,0.584968925,0.583157778,0.582498789,0.579210818,0.579202771,0.576916874,0.576191783,0.5739429,0.571750879,0.568609893,0.564412773,0.559739828,0.552907825,0.547588825,0.540174782,0.534283817,0.526998878,0.521306872,0.516925812,0.509514928,0.506060779,0.500400901,0.497428894,0.494855911
CornWholePerten0007,Perten_DA7200,corn,Unknown,US,2006,17.39999962,9.32941246,0.183977902,0.191699997,0.200416997,0.208786905,0.215802997,0.222270995,0.226702899,0.229269996,0.229373902,0.229718894,0.227745995,0.226287901,0.223487899,0.220881894,0.217986897,0.214712903,0.210917905,0.207265005,0.204328999,0.200753897,0.197871,0.194535002,0.191764996,0.188991904,0.187152907,0.184767902,0.183296993,0.182097003,0.181711003,0.181341007,0.181782007,0.181863904,0.1825739,0.184386998,0.186606005,0.191346899,0.199901894,0.214198902,0.231991902,0.252195895,0.272025913,0.291049898,0.305975914,0.318082899,0.327537894,0.337173909,0.345913887,0.354394913,0.361161888,0.36510089,0.366776913,0.365157902,0.361456901,0.35529089,0.346868902,0.338643909,0.332176894,0.326560915,0.322219908,0.319460988,0.317294896,0.316096902,0.314359903,0.313814908,0.312079907,0.311121911,0.309464902,0.308063,0.307208896,0.307478011,0.308972895,0.312000901,0.31662789,0.321688891,0.329544902,0.339105904,0.3504619,0.362777889,0.375737906,0.388557911,0.401131898,0.413180888,0.424076915,0.43462491,0.44261089,0.45350489,0.465931892,0.483640909,0.506572902,0.535111904,0.566237927,0.596994817,0.627763927,0.65384078,0.676879883,0.69418782,0.708345771,0.716756821,0.724330783,0.728099883,0.730240822,0.732664824,0.732453823,0.73323983,0.730492771,0.728484929,0.724475682,0.720883906,0.716000021,0.710854888,0.706664681,0.700684786,0.696876824,0.691328824,0.687777817,0.683241785,0.680559874,0.676993787,0.67451179,0.672585785,0.668468893,0.667592824,0.664507926,0.663395822,0.660651684,0.657904804,0.655341804,0.651218772,0.647272825,0.641324818,0.636846781,0.630913913,0.62655592,0.620623887,0.615523815,0.612161875,0.605820775,0.602588892,0.598277688,0.594926775,0.592750907
CornWholePerten0008,Perten_DA7200,corn,Unknown,US,2006,18.79603958,7.84979105,0.159944996,0.166176006,0.174282,0.182191998,0.189106002,0.195280999,0.199937001,0.202992901,0.203760997,0.204352006,0.202959999,0.201533899,0.198743895,0.196165994,0.192998901,0.189918906,0.186143905,0.182475999,0.179637998,0.176194906,0.173161998,0.170150995,0.167443901,0.1647899,0.163167998,0.160820007,0.159244001,0.158014998,0.157637,0.157381997,0.157695994,0.157683998,0.158489004,0.160129994,0.161901996,0.165491894,0.172060996,0.183490902,0.1984929,0.216873899,0.235565007,0.253986895,0.268844903,0.280733913,0.289947987,0.298957914,0.306962013,0.314895988,0.321543902,0.326112896,0.32878691,0.328283906,0.325726897,0.320857912,0.313717902,0.306047887,0.299751908,0.294347912,0.289926887,0.2869789,0.284657896,0.283219904,0.281414896,0.280780911,0.279085904,0.278150886,0.276729912,0.275521904,0.274707913,0.275054902,0.276247889,0.279005885,0.283003897,0.287673891,0.294953913,0.303813905,0.314250886,0.325869888,0.338252902,0.350604892,0.362858892,0.374746889,0.38536489,0.396022886,0.404213011,0.415008903,0.42730391,0.445018888,0.4677248,0.497266889,0.531162798,0.565697789,0.601024926,0.63219893,0.65997082,0.682155788,0.700267792,0.712429822,0.722873926,0.728668928,0.731869817,0.735374808,0.73560679,0.736655712,0.733263791,0.731379926,0.726719797,0.721690774,0.71604681,0.709187925,0.70367378,0.696366787,0.69094491,0.683717787,0.679032803,0.672860801,0.668814778,0.664744675,0.661263824,0.658577681,0.653551877,0.6518718,0.648247898,0.6457268,0.642837822,0.639854789,0.636302888,0.631700873,0.627423883,0.620864928,0.615354776,0.608610928,0.603339911,0.59628582,0.590486825,0.585945785,0.578246772,0.574371815,0.56907779,0.565552771,0.562411785
CornWholePerten0009,Perten_DA7200,corn,Unknown,US,2006,7.925415993,9.315009117,0.151688993,0.154940993,0.159934998,0.166228905,0.173954904,0.183016002,0.190855995,0.195955902,0.198170006,0.199750006,0.199169993,0.198521003,0.196583897,0.194781005,0.192278996,0.189570993,0.186416999,0.183171004,0.180811003,0.177777901,0.175114006,0.172279894,0.169542998,0.166907996,0.164781004,0.161989898,0.159861997,0.157721996,0.156229898,0.154696003,0.153786004,0.152410999,0.151988998,0.152603,0.153441995,0.156594902,0.162854001,0.173831001,0.187829897,0.203887001,0.220149994,0.2368799,0.251626015,0.2649059,0.276261896,0.287515909,0.297991902,0.308573902,0.317511886,0.323462993,0.326974899,0.327247888,0.324800909,0.31960991,0.311863989,0.303067893,0.295527011,0.288562894,0.282769889,0.278622896,0.275512904,0.273553908,0.271376908,0.270312905,0.268324912,0.2666969,0.264159888,0.26136291,0.258635908,0.256765902,0.255675912,0.256087899,0.257604897,0.260031909,0.264744014,0.271192014,0.279650897,0.289882898,0.301901013,0.3149589,0.328937888,0.343162894,0.356087893,0.367935896,0.376482904,0.386093915,0.394944012,0.406865895,0.421799898,0.441478908,0.464841902,0.490888894,0.521153927,0.551353872,0.581031919,0.60745579,0.629455924,0.644531786,0.65702492,0.663878799,0.668428779,0.672584772,0.673197806,0.67508179,0.672729671,0.672194779,0.669030786,0.666578829,0.6633178,0.65918988,0.656288922,0.651128829,0.647807777,0.642728806,0.639387786,0.635192871,0.632599771,0.630081892,0.628394783,0.627615929,0.624076784,0.624297917,0.622532785,0.622068822,0.620490909,0.618780911,0.616513789,0.612583876,0.608724892,0.602551878,0.597528875,0.590947926,0.585153818,0.578338802,0.572102785,0.567762911,0.560168803,0.556638777,0.551277816,0.547357798,0.544612825
CornWholePerten0010,Perten_DA7200,corn,Unknown,US,2006,8.362524033,8.756164551,0.139125004,0.141840994,0.146573007,0.152205005,0.159137994,0.167192996,0.174544901,0.179407999,0.181661904,0.183315903,0.182838902,0.182257995,0.180338904,0.178554907,0.176225007,0.173752904,0.170454904,0.167498007,0.165027902,0.162131995,0.159786999,0.157122001,0.154493004,0.151879996,0.149950996,0.147382006,0.145394996,0.143455997,0.142161995,0.140784994,0.139960006,0.138814002,0.138513997,0.138962999,0.139834002,0.142599002,0.148304999,0.158427,0.171599999,0.186946005,0.202571005,0.218703002,0.233116001,0.245979905,0.256764889,0.267564893,0.277702898,0.287818909,0.296454907,0.302379906,0.305809885,0.306142896,0.30358091,0.298599899,0.290886909,0.282512903,0.275209904,0.2685799,0.263058901,0.259235889,0.256283909,0.254429013,0.2525509,0.251646012,0.249630898,0.248231903,0.245968893,0.2433559,0.241010904,0.239366904,0.238537997,0.238981903,0.240577996,0.243042901,0.247665897,0.253918886,0.262312889,0.272193015,0.283802897,0.296198905,0.30951789,0.323026896,0.335503906,0.347025901,0.355359912,0.364845902,0.373859912,0.385612905,0.400878906,0.420922786,0.444981903,0.47157979,0.502311885,0.533192873,0.563496888,0.590596914,0.613723874,0.630217791,0.643622816,0.651475787,0.656585813,0.6609689,0.662088811,0.66418469,0.662275791,0.661666811,0.658659875,0.656104803,0.652754784,0.648552775,0.64541781,0.640207827,0.636812925,0.631446898,0.62804091,0.623846829,0.621538878,0.618474782,0.616869927,0.615530908,0.612326801,0.612565875,0.610710919,0.609948874,0.608404815,0.606648922,0.604181886,0.600458801,0.596102774,0.590007782,0.584308803,0.577449799,0.571435928,0.564315915,0.557981789,0.552921891,0.545147777,0.540921927,0.535108805,0.531138778,0.52796191
CornWholePerten0011,Perten_DA7200,corn,Unknown,US,2006,14.05391979,9.833024025,0.172371998,0.177252904,0.183567002,0.190697998,0.196955904,0.203648895,0.2086889,0.212470993,0.213907898,0.214797899,0.213945001,0.212222904,0.210751906,0.208467901,0.205908895,0.202994898,0.199787006,0.196461007,0.193707898,0.190593898,0.187852904,0.184918001,0.182289898,0.179617003,0.177735001,0.175294906,0.173676997,0.172246993,0.171431005,0.170729995,0.170689896,0.170294896,0.170566902,0.171847999,0.173471004,0.176969901,0.183771893,0.195131004,0.2098369,0.226585895,0.243774906,0.260785013,0.275212914,0.287002891,0.296325892,0.305327892,0.31345889,0.321558893,0.328119904,0.332524896,0.3348189,0.33432889,0.331668913,0.326889902,0.319703907,0.312050015,0.305576891,0.300029904,0.2954579,0.292333901,0.289809912,0.288316011,0.2865659,0.28568089,0.283975899,0.282886893,0.281223893,0.279280901,0.278105915,0.277764887,0.278196901,0.279947907,0.28289789,0.286881894,0.292695999,0.300592899,0.309879988,0.320423991,0.331785888,0.34352091,0.355294913,0.367154896,0.377950907,0.388315886,0.395691901,0.404409885,0.414270908,0.428541899,0.446735799,0.469754905,0.497480899,0.5254758,0.554801881,0.581896782,0.605974913,0.625696898,0.641721785,0.652310789,0.660937786,0.666312814,0.669125915,0.672220826,0.672430813,0.673527777,0.670898795,0.669389784,0.66581279,0.661791921,0.658409774,0.653161883,0.649267912,0.643652916,0.639300883,0.633759916,0.629679918,0.625529826,0.622374892,0.619359911,0.617205918,0.615374923,0.611308813,0.610506892,0.607875884,0.60629791,0.604608774,0.602299929,0.599885881,0.595672786,0.592122793,0.586212814,0.581332922,0.575568914,0.570929885,0.565144777,0.559757888,0.555984914,0.549432874,0.545927823,0.541205823,0.537986875,0.535762787
CornWholePerten0012,Perten_DA7200,corn,Unknown,US,2006,10.33333015,12.41176987,0.179817006,0.183797896,0.189502999,0.195989907,0.204329997,0.213455901,0.221872896,0.228150904,0.231200904,0.234229907,0.234683007,0.233892903,0.232973903,0.231591001,0.229539901,0.226589903,0.223306894,0.219885901,0.216926903,0.213490903,0.210493907,0.207193896,0.204098001,0.200913906,0.198418006,0.195417896,0.193209902,0.190966994,0.189603895,0.188182905,0.187505901,0.186653003,0.186312899,0.187316999,0.188738897,0.192368895,0.200088903,0.212995902,0.229703903,0.248772904,0.26817289,0.287882894,0.305621892,0.321473897,0.334559888,0.347008914,0.358227909,0.369844914,0.379322887,0.38585189,0.389161915,0.389093906,0.386263907,0.380533904,0.371317893,0.361155897,0.352039903,0.343991906,0.337340891,0.332592011,0.32880789,0.326590896,0.324246913,0.323037893,0.320998907,0.319554895,0.317187995,0.314371914,0.311923891,0.310331911,0.309721887,0.310538888,0.312729895,0.3160429,0.321607888,0.329416901,0.339231908,0.3506639,0.363736898,0.377915889,0.392536908,0.407836914,0.421441913,0.434295893,0.443727791,0.454527795,0.465326905,0.478668898,0.4963108,0.517966807,0.542830885,0.569361925,0.598873913,0.627562881,0.654478788,0.6775558,0.696687877,0.710517824,0.721148789,0.728508771,0.732596815,0.73670578,0.737436712,0.738962829,0.737334788,0.736847818,0.734320819,0.731874883,0.729557812,0.725788772,0.723051786,0.71851778,0.715268791,0.710659921,0.70733881,0.703345776,0.700939775,0.69831878,0.696459711,0.695456803,0.69171083,0.691659808,0.689636827,0.688961685,0.687672913,0.685953915,0.683630824,0.679899812,0.676442802,0.670655727,0.665705919,0.659620822,0.654624879,0.648918927,0.643403828,0.638716877,0.63210088,0.628780782,0.62378192,0.620809794,0.618237913
CornWholePerten0013,Perten_DA7200,corn,Unknown,US,2006,8.640000343,9.581748962,0.119818002,0.122599997,0.126664996,0.132027,0.139186993,0.147414997,0.155302003,0.160591006,0.163350001,0.165727004,0.165608004,0.1651389,0.1638989,0.162358999,0.159997001,0.157504007,0.154592007,0.151654899,0.149349004,0.146421,0.144165993,0.141305,0.138733998,0.136071995,0.134132996,0.13154,0.129596993,0.127763003,0.126239002,0.124975003,0.123948,0.123053998,0.122582004,0.123071,0.123931997,0.126728997,0.132641003,0.142716005,0.155924007,0.171069905,0.186637893,0.202678904,0.217344895,0.230554894,0.241621003,0.252664894,0.262979895,0.273228914,0.281776011,0.287737012,0.291096896,0.291372895,0.289001912,0.284027904,0.276297897,0.268177897,0.260973901,0.254406899,0.248923898,0.245008007,0.241993904,0.240221903,0.238329902,0.237171903,0.235495895,0.234088898,0.231917903,0.229381904,0.227092907,0.225401998,0.224690005,0.225005895,0.226441905,0.229040995,0.233434901,0.239660904,0.247805893,0.257698894,0.268948913,0.281576902,0.294827908,0.308456898,0.320849896,0.332411885,0.340923905,0.350137889,0.358793914,0.370166898,0.385183901,0.404157907,0.427412897,0.452731907,0.4819659,0.511671782,0.540453911,0.566144884,0.587985814,0.603635788,0.615909815,0.624164879,0.628773928,0.633305788,0.634241819,0.636100888,0.634324789,0.633639813,0.631264925,0.628840923,0.626093924,0.622160912,0.619233787,0.614580929,0.611197889,0.606320918,0.602752924,0.598816812,0.59630388,0.593861878,0.592087805,0.591135919,0.587820828,0.587834775,0.585913897,0.585431874,0.584278822,0.582462788,0.580295801,0.576300919,0.572651804,0.566953778,0.561541915,0.555326819,0.549900889,0.543246806,0.537341774,0.532517791,0.525315821,0.521361888,0.516035795,0.512162924,0.509433925
CornWholePerten0014,Perten_DA7200,corn,Unknown,US,2006,9.666666985,10.53036022,0.163688004,0.167201996,0.171630994,0.178074896,0.185874894,0.195007995,0.203614995,0.209650904,0.212964997,0.215537906,0.215980902,0.215236902,0.214085907,0.212792903,0.210352898,0.207535997,0.204306901,0.200821996,0.198103905,0.194722995,0.191816896,0.188704997,0.185649902,0.182734996,0.180365905,0.177369997,0.175166905,0.172968999,0.171540007,0.170031995,0.169181898,0.168228999,0.167805001,0.168461993,0.169609904,0.172869906,0.179917902,0.191872001,0.207117006,0.224811003,0.242760003,0.261125892,0.277789891,0.292767912,0.304954886,0.316741914,0.327544898,0.338409901,0.347310901,0.353480011,0.356973887,0.356966913,0.3545039,0.349287897,0.340937913,0.331953913,0.323800892,0.316650987,0.310473889,0.306387901,0.302972913,0.301040888,0.298958898,0.2978279,0.295863986,0.294344902,0.291970909,0.289166898,0.286619902,0.284925908,0.284328908,0.284883887,0.286732912,0.2896429,0.294630885,0.301838905,0.310822994,0.321502894,0.333501011,0.346734911,0.36053589,0.374493897,0.387181908,0.398887903,0.407240897,0.416557908,0.425757915,0.437413901,0.452745915,0.471770912,0.494426906,0.518341899,0.545110881,0.571429789,0.596432924,0.617527783,0.635354817,0.647842884,0.657795727,0.664426804,0.667995811,0.671695709,0.672030807,0.673455715,0.671644926,0.671120822,0.668671787,0.666344822,0.664221823,0.66074568,0.657996774,0.654169679,0.651311874,0.646945775,0.644008815,0.640847921,0.638285816,0.636396825,0.634922922,0.634253919,0.631015897,0.631350875,0.629740894,0.629006922,0.627919912,0.626212776,0.624353886,0.62101382,0.618039787,0.612820923,0.608552873,0.603280783,0.598871887,0.593688905,0.588497818,0.58471781,0.578624904,0.575419784,0.570721805,0.567921877,0.566053927
CornWholePerten0015,Perten_DA7200,corn,Unknown,US,2006,11.10000038,11.09000015,0.149926007,0.154085994,0.160025001,0.167485893,0.175861999,0.184467003,0.191382006,0.196754903,0.199358001,0.201045007,0.200811997,0.200499997,0.199165002,0.197631002,0.195334896,0.192883,0.189936996,0.187208906,0.184228897,0.181503996,0.178908899,0.176006004,0.173328996,0.170157999,0.167876005,0.165458903,0.163481996,0.161441907,0.160114899,0.158825994,0.158066005,0.157667995,0.1579099,0.158901006,0.160625994,0.164938003,0.172754005,0.184936002,0.200051904,0.217312902,0.235050902,0.252700001,0.2687639,0.283012897,0.295167893,0.30654791,0.317282885,0.327041894,0.335702896,0.341183901,0.344124913,0.343661904,0.341218889,0.335197896,0.327495903,0.31889689,0.310787886,0.303763896,0.298216909,0.293992907,0.290847898,0.288615912,0.286668897,0.285771012,0.284247905,0.282750905,0.28055799,0.278129906,0.275943905,0.274497896,0.274670899,0.274627894,0.276724011,0.280111909,0.285584897,0.292598903,0.30210191,0.3125709,0.325499892,0.338476896,0.352087885,0.365715891,0.377826899,0.388970912,0.398407012,0.408184886,0.417478889,0.430083901,0.445612788,0.464813888,0.487359911,0.512443781,0.540390909,0.56690383,0.592671871,0.614305794,0.63285178,0.646708787,0.657417715,0.664313912,0.66867578,0.671784818,0.672869802,0.674041808,0.672928929,0.672854781,0.669929683,0.668243825,0.667006671,0.662393808,0.659753799,0.654646814,0.6518659,0.648105919,0.645365775,0.641082883,0.638229787,0.6378178,0.634302914,0.633058786,0.631062925,0.6297279,0.628180802,0.626907826,0.625884891,0.622994781,0.621202827,0.617410779,0.61346978,0.60954982,0.603468895,0.598527908,0.592365921,0.587602913,0.582066774,0.577135801,0.573070884,0.568120778,0.56464088,0.560478926,0.559299886
CornWholePerten0016,Perten_DA7200,corn,Unknown,US,2006,13.25,8.50159359,0.092526972,0.095475979,0.099981979,0.104620002,0.109375,0.113995001,0.117504001,0.120002002,0.121247999,0.121473,0.120926999,0.120085001,0.118890002,0.117468,0.115558997,0.113835,0.111760996,0.109454997,0.107166998,0.105207004,0.102853999,0.100593999,0.098556973,0.096405983,0.094739974,0.092730969,0.091220968,0.089563973,0.088371962,0.087687977,0.087308973,0.087221973,0.08746998,0.088152982,0.08963798,0.092433967,0.097709984,0.106328003,0.117454998,0.130536005,0.144204006,0.158282995,0.170685902,0.181306005,0.189216003,0.196212903,0.203600004,0.211226896,0.217959896,0.2224309,0.225109905,0.225869998,0.224611893,0.219692901,0.213132903,0.205014899,0.197918907,0.1918699,0.187143907,0.183772996,0.181174904,0.179149896,0.177604899,0.176486999,0.175312907,0.174369901,0.172874898,0.171675995,0.1708159,0.170369893,0.170497,0.171205893,0.173418,0.176506907,0.181274906,0.186729893,0.194115907,0.202492893,0.211807996,0.221702904,0.231800005,0.241735995,0.251714885,0.260394901,0.268411905,0.277144998,0.28687191,0.299968898,0.316698909,0.336828888,0.360177904,0.387070894,0.415960908,0.442589909,0.467766911,0.487940908,0.505987883,0.518637776,0.528694809,0.534538925,0.538060784,0.540712774,0.541919828,0.543521822,0.54189992,0.539732873,0.536321878,0.533044815,0.529350877,0.523817778,0.520356774,0.515337825,0.510736883,0.506170929,0.502614915,0.498122901,0.494698912,0.490850896,0.488391906,0.486350894,0.483743787,0.482472897,0.479827911,0.478494793,0.476516902,0.474244803,0.471672893,0.467469901,0.464529902,0.459594905,0.454869807,0.449072897,0.443615913,0.438498914,0.432566911,0.427890897,0.422792912,0.419018894,0.414756894,0.411869913,0.409339011
CornWholePerten0017,Perten_DA7200,corn,Unknown,US,2006,14.61666965,7.760844231,0.156008005,0.161273003,0.168634906,0.175977901,0.183492899,0.190373004,0.196081996,0.200428903,0.202546999,0.203506902,0.202946007,0.201843903,0.199956894,0.197699994,0.194619998,0.191936001,0.188698903,0.185393006,0.182108894,0.179383904,0.176257998,0.173126996,0.170174897,0.167185903,0.165033907,0.162219003,0.160362899,0.158577994,0.157415003,0.156574994,0.156231001,0.156091005,0.156458899,0.157420993,0.159491003,0.163370997,0.170745999,0.183054999,0.199154005,0.218521893,0.238387898,0.258549988,0.275626898,0.290250987,0.301337987,0.311269909,0.321380913,0.331530899,0.340696901,0.346848905,0.3504529,0.351105899,0.349130899,0.342143893,0.333562911,0.322806895,0.313548893,0.305664986,0.2995179,0.295280904,0.291975886,0.289455891,0.287333012,0.285817891,0.284188896,0.282961011,0.280894905,0.279494911,0.278523892,0.278340906,0.278758913,0.279978901,0.283577889,0.288317889,0.295661897,0.303587914,0.314382911,0.326302886,0.33918789,0.352551907,0.365911901,0.378638893,0.391449899,0.402410895,0.412832886,0.424590886,0.437468886,0.454957902,0.477172911,0.503311873,0.533049882,0.565013826,0.598246872,0.627372921,0.653817773,0.674794793,0.693410814,0.705952823,0.716117919,0.721905828,0.725414813,0.728171825,0.728931785,0.730580807,0.728586674,0.726376772,0.722617805,0.718959928,0.715298772,0.709135771,0.705468893,0.700061798,0.695329785,0.690277815,0.6864838,0.681767821,0.678087771,0.673968911,0.671378911,0.669289708,0.666359723,0.664920688,0.66205591,0.660552919,0.658509672,0.655960798,0.653146923,0.648717821,0.645457923,0.640161872,0.63515079,0.629230917,0.62339288,0.617997885,0.611703813,0.606881917,0.601104915,0.597083807,0.592189908,0.588735819,0.585447788
CornWholePerten0018,Perten_DA7200,corn,Unknown,US,2006,13.52099991,9.432999611,0.124578998,0.127516002,0.131937996,0.136895999,0.142689899,0.148977995,0.154773995,0.158996001,0.161443993,0.163630903,0.163865998,0.163398996,0.162368998,0.160970002,0.159112006,0.156751007,0.154074997,0.151253,0.149067998,0.146430001,0.144002006,0.141454905,0.138861999,0.136418,0.134589002,0.132411003,0.130961001,0.129673004,0.128836006,0.128015995,0.127711996,0.127359003,0.127433002,0.128286004,0.129431993,0.132188007,0.137881905,0.147424996,0.159963995,0.174696907,0.189990997,0.205652997,0.219608903,0.231840998,0.241780907,0.251221001,0.260009915,0.26867491,0.275642902,0.280342013,0.282956898,0.282901913,0.280650914,0.2760849,0.268919885,0.261412889,0.255041987,0.249575898,0.245143905,0.242219999,0.239864901,0.238553897,0.2369719,0.236115903,0.234728903,0.233632907,0.232111007,0.2303119,0.228914902,0.228262901,0.228558898,0.229849994,0.232111007,0.23545,0.240364999,0.247134894,0.255207986,0.264461994,0.274514914,0.28529191,0.296125889,0.307112902,0.317070901,0.326507896,0.333815903,0.34224999,0.350949913,0.36281091,0.378954887,0.399178892,0.423678905,0.449812889,0.4784109,0.506453872,0.532549799,0.55547291,0.575067818,0.589827776,0.601956904,0.610799909,0.616155922,0.621508777,0.623082817,0.625495911,0.624494791,0.62398392,0.621432781,0.618613899,0.615329921,0.611078918,0.607226789,0.602383912,0.598300874,0.593016803,0.589143872,0.584987879,0.581853926,0.578926802,0.577076912,0.57542181,0.571515918,0.571022809,0.568595886,0.567473888,0.565976918,0.563318789,0.560947776,0.557192922,0.553413928,0.547975779,0.543050885,0.537095785,0.532243788,0.52647388,0.520564914,0.516221881,0.509296775,0.505773902,0.500437915,0.497141898,0.4946329
CornWholePerten0019,Perten_DA7200,corn,Unknown,US,2006,11.99199963,9.845999718,0.138857007,0.142068997,0.147174999,0.152660996,0.158558905,0.164762005,0.169949904,0.173714906,0.175168902,0.176681906,0.176001996,0.174821004,0.173199996,0.171438903,0.169079006,0.166428998,0.163580999,0.160650998,0.158199996,0.155289903,0.152824998,0.149995998,0.147369996,0.144667,0.142664999,0.140295997,0.138492003,0.136884004,0.135839999,0.134580001,0.134077996,0.133448899,0.133293003,0.133966997,0.134946004,0.137702003,0.143358007,0.153154001,0.166061997,0.181082994,0.196481004,0.211932898,0.225590006,0.237299994,0.246651903,0.255661011,0.263998896,0.272524893,0.279510886,0.28419891,0.286674887,0.28647989,0.284157902,0.279404908,0.2719419,0.264001906,0.257095903,0.251064986,0.246183902,0.242794901,0.240099996,0.238361895,0.236617893,0.235572904,0.2339589,0.232834905,0.2310839,0.229256898,0.227667898,0.226797894,0.226796895,0.227979899,0.230205894,0.233329907,0.238335893,0.244992003,0.253191888,0.26264289,0.273085892,0.284177899,0.295585901,0.307007909,0.31752789,0.327477902,0.334911913,0.343570888,0.352747887,0.365093887,0.381478906,0.401924908,0.426050901,0.451614887,0.479557902,0.50638479,0.531316817,0.552134872,0.569952786,0.582261801,0.592244804,0.598894775,0.602633894,0.606416881,0.606752873,0.608362913,0.606289923,0.605530918,0.602363884,0.599480927,0.596100926,0.591823816,0.5883919,0.583439887,0.579811871,0.574962795,0.571628809,0.567395926,0.564528823,0.561912775,0.560062885,0.558490872,0.555102825,0.554705918,0.552457929,0.551523924,0.550038815,0.54792279,0.54566592,0.54179579,0.538429916,0.532610774,0.527899921,0.522017777,0.516899884,0.511437774,0.505794883,0.501826823,0.495364904,0.491612911,0.486376911,0.483434886,0.48089689
CornWholePerten0020,0,corn,Unknown,0,0,11.39999962,10.0,0.119518504,0.1219505,0.127810299,0.135372996,0.144007698,0.153082296,0.161589697,0.168458,0.173242703,0.175979003,0.176945493,0.176513001,0.175035998,0.172790006,0.169855505,0.166331202,0.162605703,0.158880994,0.155266702,0.151873499,0.148755506,0.145899296,0.143083006,0.140215993,0.137316495,0.134474501,0.131881297,0.129564002,0.127496496,0.125820205,0.124688298,0.124126501,0.124037303,0.124435499,0.125709504,0.1286823,0.134512007,0.144260302,0.157870501,0.174275994,0.192376301,0.210880995,0.2283905,0.244132996,0.257787794,0.269641787,0.280685186,0.291316688,0.300884008,0.308389187,0.313219994,0.31500119,0.313898504,0.30986169,0.3028045,0.294123709,0.285318792,0.277264506,0.270539492,0.265217215,0.261173487,0.258258998,0.256067991,0.254382491,0.253022313,0.251544505,0.249687299,0.247535005,0.245359004,0.243587002,0.242638797,0.242698699,0.243982703,0.246633798,0.250959992,0.257280707,0.265561491,0.27564621,0.2873815,0.300448,0.314211011,0.328104287,0.341595292,0.353923291,0.364832789,0.37488851,0.385072708,0.396811813,0.411450505,0.42991671,0.452160001,0.477956504,0.506512225,0.535976827,0.564800978,0.591078818,0.613805175,0.63241899,0.646417499,0.656214476,0.662842512,0.667286992,0.670087278,0.671716273,0.67226398,0.671809673,0.669978321,0.667325497,0.664452493,0.661195278,0.657482505,0.653375506,0.64948982,0.645503521,0.641330779,0.637415826,0.634015322,0.631095827,0.628561497,0.626550317,0.624849975,0.623410225,0.622081995,0.620877504,0.619542778,0.617874026,0.615899682,0.613281727,0.610124826,0.606688976,0.602810681,0.598119319,0.593261778,0.588552177,0.583602488,0.578593016,0.573490322,0.568643272,0.564246476,0.560143828,0.558195472
CornWholePerten0021,0,corn,Unknown,0,0,11.69999981,9.501698494,0.131511495,0.134074003,0.1402587,0.148267701,0.157408699,0.166924998,0.175764993,0.182905495,0.1879455,0.190850005,0.191910297,0.191530705,0.1899997,0.187614203,0.184469506,0.180701494,0.176738203,0.172764704,0.168895796,0.165285006,0.1619948,0.1589735,0.155996203,0.153008699,0.150005803,0.147019506,0.144288197,0.141873002,0.139706999,0.137952298,0.136776298,0.136168495,0.136042997,0.136458799,0.137773499,0.140820995,0.146853,0.157001495,0.171258003,0.188556299,0.207720205,0.227327302,0.245869502,0.262499988,0.276890487,0.289418995,0.301074714,0.312234998,0.322298288,0.33024469,0.33539781,0.337288708,0.336067498,0.331786513,0.324442208,0.315454006,0.306313813,0.297921002,0.290893495,0.285333514,0.281121314,0.278082013,0.275762707,0.273938209,0.272461206,0.270861208,0.268844187,0.266539514,0.264256209,0.262414485,0.261447489,0.261584997,0.263056994,0.265982509,0.270684511,0.277520001,0.286475003,0.297364205,0.309981287,0.323991507,0.338711709,0.353501499,0.36786601,0.381040812,0.392631501,0.403241187,0.414063513,0.426670492,0.442468494,0.462492287,0.486686289,0.514629006,0.545288682,0.576684773,0.607221007,0.634860992,0.658611774,0.677961826,0.69241482,0.702482224,0.709274173,0.713824272,0.716670811,0.718249679,0.718684495,0.718122184,0.716153503,0.713309228,0.710239828,0.706746221,0.702718496,0.698301017,0.694145322,0.689894676,0.685492814,0.681399822,0.677856028,0.674785674,0.672116995,0.670013011,0.668213189,0.666689813,0.665283978,0.664014816,0.662671685,0.661013007,0.658931971,0.656110823,0.652804673,0.649218977,0.645122826,0.640198827,0.635086775,0.630039811,0.624786973,0.619533181,0.614122987,0.608928323,0.604195774,0.599736512,0.597591519
CornWholePerten0022,0,corn,Unknown,0,0,12.30000019,8.99657917,0.139575005,0.142451704,0.149261504,0.157810494,0.167409301,0.177345201,0.1866377,0.194212303,0.199446499,0.2025152,0.203866795,0.2036383,0.2020652,0.199506998,0.196145296,0.192186698,0.187958002,0.183696702,0.179591,0.175741002,0.172254503,0.169102296,0.165948004,0.162723005,0.159530297,0.1564437,0.153632507,0.151111499,0.1488695,0.147117704,0.145971999,0.145399496,0.145315796,0.145787999,0.147202507,0.150436297,0.156844795,0.167620197,0.182844296,0.201432303,0.222024798,0.243036494,0.262782008,0.280386508,0.295614511,0.308860004,0.321161687,0.332943708,0.343585014,0.352024496,0.357482493,0.359454215,0.35813269,0.35348621,0.345519811,0.335878491,0.326173186,0.31728071,0.309860289,0.304044813,0.299650788,0.296492189,0.294116288,0.29225421,0.290722311,0.289077789,0.287024707,0.284666508,0.282380313,0.280606002,0.279733211,0.280023813,0.281763494,0.285023689,0.29014501,0.297574788,0.30722931,0.318853706,0.332224786,0.346948504,0.362342,0.37775901,0.39270851,0.406476498,0.418700188,0.430014998,0.441658706,0.455240488,0.472211987,0.493618488,0.519262016,0.548533022,0.580131829,0.611904025,0.642325521,0.669432819,0.692431986,0.711020827,0.724780679,0.734288514,0.740737021,0.745128989,0.747871816,0.749328971,0.749684811,0.749175489,0.747290015,0.74451381,0.741577685,0.738251984,0.734323025,0.730001509,0.725968778,0.721848726,0.717652023,0.713759184,0.710332274,0.707283497,0.70459348,0.702467978,0.700690687,0.699198723,0.697744012,0.69633323,0.69481951,0.693171024,0.691188276,0.68839699,0.685106278,0.681538999,0.677445471,0.67249918,0.667417824,0.662409723,0.65709281,0.651726186,0.646224499,0.640964329,0.636101186,0.631482184,0.629283488
CornWholePerten0023,0,corn,Unknown,0,0,13.39999962,8.695150375,0.165583998,0.168452993,0.175017506,0.182953507,0.191510201,0.200059205,0.207733795,0.213485003,0.217042998,0.218497202,0.218376502,0.217375994,0.215751007,0.213556796,0.210762799,0.207546994,0.2041917,0.200808302,0.1975265,0.194407493,0.191653296,0.189335704,0.187153995,0.184854299,0.182355493,0.179782704,0.177303702,0.175116003,0.173376203,0.172113001,0.171275303,0.170945495,0.171114996,0.171875507,0.1736352,0.177164495,0.183611795,0.193936005,0.208372995,0.225942999,0.244937003,0.263843209,0.281331688,0.296541989,0.309511513,0.320835501,0.331387013,0.341450006,0.350434989,0.357268989,0.361269206,0.362426996,0.360781491,0.356343687,0.34950769,0.341526985,0.333633214,0.326564014,0.320814788,0.316556186,0.313386709,0.31107679,0.309566498,0.308319986,0.306975812,0.305545986,0.30406031,0.30243969,0.300993294,0.300188005,0.300366789,0.301734686,0.304525793,0.308926791,0.31502071,0.322955012,0.33278051,0.344326705,0.357163996,0.37091431,0.384889811,0.398735493,0.41193679,0.423895508,0.434869289,0.445444286,0.457257003,0.472150713,0.490994513,0.513801992,0.540213525,0.569389224,0.599546492,0.628652275,0.655455828,0.67859,0.697047472,0.711278498,0.721721172,0.729127228,0.734149277,0.737625003,0.739931822,0.740739822,0.740337491,0.739015818,0.736989677,0.734062493,0.730593324,0.726894498,0.723245502,0.719459474,0.714889228,0.710206688,0.706014276,0.702486813,0.699813008,0.697579503,0.695273519,0.693240821,0.691374481,0.689606726,0.688116014,0.686434984,0.684363484,0.681800485,0.678883016,0.675577819,0.671827972,0.667649329,0.66302067,0.658402324,0.65378648,0.64927882,0.644759774,0.640361726,0.636557221,0.63299948,0.629441321,0.625091493,0.62253648
CornWholePerten0024,0,corn,Unknown,0,0,13.10000038,10.49482155,0.194665507,0.1969648,0.202416003,0.2092392,0.216760993,0.224522799,0.231594503,0.236836299,0.239997298,0.241145298,0.240764007,0.239624202,0.237995699,0.235817507,0.233023703,0.229760006,0.226309493,0.222839698,0.219495297,0.216292203,0.2134078,0.210963205,0.208695799,0.206304997,0.203659296,0.200906202,0.198243201,0.195865497,0.193921,0.192431301,0.191360503,0.190842494,0.190887004,0.191518202,0.193068698,0.196330503,0.202550501,0.212737203,0.227093205,0.244646996,0.263770014,0.28304401,0.301120311,0.316899687,0.330208987,0.341737986,0.35261181,0.363176286,0.372627705,0.379691988,0.383768499,0.385006487,0.383306712,0.378402293,0.37064901,0.361486495,0.352400214,0.344367713,0.337942004,0.33316201,0.329521507,0.32682699,0.325046688,0.323583007,0.322108507,0.320612013,0.318971008,0.317141712,0.315521509,0.314562708,0.314583212,0.315786213,0.318441004,0.322745711,0.328765214,0.336657286,0.346485794,0.35805881,0.370941788,0.384781689,0.398916811,0.412989497,0.426400006,0.438528001,0.449712187,0.460533291,0.472475708,0.48725301,0.505495012,0.526920497,0.551259279,0.577884018,0.605136991,0.631103993,0.654747486,0.675072312,0.691238523,0.703633487,0.712753773,0.719321728,0.723774016,0.726894319,0.729059815,0.729792178,0.729423523,0.728422999,0.726900816,0.724502504,0.721592188,0.718512178,0.71553731,0.712423027,0.708500326,0.704456329,0.700829327,0.697807729,0.695652485,0.693896771,0.691904187,0.690093815,0.688450992,0.686883271,0.685591221,0.68408978,0.682267189,0.680014491,0.677460492,0.674625814,0.671379983,0.66778332,0.663875818,0.659992278,0.656041503,0.65223068,0.648423493,0.644675314,0.641449273,0.638452172,0.635487497,0.631726682,0.629459977
CornWholePerten0025,Perten_DA7200,corn,Unknown,0,2007,9.5,9.005524635,0.285196513,0.286464989,0.28977719,0.294279188,0.299690515,0.305539489,0.310405791,0.313559502,0.315298289,0.315776497,0.31541729,0.314515501,0.313222706,0.311592311,0.309412211,0.307023794,0.304659188,0.302235991,0.299797505,0.29751879,0.295320004,0.292970687,0.290593714,0.288419813,0.2862795,0.284182996,0.282290012,0.280454814,0.278798997,0.277424991,0.276394188,0.275714189,0.275337786,0.275445789,0.276475012,0.279169709,0.284357995,0.292432189,0.303255707,0.316173792,0.330273509,0.34466669,0.358364314,0.370577008,0.381161988,0.390802294,0.400239289,0.409334511,0.416897714,0.422032207,0.424714714,0.424990207,0.422601312,0.417514294,0.410450488,0.40257299,0.394998491,0.388349712,0.38300249,0.378873497,0.375744313,0.373443812,0.371708006,0.370254189,0.36863181,0.366628707,0.364340007,0.361824989,0.359485209,0.357822001,0.356931508,0.357062489,0.358334005,0.36100179,0.365349501,0.371401787,0.379200995,0.388752788,0.399867207,0.412005186,0.424669296,0.437233508,0.448751688,0.458813012,0.467691511,0.47598049,0.485212714,0.49668029,0.511062682,0.528452992,0.549012184,0.573140025,0.599180222,0.625193775,0.649430513,0.670414686,0.687313497,0.699531317,0.70766151,0.713001311,0.716683686,0.718984187,0.720089495,0.720179975,0.719648778,0.718170524,0.715599775,0.71282202,0.709912479,0.706752777,0.70310998,0.69940418,0.69584322,0.692228317,0.688773513,0.685645223,0.683040679,0.680819511,0.679077506,0.677681029,0.676536977,0.675498486,0.674299479,0.672891676,0.671251774,0.669355512,0.667011023,0.664324522,0.660899818,0.656755984,0.652129829,0.647028685,0.641847313,0.636642516,0.631828189,0.62762928,0.624149323,0.620775223,0.616756976,0.613011777,0.611388981
CornWholePerten0026,Perten_DA7200,corn,Unknown,0,2007,10.80000019,10.0,0.308382988,0.309975207,0.313885689,0.318894506,0.324691504,0.330759794,0.335727006,0.338901013,0.340562493,0.340840489,0.340207011,0.339057505,0.337592512,0.3359375,0.333889514,0.331690013,0.329455793,0.327041,0.32445851,0.321910292,0.319401294,0.316734999,0.314051688,0.311630487,0.309361011,0.30728069,0.305501998,0.303817511,0.302334786,0.301106811,0.300165504,0.29953751,0.299162686,0.299263209,0.300378501,0.303324491,0.309016287,0.317913204,0.329827786,0.343935788,0.359153509,0.37451449,0.388968498,0.401762188,0.412829012,0.422845513,0.432511509,0.441731513,0.44936049,0.454500288,0.457117498,0.457218707,0.454560012,0.4491615,0.441834986,0.43377021,0.426062793,0.419310212,0.413872689,0.409667492,0.406453997,0.404047012,0.402246505,0.400830001,0.399296492,0.39741531,0.395309001,0.39304629,0.391004711,0.38963151,0.389064789,0.389629006,0.391406685,0.394616187,0.399510711,0.40618071,0.414649487,0.424779207,0.436437011,0.449027687,0.461982489,0.474836499,0.486694813,0.497167707,0.506673515,0.515780687,0.526099682,0.539129019,0.555505812,0.575261176,0.598425329,0.62500751,0.653092682,0.680796981,0.706377506,0.72840178,0.746219277,0.759302676,0.768234313,0.774407327,0.778824508,0.781517506,0.782840312,0.783116818,0.782696188,0.781122506,0.778242528,0.77512151,0.771822274,0.768223226,0.764155507,0.759971678,0.755904973,0.751941323,0.748151481,0.744529486,0.741562486,0.739144981,0.737094224,0.735405505,0.734125495,0.732936502,0.731495321,0.7299155,0.728304505,0.726310015,0.723638475,0.720674276,0.717031777,0.712675512,0.707736492,0.702256024,0.696792185,0.691291273,0.686030686,0.6812675,0.677291989,0.673442006,0.668684721,0.664201677,0.66229701
CornWholePerten0027,Perten_DA7200,corn,Unknown,0,2007,27.70000076,9.128630638,0.249209896,0.254864603,0.265758097,0.275511414,0.28359741,0.290144503,0.295211613,0.298310787,0.299354404,0.29864651,0.296576202,0.293665707,0.290241391,0.286097288,0.281343013,0.276263893,0.271106988,0.266198009,0.261538208,0.257018894,0.252830714,0.249045506,0.245455593,0.2420955,0.239265606,0.237238199,0.235859305,0.235079303,0.234954,0.235445902,0.236475006,0.237926707,0.239792705,0.242237195,0.246026799,0.252707094,0.264116108,0.281554312,0.304277301,0.329558313,0.3542445,0.375785112,0.393381089,0.407204211,0.418271214,0.428115994,0.437309295,0.445744902,0.452841491,0.457713008,0.45985049,0.459250391,0.456053913,0.450509906,0.443361998,0.435719788,0.428430915,0.422299892,0.417566001,0.413763613,0.410549998,0.408221513,0.40665251,0.405228913,0.404172212,0.403556705,0.40315029,0.403151095,0.40392521,0.405798793,0.409080088,0.413831115,0.420354486,0.428761303,0.439087212,0.451431215,0.465265393,0.480122,0.495327205,0.510006726,0.523734987,0.536760628,0.54907012,0.561034679,0.573941171,0.589394808,0.609736919,0.636662483,0.669757426,0.706581473,0.743886292,0.778244317,0.807989597,0.832827807,0.852277875,0.867164075,0.878460228,0.886483729,0.891994,0.895653606,0.89762193,0.8985883,0.898676395,0.897237122,0.894008875,0.889450908,0.884130776,0.878003478,0.871848702,0.865644217,0.859168828,0.853035927,0.8465994,0.839831173,0.833541811,0.827611387,0.821934283,0.816583514,0.811438799,0.806911171,0.802707791,0.798168004,0.793609917,0.789350629,0.785154879,0.780912399,0.776837528,0.772669196,0.768312216,0.763468683,0.758119285,0.752858579,0.747878611,0.743307591,0.738661528,0.733857095,0.729148686,0.724593818,0.720522523,0.717034817,0.71543783
CornWholePerten0028,Perten_DA7200,corn,Unknown,0,2007,30.29999924,9.325681686,0.201212004,0.205181196,0.212720305,0.219321907,0.224644303,0.228809401,0.231915698,0.233576804,0.233737797,0.232683793,0.230695501,0.228109494,0.225144699,0.221596196,0.217572898,0.213424698,0.209376901,0.205569804,0.201914102,0.198361501,0.195032701,0.191964701,0.189129606,0.1865073,0.184256405,0.182671294,0.181632504,0.180969402,0.180724397,0.180976898,0.181661204,0.182664096,0.184020698,0.185886696,0.1887739,0.193805903,0.202426001,0.215702996,0.233108297,0.2525042,0.271316201,0.28751269,0.300528586,0.31061101,0.31858319,0.325596988,0.332211494,0.338365108,0.343524814,0.347009987,0.348466605,0.347857893,0.345229507,0.340755194,0.335080385,0.329077303,0.323335499,0.318468601,0.314659208,0.311567694,0.308955014,0.307099193,0.305878609,0.30475539,0.303890914,0.303384692,0.303083092,0.303115904,0.303812504,0.305465013,0.308293194,0.312316895,0.317761391,0.324686706,0.33308661,0.343091488,0.354302108,0.366238385,0.378414989,0.390236199,0.401354015,0.411887914,0.421844006,0.431706786,0.442534208,0.455738008,0.473405689,0.497008085,0.526212692,0.558998883,0.592683971,0.624260485,0.652192295,0.676149488,0.695487678,0.710466206,0.721946716,0.730381727,0.736268282,0.740099907,0.742032528,0.742768228,0.742691219,0.741370797,0.738224208,0.733546317,0.72794801,0.721374512,0.714543402,0.70748651,0.700224698,0.693476319,0.686635971,0.679469526,0.672732174,0.666558623,0.660810113,0.655339718,0.650121808,0.645588875,0.641283929,0.6367383,0.632280529,0.628109515,0.624065518,0.619968295,0.615880728,0.611603975,0.607232809,0.60246098,0.59720999,0.591970086,0.586894274,0.582231522,0.577515125,0.572738588,0.568162024,0.563761115,0.559858799,0.5563972,0.554744124
CornWholePerten0029,Perten_DA7200,corn,Unknown,0,2007,29.39999962,9.348442078,0.226379097,0.2299923,0.236897796,0.242987007,0.247908503,0.251779705,0.254599392,0.255976707,0.255956799,0.25483039,0.252804488,0.250173986,0.247191206,0.243683696,0.239717498,0.235522702,0.231353298,0.227457807,0.223791599,0.220239297,0.216856897,0.213711798,0.210710093,0.207895994,0.205504194,0.203773901,0.202582106,0.201793194,0.201421097,0.201508001,0.202007696,0.202812493,0.203961298,0.205596402,0.208254501,0.213063002,0.221394703,0.234189406,0.250830293,0.269293994,0.287195087,0.302603513,0.315017611,0.324674994,0.3323991,0.33932969,0.345836014,0.351690292,0.356384605,0.359383702,0.36038661,0.359362513,0.356419087,0.351805687,0.346126914,0.340184391,0.33456111,0.329805702,0.326072902,0.323020786,0.32039699,0.318473101,0.317210794,0.316087991,0.315168589,0.314549208,0.31410411,0.313979,0.314522207,0.31599471,0.31858179,0.322345287,0.327504188,0.334104598,0.342180997,0.351844013,0.362643391,0.374157101,0.385912001,0.39730069,0.408038199,0.418281108,0.4278813,0.437163889,0.447393596,0.4601188,0.477317989,0.500262618,0.528663814,0.560644507,0.593589723,0.62462312,0.652236223,0.675922275,0.694846571,0.709513784,0.720790684,0.728972375,0.734677613,0.738417029,0.74030751,0.741066515,0.740934312,0.739378512,0.736046791,0.731294513,0.725762606,0.719345212,0.712631285,0.705701888,0.698627114,0.692048609,0.685219884,0.678124189,0.671549082,0.66539979,0.659668624,0.654387116,0.649320722,0.644789517,0.640500128,0.635970771,0.63163513,0.627673984,0.623732388,0.619619787,0.615451217,0.61115402,0.606832922,0.60217011,0.597064316,0.591905594,0.586898685,0.582338214,0.577705979,0.57297653,0.568435907,0.564083099,0.560264587,0.556895196,0.555278778
CornWholePerten0030,Perten_DA7200,corn,Unknown,0,2007,16.72999954,6.54497385,0.150088996,0.150276005,0.151019499,0.152103797,0.153115198,0.154099405,0.154853001,0.154923499,0.154333994,0.153403297,0.151810795,0.1496723,0.147593498,0.145429298,0.143006697,0.140307993,0.137485296,0.134790003,0.132309005,0.129972801,0.127658501,0.1254282,0.123326697,0.121372998,0.119570501,0.118015297,0.116786704,0.115814298,0.115145303,0.114627697,0.114305303,0.114252001,0.114396803,0.114959501,0.116177999,0.118569002,0.123024501,0.130134001,0.139771193,0.151286006,0.163529202,0.175359994,0.185842499,0.194391996,0.201484904,0.207897902,0.213917404,0.219648406,0.224672407,0.228304699,0.2302275,0.230336994,0.228584498,0.224980995,0.2199765,0.214605495,0.209826693,0.205789894,0.202571601,0.200296402,0.198635697,0.197339699,0.196332395,0.195419699,0.194471195,0.193514496,0.192428902,0.191404894,0.190767005,0.190709993,0.1914175,0.192954198,0.195329905,0.198638499,0.203204006,0.209084407,0.215999603,0.223732695,0.232196003,0.241017193,0.249704197,0.258045107,0.265930086,0.273118705,0.279819995,0.286976904,0.295639694,0.307088107,0.32231459,0.341726214,0.364648193,0.38942489,0.414605111,0.438439608,0.459376186,0.47693491,0.490866214,0.501218379,0.508703589,0.513783276,0.517230928,0.519344926,0.520459414,0.520760715,0.519605577,0.517540872,0.51455462,0.510831118,0.506719589,0.502341211,0.497969687,0.493455589,0.489058912,0.484764904,0.480644405,0.476858407,0.473771393,0.471234411,0.469099909,0.46700111,0.464713186,0.463005394,0.46141389,0.45967409,0.457742691,0.455428898,0.45279941,0.44994539,0.44669959,0.442778111,0.438674688,0.434506893,0.430163086,0.42580089,0.422023714,0.418434888,0.414628714,0.411397398,0.408644408,0.406946689,0.406595886
CornWholePerten0031,Perten_DA7200,corn,Unknown,0,2007,21.05999947,10.28629017,0.158058003,0.161616698,0.1685047,0.174460694,0.179119602,0.182668105,0.184914902,0.185593203,0.185230896,0.184282705,0.182713702,0.180719197,0.178395703,0.175834507,0.173124194,0.170210198,0.167116702,0.164070904,0.161249206,0.158581004,0.155990496,0.153430298,0.151002303,0.148930997,0.147198007,0.145674497,0.144531697,0.143875197,0.143638507,0.143761203,0.144147202,0.144724697,0.145680994,0.147217795,0.149625704,0.153895795,0.161365002,0.172632203,0.186887503,0.202504203,0.217890203,0.231644198,0.242773905,0.251296192,0.258248389,0.264675707,0.270844907,0.276452392,0.28076911,0.283237696,0.283743411,0.28227371,0.27898109,0.274024904,0.268020392,0.262280494,0.257600397,0.253819406,0.250834405,0.248640701,0.247067198,0.245848104,0.244779706,0.243818402,0.242878899,0.241983697,0.241113395,0.240410402,0.240257695,0.240957201,0.242697403,0.245591402,0.249623999,0.254883707,0.2616584,0.269963086,0.279514611,0.289857894,0.300550908,0.311230213,0.321612895,0.33146891,0.340652615,0.349094898,0.357438713,0.367440909,0.38106671,0.399997205,0.425146401,0.456028909,0.490285903,0.52534008,0.5590716,0.58921361,0.614728272,0.635463119,0.65113461,0.662318289,0.67020911,0.675095618,0.677824378,0.679287911,0.679636121,0.678658307,0.675741613,0.671272814,0.665768325,0.65953052,0.652538776,0.645191073,0.637979388,0.630715489,0.623507321,0.616418302,0.609785914,0.603875876,0.598555088,0.593677282,0.589441299,0.585187078,0.580748081,0.57691741,0.57331121,0.569841921,0.566260278,0.56227982,0.558026373,0.553216279,0.54755187,0.541273594,0.534920573,0.528640628,0.522443771,0.516251922,0.510588408,0.505079389,0.4994196,0.494550109,0.490316093,0.486734688,0.485218912
CornWholePerten0032,Perten_DA7200,corn,Unknown,0,2007,31.81999969,9.181578636,0.209937394,0.215154901,0.225332603,0.233957902,0.240240395,0.244635001,0.247272402,0.248066902,0.247519597,0.246186405,0.243940204,0.240917996,0.237442195,0.233627707,0.229584396,0.2253014,0.220739603,0.2162707,0.212163702,0.208218202,0.204505399,0.2010739,0.197920695,0.195369005,0.193401694,0.191757202,0.190633997,0.190264493,0.190653205,0.191645905,0.192914203,0.194377706,0.196429506,0.199141994,0.202647701,0.208123699,0.217363894,0.231570393,0.250338405,0.271649212,0.292697698,0.310919404,0.324837089,0.334828407,0.342494398,0.349099606,0.355129898,0.360698909,0.365290701,0.3683514,0.36962539,0.368845403,0.366264194,0.362075895,0.356490612,0.350668907,0.345672607,0.34153989,0.338272214,0.335910201,0.334183991,0.332758486,0.331556201,0.330572903,0.329662889,0.329013586,0.328709394,0.328848213,0.329828113,0.331947386,0.335420191,0.340387911,0.346601903,0.354094714,0.363406211,0.374421686,0.386602402,0.399511904,0.412486911,0.424910307,0.436670095,0.44756791,0.457734913,0.467385411,0.477441907,0.490401387,0.508554101,0.533437312,0.565429628,0.603152573,0.642781377,0.680261791,0.71322,0.7404598,0.762160778,0.779071271,0.791596592,0.800366581,0.806779981,0.811109006,0.813660026,0.815012097,0.815105915,0.81360662,0.810055912,0.804991603,0.79878062,0.791704774,0.783764482,0.775282979,0.766714275,0.758110821,0.749756575,0.741436303,0.733368814,0.725853086,0.718858421,0.71230191,0.706285775,0.700258613,0.694162488,0.68883729,0.683855772,0.678914726,0.673967123,0.669021487,0.66412878,0.659084797,0.653642297,0.647842586,0.642185271,0.636763811,0.631493092,0.626204372,0.621470094,0.616973102,0.612140715,0.607941926,0.604352593,0.601226628,0.599867821
CornWholePerten0033,Perten_DA7200,corn,Unknown,0,2007,8.510000229,9.749699593,0.1560065,0.158076704,0.163005695,0.169194698,0.176511407,0.1845337,0.191688195,0.196561694,0.199237406,0.200469494,0.200365499,0.1992293,0.197609499,0.195626006,0.193238199,0.190437406,0.187359497,0.184304193,0.181412205,0.178585693,0.175768405,0.172970995,0.170242503,0.167715207,0.165321901,0.16291,0.160688296,0.158840001,0.157327801,0.1561068,0.155095205,0.154278502,0.153986901,0.154477194,0.155970693,0.159398899,0.166144401,0.176877901,0.190867707,0.206673205,0.223163396,0.239441201,0.254485399,0.267609686,0.279029608,0.289546192,0.299664587,0.309221894,0.317292213,0.322981387,0.325947911,0.326086611,0.323561192,0.318461895,0.311130494,0.303006887,0.295457691,0.288769186,0.283228904,0.279058188,0.275989711,0.273679912,0.271883398,0.270335615,0.268719614,0.266882688,0.2646254,0.262091607,0.259843111,0.258285195,0.257678688,0.258188188,0.259859115,0.262900889,0.267691612,0.274397403,0.282997191,0.293266714,0.304862589,0.317528904,0.330858588,0.344065189,0.356457412,0.367293894,0.376513392,0.38537389,0.395198405,0.407484114,0.423499107,0.443593115,0.467242211,0.493847907,0.522832096,0.55248791,0.580746591,0.605980575,0.626693308,0.642339826,0.653707326,0.661275923,0.666081071,0.669204176,0.67083782,0.671104074,0.669964612,0.667961121,0.665288806,0.662144423,0.658725917,0.654889584,0.650693119,0.646308303,0.641844094,0.637277126,0.633036673,0.629337609,0.626214087,0.623722076,0.621936619,0.620112479,0.618054807,0.616690874,0.615552783,0.614299774,0.612890124,0.610901117,0.608152628,0.604545414,0.599980712,0.594546616,0.588694572,0.582779586,0.576912582,0.570893288,0.56529212,0.55985707,0.554015577,0.548723579,0.544257104,0.540621281,0.539077878
CornWholePerten0034,Perten_DA7200,corn,Unknown,0,2007,8.25,8.828337669,0.122075498,0.123680003,0.127744705,0.133302704,0.140081301,0.147297502,0.153603494,0.158043504,0.160678297,0.161943004,0.161937699,0.161012501,0.159540504,0.157713205,0.155603796,0.153157204,0.150427505,0.147761196,0.145282194,0.142829895,0.140424505,0.137957007,0.135434493,0.133145496,0.131026298,0.128867298,0.126855001,0.125185505,0.123783998,0.122551203,0.121495001,0.120681003,0.120362297,0.120678797,0.121802703,0.124628,0.130352005,0.139518797,0.151638001,0.165551901,0.180166706,0.194599703,0.207923397,0.219556004,0.229794994,0.239434496,0.248847902,0.257773191,0.265346587,0.270758212,0.273724109,0.274094611,0.271858901,0.267161399,0.260520607,0.253218204,0.246431902,0.240499407,0.235606894,0.231873393,0.2291421,0.227141902,0.225609601,0.224251702,0.222811699,0.221210405,0.219245195,0.216987699,0.214912996,0.213401198,0.212736398,0.213105097,0.214474395,0.216998398,0.221088901,0.2268904,0.234365702,0.243412599,0.253786415,0.265143186,0.277145386,0.289209187,0.300586909,0.310529113,0.319033086,0.327122897,0.335922211,0.346825689,0.360972613,0.378887713,0.400352687,0.424891114,0.451948285,0.479762912,0.506422579,0.530623078,0.550898612,0.566498101,0.577841282,0.585266113,0.590032399,0.593243897,0.595063627,0.59560281,0.594616413,0.592730105,0.590388417,0.587550402,0.58422941,0.580600083,0.576751113,0.572648883,0.568503916,0.564295828,0.56031853,0.556844294,0.553928614,0.551492274,0.549657285,0.54792428,0.546149373,0.544993877,0.543978095,0.54281652,0.541409314,0.539557278,0.537065327,0.533649802,0.529200912,0.523908913,0.518248081,0.51239562,0.506465077,0.500386417,0.494747102,0.489332587,0.483724386,0.478788912,0.47442621,0.4707084,0.469139904
CornWholePerten0035,Perten_DA7200,corn,Unknown,0,2007,11.25,8.856339455,0.145675495,0.147487998,0.151804194,0.157051697,0.162893206,0.169212699,0.175029904,0.1791839,0.181726396,0.183164507,0.183349997,0.182548702,0.181323707,0.179627404,0.177454203,0.174995199,0.172260195,0.169499695,0.166891202,0.164213002,0.161505997,0.158867195,0.156227499,0.153736398,0.151486903,0.149391398,0.147551701,0.146069199,0.144877493,0.143931702,0.143233001,0.142769799,0.142786205,0.143489495,0.1450077,0.148208201,0.154419497,0.164309502,0.177444696,0.192745403,0.209135205,0.225479394,0.240524501,0.253409207,0.264098406,0.27348271,0.28257671,0.291547686,0.299431711,0.30514589,0.308306396,0.308938086,0.307044894,0.302254111,0.294741899,0.286043108,0.277798891,0.27070719,0.265048087,0.260845691,0.257812589,0.255565405,0.253802389,0.252304196,0.25083071,0.249283403,0.2475079,0.245588705,0.243974999,0.243046999,0.243072197,0.244155198,0.246270105,0.249568701,0.254495889,0.261183411,0.26941821,0.279007912,0.289613396,0.300896913,0.312612414,0.324290186,0.335399389,0.345314413,0.354111612,0.363042712,0.373244911,0.385884196,0.401828706,0.420999408,0.442769915,0.466541588,0.49160111,0.516231597,0.53859061,0.557821274,0.573526919,0.585640371,0.594646573,0.600801289,0.604860604,0.607490122,0.608885229,0.60923928,0.608392119,0.606864929,0.604803622,0.602213621,0.59931159,0.596094608,0.592615426,0.58897078,0.585344613,0.581692278,0.578291774,0.575369299,0.572896481,0.570864976,0.569307983,0.567543626,0.5656268,0.564336777,0.563129306,0.562040091,0.560952127,0.559213817,0.556768298,0.553658426,0.549917579,0.545531213,0.540792584,0.536075413,0.531404913,0.526476085,0.521733582,0.517165303,0.512472391,0.508239389,0.504488885,0.501445711,0.500210404
CornWholePerten0036,Perten_DA7200,corn,Unknown,0,2007,12.57999992,10.67261982,0.118050501,0.119919203,0.124140203,0.129028499,0.134146199,0.139061704,0.143275693,0.146388203,0.148249,0.149040505,0.149014995,0.148447499,0.147459194,0.146079496,0.144376501,0.1424018,0.140250295,0.138044506,0.135820299,0.133544296,0.131234005,0.128934205,0.126621202,0.124360703,0.122381702,0.120689303,0.119180799,0.117854998,0.116832703,0.116211303,0.115924299,0.115929,0.116383702,0.117494702,0.119608298,0.123493299,0.1300845,0.139854297,0.152359799,0.166687995,0.181857199,0.196951494,0.211047694,0.2230784,0.232797697,0.241410404,0.250080109,0.258693188,0.266120106,0.271377415,0.274411708,0.275253385,0.273388088,0.268224895,0.260346115,0.251491189,0.243205994,0.236235201,0.230686203,0.226422697,0.223199204,0.220737398,0.218964204,0.217717007,0.216534197,0.215212703,0.213726893,0.212201193,0.211003199,0.210551396,0.210864395,0.211858898,0.214002997,0.217568502,0.222588003,0.229146004,0.237185702,0.246642694,0.257279187,0.268561393,0.280203193,0.29187569,0.303035915,0.313463688,0.323435694,0.33372739,0.345463902,0.360034913,0.378147394,0.399759889,0.424717188,0.452747613,0.482630193,0.512112021,0.539354622,0.563177109,0.583068371,0.598877788,0.61064899,0.618744612,0.623945892,0.627181172,0.629028916,0.629706085,0.629154623,0.627381086,0.624567926,0.621526122,0.617883086,0.613098025,0.60801512,0.603021085,0.598514617,0.594389617,0.59007591,0.585682273,0.58230257,0.57966733,0.576780081,0.57435441,0.572283328,0.570266783,0.568441093,0.566578805,0.564293325,0.561508894,0.558527589,0.55479908,0.550380826,0.545323074,0.53938812,0.533222079,0.527022421,0.521033287,0.515271127,0.509846389,0.504785895,0.499794692,0.49533841,0.491733909,0.490144402
CornWholePerten0037,Perten_DA7200,corn,Unknown,0,2007,9.25,8.826446533,0.115570501,0.117638998,0.122596003,0.128948703,0.136226997,0.143540993,0.149767205,0.154231802,0.156856701,0.158002704,0.158080995,0.157454506,0.156256497,0.154578507,0.152564004,0.150257006,0.147754207,0.145222202,0.142743006,0.140325993,0.1379565,0.135606498,0.1332158,0.130811006,0.128613204,0.1266343,0.124773003,0.123047002,0.121565297,0.120429002,0.119631499,0.119140498,0.119099297,0.119767502,0.121557497,0.125254795,0.131766707,0.141528904,0.154003501,0.168132201,0.182970002,0.197751001,0.211711705,0.224216402,0.235211104,0.245255604,0.25481239,0.263758391,0.271358192,0.276738912,0.279569686,0.279913396,0.277774394,0.273106188,0.266599894,0.259421408,0.252483904,0.246397197,0.241397202,0.237538502,0.234715998,0.232623205,0.231076703,0.229871407,0.228535205,0.226837695,0.224803403,0.222619906,0.2206444,0.219342098,0.218818694,0.219007194,0.220391497,0.223289907,0.227755904,0.233923703,0.241820499,0.251415402,0.262476713,0.274408907,0.286744207,0.298903495,0.310160399,0.320240587,0.329274714,0.337789714,0.346825689,0.357944906,0.372268111,0.390136212,0.411519408,0.436297715,0.463714898,0.491977215,0.519175112,0.543553829,0.563978374,0.580006897,0.591711879,0.599624872,0.604639888,0.607686877,0.609392107,0.610048592,0.609698713,0.608405411,0.606256604,0.604027093,0.601323426,0.59749341,0.593332589,0.58918792,0.585407376,0.58189559,0.578165114,0.574426711,0.571686626,0.569669604,0.567490101,0.56572938,0.564275801,0.562921286,0.561667919,0.560307622,0.558511078,0.556144416,0.553550422,0.550142586,0.545981407,0.541133583,0.53528142,0.529128611,0.5230636,0.517346323,0.511871398,0.506624401,0.501604915,0.49666059,0.492205411,0.488627404,0.48710689
CornWholePerten0038,Perten_DA7200,corn,Unknown,0,2007,8.970000267,9.787981987,0.138471499,0.141027197,0.147173703,0.1551487,0.164371699,0.173729494,0.181852803,0.187823206,0.191456899,0.193210602,0.1936322,0.193113193,0.191876501,0.1899492,0.187497199,0.184828907,0.181927204,0.178828001,0.175853401,0.173041403,0.170162901,0.167218193,0.164240003,0.161336899,0.158573493,0.155861795,0.153375298,0.151150197,0.149210706,0.147684693,0.146543503,0.145786703,0.145573795,0.146225706,0.1482272,0.152451694,0.160171002,0.171932802,0.186992005,0.204077706,0.222183198,0.2403979,0.2574974,0.27267319,0.285909712,0.297927886,0.309384197,0.320086211,0.329090893,0.335398704,0.338742703,0.339256614,0.336705715,0.331174612,0.323613614,0.315058112,0.306705713,0.299394399,0.293495387,0.289133608,0.285933912,0.283514589,0.281653404,0.280068189,0.278474391,0.2765719,0.274192691,0.271704406,0.269518912,0.267843902,0.266819388,0.266877711,0.268537909,0.271972686,0.277130693,0.284035713,0.293099403,0.304223388,0.316900909,0.330671907,0.344768912,0.358528405,0.371260107,0.382238686,0.391759694,0.400616407,0.40982461,0.421180397,0.435874909,0.454161406,0.476141393,0.501578629,0.52902472,0.556432903,0.582126319,0.604808271,0.623625875,0.638071716,0.648518086,0.655574083,0.660117626,0.66300261,0.664842784,0.665889323,0.66556263,0.664113522,0.662219822,0.660242021,0.657762826,0.654619515,0.651482403,0.648138285,0.644528627,0.641141474,0.637964785,0.634841025,0.631923974,0.629419625,0.627690911,0.626467586,0.625368774,0.624378622,0.623290598,0.622329712,0.621191919,0.619508624,0.617188871,0.614262104,0.610917628,0.606842876,0.602107585,0.596981108,0.591751277,0.586513877,0.581326127,0.576395989,0.571778119,0.567593873,0.563736081,0.560363412,0.558866322
CornWholePerten0039,Perten_DA7200,corn,Unknown,0,2007,12.84000015,8.754015923,0.154434905,0.156772405,0.162094399,0.1682937,0.174899399,0.181442201,0.187123001,0.191228896,0.193680197,0.194830701,0.194724903,0.193677202,0.192185,0.190320402,0.187977195,0.185267404,0.182347998,0.179413796,0.176614001,0.173807204,0.170950204,0.168072403,0.165243194,0.1626513,0.160299301,0.158101007,0.156195,0.154690698,0.153520495,0.152647197,0.152085006,0.151775703,0.151947498,0.152797505,0.154492796,0.158034205,0.164838404,0.1756102,0.189925894,0.206692696,0.224670693,0.242491707,0.258752197,0.272521585,0.283862114,0.293768108,0.303286403,0.31267789,0.320965111,0.327023715,0.330477089,0.33122319,0.329244405,0.324170411,0.316098392,0.306684613,0.297764212,0.290113986,0.284019202,0.27950421,0.276237398,0.273793906,0.271873087,0.270193398,0.268514395,0.26682651,0.265004695,0.263099194,0.261529714,0.260700613,0.260908902,0.262300402,0.264821887,0.268642187,0.274249911,0.281775385,0.290970415,0.301529914,0.313124687,0.325358897,0.337925613,0.350408107,0.362318397,0.373029888,0.382665187,0.39267841,0.404301912,0.418832094,0.4373869,0.459800899,0.485095888,0.512635112,0.54148078,0.569475114,0.594722807,0.616329372,0.633728623,0.646938622,0.656813622,0.663563073,0.667958975,0.67091912,0.672465026,0.672756314,0.671877801,0.67020911,0.667662323,0.664403975,0.660723805,0.656713128,0.652561128,0.648225486,0.643878877,0.639588296,0.635522783,0.631847382,0.628740072,0.626143873,0.623967826,0.621669829,0.619312108,0.617650926,0.616138578,0.61459142,0.612966418,0.610937119,0.608303785,0.604931593,0.600807488,0.595839799,0.590450108,0.584937573,0.57935679,0.573741376,0.568407118,0.563226104,0.557988823,0.553179324,0.548874319,0.545437813,0.54405278
CornWholePerten0040,Perten_DA7200,corn,Unknown,0,2007,13.77000046,9.699999809,0.158148393,0.164798901,0.173137203,0.182417899,0.191635594,0.200419694,0.207756504,0.213079095,0.216261104,0.217327297,0.217365801,0.216260999,0.214285106,0.211891607,0.2090832,0.206029996,0.202558205,0.199003398,0.195476502,0.192100599,0.1888358,0.1856796,0.182475507,0.179461598,0.176662207,0.174244806,0.172078595,0.170410603,0.169130102,0.168335497,0.168043405,0.168240994,0.168768898,0.169971407,0.172329903,0.177102298,0.185740307,0.199635893,0.217630997,0.238322407,0.260135114,0.28082791,0.299349695,0.315171391,0.328536511,0.340422094,0.351737887,0.362309694,0.3711074,0.377119899,0.3800385,0.379696101,0.376347095,0.370195687,0.3617917,0.353007793,0.344918311,0.337998509,0.332391411,0.328260392,0.325381011,0.323295087,0.321802914,0.320517808,0.319369286,0.317921788,0.31625399,0.314374596,0.312866688,0.312290013,0.312824398,0.31468451,0.318314612,0.32379061,0.331213206,0.340686202,0.352220595,0.36542061,0.379638702,0.394327313,0.408817411,0.42297101,0.436166287,0.447966486,0.458714306,0.469779998,0.482596815,0.499389797,0.521528125,0.548435926,0.578669429,0.611029685,0.643385291,0.673520207,0.700210512,0.722452819,0.740108907,0.753212988,0.762741685,0.769144118,0.773267686,0.775953174,0.777666807,0.778564692,0.777986527,0.775863528,0.772824228,0.769150674,0.765353978,0.760650218,0.756462872,0.751959026,0.747331202,0.743012488,0.738766372,0.7346735,0.731510699,0.728488982,0.725901187,0.723755479,0.721961618,0.720212579,0.718659401,0.716728926,0.714636982,0.712129176,0.709725499,0.706164479,0.701820672,0.697086215,0.691940486,0.686485112,0.680913389,0.675144911,0.669067502,0.663339078,0.658188701,0.653236091,0.648881078,0.644854128,0.641415298
CornWholePerten0041,Perten_DA7200,corn,Unknown,0,2007,14.19999981,9.109999657,0.158030599,0.1636412,0.171617001,0.180015504,0.188592702,0.196802095,0.203367099,0.208363697,0.211216196,0.212182701,0.212162107,0.210837796,0.209051907,0.206494495,0.203759506,0.200730294,0.197249502,0.193911195,0.190534204,0.187360704,0.184233293,0.181034803,0.178041801,0.175008804,0.172402501,0.169964507,0.1679198,0.166345507,0.164990202,0.164254397,0.1639366,0.164000303,0.164583102,0.165519804,0.167787805,0.172228202,0.180519804,0.193669498,0.210732907,0.230509698,0.251242697,0.27091369,0.28845349,0.303200096,0.315640092,0.326547205,0.337023407,0.347008109,0.355335206,0.361168891,0.36397171,0.363896608,0.360907495,0.35502851,0.346986085,0.338514805,0.330736399,0.323947191,0.318586886,0.314750493,0.311893493,0.309985399,0.308382988,0.307221413,0.306061715,0.304623514,0.303041309,0.301301688,0.300041705,0.299493313,0.299957991,0.301894099,0.305197686,0.31045419,0.317434907,0.326393187,0.337276787,0.349576503,0.362924814,0.376621008,0.3902013,0.403426409,0.415809095,0.426787704,0.436873287,0.447213888,0.459585697,0.475385696,0.496120513,0.521125972,0.549563825,0.579538822,0.610127091,0.638541877,0.663716793,0.685133576,0.701672077,0.71439898,0.72333169,0.729385674,0.733366191,0.735804617,0.737506986,0.738022924,0.73746419,0.735702872,0.732055426,0.728710175,0.724761725,0.72062999,0.716069281,0.711783588,0.707515717,0.703042626,0.699152887,0.695213914,0.69211781,0.689352095,0.686719596,0.684738874,0.68282193,0.681147873,0.6794734,0.677921712,0.675875187,0.673680782,0.671310127,0.667907119,0.664153278,0.659501672,0.65470928,0.649340689,0.644229829,0.639025688,0.633117676,0.628239512,0.62306428,0.618691504,0.614318311,0.610945582,0.607778192
CornWholePerten0042,Perten_DA7200,corn,Unknown,0,2007,14.86999989,8.819999695,0.153098807,0.159292907,0.166994795,0.175552204,0.183899403,0.191718698,0.198361397,0.202904806,0.205781207,0.206675097,0.206585497,0.205325797,0.203396693,0.201038897,0.198214203,0.195231497,0.191921905,0.188473597,0.185295299,0.1820499,0.179093793,0.175984204,0.173003107,0.170170203,0.167591602,0.165308803,0.163375497,0.161820099,0.160704598,0.160031304,0.159933999,0.160081103,0.160667196,0.161795601,0.164026797,0.168565005,0.176708594,0.189658597,0.2066686,0.226182193,0.246804297,0.266196787,0.283419609,0.297953188,0.309954405,0.320626199,0.330717087,0.340464503,0.34857741,0.354277313,0.357096791,0.356924713,0.354180515,0.348421097,0.34056589,0.3323811,0.32458809,0.318170011,0.312951595,0.309216887,0.306549609,0.304564089,0.303084314,0.301875711,0.300771385,0.29949379,0.297945291,0.296416104,0.295191586,0.294907093,0.295584798,0.297601193,0.301110894,0.306280702,0.313458204,0.322306812,0.333166212,0.345386595,0.358466089,0.371936202,0.385114908,0.398106307,0.410111189,0.420765698,0.430887014,0.4411107,0.453816414,0.469808996,0.491026491,0.516609311,0.545285225,0.575896025,0.606327713,0.634972692,0.65983659,0.680981576,0.697743714,0.709985375,0.719061077,0.724930883,0.729124427,0.731386185,0.733001173,0.733775318,0.732679009,0.731131315,0.727320015,0.723820627,0.719696283,0.715317428,0.710777581,0.706009328,0.701965213,0.697055519,0.692927003,0.689110279,0.685624182,0.682916522,0.679919183,0.678106606,0.675851584,0.674046397,0.67232722,0.670382619,0.668522775,0.665744782,0.663600326,0.660086572,0.656272888,0.651452184,0.646503806,0.641457975,0.635728777,0.630828381,0.624760985,0.619924724,0.614780605,0.610335529,0.606286526,0.60213542,0.599541724
CornWholePerten0043,Perten_DA7200,corn,Unknown,0,2007,14.51000023,8.899999619,0.155983105,0.162039504,0.169723794,0.178115502,0.186482504,0.194463,0.201071799,0.205733195,0.208615005,0.209491894,0.209437102,0.208288997,0.206424996,0.204198197,0.2013506,0.198407501,0.195228398,0.191862702,0.188698202,0.185482904,0.182495207,0.179444298,0.176508501,0.173731402,0.171010003,0.168810099,0.166838601,0.165243298,0.164210603,0.163426995,0.163238302,0.1634783,0.164017305,0.165196702,0.167359605,0.171873197,0.180015802,0.192923099,0.209826306,0.229154497,0.249612793,0.268895805,0.286097795,0.300622404,0.312669903,0.323414803,0.333595008,0.343426913,0.351610899,0.357209712,0.360098004,0.359959602,0.357197911,0.351428092,0.343529493,0.335268498,0.327415586,0.320999712,0.315775693,0.311972201,0.309295386,0.307300687,0.305863112,0.304643005,0.303613305,0.302301198,0.300759912,0.299272597,0.297949195,0.297562301,0.298103005,0.300003797,0.303464413,0.308626413,0.315715998,0.324447691,0.335250288,0.347446799,0.3605057,0.374173403,0.387380302,0.400495201,0.412657499,0.423518688,0.433678687,0.443844289,0.45645389,0.472455502,0.493705005,0.519239783,0.548156023,0.579058588,0.610078871,0.639419198,0.66504699,0.686995029,0.704360485,0.717189789,0.726862311,0.732834876,0.737256527,0.739872694,0.741606474,0.742374122,0.741339624,0.739795327,0.736035109,0.732508481,0.728514612,0.723807573,0.719370484,0.714627981,0.710461915,0.705613315,0.701372087,0.697570086,0.69405818,0.691378713,0.688339174,0.686530709,0.684409678,0.682636082,0.680992425,0.678986788,0.677304387,0.674494386,0.672342122,0.668610215,0.664808989,0.660260677,0.654984295,0.649850309,0.644063473,0.638979197,0.632777512,0.627751172,0.62262851,0.617734373,0.61374259,0.609297872,0.606890321
CornWholePerten0044,Perten_DA7200,corn,Unknown,0,2007,15.14999962,8.899999619,0.142328203,0.148642898,0.156303495,0.164492697,0.172632396,0.180209905,0.186696604,0.191100106,0.193783999,0.194738895,0.194496095,0.193319202,0.191385195,0.189120799,0.186407298,0.183324501,0.180184007,0.1768426,0.1736774,0.170527399,0.167615801,0.164677307,0.1617807,0.158981904,0.156392202,0.154190898,0.152412698,0.150851905,0.149811104,0.149205193,0.149074197,0.149337694,0.149931207,0.151075304,0.153255299,0.157643601,0.165671498,0.178342193,0.194965899,0.213909105,0.233840197,0.252637386,0.269242615,0.283281386,0.295058191,0.305523992,0.315473795,0.32476899,0.332676411,0.338113904,0.340742886,0.340496212,0.337604404,0.332066089,0.324517608,0.316805899,0.309483409,0.303373009,0.298466295,0.294792414,0.292296708,0.290469408,0.289092809,0.287965596,0.286949188,0.285735101,0.284223586,0.282866389,0.281769514,0.281431407,0.282157213,0.284116298,0.28759709,0.292715907,0.29971841,0.308506608,0.319039494,0.331104785,0.343935311,0.357148886,0.370193511,0.382876605,0.394740701,0.405303687,0.415237814,0.425375909,0.437819898,0.453888595,0.475041688,0.500700176,0.529592812,0.560391188,0.591184616,0.619726419,0.644864976,0.665929973,0.682912529,0.69541508,0.704463124,0.710534573,0.714493215,0.717182398,0.718648613,0.719267011,0.718336523,0.716311216,0.712965727,0.709207594,0.705079019,0.700699627,0.696325779,0.691634178,0.686972022,0.682354689,0.678013384,0.674326122,0.670933723,0.668124616,0.665508091,0.663281977,0.661282182,0.659252703,0.657671094,0.655614376,0.653718412,0.65133059,0.648669481,0.645123124,0.641139925,0.636430621,0.631301999,0.62604171,0.620301127,0.614861786,0.609315813,0.603891075,0.599085212,0.59441042,0.590269685,0.586207986,0.583261073
CornWholePerten0045,Perten_DA7200,corn,Unknown,0,2007,12.97999954,8.869999886,0.1452723,0.150964201,0.158365607,0.166810706,0.175457507,0.183677703,0.190768302,0.195728794,0.198774099,0.199851602,0.199886307,0.198879406,0.197052896,0.194708094,0.192071304,0.189112097,0.185926706,0.182507604,0.179335699,0.176290795,0.173251599,0.170270205,0.167313904,0.164448798,0.161717296,0.159336597,0.157375202,0.155657694,0.154388398,0.153475598,0.153117403,0.153193295,0.153595597,0.154615104,0.156708002,0.161041901,0.169132799,0.181835994,0.198485807,0.217600301,0.237744406,0.257071614,0.274487406,0.289326191,0.301726192,0.312785715,0.323415697,0.333454788,0.341992706,0.347883999,0.350775093,0.350794703,0.347814798,0.342064112,0.334067106,0.325683802,0.317801595,0.311069906,0.305738896,0.30179131,0.299014002,0.29704991,0.295571894,0.294342399,0.293142706,0.291723788,0.289943188,0.288144589,0.286689192,0.285931796,0.286206991,0.287837386,0.290949494,0.295765013,0.302487195,0.311086595,0.321584314,0.333850801,0.34704119,0.360811204,0.374512613,0.387937814,0.400513798,0.411447614,0.421578288,0.431602895,0.443315506,0.45851931,0.47841841,0.502583385,0.530431271,0.560565174,0.591524899,0.620927513,0.647254825,0.669667721,0.687724173,0.701318681,0.711116195,0.717891395,0.72232312,0.725362599,0.727023423,0.727704525,0.727020502,0.725292385,0.72240752,0.719004214,0.715135515,0.711190283,0.706914187,0.702474177,0.698406816,0.693893611,0.689786792,0.686141729,0.683198094,0.680543184,0.678274214,0.67637682,0.674883008,0.673166573,0.671760321,0.669901311,0.668190897,0.666116417,0.66365087,0.660476625,0.656482101,0.651820302,0.646637976,0.64125371,0.635356903,0.629673719,0.623957872,0.618817389,0.613727272,0.609117925,0.604764104,0.600730717,0.597704887
CornWholePerten0046,Perten_DA7200,corn,Unknown,0,2007,12.14000034,9.029999733,0.135113195,0.140402302,0.147301301,0.155199096,0.163456604,0.171381906,0.178132102,0.182922706,0.185631499,0.186831698,0.186841697,0.185881198,0.184287205,0.182099998,0.179659098,0.176780894,0.173791394,0.170686707,0.167647004,0.164851293,0.161908299,0.159067199,0.156268001,0.153534606,0.150982499,0.148616895,0.146730602,0.145056501,0.143731102,0.142907396,0.142476693,0.142457798,0.142782196,0.143672407,0.145607606,0.149661899,0.157335907,0.169288904,0.184982598,0.202895597,0.221942693,0.240383506,0.25695771,0.271113902,0.283023804,0.293545693,0.303850412,0.313409209,0.321692199,0.327389211,0.330185413,0.330275506,0.327567607,0.322140694,0.314377815,0.306269795,0.298695594,0.292166501,0.287030399,0.283214986,0.280445308,0.278588891,0.277066201,0.275865912,0.274702013,0.273314804,0.27151081,0.269734711,0.268274814,0.26742959,0.267667711,0.268980205,0.271816492,0.276298612,0.282511205,0.290617913,0.300435305,0.312019914,0.324540585,0.337717712,0.350887209,0.363701493,0.375695914,0.386216104,0.395816803,0.405303598,0.416178495,0.430202097,0.448574692,0.470967591,0.496640593,0.524780691,0.553882897,0.581701994,0.606767118,0.628178418,0.645432115,0.658483684,0.667772889,0.674193084,0.67832458,0.681197405,0.682728171,0.68330121,0.682790518,0.681069017,0.678548873,0.675260484,0.671860874,0.66822201,0.664131224,0.660117686,0.656058729,0.652001202,0.648131788,0.644860625,0.642069399,0.639708519,0.637623727,0.635756016,0.634390414,0.632885218,0.631648481,0.630099118,0.628602982,0.626652479,0.624360323,0.621352315,0.617451787,0.612904728,0.6080181,0.602889776,0.597487509,0.592218816,0.58697772,0.581607521,0.577082217,0.572573125,0.568444371,0.564894378,0.561814487
CornWholePerten0047,Perten_DA7200,corn,Unknown,0,2007,14.35999966,8.75,0.134593606,0.140373498,0.147773907,0.155611605,0.163581595,0.170956105,0.177053601,0.181520298,0.183998793,0.184927896,0.184716001,0.183588907,0.181842804,0.179446802,0.176863998,0.173937902,0.170855999,0.167699099,0.164554805,0.161700606,0.1588047,0.155895904,0.153149396,0.1504471,0.148053005,0.145703897,0.1438898,0.142495707,0.141371697,0.140792593,0.140597597,0.140790299,0.141320005,0.142389596,0.144532502,0.148702905,0.156463996,0.168555498,0.184492096,0.202665195,0.221736506,0.239942893,0.255962402,0.269505411,0.280791104,0.290654212,0.3002671,0.309208691,0.31680581,0.322097391,0.324562311,0.324645311,0.321903199,0.31666711,0.309437811,0.301817387,0.294845402,0.288833708,0.284087688,0.280523986,0.278057098,0.2763291,0.274896801,0.273849487,0.272750109,0.271574587,0.270100802,0.268648505,0.267645508,0.267266512,0.267887205,0.269687504,0.272939891,0.277861893,0.284380913,0.29280591,0.302803814,0.314297915,0.326594591,0.339258999,0.351853609,0.36398229,0.375331491,0.38541919,0.394775093,0.404409587,0.415983588,0.431164086,0.45091781,0.474996388,0.502242625,0.53118062,0.560506225,0.587546706,0.611659586,0.631842315,0.64782989,0.660003424,0.668480814,0.674473226,0.678158283,0.680782318,0.68213141,0.682475507,0.681783617,0.679789126,0.676661074,0.672969401,0.669060886,0.664986491,0.660472274,0.65606159,0.651672483,0.647500575,0.64327842,0.639671624,0.636604786,0.63391608,0.631523311,0.629151225,0.627548575,0.62575078,0.624068201,0.622313917,0.620271683,0.618390024,0.615692914,0.612627626,0.609023571,0.604421079,0.599722624,0.594443023,0.589354813,0.584109187,0.578981519,0.57390821,0.569439471,0.565192103,0.561071813,0.557781816,0.554435015
CornWholePerten0048,Perten_DA7200,corn,Unknown,0,2007,13.92000008,9.170000076,0.131359607,0.136940002,0.144260198,0.151871905,0.159886703,0.167160198,0.173557803,0.177993402,0.180465698,0.181420207,0.1813474,0.180260196,0.178510994,0.176153302,0.173651904,0.170751199,0.167820901,0.164632395,0.161651895,0.158795193,0.155938894,0.153176904,0.1505353,0.147831097,0.145448893,0.143205896,0.141393796,0.139894903,0.1387752,0.138127595,0.137786895,0.137986407,0.138400897,0.139413193,0.1414987,0.145559296,0.153098196,0.164863795,0.180416703,0.198262706,0.216976896,0.2349004,0.250681013,0.2640661,0.275231212,0.284950495,0.294445008,0.303309709,0.310911804,0.316291213,0.318877012,0.318979412,0.316296399,0.311150402,0.303963512,0.296464801,0.289452195,0.283438802,0.278688014,0.275147796,0.27265659,0.270880193,0.269470215,0.268397093,0.267320305,0.266124189,0.264600992,0.263109297,0.262045413,0.261515886,0.262071699,0.263700903,0.266731113,0.271444589,0.277779609,0.285890192,0.295668691,0.306910187,0.318998903,0.331458002,0.343916208,0.355935603,0.367306888,0.37724191,0.386387587,0.395626992,0.406809896,0.421306104,0.440154403,0.463246197,0.48941341,0.517311513,0.545598984,0.571958304,0.595308781,0.614783227,0.630396724,0.642265081,0.650304973,0.65613538,0.659772694,0.662020922,0.663205028,0.663662195,0.662826717,0.660714686,0.657819688,0.654290676,0.650631189,0.646571696,0.642345011,0.638126195,0.633893192,0.629857898,0.625665486,0.622255623,0.619294524,0.616795123,0.614699483,0.612485528,0.610962272,0.609182596,0.607661307,0.605901599,0.603987575,0.601967871,0.599455118,0.596598029,0.592869997,0.588616073,0.583821893,0.578865111,0.573857009,0.568630517,0.563749373,0.558723211,0.554320276,0.550227821,0.546278477,0.542660475,0.539311528
CornWholePerten0049,Perten_DA7200,corn,Unknown,0,2007,13.64999962,8.920000076,0.125922203,0.131339595,0.138431802,0.146099895,0.153763697,0.161009595,0.167214796,0.171515599,0.173958302,0.174861699,0.174641997,0.173529297,0.171771795,0.169577107,0.1670793,0.164328203,0.161249802,0.158165097,0.155263007,0.152344495,0.149571598,0.146808699,0.144118398,0.141509801,0.139020994,0.136856794,0.1350514,0.133516207,0.132435501,0.131781802,0.131493896,0.131629005,0.132085502,0.133129701,0.135198101,0.139340207,0.146908596,0.158759296,0.174270004,0.192060605,0.210880399,0.228777304,0.244721293,0.258181691,0.269347906,0.279273301,0.288824111,0.297974497,0.305695713,0.311127514,0.313818902,0.3138583,0.311302006,0.305911988,0.2984384,0.290637791,0.283336788,0.277097195,0.272179902,0.268523991,0.2658889,0.264084011,0.262650609,0.261476487,0.260392606,0.259149194,0.257617295,0.256074011,0.254944414,0.254397601,0.254849404,0.256576687,0.259714514,0.264420599,0.27084291,0.2790263,0.28892839,0.300343305,0.31266731,0.325456202,0.338228911,0.350582093,0.3621898,0.372516215,0.382083505,0.391751111,0.403241485,0.418438405,0.438141197,0.462155402,0.48964259,0.519295812,0.549402475,0.578026712,0.603536487,0.62509352,0.642384112,0.655422986,0.664654374,0.670853078,0.675240696,0.677722573,0.679067612,0.679687083,0.679050028,0.676893771,0.673740923,0.670034707,0.666119516,0.661810219,0.657319725,0.652695119,0.648192287,0.643546224,0.639321625,0.635386884,0.632203281,0.629389286,0.626958072,0.624867618,0.622968912,0.621277213,0.619460106,0.617629826,0.615712822,0.613273382,0.610753119,0.607388675,0.603337824,0.59872222,0.593604922,0.587993681,0.582534611,0.576913416,0.571505725,0.566244423,0.561268091,0.556707382,0.552378476,0.548651993,0.54540962
CornWholePerten0050,Perten_DA7200,corn,Unknown,Croatia,2011,12.47999954,8.710000038,0.098069191,0.104481302,0.112633102,0.121482499,0.130472601,0.1391121,0.146522194,0.151944295,0.155307904,0.1567996,0.156990603,0.156247899,0.154722095,0.152683705,0.150181696,0.147268906,0.144125298,0.140895307,0.137791604,0.1347868,0.131859794,0.1289386,0.126048401,0.123233303,0.1206365,0.118402898,0.116570704,0.1151146,0.114110999,0.113605999,0.113497302,0.113801599,0.114424802,0.115754403,0.118277296,0.123034202,0.131727204,0.145402297,0.163272604,0.183759302,0.205369204,0.226246104,0.244720593,0.260882706,0.274969608,0.287267506,0.298993588,0.309921801,0.319108605,0.325374007,0.328474611,0.328471005,0.325332791,0.31909579,0.310728014,0.301840305,0.293612301,0.286581993,0.281025589,0.276939601,0.274027586,0.272042811,0.270571113,0.269435912,0.268373907,0.267098606,0.265504599,0.263807893,0.262472987,0.261947811,0.262524396,0.264469504,0.268026888,0.27339989,0.280862987,0.2903997,0.302005291,0.315243006,0.329651386,0.34471789,0.359631211,0.374233514,0.38788119,0.400204986,0.411635906,0.423070401,0.436386406,0.453723609,0.476465702,0.504302919,0.536002219,0.570577622,0.605720818,0.638805211,0.668458581,0.693411827,0.713475823,0.72887218,0.739909589,0.747527182,0.752594113,0.755887687,0.757864595,0.758885086,0.758296013,0.756360173,0.753275812,0.74942559,0.745250523,0.740706086,0.736136317,0.731179178,0.726349711,0.721509397,0.716886222,0.712673187,0.708885729,0.705601394,0.702918112,0.700599074,0.698377073,0.69648838,0.694383919,0.692317188,0.690081477,0.687589407,0.684612572,0.681061685,0.676422179,0.671070576,0.665377677,0.659040809,0.652662873,0.646470428,0.640451908,0.634485483,0.628806174,0.623547673,0.618525088,0.614201129,0.61054039
CornWholePerten0051,Perten_DA7200,corn,Unknown,Croatia,2011,19.12000084,6.769999981,0.08445403,0.092550322,0.101755299,0.110404097,0.1181724,0.125065297,0.130615696,0.1343676,0.136235297,0.136580005,0.135700002,0.133987397,0.131712794,0.128956899,0.125800207,0.1224434,0.118939802,0.115404099,0.112053201,0.108943,0.106022403,0.103149898,0.100455597,0.097956702,0.095696941,0.093962424,0.092698,0.091846287,0.091574751,0.091800869,0.092490293,0.093516678,0.094865397,0.096813843,0.099825449,0.105069302,0.114237398,0.128409207,0.146998003,0.168143198,0.189773694,0.2095633,0.225824297,0.239192501,0.250391305,0.2598539,0.268901289,0.277518392,0.28499949,0.290190905,0.292827994,0.292896807,0.290464997,0.285384595,0.278515905,0.271246195,0.264559507,0.258874297,0.254292607,0.250881702,0.248391196,0.246595696,0.245284602,0.244271904,0.243483707,0.242760599,0.242009997,0.241477296,0.241478801,0.242367193,0.244403601,0.247737497,0.252580792,0.259184897,0.267668903,0.277922005,0.289844811,0.302934706,0.316569299,0.330168694,0.343227595,0.355704606,0.367434293,0.378427506,0.389295787,0.401363105,0.416913599,0.437679201,0.464367509,0.496127695,0.530388117,0.565087915,0.597994208,0.627158225,0.651901007,0.672020078,0.68778801,0.699346423,0.707387984,0.712819517,0.716016591,0.71778661,0.71857661,0.718233228,0.716161072,0.71280098,0.708050907,0.70254761,0.696836829,0.690681815,0.684479475,0.678283691,0.672381282,0.666445375,0.66084218,0.655592084,0.650904179,0.646728814,0.642933905,0.639507413,0.636420488,0.633517921,0.630403698,0.627362371,0.624296904,0.62092489,0.617456615,0.613448083,0.608807623,0.603609204,0.59821111,0.592452586,0.586850107,0.581322014,0.575799584,0.570488989,0.565642178,0.560987771,0.556602478,0.552939475,0.549705207
CornWholePerten0052,Perten_DA7200,corn,Unknown,Croatia,2011,16.48999977,8.199999809,0.100833498,0.108282097,0.117022403,0.125698298,0.133843601,0.141226798,0.147387698,0.151602894,0.154004201,0.154723495,0.154182896,0.152796701,0.150779903,0.148284301,0.145386696,0.142197698,0.138895601,0.135525599,0.132313594,0.1292741,0.126390904,0.123563603,0.120835401,0.118238397,0.115891203,0.114001401,0.112489998,0.1114254,0.110908598,0.110865504,0.111284196,0.112043403,0.113120101,0.114869297,0.117723502,0.122860298,0.131872207,0.145734504,0.163681001,0.183945403,0.204897896,0.224419504,0.240862101,0.254628807,0.266388893,0.276402712,0.285786092,0.294464707,0.301808,0.306869686,0.309306413,0.309155703,0.306557,0.301546514,0.294874191,0.287873,0.281331807,0.275696695,0.271105588,0.267669499,0.265168995,0.263375491,0.262055904,0.261060089,0.260241211,0.259377986,0.25838539,0.257450312,0.256991208,0.257381886,0.258836597,0.26157999,0.265830308,0.271787196,0.279649586,0.289353788,0.300820798,0.313530088,0.327030093,0.340679795,0.353870213,0.366541803,0.378364205,0.389252305,0.399563193,0.410498291,0.424304992,0.442786992,0.466876894,0.496080607,0.528327406,0.561738312,0.594258428,0.623624325,0.648936629,0.669701994,0.685877383,0.697835326,0.706190288,0.711790204,0.715209127,0.717222989,0.718188405,0.717980504,0.716277301,0.713086784,0.708682716,0.703531623,0.698076785,0.692712307,0.686901093,0.681089401,0.675528109,0.670009077,0.664925098,0.660107374,0.655988872,0.65219909,0.648884714,0.64605099,0.643289328,0.640704513,0.637948811,0.635484278,0.632599413,0.62971139,0.626490593,0.6227597,0.618493319,0.613645971,0.608380914,0.602944374,0.597447276,0.592091322,0.586929917,0.581823885,0.577005804,0.572520077,0.568399787,0.564648271,0.561643481
CornWholePerten0053,Perten_DA7200,corn,Unknown,Croatia,2011,10.93999958,8.170000076,0.076846577,0.081699401,0.088150963,0.095345236,0.103023201,0.110549301,0.117050998,0.121799603,0.124707602,0.126096293,0.126265302,0.125676498,0.124501303,0.122790903,0.1206626,0.1182658,0.1156841,0.113004804,0.110438101,0.1080129,0.105663598,0.1032812,0.1009169,0.098573051,0.096378937,0.094562084,0.093024522,0.091741718,0.090822719,0.090240903,0.090050288,0.090123907,0.090525672,0.091555983,0.093537688,0.097450443,0.104563102,0.115693897,0.130216599,0.146942705,0.164732397,0.182128906,0.197671205,0.211282596,0.223175794,0.233634904,0.243668705,0.253053993,0.261062294,0.266634405,0.269485503,0.269726306,0.267394394,0.262438089,0.255635202,0.248315707,0.241444096,0.235548496,0.230824605,0.2273992,0.225005597,0.223354802,0.222130299,0.221179202,0.220282793,0.219146296,0.217675403,0.216112003,0.214817599,0.214158103,0.214407697,0.215723395,0.218351796,0.222521007,0.228419602,0.236126095,0.245585799,0.25641939,0.268346906,0.280863315,0.293395788,0.305688202,0.317158401,0.327380389,0.336546212,0.345378608,0.355417103,0.368273586,0.3849805,0.405532092,0.429112494,0.455043614,0.481887192,0.507615924,0.531043887,0.551091611,0.567426682,0.579840601,0.588862121,0.595214784,0.599433482,0.602096021,0.603775621,0.604638875,0.604282916,0.60310328,0.601048887,0.598267317,0.595305622,0.592088997,0.588731527,0.585128129,0.581670284,0.578080773,0.574644983,0.571519017,0.568809986,0.566559196,0.564838588,0.563306212,0.561888278,0.56062752,0.559255481,0.557976484,0.556343615,0.554538488,0.552346289,0.549517691,0.545995712,0.541781902,0.537105918,0.532199681,0.527303815,0.522294581,0.517445922,0.512863278,0.508421421,0.50426048,0.500211179,0.496718586,0.493802607
CornWholePerten0054,Perten_DA7200,corn,Unknown,Croatia,2011,17.85000038,9.0,0.1200464,0.128412098,0.137991205,0.1472909,0.155852899,0.1635997,0.169988498,0.1745231,0.177134797,0.178002596,0.177568898,0.176241502,0.1742789,0.171715602,0.168630496,0.165223897,0.161659598,0.157952204,0.154470399,0.151133999,0.147949398,0.144833997,0.141832501,0.139016599,0.136475503,0.134526506,0.133036107,0.132059395,0.131640896,0.131778598,0.132463098,0.133443207,0.134758294,0.136789501,0.139967993,0.145607904,0.155395597,0.170537606,0.190184996,0.212334499,0.234991193,0.255933404,0.273591787,0.288463414,0.3010993,0.311833888,0.321942896,0.331274003,0.339118898,0.344454914,0.346941114,0.346752614,0.34397161,0.338543385,0.331306487,0.32367909,0.316689313,0.310737997,0.305911511,0.302367598,0.299756199,0.29789269,0.296543688,0.295542687,0.294765115,0.293957412,0.293047011,0.292256504,0.291974515,0.292611003,0.294434488,0.297598988,0.30236131,0.30897969,0.317532092,0.327934891,0.34014079,0.353543609,0.367621601,0.381750494,0.395324498,0.408360213,0.420617193,0.432048887,0.443004906,0.455043703,0.470232099,0.490570307,0.516944885,0.548662424,0.583348215,0.618769527,0.653085589,0.683945179,0.710659385,0.732791126,0.750348389,0.763689518,0.773280501,0.779914916,0.784260809,0.786875784,0.788245916,0.788450599,0.786906123,0.783833087,0.779629827,0.774363577,0.768749416,0.762782991,0.756771088,0.75064671,0.744633079,0.738610089,0.732734501,0.727374911,0.722594976,0.718155384,0.714463413,0.710956693,0.707617819,0.704501927,0.701348782,0.698337972,0.695103288,0.69198519,0.688367009,0.684240282,0.679575384,0.674332976,0.668645978,0.662754118,0.657068074,0.651195705,0.645642877,0.640221596,0.635153413,0.630234718,0.625609219,0.621845782,0.618453682
CornWholePerten0055,Perten_DA7200,corn,Unknown,Croatia,2011,15.81000042,7.28000021,0.089080818,0.0964939,0.105419502,0.114373997,0.122927196,0.130847201,0.137518197,0.142293498,0.145206198,0.146397904,0.146185696,0.145094797,0.143307701,0.140940294,0.138142601,0.135054395,0.131682307,0.128318995,0.125062197,0.121927902,0.118961602,0.1160281,0.113211297,0.110511698,0.108068302,0.106078804,0.104511,0.103473902,0.102856398,0.102716602,0.103049703,0.103709802,0.104724802,0.106363997,0.109193198,0.114238799,0.1232557,0.137272894,0.155551598,0.176573694,0.198589906,0.219357103,0.237131894,0.252273202,0.265260011,0.27641511,0.286980003,0.296858609,0.305284113,0.311175287,0.314179093,0.314252287,0.3114613,0.305883288,0.298304498,0.290300399,0.282892615,0.276615888,0.271615714,0.267943293,0.265386909,0.263505101,0.262111515,0.261067212,0.260125488,0.259135395,0.257936388,0.256888509,0.256248087,0.256431997,0.25784421,0.260524005,0.264842302,0.270942688,0.279010505,0.289053798,0.300969899,0.314227492,0.328328997,0.342659414,0.356556386,0.370026588,0.382725388,0.394331098,0.40547359,0.4171772,0.431469113,0.450511187,0.475485593,0.505872428,0.53957063,0.574993789,0.609859109,0.641863585,0.669933677,0.693169177,0.711728215,0.725821018,0.735850215,0.742798984,0.747393429,0.750237227,0.75183028,0.752327979,0.751144886,0.748492718,0.744564474,0.73980999,0.734730721,0.729239523,0.723608673,0.717936575,0.712355077,0.706801415,0.701559782,0.696365476,0.692118228,0.688327789,0.684975028,0.682007372,0.679197729,0.676492214,0.673743784,0.671183407,0.668350577,0.665485084,0.662280917,0.65820998,0.653752804,0.648454309,0.642593622,0.636523485,0.630610883,0.624612689,0.618714988,0.613150597,0.607479811,0.602664709,0.597995579,0.593656719,0.59034121
CornWholePerten0056,Perten_DA7200,corn,Unknown,Croatia,2011,14.72999954,8.229999542,0.082350038,0.089239627,0.097704247,0.1064962,0.115057401,0.122970797,0.129683897,0.134355396,0.137063503,0.138148099,0.137940601,0.136877,0.135123596,0.132794499,0.130073905,0.127087995,0.123883203,0.1206313,0.117491402,0.114528403,0.111676797,0.1088733,0.106148504,0.103468098,0.101045199,0.099022001,0.097392038,0.096187897,0.095408537,0.095117182,0.095294118,0.095801249,0.096670821,0.09821488,0.100847602,0.105641902,0.114310503,0.127848595,0.145616502,0.165998101,0.187300399,0.207471505,0.224838197,0.239694402,0.252486408,0.263581306,0.274202287,0.284169793,0.292673796,0.298544794,0.301432312,0.301442713,0.298588008,0.292798311,0.284953713,0.276677698,0.268997014,0.262456209,0.257225901,0.2534298,0.250748187,0.248838008,0.247436598,0.246342301,0.245388195,0.244352102,0.2430235,0.241724297,0.240813494,0.240737706,0.241796196,0.244197398,0.248153895,0.253847688,0.261563808,0.271294296,0.282885611,0.295948714,0.309918612,0.324319512,0.338447213,0.352223605,0.365110099,0.376863599,0.387933105,0.399479508,0.413444698,0.431736291,0.455682397,0.484733313,0.517131925,0.55146271,0.585479319,0.616799176,0.644221127,0.667056322,0.685017705,0.698600113,0.708123386,0.714600086,0.718782008,0.721385777,0.722834587,0.723120928,0.722060382,0.719600081,0.715773821,0.711475074,0.706790388,0.701837301,0.696757376,0.691456318,0.686327279,0.681235075,0.676437318,0.671915472,0.668126285,0.664630175,0.661604106,0.658967674,0.656410515,0.654169023,0.651770473,0.649575293,0.64699173,0.644336879,0.641134918,0.637445688,0.633052826,0.627744317,0.622071981,0.616026223,0.610050023,0.604183674,0.598315477,0.59263742,0.587215424,0.582150281,0.577369571,0.573131383,0.569745123
CornWholePerten0057,Perten_DA7200,corn,Unknown,Croatia,2011,16.86000061,7.849999905,0.120445803,0.126966894,0.1347325,0.142382696,0.149708301,0.156424999,0.162050396,0.166036204,0.168318704,0.169121102,0.168745294,0.167506099,0.165657699,0.163303599,0.160539806,0.157474101,0.154283896,0.151045501,0.147870898,0.144862294,0.141995296,0.139146507,0.136435494,0.133860797,0.131508306,0.129612595,0.128115103,0.127050698,0.126423895,0.126247495,0.126500204,0.127053306,0.127919301,0.129374296,0.131799594,0.136303395,0.144470602,0.157236993,0.174013898,0.193308994,0.213329196,0.232091099,0.248050004,0.261595488,0.273179799,0.283044189,0.29242301,0.301054895,0.308378011,0.313485712,0.315932304,0.315899015,0.313358188,0.308351189,0.301617801,0.29454121,0.287971586,0.282426715,0.277966112,0.274665892,0.272325188,0.270677,0.269423693,0.268467486,0.267641008,0.266791195,0.265758097,0.264869601,0.264418215,0.264730007,0.266121209,0.268721402,0.272797108,0.278425902,0.2858935,0.295097292,0.30589959,0.317832798,0.330411702,0.343124688,0.355347812,0.367114186,0.378197789,0.388370603,0.398088396,0.408479601,0.421342313,0.438459486,0.46072349,0.487391204,0.516554117,0.546660602,0.575854421,0.602223277,0.62504071,0.643851221,0.658976078,0.670437217,0.678713501,0.684342325,0.688051879,0.690410197,0.691672385,0.692044079,0.690999687,0.688717425,0.685281873,0.681222796,0.67681402,0.672195375,0.667319119,0.662401676,0.657722116,0.652944803,0.648406386,0.644201517,0.640419424,0.63702631,0.634108484,0.631434679,0.628875792,0.626519084,0.624027789,0.621686578,0.619349182,0.616779625,0.614014387,0.610702872,0.606858075,0.602410197,0.59761548,0.59253943,0.587659597,0.582805693,0.577889204,0.57327801,0.568784714,0.564647079,0.560608029,0.55702138,0.554215193
CornWholePerten0058,Perten_DA7200,corn,Unknown,Croatia,2011,10.64999962,9.510000229,0.110303402,0.1155129,0.121843703,0.129135296,0.136883304,0.144573703,0.151123405,0.155886501,0.158964798,0.160424501,0.160595998,0.160020798,0.158912599,0.157223597,0.155094504,0.152607203,0.149891093,0.147166595,0.144493207,0.141879797,0.1393819,0.136891097,0.134337604,0.131780297,0.129389495,0.127355799,0.125578895,0.124028698,0.122789599,0.121939801,0.121545598,0.121574402,0.121933103,0.122873597,0.124978803,0.129238397,0.136820599,0.148363605,0.163351893,0.180656597,0.198947907,0.216783807,0.233261704,0.247916803,0.260605097,0.271936894,0.282770008,0.292831808,0.3011114,0.306646109,0.309381008,0.309426397,0.306629211,0.30126971,0.293999106,0.285976112,0.27847001,0.272074699,0.266840994,0.262901694,0.260105997,0.25818789,0.256751686,0.255550087,0.254546106,0.253477812,0.251892,0.250049889,0.248549894,0.247624695,0.247655705,0.248901501,0.251612902,0.255989194,0.262115508,0.270078898,0.279904813,0.291179389,0.303676009,0.31697309,0.330517113,0.343819886,0.356052399,0.366957694,0.376909196,0.38686949,0.397858501,0.411440015,0.429053485,0.450608611,0.475112796,0.502379596,0.530760586,0.557609022,0.582016528,0.603047311,0.620239973,0.633251488,0.642793596,0.649682224,0.654223084,0.656856775,0.658447385,0.65955019,0.659414113,0.658316791,0.656308591,0.653624475,0.65045023,0.647336125,0.644249678,0.640713275,0.637150884,0.633480072,0.630073607,0.626612127,0.623600483,0.621360898,0.619615018,0.618032813,0.616400123,0.615026712,0.613355398,0.611885071,0.610513806,0.60873282,0.606347799,0.603354216,0.599618018,0.595020115,0.590149581,0.584822118,0.579582214,0.574385524,0.569224715,0.564378202,0.559422672,0.554607272,0.550238371,0.546535015,0.542782486
CornWholePerten0059,Perten_DA7200,corn,Unknown,Croatia,2011,16.60000038,8.56000042,0.126141906,0.134474993,0.143605605,0.152827293,0.161451295,0.169441804,0.175973505,0.180560499,0.1834867,0.184725598,0.184496105,0.183300301,0.181428701,0.178933501,0.175996706,0.172708303,0.169181302,0.165685296,0.162307203,0.159012094,0.155866206,0.152801305,0.149775595,0.146866903,0.144317597,0.142342195,0.1408014,0.139655098,0.138964504,0.138780698,0.139145404,0.140009403,0.141246304,0.143117905,0.146315306,0.152069598,0.161844999,0.176495701,0.195400596,0.216957495,0.239123702,0.259799898,0.2779392,0.293298215,0.306015909,0.317043811,0.327492714,0.337190002,0.345191598,0.350560397,0.353257299,0.353322089,0.350559712,0.345229,0.337949097,0.32994321,0.322594404,0.316466689,0.311416298,0.307589412,0.304896295,0.303003013,0.301547408,0.300353289,0.299471706,0.298795313,0.29779911,0.296770185,0.296392888,0.296737403,0.298191607,0.301101208,0.305647701,0.312029094,0.32031101,0.33037439,0.342167705,0.355109602,0.368749291,0.38258189,0.396135002,0.40916729,0.421227187,0.432417601,0.443271905,0.45526439,0.469874412,0.488614291,0.512655914,0.541381419,0.572606802,0.604986429,0.636657178,0.66508323,0.689708293,0.710263014,0.726845384,0.73925668,0.748223126,0.754761815,0.75909549,0.76142621,0.762633979,0.763192475,0.762114704,0.75968039,0.756168127,0.751900196,0.746962726,0.742012084,0.737175584,0.731955409,0.726722717,0.721435905,0.716620326,0.711878002,0.70755589,0.703967214,0.700896621,0.698089778,0.695216775,0.692561328,0.689664781,0.687035024,0.684612513,0.681916773,0.678779602,0.67522502,0.671025515,0.666022182,0.660866022,0.655404627,0.65014118,0.64489758,0.639628291,0.6346789,0.629709184,0.62487942,0.620410383,0.616709888,0.613078475
CornWholePerten0060,Perten_DA7200,corn,Unknown,Croatia,2011,15.55000019,8.430000305,0.138954505,0.147663996,0.157240897,0.167000994,0.176232398,0.184801996,0.191781104,0.196714506,0.199907005,0.201294497,0.201123595,0.199915201,0.197969794,0.195348695,0.192232102,0.188741207,0.185029998,0.181367606,0.177843198,0.1744214,0.171170101,0.168028206,0.164927498,0.161926702,0.159256101,0.157150894,0.155514494,0.154297695,0.153516606,0.1532031,0.153431207,0.154184103,0.155312702,0.157082096,0.160210401,0.165968105,0.175888598,0.190904304,0.210422695,0.2327663,0.255771011,0.277218491,0.29597649,0.311851114,0.325081796,0.336607605,0.347495288,0.357567906,0.365912199,0.371553689,0.374385893,0.374435186,0.371542603,0.366031796,0.35859099,0.350428611,0.342868686,0.3365165,0.331291199,0.327375114,0.324637592,0.322697192,0.321187109,0.319919705,0.318948388,0.318180502,0.317061991,0.315886796,0.315374911,0.315599501,0.316974789,0.319855809,0.324444413,0.330966085,0.339483291,0.349862814,0.362056702,0.375428796,0.389455289,0.403675497,0.417667806,0.4311046,0.443490803,0.454944402,0.465948194,0.477970511,0.49247539,0.510905922,0.534378171,0.562410772,0.59284699,0.62418443,0.654658496,0.681840777,0.705171287,0.724462271,0.739951909,0.751435816,0.759601474,0.765564024,0.769489825,0.771495283,0.772540689,0.773085892,0.772099972,0.769904673,0.766702116,0.762748778,0.758177817,0.753606677,0.749172926,0.744393885,0.739590108,0.73474431,0.730362296,0.726059794,0.722183585,0.719005823,0.716355383,0.7138834,0.711259127,0.70891279,0.706347883,0.704003871,0.701835096,0.699473679,0.696724594,0.693466723,0.689531088,0.684829772,0.67997402,0.674772978,0.669763088,0.664800525,0.659816802,0.655109882,0.65030098,0.645612717,0.641297519,0.637672186,0.634002805
CornWholePerten0061,Perten_DA7200,corn,Unknown,Croatia,2011,16.31999969,8.550000191,0.108460397,0.116778597,0.125911102,0.135170996,0.143892005,0.151960105,0.158469006,0.163026601,0.165915102,0.167138398,0.166955397,0.165775493,0.163929597,0.161509499,0.1585747,0.155255899,0.151749194,0.148259193,0.144890502,0.141650096,0.138560593,0.135533303,0.132533506,0.129658401,0.127142698,0.1251982,0.1237524,0.1227521,0.122189701,0.122096002,0.122519299,0.123432502,0.124727897,0.126657397,0.129907593,0.135717794,0.1455753,0.160357997,0.179482803,0.201355502,0.223881796,0.244958207,0.263507813,0.27921769,0.292215914,0.303517997,0.314325094,0.324434996,0.332800806,0.338427097,0.341292292,0.34143129,0.338568598,0.332911491,0.325144798,0.316645205,0.308890492,0.302459598,0.297210306,0.293253303,0.290421307,0.288420588,0.286924303,0.285717905,0.284854412,0.284226805,0.283299804,0.282339096,0.28205201,0.282520086,0.284094513,0.287162006,0.291926712,0.298534602,0.307099789,0.317535192,0.329743296,0.343138814,0.357268602,0.37165001,0.385881603,0.399686486,0.412509292,0.424482614,0.436243415,0.449362814,0.465489596,0.48630771,0.512997389,0.545093417,0.580474913,0.617491782,0.654032111,0.68717581,0.716013014,0.740132272,0.759679973,0.77454859,0.785284579,0.793018818,0.79820317,0.80109632,0.802612782,0.803257227,0.802109182,0.79928261,0.795105219,0.790145516,0.784453213,0.778630674,0.772898972,0.766866922,0.760865271,0.754766285,0.749159575,0.743745089,0.738697827,0.734313607,0.730614424,0.727315486,0.723988414,0.720919073,0.717638373,0.714590192,0.71172899,0.70855701,0.704903007,0.700735271,0.695766628,0.689944387,0.683956921,0.677666128,0.671467423,0.665185273,0.65882802,0.652951896,0.647368074,0.641937316,0.636780024,0.632482112,0.62853688
CornWholePerten0062,Perten_DA7200,corn,Unknown,Croatia,2011,17.13999939,8.039999962,0.104389101,0.112665698,0.1217274,0.1308323,0.139313296,0.147096604,0.153298304,0.157562003,0.160165906,0.1610955,0.160636693,0.159235105,0.157215193,0.154645503,0.151631698,0.148305103,0.144823596,0.141404897,0.138118997,0.134935394,0.131921306,0.128998503,0.126102999,0.123333499,0.120903499,0.119017698,0.117613599,0.116636001,0.116062999,0.115919396,0.116300203,0.117194399,0.118464798,0.120350301,0.123523101,0.129186794,0.138793603,0.153201595,0.171831906,0.193069994,0.214804798,0.234909505,0.252321005,0.266896188,0.278885901,0.289294004,0.299259901,0.308597207,0.316377789,0.321648687,0.324325889,0.324445486,0.321786612,0.316572607,0.309444398,0.301620185,0.294418693,0.288393498,0.283438593,0.279681087,0.2770136,0.275135905,0.273703814,0.272561908,0.271752894,0.271157086,0.270278812,0.269373894,0.269126087,0.269616187,0.271158814,0.274100989,0.278669387,0.285034001,0.293263286,0.303256393,0.314934611,0.327710807,0.341105789,0.354677498,0.368065894,0.380978286,0.392918289,0.40405491,0.414961308,0.427110195,0.442064285,0.461301208,0.485798299,0.515070975,0.547079682,0.580270171,0.612793684,0.642131329,0.667569697,0.688801408,0.705871224,0.718612611,0.727720797,0.734213114,0.738460898,0.740663827,0.741674721,0.742014408,0.740653396,0.737841487,0.733930886,0.729222119,0.723828018,0.718410373,0.713115394,0.707529426,0.701968908,0.696348012,0.691216588,0.686257899,0.681691825,0.677830219,0.674573004,0.67157799,0.668508172,0.66569072,0.662700176,0.659962773,0.657324493,0.654353082,0.651009917,0.647244871,0.642732203,0.637397528,0.631934285,0.626151323,0.620427489,0.614701688,0.609015524,0.603709519,0.598507583,0.59352541,0.58884418,0.584915221,0.581469715
CornWholePerten0063,Perten_DA7200,corn,Unknown,Croatia,2011,15.30000019,8.06000042,0.129249901,0.137160093,0.145995304,0.155099198,0.163798198,0.171915606,0.178417996,0.182921499,0.185744405,0.186859101,0.186578706,0.185338706,0.183430493,0.180952206,0.178017497,0.174731806,0.171221495,0.167730898,0.164412394,0.161209405,0.158179596,0.155259103,0.152370095,0.149558902,0.146991402,0.144935593,0.143337697,0.142150804,0.141405195,0.141096801,0.141288802,0.1419833,0.143025294,0.144694403,0.147714004,0.153255507,0.162715301,0.176967606,0.195436403,0.216573507,0.238354698,0.258638114,0.276343197,0.291248798,0.303553492,0.314242512,0.324470401,0.334035188,0.341971487,0.347342491,0.350111008,0.350311399,0.347676307,0.342452914,0.335237801,0.327195108,0.319745988,0.313488305,0.308317602,0.304406405,0.301629096,0.299701095,0.298235714,0.297014296,0.296099603,0.295364589,0.294298589,0.293182194,0.292676091,0.292871893,0.294123799,0.296771914,0.301073194,0.307182103,0.315143108,0.324916512,0.336423188,0.349011809,0.362318307,0.375914514,0.389340907,0.402335197,0.414304107,0.425256014,0.435740203,0.447218686,0.461070299,0.478630513,0.500964522,0.527683616,0.556916714,0.587407708,0.617426992,0.644523025,0.668042719,0.687660873,0.703411281,0.715090573,0.723416686,0.729361117,0.733220398,0.735229611,0.736199021,0.73655808,0.735337079,0.732820571,0.729329884,0.725154877,0.720313728,0.71545738,0.710781872,0.705835521,0.700971186,0.696101129,0.691636026,0.687227488,0.683205783,0.679938793,0.677220821,0.674699485,0.672142386,0.669814229,0.667247593,0.664880574,0.662605524,0.660121203,0.657257021,0.653859675,0.649774611,0.644930482,0.639973819,0.634737611,0.629606009,0.624476671,0.619302511,0.614504278,0.609811783,0.605280519,0.601083279,0.59768492,0.594817698
CornWholePerten0064,Perten_DA7200,corn,Unknown,Croatia,2011,12.71000004,7.389999867,0.069198944,0.075363182,0.082569309,0.09049663,0.098502062,0.106168702,0.1124871,0.116858698,0.119493,0.120531999,0.120318599,0.119332403,0.117832899,0.115859203,0.113496803,0.110827804,0.1079624,0.1050983,0.102319203,0.099631332,0.097111523,0.094686016,0.09223868,0.089779243,0.087467581,0.085513637,0.083881363,0.082518607,0.081490807,0.080888704,0.080767043,0.081088357,0.0817637,0.083012052,0.08542347,0.089988627,0.097882807,0.109788097,0.125229701,0.143060893,0.161843196,0.179909796,0.196131706,0.210108399,0.221937001,0.232426599,0.242508695,0.252007008,0.260005087,0.265522391,0.268411487,0.268723607,0.266290993,0.26132369,0.254426807,0.246780604,0.239608705,0.233453602,0.228411406,0.224616602,0.221920595,0.220036298,0.2185774,0.217362195,0.216364205,0.215368003,0.214009494,0.2125092,0.211443305,0.211019397,0.211512193,0.2132238,0.216408104,0.2212587,0.227908403,0.236353293,0.246581405,0.2582165,0.270916194,0.284210712,0.297664702,0.310863107,0.323036403,0.334000498,0.3441239,0.354545713,0.366725385,0.382250011,0.402351797,0.427046806,0.455197305,0.486026406,0.517567277,0.547198296,0.573903918,0.596604884,0.614980876,0.628787279,0.638639987,0.645538986,0.650035083,0.652603626,0.653937876,0.654541671,0.653793216,0.651771605,0.648527384,0.644647181,0.640282989,0.635789275,0.631321311,0.626594007,0.621961713,0.617224813,0.612881303,0.608761728,0.605092108,0.602115214,0.599742413,0.597697914,0.595635414,0.593708694,0.591471314,0.589473009,0.587530911,0.585118771,0.582159817,0.578724027,0.574543774,0.569363415,0.563843608,0.557941794,0.552231014,0.546565473,0.540762007,0.535277784,0.529942274,0.524867177,0.520162225,0.516142905,0.512336671
CornWholePerten0065,Perten_DA7200,corn,Unknown,Croatia,2011,11.55000019,8.43999958,0.124417,0.128508106,0.133564904,0.139300197,0.145155996,0.1508829,0.155551702,0.158755496,0.160717204,0.161360398,0.160935298,0.159869298,0.158382505,0.156526893,0.154405102,0.152026698,0.149479806,0.146963194,0.144548804,0.142219797,0.140041202,0.137948096,0.135810107,0.133617804,0.131573796,0.129865304,0.128391698,0.127122194,0.126080498,0.125322506,0.124921702,0.124869399,0.125092402,0.125787497,0.127391994,0.130661905,0.1365235,0.145558,0.157455504,0.171355903,0.186071202,0.200240895,0.213052005,0.224164501,0.2335812,0.241949394,0.250027895,0.257607698,0.263941705,0.268245101,0.270424902,0.270506412,0.26836431,0.264250696,0.258633912,0.252416313,0.246580899,0.241555393,0.237392902,0.234244302,0.2320043,0.230418399,0.229147002,0.228051394,0.227151498,0.226283506,0.225057006,0.2236709,0.222656101,0.222115904,0.222283796,0.223449901,0.225832701,0.229547799,0.234690696,0.241279006,0.249321804,0.258488089,0.268528104,0.279124796,0.289940089,0.300587714,0.310337186,0.3189677,0.326773912,0.334836811,0.34432441,0.356253088,0.371633411,0.390634388,0.41228351,0.436050385,0.460425586,0.483303696,0.503980517,0.521638215,0.535996318,0.546787024,0.554613888,0.560213983,0.563861191,0.565897107,0.566994488,0.567689598,0.567301571,0.565905213,0.563573778,0.560689986,0.557439923,0.554165483,0.550832093,0.547153473,0.543515384,0.53977561,0.536366284,0.533007503,0.529953599,0.527485311,0.525487602,0.523747921,0.521960378,0.520287275,0.518390775,0.516789973,0.51521951,0.513221026,0.510780215,0.507947624,0.504522324,0.500247717,0.495664597,0.490759611,0.486102194,0.481494904,0.476757288,0.472352386,0.468047798,0.463917613,0.460066915,0.456767499,0.45365119
CornWholePerten0066,Perten_DA7200,corn,Unknown,Croatia,2011,8.119999886,8.869999886,0.04430265,0.047636021,0.052115388,0.057818871,0.064310998,0.070910759,0.076468438,0.080310538,0.082568482,0.083499193,0.083489724,0.082940437,0.081965298,0.080564544,0.07882648,0.076810688,0.074614763,0.072397687,0.070244581,0.068171293,0.066228397,0.064360052,0.062431961,0.06039723,0.058399752,0.05659654,0.054949779,0.05344167,0.05214674,0.051200111,0.05063773,0.050384279,0.050449479,0.051071718,0.05267087,0.05595915,0.061812829,0.070623323,0.081871033,0.094732329,0.108385101,0.121905297,0.134540305,0.145798907,0.155565798,0.164398193,0.172951803,0.180988297,0.187728107,0.192433804,0.195021704,0.195560098,0.193963796,0.190356001,0.185122296,0.179145306,0.173367694,0.168268904,0.164031893,0.160813004,0.158537403,0.156976298,0.1558007,0.154820293,0.1539267,0.152894393,0.151419103,0.149683893,0.148179501,0.147099301,0.146646798,0.147061005,0.148568496,0.151311696,0.155416697,0.160984799,0.168071702,0.176518694,0.186195001,0.196777403,0.207821697,0.218755499,0.228720203,0.237306997,0.244662702,0.2516056,0.259117812,0.26816389,0.279689491,0.294072509,0.311157793,0.331147403,0.353081107,0.375225186,0.396442413,0.415293396,0.430883497,0.442633599,0.451206297,0.457300305,0.461198509,0.463362694,0.4644638,0.465173513,0.46491009,0.463723809,0.461783588,0.459370285,0.456720293,0.454081208,0.451310307,0.448255003,0.445206195,0.442027807,0.439223409,0.436486989,0.434069186,0.43229869,0.431035906,0.430008799,0.428923309,0.427921712,0.426632196,0.425547808,0.424463987,0.422962695,0.420954794,0.41844061,0.415289998,0.411306113,0.407020986,0.402427614,0.397995114,0.393592686,0.389182895,0.385114104,0.381138206,0.377395511,0.373936087,0.370958298,0.368071407
CornWholePerten0067,Perten_DA7200,corn,Unknown,Croatia,2011,9.93999958,9.340000153,0.084891491,0.09160085,0.099573173,0.108539499,0.117799297,0.126767397,0.134343296,0.139795095,0.143224195,0.144832104,0.145033196,0.144385904,0.143139005,0.141273394,0.138910398,0.136127994,0.1330605,0.129977107,0.126990497,0.124061301,0.121243902,0.118527897,0.115777403,0.112977803,0.110358097,0.108105697,0.106137902,0.104469001,0.103216201,0.102459803,0.102222703,0.102449603,0.103060901,0.104331903,0.106939599,0.112055004,0.121044397,0.134583995,0.151966095,0.171803206,0.192519799,0.212475404,0.230646804,0.246545494,0.260178685,0.27239269,0.284099609,0.294979811,0.3039684,0.310005814,0.312981099,0.313024998,0.310020298,0.304226011,0.296354413,0.287704796,0.279610515,0.272684991,0.267006904,0.262734085,0.259711891,0.257628292,0.256095111,0.254864305,0.253822386,0.252688795,0.2510463,0.249184698,0.247723401,0.246902004,0.247124597,0.248708993,0.251869887,0.256845087,0.263802886,0.272778511,0.283811092,0.296477199,0.310417593,0.325137407,0.340127289,0.354827911,0.368337691,0.38044849,0.3915779,0.402861089,0.415670186,0.431781411,0.452640414,0.478286713,0.507604778,0.539978504,0.573538184,0.605468273,0.634527087,0.659474313,0.679822981,0.695224702,0.706345618,0.714273989,0.719564915,0.722611189,0.724327207,0.725386977,0.724962473,0.723210514,0.720358729,0.716876984,0.712817311,0.708619177,0.704424918,0.69988668,0.695337117,0.690618277,0.686241508,0.68192327,0.678096116,0.675140917,0.672758281,0.670633376,0.668565512,0.666738927,0.664637983,0.662774503,0.660926521,0.658579588,0.655572474,0.651880622,0.647312522,0.641744018,0.635838687,0.629486084,0.623191476,0.61687249,0.610571086,0.604677379,0.59887898,0.59331727,0.588266611,0.58398819,0.579662085
CornWholePerten0068,Perten_DA7200,corn,Unknown,Croatia,2011,10.06000042,8.020000458,0.07756123,0.08382079,0.091384701,0.1000195,0.109015502,0.117807597,0.125118494,0.130279794,0.133503899,0.134917393,0.134886205,0.133905798,0.132323802,0.130254105,0.127785996,0.124956302,0.121901304,0.118878402,0.1159648,0.113113403,0.110375002,0.107688703,0.1049539,0.102225699,0.099710658,0.097575471,0.095744386,0.094174817,0.092923567,0.092091627,0.091769733,0.091947101,0.092555277,0.09383893,0.09638688,0.101271398,0.109810799,0.122719497,0.1394265,0.158717796,0.179063901,0.198719397,0.216526106,0.231948495,0.245014802,0.256668806,0.267977089,0.2786704,0.287678897,0.293929011,0.297280788,0.29779321,0.2952182,0.289726913,0.281976193,0.273286909,0.265123606,0.258165985,0.252469212,0.248181298,0.245141,0.243020698,0.241416603,0.240083799,0.238914296,0.237700999,0.236079603,0.234267905,0.232866898,0.232105404,0.232338995,0.233885005,0.236981005,0.2418679,0.248694405,0.257520109,0.268413693,0.280916393,0.294649601,0.309119314,0.323824495,0.338247299,0.351505905,0.363356501,0.374173611,0.385203093,0.397881508,0.413734913,0.433988005,0.458743215,0.486959904,0.518025279,0.550153494,0.580514371,0.607866287,0.631140888,0.649933279,0.663948715,0.673917174,0.68094641,0.685498178,0.688003302,0.689441085,0.690253675,0.689561129,0.68764168,0.684726715,0.681160986,0.677051306,0.672933579,0.668799818,0.6642555,0.659804881,0.655363202,0.651281476,0.647222817,0.64370501,0.641050398,0.638860405,0.636936605,0.635065675,0.633443892,0.631523192,0.62968868,0.627952695,0.625831723,0.623073578,0.619699478,0.615558088,0.610498786,0.605102122,0.599314511,0.593637705,0.587901294,0.58208108,0.576671004,0.571483314,0.566499889,0.561733782,0.557814777,0.554577529
CornWholePerten0069,Perten_DA7200,corn,Unknown,Croatia,2011,9.369999886,8.539999962,0.080160119,0.086569257,0.094376907,0.103402801,0.1128738,0.1221589,0.129914403,0.135413602,0.138843805,0.140381306,0.140466303,0.139593303,0.138075098,0.136012197,0.133515298,0.130650595,0.127569303,0.124508798,0.121538602,0.118632004,0.115845703,0.113113597,0.110323302,0.107494801,0.104844503,0.102594301,0.100671202,0.099016592,0.097672887,0.096729063,0.096294448,0.096386693,0.096945427,0.098205268,0.100777499,0.105812103,0.1146532,0.127965406,0.145098299,0.164747194,0.185366005,0.205277696,0.223393306,0.239203006,0.252689987,0.264719605,0.276322514,0.287216693,0.2963247,0.30257839,0.305875987,0.306301594,0.303634197,0.298089087,0.290317595,0.281601995,0.273394913,0.266370714,0.260585696,0.256208688,0.253090888,0.250932187,0.249317497,0.247973204,0.246802598,0.245559707,0.243824303,0.2418475,0.240271702,0.239335403,0.239404395,0.240813807,0.243808493,0.248621896,0.255420893,0.264259398,0.275195599,0.287814707,0.301774502,0.316570193,0.331659496,0.346449912,0.360019594,0.372117102,0.383052111,0.394011498,0.406452209,0.421966702,0.441805691,0.466116399,0.493931204,0.524706781,0.556773126,0.58732897,0.615087092,0.638898075,0.658237279,0.672701716,0.682991386,0.690247178,0.694961429,0.697612584,0.699166775,0.700100184,0.699571371,0.697836578,0.695146024,0.691821516,0.687931299,0.684001803,0.680024028,0.675605416,0.671273887,0.666935206,0.662905216,0.65884161,0.655268729,0.652576387,0.650427818,0.648585677,0.646782517,0.645223081,0.64335978,0.641576886,0.639899194,0.637869597,0.635172486,0.631724894,0.627501726,0.622421384,0.616949678,0.611018777,0.60518527,0.599298596,0.593371093,0.587890685,0.582594693,0.577544093,0.57276082,0.568744183,0.565355718
CornWholePerten0070,Perten_DA7200,corn,Unknown,Croatia,2011,10.21000004,9.829999924,0.108775303,0.115322799,0.123342298,0.132593006,0.142276496,0.1517919,0.159854204,0.165738896,0.169577107,0.171434805,0.171729505,0.171026304,0.169643298,0.167634994,0.165100798,0.162126303,0.158878505,0.155625805,0.152470306,0.149360597,0.146361098,0.1434322,0.140438005,0.137411207,0.134627104,0.132260501,0.130199507,0.128451407,0.127061501,0.126125798,0.125762001,0.125923201,0.1265091,0.127801597,0.130470306,0.135779902,0.145173505,0.159333602,0.177569702,0.198517397,0.220531598,0.241834596,0.261324614,0.278413594,0.292969793,0.305916011,0.318419993,0.330177397,0.339968801,0.346616507,0.350070804,0.350448012,0.347450703,0.341278702,0.332666904,0.323017389,0.3139624,0.306298614,0.300033212,0.295311898,0.291987807,0.289700002,0.287978113,0.286557794,0.285356492,0.284126192,0.282352388,0.280274391,0.278613687,0.277624905,0.277699888,0.279199094,0.282388389,0.287508786,0.294727206,0.304071605,0.315603912,0.328855515,0.34343791,0.358821213,0.37447381,0.389841586,0.403933793,0.416478187,0.427897304,0.439464301,0.452465713,0.468371093,0.4884336,0.512720525,0.540177822,0.570170283,0.600924671,0.629675925,0.655428886,0.67740041,0.695311487,0.708874822,0.718690217,0.725700617,0.730422497,0.733157516,0.734786272,0.73593241,0.735671878,0.734302878,0.732093096,0.729296088,0.725988209,0.72269851,0.719339073,0.71554029,0.711786628,0.707895696,0.704420388,0.701086819,0.698089123,0.695694983,0.693753123,0.692073107,0.690535724,0.689286172,0.687598288,0.686012626,0.684536517,0.682699382,0.680284679,0.677251518,0.673499584,0.668853998,0.663851202,0.658418775,0.653073788,0.647675872,0.642281115,0.637218118,0.632152617,0.627402306,0.622963727,0.61908108,0.615522504
CornWholePerten0071,Perten_DA7200,corn,Unknown,Croatia,2011,15.01000023,8.640000343,0.134458304,0.142733306,0.152041599,0.161682293,0.170910999,0.179579899,0.186591297,0.191432104,0.194437698,0.195592701,0.195209503,0.193826303,0.191795394,0.1891675,0.186033204,0.182503805,0.178738996,0.175015301,0.171476498,0.168073207,0.164850801,0.161755502,0.158682406,0.155684993,0.1530049,0.150808901,0.149006695,0.147650704,0.146800906,0.146488205,0.146756306,0.147531003,0.148684204,0.150523499,0.153768197,0.159701198,0.169870496,0.185159102,0.204876304,0.227413401,0.250700414,0.272552013,0.291799903,0.308052987,0.321465403,0.333197594,0.344538301,0.355181307,0.364006013,0.369958013,0.372988403,0.373167396,0.370201409,0.364313513,0.356191814,0.347202808,0.338867813,0.331793606,0.325930804,0.321480691,0.318303406,0.316066802,0.314356297,0.313013107,0.312022001,0.311125606,0.309842706,0.308492094,0.307773292,0.307825714,0.309008211,0.311692596,0.316149086,0.322589487,0.33110559,0.341636002,0.354153603,0.368031412,0.382817,0.397990108,0.413132995,0.427916586,0.44156459,0.454009205,0.465805113,0.478507787,0.493774086,0.513215125,0.537851214,0.56738472,0.600067318,0.634397626,0.668243885,0.698768616,0.725175917,0.747062326,0.764443219,0.777265191,0.786356986,0.792755783,0.796899378,0.799164474,0.800227702,0.800459504,0.79917258,0.796662986,0.79303658,0.788800776,0.784133315,0.779434502,0.774724305,0.7696051,0.76449877,0.759370685,0.754714072,0.750131726,0.745930612,0.742456198,0.739503026,0.736812472,0.734256923,0.732032597,0.729385376,0.726779997,0.724311292,0.721576214,0.718409479,0.714824975,0.710537016,0.705347478,0.699923277,0.694133282,0.688474178,0.682866514,0.677211523,0.671861827,0.666713774,0.66185832,0.657290518,0.653497815,0.650031388
CornWholePerten0072,Perten_DA7200,corn,Unknown,Croatia,2011,16.20000076,8.569999695,0.1148348,0.123594701,0.133188605,0.142827496,0.151816294,0.1600876,0.166700095,0.1712199,0.173940599,0.174871996,0.174336702,0.172862202,0.170777902,0.168129697,0.165032506,0.161583006,0.157931,0.154326007,0.150860697,0.147520095,0.144386798,0.1413977,0.138419703,0.135529295,0.133004904,0.130974293,0.129360497,0.128218293,0.127550095,0.127410099,0.127870694,0.128804907,0.130076394,0.132001102,0.135252103,0.141071707,0.151026204,0.166042998,0.185469702,0.207627207,0.230330095,0.251371592,0.269694895,0.285111189,0.297903508,0.309155494,0.31994769,0.329971105,0.338256389,0.343805999,0.346494705,0.346401215,0.343360305,0.337688714,0.330086708,0.321785301,0.314136893,0.307668209,0.302302599,0.298229098,0.295341313,0.293347091,0.291858792,0.29069671,0.289846212,0.289121002,0.28809011,0.287046492,0.286642313,0.287008286,0.288483411,0.291430593,0.296122402,0.302750498,0.311373413,0.321914107,0.334329695,0.3479864,0.36241281,0.377108902,0.391680807,0.405835301,0.418922991,0.43099761,0.442695111,0.455646187,0.471573204,0.49200961,0.517944396,0.549034417,0.583219886,0.61874491,0.653406084,0.68441093,0.711103976,0.733184516,0.750692725,0.76361388,0.772788703,0.779212415,0.783334673,0.785556316,0.786543727,0.786600292,0.785019577,0.782169581,0.778153777,0.773419678,0.768188775,0.762928009,0.757682204,0.752067685,0.746490419,0.740893781,0.735756815,0.730748594,0.726132929,0.722163022,0.718702018,0.715523124,0.712491989,0.709833086,0.706823885,0.703912199,0.701136529,0.698089898,0.69460249,0.690674007,0.686034322,0.680484772,0.674701572,0.668573976,0.662608981,0.65672642,0.65078193,0.645132184,0.639690101,0.634565413,0.629751682,0.625676692,0.62194413
CornWholePerten0073,Perten_DA7200,corn,Unknown,Croatia,2011,16.05999947,7.789999962,0.097004622,0.1050964,0.114001602,0.122957103,0.131261095,0.138844699,0.144869804,0.148943797,0.151347995,0.152078196,0.151458696,0.149989501,0.147952005,0.145454004,0.142606497,0.139445305,0.136066198,0.132710397,0.129499599,0.126398593,0.123476602,0.120686501,0.117922999,0.115249001,0.1128866,0.110994898,0.109500602,0.108402602,0.107755803,0.107633598,0.108065099,0.108960301,0.110219501,0.112082802,0.115176402,0.1206844,0.130041599,0.144069895,0.162144795,0.182711706,0.203757599,0.223255694,0.240170002,0.254247397,0.265762508,0.275816798,0.285530686,0.294667214,0.302276492,0.307425499,0.310030699,0.310177803,0.307644486,0.30258581,0.295608014,0.287905812,0.280787796,0.27478379,0.269820213,0.266046494,0.263358593,0.261468113,0.260050714,0.258976191,0.258194596,0.257510096,0.256574005,0.255664408,0.255348891,0.255739212,0.257138997,0.259869814,0.264173597,0.270231485,0.278114587,0.287763387,0.299106687,0.311579287,0.324766904,0.338187307,0.351475209,0.364386886,0.376332402,0.387329102,0.397996694,0.409908503,0.424673498,0.443656087,0.467790186,0.496736288,0.528605223,0.562018514,0.594911516,0.624575198,0.650369823,0.671861589,0.689051509,0.70183903,0.710940123,0.717319787,0.721413076,0.723650873,0.724691212,0.724798024,0.723264277,0.720399618,0.716307104,0.711515605,0.706262827,0.700974107,0.695702374,0.690065086,0.684440076,0.678817272,0.673699081,0.668696702,0.664084911,0.660147429,0.656709194,0.653586626,0.650624275,0.647998571,0.645040512,0.642172873,0.639435589,0.636459529,0.633046806,0.629205227,0.624728978,0.619414091,0.613897502,0.608072698,0.602415204,0.59679848,0.591086626,0.585713029,0.580598176,0.57573241,0.571148515,0.56741941,0.564090312
CornWholePerten0074,Perten_DA7200,corn,Unknown,Croatia,2011,17.59000015,7.21999979,0.117945202,0.126711801,0.1361866,0.145566598,0.1542041,0.162091002,0.168392301,0.172685206,0.175251007,0.176049203,0.175340906,0.173689798,0.171435699,0.168643996,0.165472403,0.161978304,0.158264503,0.154603601,0.151111201,0.147770003,0.144644007,0.141667098,0.138763607,0.135987401,0.133542001,0.131583095,0.130039901,0.128933698,0.128296599,0.128185898,0.128637999,0.1295546,0.130789504,0.132636502,0.135783002,0.1414444,0.151174501,0.165896505,0.185063005,0.207098499,0.229743704,0.250692695,0.268811196,0.283952385,0.296483904,0.307459414,0.317944288,0.327709913,0.33586061,0.341404706,0.344150901,0.344121903,0.34117341,0.335638493,0.328221709,0.320121706,0.312644601,0.306313604,0.301047206,0.297051311,0.294211388,0.292178214,0.290594399,0.289351106,0.288456291,0.287718803,0.2867302,0.285803288,0.28556931,0.286120504,0.287795514,0.290958405,0.295859993,0.302709401,0.311570913,0.322374493,0.335046202,0.348908097,0.363496989,0.378281593,0.392807514,0.40685609,0.419910997,0.432010502,0.443820804,0.457138002,0.473751485,0.495207906,0.522526979,0.555178821,0.590797424,0.627352178,0.662487924,0.69352299,0.719866991,0.741327286,0.758263886,0.77071017,0.779420912,0.785498321,0.789316595,0.791138887,0.791866183,0.791912973,0.790238023,0.787064016,0.782680988,0.777494013,0.771641076,0.765786886,0.76006192,0.754015029,0.748085976,0.742228329,0.736803711,0.731543899,0.726788521,0.722679615,0.719118774,0.715918481,0.712813914,0.709977686,0.706776619,0.703745127,0.70087409,0.697734773,0.694209874,0.69022733,0.685550571,0.680103481,0.674474776,0.668433189,0.662495375,0.656571806,0.650595009,0.644992113,0.639539421,0.634364128,0.629607916,0.62555629,0.621555209
CornWholePerten0075,Perten_DA7250,corn,Unknown,South Africa,2012,9.100000382,8.5,0.065054998,0.069445998,0.075488001,0.08247,0.090415999,0.098012999,0.104564004,0.108801,0.111267,0.112291001,0.112278,0.111230999,0.109955996,0.108096004,0.106068999,0.103610002,0.101079002,0.098667003,0.096093997,0.093488,0.091032997,0.088753,0.086388998,0.084183998,0.082085997,0.080222003,0.078449003,0.076926,0.075538002,0.074569002,0.073844999,0.073524997,0.073475003,0.074128002,0.075861998,0.079508998,0.086356998,0.096817002,0.110320002,0.125651002,0.142110005,0.158115,0.172546998,0.185497999,0.196737006,0.206539005,0.216192007,0.225410998,0.233276993,0.238613993,0.241573006,0.242144004,0.240013003,0.235335007,0.228357002,0.220898002,0.213740006,0.207687005,0.202505007,0.198727995,0.196027994,0.194195002,0.192787007,0.191590995,0.190343007,0.188850001,0.186967,0.184900999,0.183176994,0.181878001,0.181538999,0.182078004,0.183855996,0.187132999,0.192063004,0.198596001,0.206993997,0.216820002,0.227943003,0.240134001,0.252436012,0.264806986,0.276051015,0.28610599,0.294506997,0.302367985,0.310905993,0.321516007,0.336071998,0.354274005,0.375624001,0.400258005,0.427314997,0.453891009,0.47931999,0.501242995,0.519459009,0.532886982,0.542578995,0.549490988,0.55369401,0.556536973,0.557789981,0.559010983,0.558430016,0.556990981,0.554589987,0.551432014,0.548591018,0.545072973,0.541665971,0.537796021,0.534331977,0.530345976,0.527149975,0.523561001,0.52085501,0.518257976,0.516427994,0.515258014,0.51355499,0.512535989,0.510901988,0.510186017,0.508261025,0.506403029,0.504007995,0.501335025,0.498275995,0.493496001,0.489003986,0.483608007,0.478967995,0.474043012,0.468843997,0.464363009,0.459403992,0.455056995,0.450897992,0.447595,0.443812013
CornWholePerten0076,Perten_DA7200,corn,Unknown,US,2006,12.60000038,11.96000004,0.186874896,0.192488,0.198281005,0.204517901,0.210946903,0.2171949,0.221809998,0.224274904,0.224928901,0.225912899,0.224510893,0.2239189,0.222303897,0.220760897,0.218908906,0.216469899,0.214015901,0.211094901,0.208989903,0.206049994,0.203786001,0.200599,0.198195994,0.195561901,0.193970993,0.191457003,0.189987004,0.188435003,0.187787905,0.187034994,0.186960995,0.186511993,0.186902002,0.188348904,0.190336004,0.195179999,0.203769997,0.217702895,0.2337749,0.25139001,0.268794894,0.2859689,0.300562888,0.312934905,0.322120905,0.331473887,0.341007888,0.350575894,0.358024895,0.361773908,0.363546908,0.36241889,0.359040886,0.352039903,0.3421489,0.331411898,0.322963893,0.31592989,0.310555011,0.307145,0.304113895,0.302395999,0.300162911,0.299496889,0.29753989,0.296184897,0.293910891,0.291526914,0.289876908,0.289114893,0.289417893,0.291338891,0.29450801,0.298159897,0.304556012,0.312385887,0.322118908,0.332951903,0.344844908,0.357409895,0.370370895,0.383054912,0.394686908,0.405262888,0.413230807,0.423613906,0.434740901,0.450083911,0.468883902,0.491395891,0.516667783,0.544316828,0.573898912,0.601089895,0.626123905,0.646400929,0.663667679,0.674606681,0.684046805,0.689304829,0.692985773,0.696436822,0.697068811,0.69863677,0.696308792,0.695257723,0.691703796,0.688689828,0.684806824,0.680377781,0.677553892,0.67215991,0.669277787,0.664034784,0.66115278,0.656851828,0.654524684,0.651717782,0.649989784,0.649281919,0.645618677,0.645500898,0.643255889,0.642372787,0.640005827,0.638141811,0.635406911,0.631417811,0.627519906,0.621157825,0.616660774,0.610457778,0.605203927,0.598518789,0.593519926,0.589587808,0.583170772,0.579905927,0.574573875,0.571634889,0.569474876
CornWholePerten0077,Perten_DA7200,corn,Unknown,US,2006,12.80000019,11.43000031,0.200497001,0.207777903,0.214918897,0.223666996,0.232048899,0.240109906,0.245784894,0.249173895,0.25010401,0.250974894,0.249585897,0.248552904,0.246581897,0.244263902,0.241838902,0.238859907,0.235541999,0.231863901,0.229191899,0.225665897,0.222956896,0.219352901,0.216509998,0.213511899,0.211628005,0.208698899,0.206963897,0.205235899,0.204449996,0.203628898,0.203567997,0.202967897,0.203385994,0.204960898,0.207149997,0.212536901,0.222196907,0.238126904,0.256585985,0.276683897,0.296355903,0.3156299,0.33145389,0.34502089,0.35600391,0.367397785,0.377943903,0.388018906,0.395627886,0.399587899,0.401099891,0.398878902,0.394504905,0.387053907,0.377327889,0.367398888,0.359773904,0.35311389,0.348047912,0.344940901,0.342266887,0.340893894,0.3388969,0.338349909,0.33631891,0.334769905,0.33225289,0.329730898,0.328017891,0.327287912,0.327728897,0.329973906,0.333887905,0.338339895,0.345814914,0.355085909,0.3664639,0.37904489,0.392713904,0.406789899,0.420980901,0.434650898,0.447067797,0.458364815,0.466476888,0.477376908,0.488853902,0.504844785,0.524989784,0.550201774,0.57809478,0.606857777,0.636899889,0.663686812,0.687903881,0.707180798,0.723089874,0.732791781,0.741180778,0.74572891,0.74874568,0.751885891,0.752175808,0.753641784,0.751383781,0.750365913,0.746829689,0.744206786,0.740481913,0.736340821,0.733415783,0.728541911,0.725923896,0.721073806,0.718560815,0.714529872,0.712172806,0.709444821,0.708144903,0.707069695,0.703936815,0.703392804,0.701369822,0.700560689,0.698221684,0.696410775,0.693874776,0.690155804,0.686856926,0.680663824,0.676214814,0.670710683,0.665741801,0.659433782,0.654012919,0.650789917,0.644401789,0.640924871,0.635960817,0.633230925,0.630825818
CornWholePerten0078,Perten_DA7200,corn,Unknown,US,2006,15.10000038,12.77999973,0.194802001,0.202483907,0.211430907,0.220131993,0.228029907,0.235775903,0.241295993,0.244517893,0.245312899,0.246233895,0.2448719,0.243618995,0.241448894,0.239462003,0.236809999,0.233641997,0.230113894,0.226466999,0.223550901,0.2198039,0.216522902,0.212807,0.209447905,0.206212893,0.203877896,0.201051995,0.199204996,0.197427005,0.196790993,0.196235001,0.196491003,0.196316004,0.197205901,0.199382901,0.2022589,0.2085789,0.219640896,0.237758905,0.258952886,0.282283902,0.304874986,0.326835901,0.344994903,0.360185891,0.371508896,0.382541895,0.39356491,0.404498905,0.412998915,0.417382896,0.4192909,0.417824894,0.413663894,0.405530006,0.394023895,0.381819904,0.371976912,0.364030898,0.357800901,0.353772908,0.350398898,0.348459899,0.345986903,0.345264912,0.34304291,0.341796905,0.339419901,0.337309808,0.335859895,0.335653901,0.336911887,0.339949906,0.34473291,0.350305915,0.358816892,0.369459897,0.382148892,0.395925909,0.410708815,0.425850898,0.440968901,0.455558896,0.468899995,0.481502891,0.491079897,0.504386902,0.518951774,0.539289773,0.563992798,0.593967915,0.625743806,0.658760786,0.692638814,0.721436799,0.747784674,0.767580807,0.784547806,0.79447782,0.803716719,0.808699787,0.811336815,0.814603806,0.814754784,0.815670729,0.812732816,0.811693788,0.807238817,0.803466797,0.799086809,0.793908775,0.789652824,0.783809781,0.77951479,0.774147809,0.770270824,0.765415788,0.76241982,0.758692801,0.756789923,0.754924774,0.750253916,0.749562919,0.746933818,0.746077716,0.742557824,0.74088788,0.737431824,0.733026803,0.729217827,0.722169817,0.71753782,0.711002827,0.705552816,0.69971478,0.693877816,0.690139771,0.682766914,0.679910779,0.675458789,0.673057675,0.669827819
CornWholePerten0079,Perten_DA7200,corn,Unknown,US,2006,17.81797981,7.13002491,0.126914993,0.126804993,0.127553001,0.127911001,0.12771,0.128238007,0.128427997,0.128074005,0.126991004,0.125885993,0.124404997,0.121701002,0.120260999,0.117748998,0.115663,0.112696998,0.110242002,0.107657,0.105550997,0.103601001,0.101538003,0.099470981,0.097675972,0.095757984,0.094321974,0.092642978,0.092190974,0.090861984,0.090800971,0.090293974,0.09000697,0.090420976,0.090409987,0.091267981,0.092268974,0.094739974,0.098990977,0.106386997,0.115787998,0.127104998,0.138471007,0.149014905,0.158077002,0.164803997,0.170014903,0.175308898,0.180156007,0.185223907,0.189401001,0.192023903,0.193196893,0.192700997,0.1908319,0.186851904,0.181940004,0.176846996,0.173018903,0.169852004,0.167136997,0.165760994,0.164320007,0.163506001,0.162496001,0.162036896,0.160960004,0.160608903,0.159456998,0.158772007,0.158436,0.158533007,0.159627006,0.161219001,0.164018899,0.167126,0.171909899,0.177557007,0.184432998,0.191569895,0.199601993,0.207921997,0.215882897,0.223499999,0.230750904,0.237253904,0.242854893,0.249691904,0.257837892,0.270038903,0.286649913,0.307508886,0.333130896,0.359404892,0.386756897,0.412011892,0.433512896,0.451291889,0.46558091,0.475213885,0.482511908,0.487187892,0.489667803,0.492493898,0.491701901,0.494019896,0.489947885,0.488507897,0.483228892,0.479177803,0.473781914,0.467874914,0.463404805,0.457026899,0.452850789,0.446740896,0.442568898,0.43764779,0.433967799,0.431407899,0.42799589,0.427210808,0.422183901,0.422045797,0.418783903,0.417216897,0.414574802,0.411819905,0.40880689,0.405134887,0.401848912,0.396802902,0.392606914,0.387605906,0.383044809,0.378161907,0.373826891,0.371384889,0.365873903,0.363983899,0.359997898,0.35837689,0.3592439
CornWholePerten0080,Perten_DA7200,corn,Unknown,US,2006,8.943599701,9.851075172,0.158893004,0.157738999,0.156777993,0.158177003,0.159328997,0.162227005,0.165177003,0.167280003,0.1673069,0.167504996,0.166602001,0.164322004,0.163316995,0.161160901,0.159431994,0.156581998,0.153977007,0.151201904,0.148886994,0.146518007,0.144241899,0.141781002,0.139771998,0.137323007,0.135464996,0.133057997,0.131800994,0.129820004,0.128986001,0.127669007,0.126644,0.126038,0.125322998,0.125719994,0.126129001,0.128420994,0.132573903,0.140625,0.150766999,0.163220003,0.175697997,0.188406006,0.200318903,0.210767001,0.219788,0.228725895,0.236747995,0.244975895,0.252293915,0.257346898,0.260246903,0.260451913,0.258838892,0.254455894,0.248311997,0.2410869,0.23488,0.229341999,0.224534899,0.221641004,0.218936995,0.217380896,0.215727896,0.214977905,0.213363901,0.212544993,0.210429907,0.208542004,0.206771001,0.2053359,0.204963893,0.205105901,0.206716001,0.208547905,0.212482899,0.217485905,0.224111006,0.231600896,0.240778893,0.250883907,0.261354893,0.2719239,0.282038897,0.291159898,0.298361987,0.30623889,0.313598901,0.323031902,0.335380912,0.351038903,0.370572895,0.391463906,0.41562891,0.439831913,0.462738901,0.483003914,0.500757873,0.512671888,0.522209883,0.528193772,0.532067776,0.536433876,0.536137879,0.539492786,0.536598921,0.537315786,0.534200788,0.532475829,0.529718876,0.526698828,0.525021911,0.520559788,0.518640816,0.514586926,0.512182772,0.508738875,0.506382883,0.505012929,0.503019929,0.503351927,0.499614805,0.50078392,0.498620898,0.498644888,0.497253895,0.495920897,0.493887901,0.491007894,0.488761902,0.484156907,0.480680913,0.475481898,0.471212894,0.466235906,0.461543798,0.459085792,0.453274906,0.451028913,0.446861893,0.444851905,0.445114911
CornWholePerten0081,Perten_DA7200,corn,Unknown,US,2006,10.14395046,7.220617771,0.152353004,0.151368007,0.151547,0.152723998,0.154764995,0.157589898,0.160365894,0.162268907,0.162158996,0.162085995,0.160946995,0.158429995,0.157236993,0.154688999,0.152786002,0.149671003,0.146988004,0.144047007,0.141661003,0.139294997,0.136876002,0.134419993,0.1324469,0.130052999,0.128258005,0.125940993,0.124867998,0.122905001,0.122198001,0.120944001,0.120008998,0.119604997,0.119037002,0.119450003,0.119978003,0.122236997,0.126424,0.134268999,0.144141004,0.156556904,0.169062004,0.1819029,0.1936519,0.203478903,0.211824998,0.220134899,0.227455899,0.235030904,0.241803899,0.246512905,0.249345005,0.249512896,0.247958899,0.243738905,0.237981901,0.231345996,0.225695998,0.220797896,0.216276899,0.213716999,0.211221904,0.209805995,0.208244905,0.207540005,0.205928907,0.204929903,0.202963904,0.201146901,0.199587897,0.198368907,0.198233903,0.198590994,0.200324997,0.202437997,0.206596002,0.211908907,0.218758002,0.226442903,0.235628903,0.245671004,0.255904913,0.266253889,0.275844902,0.284683913,0.291600913,0.299319893,0.306616902,0.316491991,0.329342902,0.345972896,0.367150903,0.389681906,0.415162891,0.440582901,0.464421898,0.485309809,0.503337801,0.515513778,0.525229812,0.531635821,0.535355806,0.539453924,0.539281786,0.542255819,0.538945913,0.539056897,0.535369813,0.532937884,0.529686928,0.52547282,0.523186922,0.518021822,0.515515804,0.510763884,0.50778389,0.503877819,0.501318872,0.499552786,0.497384906,0.497606903,0.493617803,0.494656891,0.492384911,0.492148906,0.490614802,0.488831908,0.486888886,0.4836469,0.480949789,0.476023912,0.472258896,0.467003912,0.462223887,0.457091898,0.45221889,0.449519903,0.443537891,0.441077799,0.437022895,0.435104907,0.435074806
CornWholePerten0082,Perten_DA7200,corn,Unknown,US,2006,10.85146999,10.62045956,0.171825007,0.176991895,0.183174893,0.189905003,0.196700007,0.203943893,0.209851995,0.214367896,0.216319904,0.218233898,0.217443898,0.216740996,0.215216994,0.213490903,0.211326897,0.208530903,0.205569997,0.202250004,0.199514002,0.196251005,0.193627998,0.190637901,0.187853903,0.185034901,0.183016896,0.180202901,0.178371996,0.176458895,0.175373003,0.174141005,0.173703998,0.172937006,0.1728549,0.173701003,0.1748299,0.178123906,0.184327006,0.195518002,0.210123897,0.227758899,0.245502904,0.264178902,0.280702889,0.295437992,0.30783689,0.319590896,0.33008489,0.340522885,0.349644899,0.355928898,0.359599888,0.359580904,0.357287914,0.352078915,0.344076902,0.334778905,0.326773912,0.319616914,0.31357789,0.309619904,0.306332886,0.304521889,0.302270889,0.301357895,0.2994169,0.298146904,0.295889914,0.293562889,0.291392893,0.290139914,0.289916903,0.290842891,0.29319191,0.2962479,0.301948011,0.309254915,0.318509907,0.329363912,0.341898888,0.355271906,0.369165897,0.382947892,0.395809889,0.408331901,0.417299897,0.428129911,0.438098908,0.451647908,0.468486905,0.490738899,0.516745806,0.54467988,0.57631582,0.606560826,0.635535777,0.660334826,0.682015777,0.69694382,0.710289776,0.717661798,0.723185778,0.728063881,0.729718924,0.7319538,0.730600774,0.7305668,0.727634788,0.725427806,0.721482813,0.717456818,0.714686811,0.709128797,0.706029773,0.700803876,0.697812915,0.693433821,0.690526784,0.687900782,0.685621798,0.68430382,0.681160927,0.680830777,0.678762913,0.678434789,0.675982773,0.674575806,0.671872795,0.668495715,0.664948821,0.658949792,0.654394805,0.647991777,0.643070877,0.636281908,0.630838871,0.626880884,0.619713783,0.616386771,0.611045778,0.608217776,0.605643928
CornWholePerten0083,Perten_DA7200,corn,Unknown,US,2006,16.72604942,6.543919087,0.150123999,0.150053993,0.150872007,0.152280003,0.152982995,0.154214904,0.154984996,0.155227006,0.154255003,0.153598994,0.152160004,0.149324,0.147881001,0.145288006,0.143260002,0.140219003,0.137534007,0.134654,0.132318005,0.129945993,0.127681002,0.125325993,0.123379998,0.121220999,0.119670004,0.117720999,0.116949,0.115528002,0.115252003,0.114549004,0.114161,0.114349999,0.114147,0.114942998,0.115805,0.118159004,0.122152999,0.129632995,0.139116898,0.151217997,0.163590998,0.175716996,0.186414897,0.194822997,0.201506898,0.208102897,0.2138789,0.219808906,0.225096896,0.228686899,0.230747998,0.230727002,0.229146004,0.225318998,0.220139995,0.214306995,0.209667906,0.205663905,0.202163905,0.200294897,0.198431999,0.197383896,0.196158901,0.195627898,0.194263995,0.193728998,0.192335904,0.191314906,0.190653995,0.190445006,0.191295996,0.192633003,0.195254907,0.198176995,0.202944994,0.208748907,0.215894893,0.223459899,0.232115999,0.241091996,0.249768898,0.258186907,0.266037911,0.273457915,0.279520989,0.28677991,0.294826895,0.306124896,0.32127589,0.340581894,0.364464909,0.389080912,0.415072888,0.439193904,0.460297912,0.477714896,0.492011905,0.501725912,0.509409785,0.514268816,0.517185926,0.520282924,0.519627929,0.522298873,0.518816829,0.518489897,0.514366925,0.510994911,0.506967783,0.50194788,0.498500913,0.492928892,0.489463896,0.484378904,0.480837911,0.476522893,0.473549902,0.471462786,0.468461901,0.468012899,0.463516891,0.463805914,0.460892886,0.460063905,0.457675904,0.455554903,0.452929914,0.449782908,0.447285801,0.442443907,0.438938886,0.434376895,0.430334806,0.425605893,0.421656907,0.41917491,0.413732886,0.411873907,0.40810889,0.406485885,0.406705886
CornWholePerten0084,Perten_DA7200,corn,Unknown,US,2006,10.10573006,12.37905025,0.182671905,0.187203005,0.193258002,0.199982002,0.2066219,0.214081898,0.219744995,0.224546894,0.226264998,0.227942005,0.227219999,0.226441905,0.224857897,0.223221004,0.221211001,0.218380898,0.215432897,0.212128907,0.209398896,0.206181899,0.203459993,0.2003209,0.197557002,0.194652006,0.192525998,0.189653993,0.187702,0.185610905,0.184362903,0.183127895,0.182445005,0.181612,0.181471005,0.182224006,0.183425993,0.186792001,0.1930549,0.204457894,0.219173998,0.236790001,0.254340887,0.272666901,0.289000988,0.303657889,0.315918893,0.327223897,0.337284893,0.347349912,0.356303901,0.362294912,0.3657749,0.36576891,0.363733888,0.358642012,0.350833893,0.341780901,0.3337349,0.326616913,0.320465893,0.316385895,0.313000888,0.310932994,0.308612913,0.307791889,0.305631906,0.304354906,0.302067012,0.299696893,0.297428906,0.295975894,0.295559913,0.29625389,0.298465908,0.301089913,0.306622893,0.3137559,0.322610915,0.333126903,0.345215887,0.358186901,0.371724904,0.38516289,0.397576898,0.409588903,0.418152809,0.428594887,0.438112915,0.45072189,0.466666907,0.487764895,0.512362778,0.538719773,0.568681896,0.597403884,0.625287771,0.649022818,0.66952771,0.683460772,0.695836723,0.702522814,0.707460821,0.712142885,0.713094771,0.715174794,0.713439882,0.713354826,0.710210681,0.707783818,0.703776717,0.699825823,0.696889818,0.691293776,0.688271821,0.683140814,0.680081785,0.675747871,0.67273891,0.669672787,0.667861819,0.66676569,0.663476825,0.663083792,0.660648823,0.660358727,0.657708824,0.656181812,0.653786898,0.650143802,0.646506786,0.640769899,0.636682928,0.630327821,0.625426889,0.618811786,0.613636792,0.610174775,0.602732778,0.600095809,0.59471488,0.592242777,0.590219915
CornWholePerten0085,Perten_DA7200,corn,Unknown,US,2006,8.597742081,11.68517017,0.177393004,0.176081002,0.176343903,0.177762002,0.179824993,0.183803901,0.1873319,0.189701006,0.189768001,0.189772904,0.188777998,0.186351895,0.185271993,0.183111996,0.181338996,0.178161904,0.175434902,0.172362894,0.169803903,0.167183906,0.164698005,0.161917999,0.159735993,0.157125905,0.155091003,0.152330905,0.151068002,0.148782998,0.147857994,0.146384001,0.145346001,0.144698903,0.144034997,0.144462004,0.145132005,0.147641003,0.152307004,0.161259994,0.172476903,0.186161906,0.199662894,0.213394895,0.226044998,0.237069905,0.246798903,0.256112903,0.264549911,0.273055911,0.280569911,0.285532892,0.288222909,0.288106889,0.286196888,0.281688899,0.275365889,0.268058896,0.261741906,0.256150901,0.251164913,0.248185903,0.245387897,0.243800893,0.2421069,0.241394907,0.239817902,0.238958895,0.236960903,0.234921902,0.233117893,0.231557995,0.231209904,0.231403902,0.233092904,0.235077903,0.239225,0.244583905,0.251585901,0.259449989,0.269106895,0.279552907,0.2905339,0.301695913,0.312072903,0.321705908,0.328842908,0.33670789,0.344168901,0.353859901,0.366081893,0.381687909,0.4008829,0.421263903,0.444327891,0.467208803,0.488509804,0.507195771,0.523189783,0.533898771,0.542429924,0.54792577,0.551039875,0.554799914,0.55437392,0.557150781,0.554251909,0.554793775,0.552158773,0.550536811,0.54823792,0.545155823,0.543606877,0.539758921,0.537849784,0.534038782,0.53160882,0.528428912,0.526406825,0.524968803,0.522900879,0.523267806,0.51946193,0.520540893,0.518456876,0.518341899,0.517199874,0.515673876,0.513968885,0.511341929,0.509060919,0.504449904,0.500989914,0.496620894,0.492337912,0.487874895,0.483589888,0.481182903,0.475711912,0.473717809,0.470156908,0.468209893,0.468485802
CornWholePerten0086,Perten_DA7200,corn,Unknown,US,2006,12.26667023,8.510155678,0.146382004,0.151730999,0.158410996,0.1648179,0.1708159,0.1770899,0.181236997,0.183657005,0.184118897,0.184577897,0.183221996,0.182218,0.180071905,0.178022996,0.175466999,0.172794893,0.169860005,0.166774005,0.164383903,0.161685005,0.159271002,0.156553999,0.153935999,0.151458904,0.149814993,0.147489995,0.145931006,0.144409001,0.143630996,0.142747998,0.142477006,0.141997993,0.142245993,0.143481001,0.145152003,0.149239898,0.156685993,0.168972999,0.183711007,0.200371996,0.216851905,0.233011901,0.246302903,0.257401913,0.266244888,0.275251895,0.283888906,0.292311907,0.298880011,0.302859902,0.304528892,0.30330801,0.299910903,0.29381299,0.285825908,0.277684897,0.271308899,0.265881896,0.26155889,0.258821905,0.25669989,0.255467892,0.253742904,0.253090888,0.251289994,0.249961898,0.247937903,0.246061996,0.244463906,0.243902996,0.2443299,0.246041998,0.249195904,0.252867013,0.258866906,0.266621888,0.275975913,0.286452889,0.298200011,0.310112894,0.322319895,0.334321886,0.345238894,0.355168909,0.362438887,0.371354908,0.381496012,0.395855904,0.414106906,0.437733889,0.465019912,0.493942887,0.525153816,0.553875923,0.580463827,0.602322877,0.620190918,0.631773889,0.641783774,0.646981776,0.650537789,0.653866828,0.654040813,0.655618727,0.652849913,0.651244819,0.647138774,0.643611789,0.638449788,0.633573771,0.629848898,0.623675883,0.619977772,0.614284813,0.610970914,0.60637182,0.603562772,0.60064888,0.598693788,0.597809911,0.594154775,0.593560815,0.59104979,0.590388775,0.587380886,0.585524917,0.582203925,0.578328788,0.57385093,0.567344785,0.562426925,0.555646777,0.550446808,0.544018924,0.538430929,0.534756899,0.527509928,0.524735808,0.519280911,0.516752899,0.51410079
CornWholePerten0087,Perten_DA7200,corn,Unknown,US,2006,15.87639046,10.19499016,0.158676997,0.164170995,0.170993894,0.178337902,0.185084999,0.191628903,0.196788997,0.2003209,0.201701894,0.202892005,0.2019279,0.200996995,0.198799998,0.196831897,0.194221005,0.191438004,0.1882689,0.184831902,0.182135999,0.178943902,0.176274896,0.173318893,0.170605004,0.167796001,0.166041002,0.163677901,0.161925003,0.160625994,0.159922004,0.159309998,0.159399003,0.159132004,0.159648001,0.160953999,0.162578002,0.166027993,0.172567993,0.183807001,0.198473007,0.215953007,0.233608902,0.251300901,0.266163886,0.278658897,0.288704902,0.298384011,0.306958914,0.31543389,0.322296888,0.326866895,0.329326898,0.328733891,0.325939894,0.320947886,0.313734889,0.305897892,0.299410909,0.293854892,0.289184898,0.286118895,0.283668906,0.282120913,0.280274987,0.279639989,0.278045893,0.277111888,0.275593907,0.274025887,0.272839904,0.272688896,0.273354888,0.275352895,0.278703898,0.282851905,0.289308012,0.297307015,0.307000011,0.31783089,0.329935908,0.341995895,0.3543199,0.366525888,0.377402902,0.38815701,0.396125913,0.406419903,0.417122901,0.432698906,0.452637911,0.478715897,0.509210825,0.54080981,0.57423079,0.604891777,0.633061886,0.656172812,0.675530791,0.688383877,0.699749887,0.706187785,0.710330725,0.714291811,0.71527791,0.716819882,0.713923872,0.712984681,0.708770812,0.704857707,0.699940801,0.694279671,0.689696789,0.683038771,0.678588808,0.672023773,0.667532802,0.662014782,0.658309817,0.654395819,0.651395798,0.649207771,0.644347787,0.643265903,0.639966786,0.638032913,0.635053873,0.632995784,0.629722774,0.625375927,0.621191919,0.614651918,0.609550893,0.603082776,0.597437918,0.590660811,0.585153818,0.580610812,0.573730826,0.569506884,0.563904882,0.560722828,0.55732888
CornWholePerten0088,Perten_DA7200,corn,Unknown,US,2006,8.496206284,11.48997021,0.158420995,0.161287904,0.166382,0.172604904,0.179826006,0.188351005,0.195926994,0.201186895,0.203741998,0.2056209,0.2050239,0.204900906,0.203157902,0.201616898,0.199367002,0.196789995,0.193900898,0.190722004,0.188205004,0.185201004,0.182742,0.179792002,0.177061006,0.174291,0.172313899,0.169547901,0.167480007,0.165427893,0.164156005,0.162591904,0.161765993,0.160684004,0.160333902,0.160938993,0.1619239,0.165021002,0.171160996,0.182189897,0.196443006,0.212921903,0.229452893,0.246643901,0.261857897,0.275840908,0.28755191,0.298913896,0.309296995,0.319912911,0.328851908,0.335054904,0.338541895,0.338686913,0.336427897,0.331538886,0.323520899,0.314515889,0.306488901,0.299298912,0.293122888,0.288828909,0.285526902,0.283532888,0.281232894,0.28024891,0.278277904,0.276797891,0.274569988,0.271890909,0.269353896,0.267589897,0.266637892,0.267113894,0.268658906,0.271132886,0.275878906,0.282362908,0.290737897,0.300792903,0.312693894,0.325400889,0.339253902,0.353302896,0.366194904,0.37813291,0.386695892,0.39673689,0.405938894,0.417819887,0.432889909,0.452502906,0.47526589,0.500335872,0.529350877,0.558193922,0.58630389,0.611042917,0.632470787,0.64720881,0.659696817,0.666367829,0.671019673,0.675233781,0.676308811,0.67818892,0.676033795,0.67546171,0.672617912,0.670421779,0.667239785,0.663369715,0.660623789,0.655846775,0.652739883,0.647441924,0.644400775,0.640342891,0.63772893,0.634937882,0.633503914,0.632481873,0.628989875,0.62900579,0.627150893,0.626542926,0.624784827,0.623252809,0.620982826,0.617501915,0.61409092,0.607812882,0.603109896,0.59697181,0.591445923,0.585155785,0.579150915,0.575060785,0.568066776,0.564385772,0.55931592,0.555957913,0.553189874
CornWholePerten0089,Perten_DA7200,corn,Unknown,US,2006,8.043994904,8.424387932,0.113711998,0.115787998,0.119865,0.125126004,0.131414905,0.138761997,0.145519003,0.149867997,0.152008995,0.153463006,0.153074995,0.152524993,0.151066005,0.149235904,0.147217006,0.144832999,0.142052993,0.139433995,0.137485996,0.134676993,0.132674903,0.130214006,0.127912998,0.125472993,0.123548999,0.121320002,0.119535998,0.117767997,0.116493002,0.115064003,0.114247002,0.113283001,0.112728,0.113187999,0.114009999,0.116355002,0.121618003,0.130772993,0.142799005,0.156617001,0.170723006,0.185168907,0.197983906,0.209545001,0.219045997,0.228473902,0.237554893,0.246643901,0.254352897,0.259715915,0.262719899,0.263196886,0.261000007,0.256642014,0.249755904,0.242349997,0.235696897,0.229727894,0.224806905,0.221354902,0.2186279,0.216871902,0.215078905,0.214214906,0.212516904,0.211345896,0.209333897,0.2068979,0.204804897,0.203317896,0.202439904,0.2028469,0.203971997,0.206193894,0.210070998,0.215596005,0.222840905,0.231582895,0.241730899,0.252756894,0.264659911,0.276821911,0.288023889,0.298163891,0.305684894,0.313996911,0.321698904,0.332132906,0.345493913,0.362699807,0.383515894,0.406814903,0.434176892,0.461755902,0.488705814,0.513225794,0.534384906,0.549555779,0.561553896,0.568514884,0.572988927,0.576880872,0.577768922,0.579700828,0.577486813,0.57670778,0.573572874,0.571158826,0.56809479,0.564105809,0.561071873,0.555979788,0.552468777,0.547372818,0.544138789,0.540084779,0.537697911,0.535015822,0.533431888,0.532412827,0.529427886,0.529756784,0.527833879,0.527496815,0.526027918,0.524437785,0.521998882,0.518228829,0.514483929,0.508611918,0.50344789,0.497451901,0.492160887,0.485506892,0.479873896,0.4757469,0.4690139,0.465294808,0.460338891,0.456908792,0.454278886
CornWholePerten0090,Perten_DA7200,corn,Unknown,US,2006,13.43451977,12.51591969,0.235614896,0.242809996,0.251842886,0.261105895,0.270125896,0.279328913,0.286464006,0.291864902,0.293839902,0.295767903,0.295673907,0.293762893,0.292503893,0.29032889,0.287726909,0.284430891,0.280417889,0.276155889,0.272347897,0.268124908,0.264538914,0.260588914,0.257215887,0.25363189,0.25109601,0.247798905,0.245571002,0.243623897,0.242717907,0.241978899,0.242050007,0.241581902,0.242135897,0.243827894,0.246174902,0.2507599,0.260025889,0.27540189,0.29546991,0.318321914,0.341322899,0.364021897,0.38347891,0.399565905,0.41255489,0.424644798,0.435149908,0.446129888,0.454733908,0.460582912,0.463528901,0.46267581,0.459374905,0.453468889,0.443858892,0.433599889,0.424643815,0.416980892,0.410538912,0.406306893,0.402739912,0.400737912,0.39840591,0.39723891,0.395148903,0.393782914,0.391778886,0.389400005,0.387739897,0.387222886,0.387910903,0.390100896,0.394139886,0.399188906,0.406682015,0.416831911,0.428724915,0.44212389,0.456230909,0.470958889,0.485480905,0.499881893,0.512693822,0.525241911,0.533893824,0.545208871,0.557596803,0.573606789,0.594621778,0.619913817,0.64876169,0.676453829,0.705017805,0.73050791,0.752668917,0.770588875,0.784874678,0.794092774,0.801828802,0.807149828,0.809963882,0.81253469,0.812588811,0.813664913,0.8110888,0.810449779,0.807129681,0.803784728,0.801057816,0.796738803,0.793186784,0.788410723,0.785134792,0.780089676,0.776517808,0.772828817,0.770145774,0.767637789,0.765573919,0.763767779,0.759845018,0.759281874,0.757081926,0.755884826,0.754132927,0.752305687,0.749962688,0.746360779,0.742780805,0.737240911,0.73312068,0.728030801,0.723793805,0.718389809,0.713700771,0.710153818,0.703736782,0.700912774,0.697006822,0.694295824,0.692177773
CornWholePerten0091,Perten_DA7200,corn,Unknown,US,2006,12.76667023,10.53969955,0.169589907,0.173252001,0.178665996,0.184541002,0.190302894,0.197252005,0.202924997,0.206681907,0.208352,0.209776998,0.209419996,0.208104894,0.206552893,0.204635993,0.202023998,0.199204996,0.196009904,0.192863002,0.190172002,0.187156007,0.184598893,0.181816995,0.179276899,0.176506907,0.174642995,0.172243893,0.170527905,0.169011995,0.1681339,0.167218894,0.166868895,0.166452006,0.166468903,0.167534903,0.168913901,0.172236994,0.178874001,0.189694002,0.203597903,0.219501898,0.236032903,0.252577901,0.26707691,0.279258907,0.288842887,0.297899902,0.306128889,0.314613909,0.321470887,0.325888902,0.328407913,0.328458905,0.326749891,0.322566897,0.315446913,0.30753389,0.300672889,0.294534892,0.289564908,0.286145985,0.28320089,0.281354904,0.279430896,0.278290987,0.276575893,0.275342912,0.27342689,0.271517903,0.270059913,0.269417912,0.269889891,0.271587014,0.274226904,0.278064013,0.283721894,0.29121089,0.300142914,0.310413897,0.321440011,0.333195895,0.34512791,0.356898904,0.367536902,0.377677888,0.384950906,0.393638909,0.403194904,0.416343898,0.433864892,0.455532908,0.480683893,0.506814897,0.534828901,0.561465919,0.585957885,0.606362879,0.623308778,0.634955823,0.644365788,0.650428772,0.653504789,0.656402826,0.656524777,0.657682777,0.655018926,0.653749883,0.649894774,0.646278918,0.642301917,0.637433887,0.633347809,0.627836824,0.623711824,0.618405819,0.614556789,0.610634923,0.607484877,0.605065823,0.603132784,0.601766825,0.598439872,0.598096788,0.595949829,0.595028818,0.593476772,0.591235876,0.588874817,0.585285783,0.582040906,0.576798916,0.572341919,0.567052782,0.5628528,0.557480812,0.552393913,0.548660815,0.54261291,0.539445877,0.534648895,0.532437801,0.529964805
CornWholePerten0092,Perten_DA7200,corn,Unknown,US,2006,12.66666985,10.97167969,0.166993901,0.170687899,0.176218897,0.182154,0.187916905,0.194964007,0.200826004,0.204716995,0.206526905,0.208022907,0.207716897,0.2064019,0.204946905,0.203083903,0.200505003,0.197788999,0.194598898,0.191505998,0.188804001,0.185812995,0.183313996,0.180533901,0.177977905,0.175233901,0.173427001,0.171040997,0.169313997,0.167852894,0.166914895,0.166058898,0.165714905,0.165273905,0.165355995,0.166387901,0.167813897,0.171166003,0.177806005,0.188673005,0.202656999,0.218741998,0.235360995,0.252052903,0.266804904,0.279199988,0.288969904,0.298124909,0.306394905,0.3150419,0.322073907,0.326674908,0.329210907,0.329326898,0.327713907,0.323549897,0.316240013,0.308186889,0.301039904,0.294835895,0.289658904,0.286183,0.283182889,0.281256914,0.279276013,0.27807489,0.276328892,0.275106907,0.273270905,0.271245897,0.269760013,0.269130886,0.269532889,0.271177888,0.273929894,0.277690888,0.283353895,0.290817887,0.299861908,0.310153902,0.321299911,0.3331469,0.345145911,0.357117891,0.367905915,0.378225893,0.385641903,0.394446909,0.404126912,0.417265892,0.434930891,0.456426889,0.481563896,0.507598817,0.535655916,0.562357783,0.586798787,0.607314825,0.624342024,0.636031807,0.645581782,0.651763797,0.65474987,0.657806814,0.657871783,0.658960819,0.656466782,0.655070782,0.6514768,0.647696912,0.643790782,0.639068782,0.634971798,0.62953192,0.625340879,0.620072782,0.616161823,0.612251878,0.609221876,0.606877923,0.60488081,0.603558779,0.600065887,0.599875927,0.597763777,0.596865892,0.595313907,0.593126893,0.590768814,0.587064922,0.583997786,0.57859391,0.57424891,0.569024921,0.564739883,0.559421778,0.55445689,0.55077982,0.544782817,0.541802824,0.537032783,0.534518778,0.532197893
CornWholePerten0093,Perten_DA7200,corn,Unknown,US,2006,13.48332977,11.75794029,0.140229002,0.144453004,0.149618,0.155108005,0.160841003,0.167209894,0.172920004,0.176764995,0.178689897,0.180351004,0.180023894,0.178943902,0.177615896,0.176100999,0.17374,0.171331003,0.168460995,0.165458903,0.162954897,0.160159007,0.157804996,0.155116007,0.152560905,0.149993002,0.148173004,0.145852,0.144308001,0.142847002,0.142056003,0.141231,0.140973002,0.140814006,0.140799999,0.141817004,0.143115997,0.146173,0.152205005,0.162391007,0.175775901,0.191178903,0.206958905,0.222437903,0.235863894,0.247337893,0.256597906,0.2656959,0.273891896,0.281967908,0.288245887,0.292373896,0.294417888,0.293655902,0.291030914,0.286126912,0.279216886,0.272206903,0.266413897,0.261287898,0.257099897,0.254245013,0.251850903,0.250526011,0.249000996,0.248193905,0.246883005,0.245912895,0.244424,0.242652997,0.241421998,0.240818903,0.241193906,0.242659897,0.245196,0.248681903,0.253961891,0.261035889,0.269543886,0.279144913,0.289646894,0.300691992,0.311763912,0.322909892,0.332992911,0.342463911,0.34955591,0.35788089,0.366940886,0.379290015,0.396162897,0.417153895,0.442397803,0.468478888,0.496146888,0.522436917,0.546106815,0.566098929,0.582640827,0.594060779,0.603213787,0.609427929,0.612550914,0.616058826,0.616597772,0.617924929,0.615766883,0.614749908,0.611597776,0.608390927,0.604843915,0.600591898,0.596635819,0.591605902,0.587499917,0.582372785,0.578388929,0.574496925,0.571328878,0.568513811,0.566357911,0.56464088,0.560651779,0.560021818,0.557282805,0.556121826,0.554618776,0.552272797,0.549523771,0.545755923,0.542417824,0.536796808,0.531999886,0.526359797,0.521698773,0.516067803,0.510888875,0.507165909,0.500776887,0.497252911,0.492495894,0.489101887,0.486896902
CornWholePerten0094,Perten_DA7200,corn,Unknown,US,2006,12.5,11.34000015,0.163640007,0.168086901,0.174397901,0.181874901,0.190079004,0.198373899,0.205052897,0.210489899,0.213129893,0.214898899,0.214582995,0.214334905,0.213023901,0.211546898,0.2092219,0.206809998,0.203767002,0.200965896,0.197895899,0.194982901,0.192238897,0.189196006,0.186383903,0.183046997,0.180813,0.178353995,0.176366895,0.1744349,0.173146904,0.172130898,0.171535999,0.171364904,0.171809897,0.173099995,0.175025001,0.179756999,0.188028902,0.200985998,0.217199996,0.235725895,0.254905909,0.273955911,0.291344911,0.30664289,0.319419891,0.331297904,0.342689991,0.353181899,0.362509906,0.368431896,0.37171191,0.371374905,0.368889898,0.362248898,0.353394985,0.343602896,0.334540904,0.326759905,0.320725888,0.31613189,0.312786907,0.310363889,0.308193892,0.307274997,0.305717886,0.304226905,0.302085906,0.299748898,0.297772914,0.296502888,0.297081888,0.297430903,0.299940914,0.303815991,0.309890896,0.317627907,0.327943891,0.33916989,0.35292691,0.366733909,0.381109893,0.395626903,0.408591896,0.420686901,0.43116191,0.442275912,0.453166902,0.468038887,0.486067891,0.508198917,0.533740878,0.561986923,0.593212783,0.622206807,0.650043786,0.673054814,0.69280982,0.707616687,0.719109774,0.726531923,0.731328785,0.734688878,0.735929728,0.737146914,0.73602581,0.735991776,0.732442915,0.730424821,0.728685796,0.723361671,0.72027272,0.714548886,0.711309791,0.706899881,0.703596771,0.699354708,0.69606781,0.695305824,0.691634774,0.689966917,0.687518776,0.685944676,0.684044778,0.682392776,0.681008816,0.67787981,0.675627887,0.671787798,0.667222917,0.662862778,0.656353891,0.650914788,0.644017816,0.638880909,0.633012891,0.62754792,0.623064876,0.617966771,0.61436379,0.60991782,0.608584821
CornWholePerten0095,Perten_DA7200,corn,Unknown,US,2006,14.10000038,13.60999966,0.198474005,0.204543904,0.212468907,0.220957905,0.229607001,0.238109902,0.244868904,0.250346899,0.25295791,0.254680902,0.254229903,0.253769994,0.252127886,0.250414908,0.247763902,0.244913906,0.241498902,0.238267005,0.234745905,0.231550902,0.228492901,0.225016907,0.221962899,0.218222901,0.215846002,0.213328898,0.211296007,0.209407896,0.208373904,0.207537904,0.2073569,0.207573906,0.208492905,0.210223898,0.212808907,0.218553901,0.228341997,0.243581906,0.262268901,0.283474892,0.304856896,0.32562989,0.34401691,0.359910905,0.372999996,0.385007888,0.396189898,0.406333894,0.415278912,0.420616806,0.423479915,0.422581911,0.419795901,0.412893891,0.404197902,0.394591898,0.385812908,0.37833491,0.372464895,0.367950887,0.364566892,0.362158895,0.359954894,0.359212905,0.357715011,0.356501013,0.354642898,0.3526299,0.351103991,0.350376904,0.351809889,0.352797896,0.356387913,0.361395896,0.368814886,0.377792895,0.389577895,0.401921898,0.416969895,0.431403786,0.446123898,0.460866898,0.47387889,0.486294806,0.497180909,0.509118915,0.521400929,0.538502872,0.55942291,0.58502388,0.613804817,0.644058824,0.676456928,0.705383778,0.732646823,0.754389823,0.773106873,0.786891818,0.797702789,0.804442823,0.808872879,0.812204719,0.812972784,0.814025819,0.81227982,0.81147182,0.807494819,0.804628789,0.802081823,0.79635793,0.792560816,0.786461711,0.782569826,0.777821779,0.774485827,0.769385815,0.765701771,0.764616787,0.760711789,0.758593917,0.755820811,0.75372082,0.751502872,0.749690771,0.747891784,0.744762778,0.742455721,0.738442898,0.733962774,0.729780674,0.723423898,0.718250811,0.712137878,0.707379818,0.701621771,0.696885824,0.6925928,0.687900782,0.684583783,0.679537773,0.679989874
CornWholePerten0096,Perten_DA7200,corn,Unknown,US,2006,12.39999962,11.82999992,0.147231996,0.150252998,0.154777005,0.160104901,0.165856004,0.171788901,0.176358894,0.180201903,0.182055995,0.183394894,0.183225006,0.183112904,0.182252899,0.181356996,0.179665998,0.177821904,0.175659999,0.173621997,0.171202004,0.168812901,0.166468903,0.163708001,0.161177903,0.158243999,0.156300902,0.154152006,0.152432993,0.150740996,0.149641901,0.148728997,0.148288995,0.148268998,0.148914903,0.150285006,0.152318001,0.156849995,0.164531007,0.176173896,0.190476999,0.206951901,0.224288896,0.241531,0.257321,0.270518899,0.279806912,0.288035899,0.297003895,0.306194902,0.314620912,0.320055902,0.323894888,0.325208902,0.324490011,0.318878889,0.30972901,0.298673898,0.288391888,0.279878914,0.273222894,0.268045902,0.263980895,0.260945886,0.258315891,0.256900013,0.255206913,0.253731012,0.251871914,0.249850899,0.248213902,0.247211903,0.247803897,0.248065904,0.250146896,0.253301889,0.258296996,0.264661014,0.273151994,0.282321006,0.293581992,0.30496189,0.317000896,0.329438895,0.34085989,0.351516902,0.361117899,0.371438891,0.382001907,0.395929992,0.412323892,0.430746913,0.451939911,0.476284802,0.50361979,0.528880775,0.552723885,0.572536886,0.589530885,0.602129877,0.611594915,0.617485821,0.621187925,0.623621881,0.624349773,0.625010788,0.623299897,0.622346818,0.618476808,0.615486801,0.612945914,0.607367873,0.603905916,0.59814781,0.594696879,0.590283871,0.587038875,0.582499981,0.579287827,0.578468919,0.574779928,0.573242903,0.570857823,0.569091916,0.567198813,0.565578878,0.564186871,0.561066806,0.559127927,0.555455923,0.551438928,0.547647893,0.542139828,0.537546814,0.531811893,0.527246773,0.522361875,0.517597914,0.514135778,0.509681881,0.506773889,0.503406882,0.502989888
CornWholePerten0097,Perten_DA7200,corn,Unknown,US,2006,12.51667023,13.74147987,0.202461898,0.208159894,0.215776905,0.224481896,0.233401895,0.242592901,0.249703899,0.255625904,0.258412898,0.260470986,0.260037899,0.259701908,0.258214891,0.256511897,0.253908902,0.251083911,0.247707903,0.244334906,0.241096005,0.237685993,0.2345379,0.231041893,0.228083894,0.224223897,0.221758902,0.219110906,0.217063904,0.214921907,0.213401899,0.212480903,0.212094903,0.212127894,0.212491006,0.214133903,0.216352001,0.221755996,0.230829999,0.245584905,0.263985902,0.284743995,0.305464894,0.325702906,0.344447911,0.36075291,0.374397904,0.386592895,0.398357898,0.408848912,0.418246895,0.423463911,0.42631489,0.425505906,0.422724813,0.415927887,0.406891912,0.397557914,0.388642907,0.38119489,0.375041902,0.370433897,0.366908014,0.364471912,0.362265915,0.361672908,0.360112906,0.358700901,0.356592894,0.354389906,0.352603912,0.351431906,0.352602899,0.352823913,0.356151015,0.360691905,0.367726892,0.376436889,0.387521893,0.399812013,0.414548904,0.429129899,0.443742901,0.45873791,0.47160089,0.484058887,0.494634897,0.506028771,0.517437875,0.532856882,0.552173913,0.575668812,0.602650881,0.630280912,0.660752773,0.688521802,0.714732826,0.735922813,0.753957689,0.767907798,0.778123915,0.784972787,0.788865805,0.791962683,0.792646825,0.793863773,0.792829812,0.791972876,0.788855791,0.786306799,0.784504771,0.778914809,0.775518775,0.769906879,0.766792715,0.76304692,0.759779811,0.755142927,0.751858771,0.75113678,0.746967793,0.745405674,0.743007898,0.741149783,0.739502788,0.737628818,0.735947788,0.732659876,0.730794787,0.727167785,0.722895801,0.719175816,0.712510824,0.707666814,0.701347828,0.696938872,0.691818774,0.686882794,0.683333814,0.677891791,0.675011814,0.67074281,0.669177771
CornWholePerten0098,Perten_DA7200,corn,Unknown,US,2006,10.81667042,12.24705982,0.1837589,0.187800005,0.193717897,0.200652897,0.207850903,0.215376005,0.221172899,0.226121903,0.228472903,0.230405897,0.230157897,0.2301009,0.229066998,0.227957904,0.225933,0.223668903,0.221017003,0.218440905,0.215655893,0.212716997,0.209852904,0.206636995,0.203787893,0.200202897,0.197970003,0.195489004,0.193628997,0.191577002,0.190204993,0.189284995,0.188881993,0.1889669,0.189362004,0.191103905,0.193323895,0.198506996,0.207173899,0.220817894,0.238053903,0.257669896,0.27777189,0.29783091,0.316579908,0.332370907,0.34401089,0.354009986,0.364989787,0.375954896,0.385962904,0.39218989,0.3964279,0.397564888,0.396494895,0.389777899,0.378777891,0.366759896,0.355234891,0.345774889,0.338439912,0.332784891,0.328276902,0.325191885,0.322413892,0.321141899,0.319382906,0.317847908,0.315568894,0.313373894,0.311779887,0.310555905,0.311307907,0.31158489,0.314345986,0.31791991,0.324133903,0.331961989,0.341624886,0.352520913,0.365931988,0.37933591,0.392844886,0.407338888,0.420396894,0.43263489,0.443384886,0.455391914,0.467620909,0.483050913,0.50157392,0.522744894,0.546660781,0.572519779,0.601851881,0.629235804,0.654875875,0.675711811,0.693519771,0.707633913,0.717860818,0.724515796,0.728059709,0.731165826,0.732024729,0.733086824,0.731581807,0.730588913,0.727415681,0.724655807,0.722354889,0.716312826,0.713025689,0.707457781,0.704243779,0.700136781,0.696795702,0.692587793,0.689469814,0.688692808,0.684330821,0.683148921,0.681074798,0.679263771,0.677626789,0.675560772,0.674066782,0.671149671,0.669599772,0.665766895,0.661373794,0.657943785,0.651833773,0.647339821,0.641088784,0.636541784,0.631583929,0.627238929,0.624362886,0.619037807,0.616488874,0.613358796,0.612965882
CornWholePerten0099,Perten_DA7200,corn,Unknown,US,2006,8.716666222,10.26537037,0.110785998,0.113816999,0.118524998,0.124744996,0.1317669,0.139373004,0.145282999,0.149910003,0.152127996,0.153473005,0.153288007,0.153021902,0.151825994,0.150407001,0.148415998,0.146302,0.143858999,0.141424,0.139065996,0.136703998,0.134538993,0.132153004,0.129981995,0.127271995,0.125373006,0.123315997,0.121624,0.119863004,0.118426003,0.117348999,0.116599001,0.116162002,0.116005004,0.116680004,0.118111998,0.121619999,0.127765998,0.137677997,0.149985999,0.163923904,0.178314894,0.192816898,0.206661999,0.219131902,0.229931995,0.239896894,0.249685898,0.258635908,0.266621888,0.2715289,0.274246901,0.274107903,0.272068888,0.266930908,0.259988904,0.252635896,0.245520994,0.239521906,0.234493896,0.230741903,0.227982894,0.226046905,0.224360898,0.223621905,0.222299993,0.220708907,0.218683004,0.216419995,0.214360893,0.212773904,0.212641999,0.212237895,0.213738903,0.216336995,0.220807001,0.2266469,0.2344179,0.2437139,0.254991889,0.266760886,0.279038906,0.291633904,0.3026869,0.312922895,0.321654886,0.330318898,0.338580906,0.349394888,0.363617897,0.381255895,0.402475894,0.426665902,0.454687893,0.482685804,0.510384917,0.534399927,0.554941773,0.570963919,0.582518876,0.590346873,0.594987929,0.598616779,0.600038827,0.601391912,0.600737929,0.600379825,0.598065913,0.59631592,0.595240891,0.590396822,0.58769393,0.582883894,0.579945922,0.576400876,0.573248923,0.569031775,0.565948784,0.565162778,0.561434925,0.560647786,0.558772802,0.557425916,0.556305826,0.554669797,0.553634822,0.550495803,0.548849881,0.545034885,0.540675879,0.536938906,0.529972792,0.52467978,0.517837822,0.512462795,0.507046878,0.501431882,0.497350901,0.49126789,0.487514913,0.482908785,0.481423914
CornWholePerten0100,Perten_DA7200,corn,Unknown,US,2006,8.640000343,9.581748962,0.115796998,0.119043,0.124214001,0.130966902,0.138733,0.147064,0.153743997,0.158840999,0.161387995,0.162960902,0.162900001,0.162591904,0.161252007,0.159676999,0.157546997,0.155229002,0.152562007,0.149909005,0.147368997,0.144807994,0.142472997,0.139893904,0.137502998,0.134641901,0.132542998,0.130290002,0.128418997,0.126570001,0.125003994,0.123788998,0.122950003,0.122452997,0.122308001,0.123056002,0.124620996,0.128489003,0.135150001,0.145839006,0.159159005,0.174231902,0.189905003,0.205729902,0.220823899,0.234314904,0.246012896,0.256761909,0.267307907,0.276891887,0.285535902,0.291000009,0.294128895,0.294133902,0.292106897,0.286805898,0.279549897,0.271866888,0.264300913,0.257861912,0.252493888,0.248500004,0.2455239,0.243464902,0.241646007,0.2408299,0.239302903,0.237596899,0.235318899,0.232861906,0.230635896,0.228931904,0.228802905,0.228358895,0.230020002,0.232853904,0.237637907,0.244010896,0.252494901,0.262540907,0.274812013,0.287608892,0.300854892,0.314417899,0.326287895,0.337291896,0.346542895,0.355637908,0.364252895,0.375582904,0.390432,0.409063011,0.43155691,0.45702979,0.486487895,0.515869796,0.544923902,0.570042908,0.591271818,0.607714891,0.61962992,0.627761781,0.632462919,0.636057794,0.637401819,0.638730884,0.637961805,0.637503922,0.634818792,0.632871926,0.631563902,0.626176775,0.623232901,0.618096888,0.615077794,0.611410797,0.608121872,0.603734911,0.600701809,0.600092828,0.59638679,0.5956918,0.593873918,0.59253192,0.591512919,0.589881897,0.588684917,0.585441887,0.583843887,0.580067813,0.575681925,0.571754813,0.564654827,0.559375882,0.552506805,0.546979785,0.541481912,0.535624921,0.531473875,0.525425911,0.521653771,0.517389774,0.515687883
CornWholePerten0101,Perten_DA7200,corn,Unknown,US,2006,11.23332977,13.8337698,0.200877905,0.2054279,0.212513894,0.220406905,0.229282007,0.238650903,0.246400997,0.252188891,0.2548289,0.257309914,0.257230908,0.256550014,0.255247891,0.253806889,0.251738906,0.248828903,0.245792896,0.242133901,0.239317,0.235500902,0.232294902,0.228582904,0.225302905,0.222072899,0.219522893,0.216311902,0.213964999,0.211767897,0.210520998,0.209291905,0.208884895,0.208358899,0.208405897,0.209833905,0.211680904,0.216128007,0.224700004,0.239371002,0.25789091,0.2790519,0.300775886,0.322944909,0.343080908,0.36074391,0.374663889,0.38783291,0.4003959,0.413173914,0.423586905,0.430202812,0.4339118,0.433728904,0.43047291,0.423454911,0.41207391,0.399708897,0.388992012,0.379770011,0.372257888,0.36718291,0.363077909,0.360587895,0.358053893,0.35679391,0.354629904,0.353240907,0.350733906,0.34798789,0.345447898,0.343965888,0.343812913,0.345200896,0.34808889,0.352014899,0.358739913,0.367673904,0.378877908,0.39189291,0.406459898,0.422072887,0.438352913,0.454896897,0.469991893,0.483933896,0.494591892,0.507431924,0.520283878,0.536439896,0.557510912,0.583234787,0.612281919,0.643896818,0.679117918,0.711384714,0.74156481,0.7665838,0.787321806,0.801900804,0.813534796,0.821007788,0.825316727,0.829540789,0.83024168,0.832187712,0.830417693,0.830150724,0.827251792,0.824591816,0.82145977,0.817085803,0.814085722,0.808921695,0.805147827,0.800049782,0.796275795,0.792076826,0.78912282,0.786008775,0.783447802,0.781869829,0.777685821,0.777308822,0.774974823,0.774007797,0.772536814,0.770226777,0.767514825,0.763341785,0.759317815,0.753184915,0.74721992,0.740814686,0.734971821,0.728262782,0.721801877,0.716874778,0.709614813,0.705406785,0.70001781,0.696612775,0.693234801
CornWholePerten0102,Perten_DA7200,corn,Unknown,US,2006,11.26667023,9.643059731,0.186962903,0.190916896,0.196950004,0.203627005,0.2109579,0.218796894,0.225214899,0.230020002,0.231932893,0.233962894,0.233647898,0.232902899,0.231333897,0.229651898,0.227584899,0.224832997,0.221864998,0.218537897,0.216002896,0.212616906,0.209936902,0.206764996,0.204004899,0.201242,0.1991629,0.196463898,0.194566995,0.192758903,0.191718996,0.190641895,0.190235004,0.189578995,0.189456895,0.190506905,0.191816896,0.195202902,0.201908901,0.213654906,0.228786007,0.246475905,0.264768899,0.283409894,0.29992789,0.314328909,0.325873911,0.336939901,0.347294807,0.357779801,0.366543889,0.372426897,0.375763893,0.375702888,0.373005897,0.367296904,0.358183891,0.34838891,0.339908898,0.33246389,0.326461911,0.322526902,0.319362909,0.317516893,0.315427989,0.314391911,0.312461913,0.311173886,0.3090069,0.306699902,0.304683894,0.3034859,0.303425014,0.30467391,0.307158887,0.310498893,0.316264987,0.323874891,0.333420903,0.344484896,0.356736898,0.369768888,0.383281887,0.396882892,0.409307897,0.420879901,0.429486901,0.439959914,0.45062089,0.464208901,0.48210001,0.504454911,0.529984772,0.557175815,0.58748579,0.61588192,0.642711818,0.665186822,0.684058785,0.697417676,0.708139777,0.715123773,0.719120681,0.723083794,0.723670721,0.72562182,0.723890781,0.723721802,0.72100091,0.718394697,0.7153548,0.711176813,0.70832777,0.703568816,0.70021379,0.695561826,0.692196786,0.688471675,0.685927928,0.683285773,0.681145787,0.67982769,0.676086724,0.675970793,0.673993826,0.673169911,0.671783924,0.669713914,0.667296827,0.663509786,0.659903824,0.65413481,0.648712814,0.642901778,0.637421787,0.631297827,0.625108779,0.620555818,0.61349982,0.609699905,0.60429579,0.600988925,0.597832918
CornWholePerten0103,Perten_DA7200,corn,Unknown,US,2006,10.69999981,10.8773098,0.182173997,0.186132997,0.192378894,0.199607998,0.207753897,0.216538906,0.223800004,0.229086995,0.231516898,0.233790994,0.233635902,0.2330039,0.231587902,0.229871005,0.227746904,0.224907994,0.221908897,0.218510002,0.215876907,0.212426901,0.209650904,0.206420004,0.203610003,0.200626999,0.198436901,0.195565999,0.193525001,0.191589907,0.190385997,0.189169899,0.188558906,0.187774003,0.187562004,0.188611999,0.190005004,0.193612903,0.200720996,0.213039905,0.228694901,0.246692896,0.265242904,0.28418389,0.301180899,0.316065908,0.328131914,0.339619905,0.350180894,0.3607319,0.369462907,0.375235885,0.378555894,0.378506899,0.375922889,0.370444894,0.36162889,0.352171898,0.343851894,0.336491913,0.3304739,0.326485902,0.32326889,0.321383894,0.319345892,0.318257898,0.316294909,0.314929903,0.312608898,0.310083896,0.307804912,0.306317896,0.306069911,0.307076901,0.309400886,0.31257391,0.318194985,0.325763911,0.335180908,0.346261889,0.358681887,0.3719019,0.385657013,0.399395913,0.411809892,0.423236907,0.431611896,0.441430897,0.451031894,0.46348089,0.480054885,0.500777781,0.524600923,0.550021827,0.578981876,0.606328905,0.632492781,0.654656887,0.673144817,0.686100781,0.696589828,0.703451812,0.707290828,0.711284816,0.711840808,0.713862777,0.712123871,0.711847782,0.709435821,0.706938922,0.704095781,0.700143814,0.6973207,0.69281292,0.689600825,0.685120821,0.681812823,0.67815578,0.675582826,0.673019707,0.671081781,0.670049787,0.666558683,0.666604817,0.664507926,0.66364193,0.662363827,0.660453796,0.6583758,0.654726803,0.651437879,0.645948827,0.640928805,0.635371804,0.630320787,0.624661923,0.618856788,0.614801884,0.608190775,0.604692876,0.599947929,0.596816778,0.594401777
CornWholePerten0104,Perten_DA7200,corn,Unknown,US,2006,9.149999619,9.315009117,0.145173997,0.148193002,0.153395996,0.159856007,0.167688996,0.176269904,0.1834189,0.188637003,0.191011995,0.193128899,0.193095997,0.192541003,0.191025004,0.189328998,0.187124997,0.184472904,0.181571901,0.178507999,0.176127002,0.173112005,0.170672998,0.167776004,0.165149897,0.162429005,0.160313904,0.157725006,0.155698001,0.153839007,0.152438998,0.151036993,0.150194004,0.149278998,0.148874998,0.149552003,0.150711,0.153904006,0.160216004,0.171038896,0.184705004,0.200328007,0.216612905,0.233445898,0.248881996,0.262622893,0.27421391,0.285322011,0.295580894,0.305674911,0.314095914,0.319781989,0.322986901,0.322958887,0.320529908,0.315507889,0.307753891,0.299309909,0.291750908,0.284903914,0.279278904,0.275469989,0.272485912,0.270669907,0.268849909,0.267722905,0.26581189,0.2643089,0.261894912,0.259206891,0.256723911,0.254987896,0.254300892,0.254787892,0.256457895,0.258985907,0.263796896,0.270413905,0.278920889,0.289188892,0.300952911,0.313885897,0.32744199,0.3410649,0.35342589,0.364608914,0.372722805,0.381586909,0.390027911,0.401000887,0.416004896,0.435353905,0.458591908,0.484509885,0.514767826,0.545010924,0.57454288,0.600215912,0.621709824,0.637097776,0.649325788,0.657353878,0.662020803,0.666514814,0.66739279,0.669573784,0.667967677,0.667794824,0.665377796,0.662995815,0.660196781,0.656139791,0.653171778,0.648422778,0.644965828,0.640166819,0.636652827,0.632671893,0.629948914,0.627420783,0.625484884,0.624484778,0.621179879,0.621436775,0.619549871,0.618883789,0.617536783,0.615711927,0.613434911,0.609524906,0.605819821,0.599702776,0.594024777,0.587900877,0.581846893,0.575503826,0.569151819,0.564478874,0.557247877,0.553083777,0.547569871,0.544015825,0.541163921
CornWholePerten0105,Perten_DA7200,corn,Unknown,US,2006,14.14999962,11.55294037,0.1714589,0.177222997,0.185149893,0.193183899,0.201431006,0.2090839,0.215532005,0.220422894,0.222957999,0.224168897,0.223877996,0.222973898,0.221311897,0.219276905,0.216235906,0.213586897,0.210242897,0.206737906,0.203253895,0.200521007,0.197176904,0.193908006,0.190790996,0.187577903,0.185308904,0.182362899,0.180373907,0.178445995,0.177320004,0.176646903,0.176453903,0.176405996,0.176935896,0.178196997,0.180575997,0.185013905,0.193332002,0.207143903,0.224641994,0.245240003,0.266052902,0.287226886,0.305190891,0.320882887,0.333159894,0.344289988,0.355142891,0.365424901,0.374419898,0.379980892,0.382951886,0.38288191,0.380432904,0.373182893,0.364968896,0.354709894,0.345953912,0.338243902,0.332231909,0.328037888,0.324691892,0.322177887,0.320115894,0.318753898,0.317250997,0.316177905,0.314051896,0.312563896,0.311460912,0.311230898,0.311571896,0.312843889,0.316724896,0.321741909,0.32960391,0.33790189,0.349315912,0.362004906,0.375877887,0.390198886,0.404479891,0.418040901,0.431521893,0.442972899,0.453532904,0.465289891,0.478048891,0.495405912,0.517770886,0.544234872,0.574451804,0.6065678,0.639946878,0.669524908,0.69654578,0.718017817,0.736949801,0.749822915,0.760196805,0.76618278,0.770015776,0.77291888,0.773808777,0.775566816,0.773701787,0.771473885,0.767714799,0.764289916,0.760794818,0.754767776,0.751196802,0.745816827,0.741116822,0.736136794,0.732202828,0.72750783,0.723763824,0.719618797,0.716963828,0.714856923,0.711982787,0.710533798,0.707563877,0.706033826,0.703995824,0.701507807,0.698726773,0.694250822,0.691010714,0.68569082,0.680751801,0.674753785,0.669140816,0.663817823,0.657574773,0.652874887,0.647224784,0.643200874,0.638287783,0.634927928,0.631597877
CornWholePerten0106,Perten_DA7200,corn,Unknown,US,2006,10.83333015,13.21255016,0.143491,0.147697002,0.154319003,0.161626905,0.170008004,0.178136006,0.1850539,0.190310895,0.193233907,0.194766,0.194757,0.194236904,0.193040997,0.191424996,0.188892901,0.186615899,0.183708906,0.180684999,0.177677006,0.175148904,0.172231004,0.169187903,0.166188896,0.163111001,0.160839006,0.157853007,0.155746996,0.153652996,0.152164996,0.151001006,0.150355995,0.150006905,0.150184006,0.151041001,0.153129995,0.157201007,0.164968893,0.177687004,0.193583995,0.212020904,0.230746001,0.250218898,0.26758489,0.283295989,0.296029896,0.307654887,0.31910491,0.330047905,0.33936891,0.3451249,0.348037899,0.347930908,0.345349908,0.338167012,0.329856902,0.319534898,0.310534895,0.302751899,0.296552897,0.292188913,0.288781911,0.286279887,0.284340888,0.283037901,0.281606913,0.280437887,0.278088898,0.276086897,0.274322987,0.273253888,0.272791892,0.273118913,0.275825888,0.279675901,0.28608489,0.293211013,0.303359896,0.315091908,0.328282893,0.342505902,0.357161909,0.371197909,0.384973913,0.396486908,0.406861901,0.41760689,0.428432912,0.443006903,0.461865902,0.484511912,0.511212885,0.541263819,0.573944688,0.604146779,0.632919788,0.656652689,0.677797794,0.692438901,0.704214811,0.711230815,0.715732813,0.719260812,0.720606923,0.722845793,0.72156781,0.720086813,0.717331827,0.714975774,0.712606788,0.707626879,0.704841793,0.700315774,0.696222782,0.691735685,0.68821168,0.683889926,0.680562913,0.676813901,0.674574792,0.672893882,0.670357823,0.669351816,0.666867912,0.665916681,0.664340675,0.662084818,0.65947777,0.655170679,0.65179491,0.646156788,0.640967786,0.634517789,0.628320873,0.622632921,0.615959883,0.610934913,0.604832828,0.600469828,0.595296919,0.591491878,0.587875903
CornWholePerten0107,Perten_DA7200,corn,Unknown,US,2006,12.78332996,13.49954033,0.162855998,0.167466998,0.174253896,0.181179896,0.188777,0.195842907,0.201804996,0.206287906,0.208381906,0.209247902,0.208702907,0.207730904,0.206012905,0.203962907,0.200968906,0.198438898,0.195329905,0.192067996,0.188865006,0.186358899,0.183462903,0.1805069,0.177761003,0.174676999,0.172545001,0.169635996,0.167758897,0.165752903,0.164567903,0.163747996,0.163382903,0.163282901,0.163718998,0.165016905,0.167468905,0.172000006,0.180090994,0.192961901,0.208635896,0.226617903,0.244666904,0.263467014,0.279534906,0.293512911,0.304295987,0.313883901,0.323278904,0.332219899,0.33966589,0.344312906,0.347178906,0.347888887,0.346676886,0.341072887,0.334486902,0.325773895,0.318162888,0.3113859,0.30595991,0.30200091,0.298697889,0.296147913,0.294064909,0.2928029,0.291390896,0.290263891,0.288077891,0.286453903,0.285134912,0.284778893,0.285070896,0.286047012,0.289423913,0.293814898,0.300686896,0.307963014,0.318050891,0.329409897,0.341979891,0.355170906,0.368310899,0.380587012,0.3927899,0.402969897,0.411861897,0.421231896,0.431628913,0.446354896,0.465482891,0.488625914,0.515525818,0.544816911,0.57613188,0.605101824,0.632441878,0.654679775,0.674434781,0.68806082,0.6987288,0.70506078,0.708920717,0.711688876,0.71248889,0.713972688,0.711761773,0.709088922,0.704869926,0.700879812,0.697014809,0.690631926,0.686594784,0.680881918,0.675582826,0.670508921,0.66668582,0.661912799,0.658445776,0.654679775,0.652419806,0.650932789,0.648525894,0.647738874,0.645168781,0.643921912,0.641898871,0.639663875,0.637249887,0.633076787,0.630209923,0.62549001,0.62089783,0.615397811,0.609976888,0.60509491,0.599198818,0.594757915,0.589411914,0.585765779,0.581546903,0.578348875,0.575575829
CornWholePerten0108,Perten_DA7200,corn,Unknown,US,2006,9.483333588,10.46907997,0.116003998,0.119961999,0.126133993,0.133791,0.142673001,0.151737005,0.159471005,0.165068895,0.168123901,0.169613898,0.169732004,0.169136003,0.167808905,0.166144997,0.163569003,0.161262006,0.158558905,0.155451,0.152656004,0.150178,0.147383004,0.144526005,0.141766995,0.138841003,0.136493996,0.133599997,0.131474003,0.129259005,0.127469003,0.126001,0.125009999,0.124321997,0.124233998,0.124874003,0.126745001,0.130530998,0.137753993,0.149572998,0.164331898,0.181374893,0.198973894,0.217408896,0.234130904,0.249278903,0.261608899,0.273029894,0.284220904,0.294955909,0.304239988,0.310180903,0.313443899,0.31376189,0.311623901,0.305195987,0.297574908,0.288055897,0.279650897,0.272165895,0.266259909,0.262106895,0.258850902,0.256496012,0.254584909,0.2531569,0.251557887,0.250128895,0.247526899,0.245218903,0.243135899,0.241605893,0.240731895,0.240593895,0.242572904,0.245698899,0.251280904,0.257636905,0.266955912,0.277971894,0.290604889,0.304348886,0.318642914,0.33244589,0.345780909,0.356712908,0.366305888,0.375705898,0.384749889,0.396916986,0.412995786,0.432784885,0.456790894,0.485058904,0.516610801,0.547052801,0.576883912,0.602021873,0.62448889,0.640246928,0.652470827,0.660137773,0.665003777,0.668621779,0.670086801,0.672404885,0.671170712,0.66976893,0.667272806,0.664944887,0.662669778,0.657906771,0.65511781,0.650533915,0.64660579,0.642243803,0.639080882,0.634915888,0.631877899,0.62842083,0.626507878,0.625261784,0.623328924,0.622834921,0.620855928,0.620196879,0.618687928,0.616695821,0.614218891,0.610183895,0.606904805,0.601479888,0.596402824,0.5901528,0.584072828,0.578277826,0.571601808,0.566650927,0.560611785,0.556426823,0.551417828,0.547806799,0.544335783
CornWholePerten0109,Perten_DA7200,corn,Unknown,US,2006,13.63799953,9.440999985,0.162172005,0.167526007,0.174750999,0.182198003,0.189595997,0.197123006,0.203453004,0.207430899,0.208481997,0.209321901,0.208052903,0.205970898,0.203812897,0.201306999,0.198100999,0.194712997,0.191206902,0.187601,0.184746996,0.181319997,0.178718895,0.175614893,0.172820002,0.170200005,0.1681889,0.165620998,0.163732007,0.1621169,0.161110997,0.160303995,0.160025001,0.159706995,0.159924001,0.161307007,0.163014904,0.166645005,0.173835993,0.185731903,0.201292902,0.219194904,0.237497896,0.25542289,0.270100892,0.281976908,0.290745914,0.299394906,0.307449907,0.315737993,0.322486907,0.327129901,0.329764903,0.329367906,0.326825887,0.322165906,0.31475091,0.307096899,0.300519913,0.294540912,0.289552897,0.286076903,0.283192903,0.281561911,0.279610902,0.278664887,0.276903898,0.275786907,0.274138898,0.272126913,0.270814896,0.270335913,0.270798892,0.272614896,0.275610894,0.279670894,0.285785914,0.293833911,0.303578913,0.314662904,0.326648891,0.339103907,0.35175091,0.364247888,0.375312895,0.386057913,0.393803895,0.403254896,0.413466901,0.428088903,0.447052807,0.470663786,0.498100907,0.52638191,0.556086779,0.583341777,0.60804683,0.627864778,0.643525779,0.653679788,0.661514819,0.665894687,0.66757983,0.669571817,0.668428779,0.668843925,0.665218771,0.662930787,0.658597827,0.654258788,0.649900913,0.644606829,0.640117824,0.634224892,0.629728913,0.62396282,0.619762778,0.615451813,0.612082899,0.608982801,0.606682777,0.60499382,0.601007879,0.600570917,0.597780883,0.596415877,0.594730914,0.592115879,0.58945179,0.585135877,0.581262827,0.575402796,0.570620775,0.564440787,0.560002923,0.554087818,0.548820913,0.544798911,0.538397789,0.535195828,0.530250907,0.527667821,0.52509892
CornWholePerten0110,0,corn,Unknown,0,0,14.0,10.10465145,0.151152998,0.154430002,0.161926702,0.170784995,0.180285201,0.189933494,0.198771507,0.205958799,0.211125001,0.214175701,0.215378299,0.215039998,0.213460699,0.210940197,0.207599506,0.203590199,0.199294299,0.194953501,0.190750703,0.186811,0.183256701,0.180059493,0.176878497,0.173668996,0.170528799,0.1675075,0.1648148,0.162486494,0.160452202,0.158911496,0.1580102,0.157712296,0.157925203,0.158673495,0.160349205,0.163878799,0.170608699,0.181795001,0.197500795,0.216561496,0.237540498,0.258661509,0.278157711,0.295230001,0.309757292,0.322245687,0.333771795,0.344730288,0.354560494,0.362339705,0.367362499,0.369096488,0.367747486,0.363314986,0.355732292,0.346593499,0.337451011,0.329116315,0.322193295,0.316754311,0.312624812,0.309651792,0.307397008,0.305640787,0.304261506,0.302819014,0.301055998,0.299106509,0.2972745,0.295977503,0.295610786,0.296394289,0.29860279,0.302339494,0.30791831,0.315688491,0.325541288,0.337189496,0.350352794,0.364607185,0.379261494,0.393785209,0.407813788,0.420738488,0.432349294,0.443373293,0.455072492,0.469060004,0.486656994,0.50878799,0.535077512,0.56453532,0.595672727,0.626393974,0.655371726,0.680859506,0.702294827,0.71960777,0.732476175,0.741396189,0.747349024,0.751294017,0.753725171,0.755053818,0.755350828,0.754592478,0.752316177,0.74923873,0.7459445,0.742182314,0.737955988,0.733367682,0.729066312,0.72471118,0.720246971,0.716108978,0.712501824,0.709315479,0.706455827,0.704137981,0.702100277,0.700294316,0.698561311,0.696955323,0.695362687,0.693528771,0.691352189,0.688529015,0.685250998,0.681738973,0.677807272,0.673137009,0.668305516,0.663536012,0.65849632,0.653465509,0.648390472,0.643425226,0.638774514,0.634488523,0.632481515
CornWholePerten0111,0,corn,Unknown,0,0,12.10000038,8.600682259,0.107536003,0.110083498,0.116116501,0.123616502,0.132007301,0.140795499,0.148961499,0.155541703,0.1601412,0.162682295,0.163468704,0.162922204,0.161336705,0.159004495,0.156067506,0.152635798,0.149000704,0.145343795,0.141807303,0.138491496,0.1354478,0.132655993,0.129911006,0.127147302,0.124392197,0.121701703,0.119250298,0.117084198,0.115184799,0.113664299,0.112648502,0.112163,0.112134002,0.112609498,0.113939002,0.116898798,0.122630797,0.132158503,0.145467803,0.161609501,0.179530799,0.197870299,0.215123296,0.230456203,0.243563503,0.254860312,0.265403211,0.275576294,0.284819007,0.292196214,0.297029793,0.29891631,0.297983795,0.29414019,0.287322998,0.278905004,0.270364493,0.262564212,0.256053507,0.250932813,0.24707,0.2442763,0.242153496,0.240489796,0.239117995,0.237633303,0.235824704,0.233798996,0.231797203,0.230206803,0.229433298,0.229667798,0.231120005,0.233899295,0.238288,0.244622797,0.252888292,0.262900293,0.274455994,0.28722921,0.30059129,0.314028293,0.327131987,0.339176208,0.349852711,0.359736294,0.369878709,0.381741792,0.396639794,0.415484011,0.438226014,0.46459499,0.493721992,0.523707271,0.552978993,0.579642773,0.602741182,0.621718824,0.636028826,0.646085322,0.652933478,0.657558978,0.660475671,0.662086725,0.662541986,0.662012518,0.66005528,0.657182992,0.654054821,0.650529325,0.646501184,0.642064989,0.637913227,0.633695722,0.629288018,0.625212014,0.621713519,0.618671179,0.616041482,0.613958776,0.612156987,0.610650778,0.609298825,0.608030319,0.606624007,0.604874313,0.602754772,0.600009322,0.596776009,0.593295813,0.589365006,0.584611177,0.579684675,0.57484448,0.569789827,0.564769685,0.559648275,0.554727972,0.550263524,0.546127498,0.544170499
CornWholePerten0112,0,corn,Unknown,0,0,12.89999962,10.70034409,0.195476994,0.198078498,0.204175994,0.211757496,0.220061004,0.228540003,0.236276701,0.242050499,0.2455865,0.246978998,0.246712297,0.245569795,0.2438647,0.241599202,0.238697007,0.2352667,0.231625199,0.227988705,0.224465996,0.221067503,0.217989296,0.215347499,0.212916702,0.210401297,0.207674995,0.204838499,0.202046499,0.1995662,0.197552502,0.196035996,0.1950012,0.194518507,0.194560006,0.195255995,0.197041497,0.200688705,0.207480505,0.218463197,0.233888701,0.252770186,0.273233205,0.293721288,0.312933207,0.329737812,0.343902707,0.356142998,0.367684811,0.37890321,0.388919711,0.39640069,0.400743812,0.402081311,0.400258005,0.395078987,0.386970997,0.377404988,0.367913812,0.35946101,0.352648497,0.347645789,0.343924314,0.341153503,0.339283288,0.337747008,0.336176992,0.33458221,0.332915515,0.331046492,0.329356015,0.328395188,0.328466713,0.329771012,0.332619995,0.337204993,0.343566686,0.351925314,0.362364292,0.374572188,0.388132006,0.402728707,0.417617708,0.432450712,0.446588814,0.459335208,0.471071214,0.482435495,0.495007187,0.510511994,0.529521823,0.551765025,0.576948822,0.604371488,0.632282972,0.658638477,0.682407677,0.702791512,0.718965828,0.731287479,0.74029398,0.746725023,0.751086175,0.754173517,0.75631851,0.75710398,0.756892979,0.75602603,0.754535973,0.75218302,0.749457777,0.746575475,0.74364531,0.740581811,0.736794174,0.732816219,0.729314685,0.726450026,0.724291027,0.722501516,0.720527172,0.718676984,0.716951489,0.715465188,0.714386225,0.712994993,0.711184681,0.708964527,0.706463814,0.703650177,0.700478494,0.697011828,0.6931265,0.689242482,0.685337186,0.681479275,0.677587509,0.673814774,0.67058152,0.667437673,0.664200187,0.660350502,0.65812552
CornWholePerten0113,0,corn,Unknown,0,0,13.30000019,10.40369129,0.225497499,0.228048995,0.234110996,0.241719201,0.25003171,0.258517504,0.266260713,0.272012711,0.27545169,0.276660502,0.276154012,0.274757713,0.272824496,0.270298988,0.26708281,0.263325214,0.259375811,0.255427212,0.251565188,0.247843698,0.244517297,0.241683498,0.239049301,0.236340702,0.233402297,0.230285302,0.227221996,0.2245235,0.2223178,0.220609203,0.2193975,0.218782201,0.218707994,0.219264999,0.220888302,0.224428698,0.231248006,0.242494002,0.258508712,0.278257787,0.299751312,0.321319014,0.341555208,0.35926351,0.374199987,0.387104988,0.399295688,0.411206514,0.421898007,0.429900795,0.434493512,0.435773492,0.433683008,0.428044707,0.419212788,0.408754498,0.398415506,0.389305294,0.382031292,0.376691014,0.37266779,0.369688511,0.367697001,0.36603269,0.364347994,0.362625003,0.360793501,0.358812004,0.357077509,0.356054008,0.356131494,0.357566506,0.360629499,0.365533501,0.372298509,0.381138295,0.392175287,0.405090004,0.41939649,0.434717208,0.450269789,0.465785712,0.480583787,0.4939515,0.506477475,0.51875782,0.532245278,0.548803687,0.569060504,0.592550278,0.618959189,0.647549272,0.676395774,0.703476489,0.72775799,0.748374224,0.764694274,0.777376175,0.786852181,0.793615222,0.798196495,0.801379025,0.803451479,0.804238677,0.804180682,0.803340316,0.80182147,0.799587011,0.796935678,0.793973506,0.791134,0.788263977,0.784460723,0.780575991,0.777271509,0.774381816,0.772138,0.77031517,0.768294275,0.766447723,0.764743328,0.763151228,0.761892021,0.76043731,0.758763492,0.756742001,0.754293323,0.751376271,0.74805069,0.744413972,0.740346015,0.736231327,0.732024312,0.727837503,0.723600984,0.71940577,0.715715528,0.712104976,0.708278775,0.703740001,0.701164007
CornWholePerten0114,Perten_DA7200,corn,Unknown,0,2007,9.279999733,8.785273552,0.158846498,0.1612892,0.167118505,0.174495801,0.182842702,0.191501498,0.199538007,0.205898494,0.210052505,0.212014496,0.212354198,0.2117192,0.210173205,0.207904205,0.205194205,0.202240005,0.199096993,0.195830494,0.192532301,0.189331204,0.186311498,0.183330298,0.180328801,0.177328497,0.174411699,0.171637297,0.169063494,0.166775703,0.164747998,0.163098797,0.161880299,0.160970703,0.160488799,0.160515994,0.161227301,0.1633095,0.167878702,0.176029503,0.188025698,0.203017205,0.219946995,0.237747297,0.255308211,0.271723986,0.286240488,0.299044311,0.311014205,0.322508007,0.333023995,0.341507793,0.347056687,0.349395812,0.348540992,0.344574511,0.337756187,0.329151988,0.320192009,0.311864287,0.304775208,0.29914701,0.295023501,0.291966707,0.289630503,0.287835985,0.286172003,0.284451515,0.282471001,0.280016512,0.277476788,0.27538529,0.274051189,0.273792505,0.274760991,0.277266294,0.281571001,0.287693501,0.295849294,0.306212992,0.318437994,0.33204481,0.346598715,0.361360014,0.375583708,0.388587505,0.400220811,0.411065787,0.421985,0.434355289,0.450210989,0.47082299,0.496086687,0.525967002,0.559829176,0.595887005,0.631913722,0.665566504,0.694630325,0.718111992,0.735748828,0.747949004,0.756417513,0.762258172,0.765914321,0.76805383,0.769126177,0.768588007,0.766749501,0.764043987,0.760489821,0.756764472,0.752661824,0.748078525,0.743474186,0.739185274,0.735019505,0.730965972,0.727242827,0.72399199,0.721398175,0.719488025,0.718122721,0.716638029,0.715407312,0.71415931,0.712247312,0.710167527,0.707671225,0.704306483,0.699986816,0.695065022,0.689386487,0.682984829,0.676157177,0.668985486,0.66223228,0.655824781,0.649470329,0.643358529,0.637631476,0.632272184,0.629635513
CornWholePerten0115,Perten_DA7200,corn,Unknown,0,2007,10.30000019,9.799330711,0.286200494,0.287571311,0.291022509,0.295502812,0.300700814,0.306225985,0.310849786,0.313908786,0.315667212,0.316240996,0.315983206,0.315176815,0.313966811,0.312400997,0.310269505,0.307922006,0.305595011,0.303185314,0.300715208,0.298388004,0.29617551,0.293838292,0.29147169,0.289303005,0.287181497,0.285117507,0.283270687,0.28150171,0.279937208,0.278687507,0.277776003,0.27720651,0.276948512,0.277164787,0.278319687,0.28119579,0.28662619,0.29502219,0.306238502,0.319579512,0.334121496,0.348935515,0.362956494,0.375364214,0.386006206,0.395603508,0.404976189,0.413985491,0.421438485,0.426466495,0.429033995,0.429196,0.426651001,0.421294212,0.413926005,0.405813187,0.398061514,0.391326189,0.38601321,0.381925315,0.378806293,0.376538485,0.374888688,0.373564512,0.372040689,0.370130509,0.367985994,0.365634501,0.363459706,0.361976713,0.361317813,0.361711294,0.363229513,0.366157711,0.370784998,0.377109289,0.385149002,0.394900292,0.406171501,0.418391794,0.431089491,0.443734288,0.455422491,0.46571821,0.474910289,0.483692497,0.49369669,0.50616318,0.521757484,0.540600002,0.562756777,0.588577271,0.616280973,0.643772185,0.669371009,0.691721976,0.709930778,0.723316729,0.732477009,0.738696992,0.743089974,0.745894492,0.747254491,0.747430027,0.74696368,0.74540782,0.742523491,0.739403486,0.73614949,0.732595027,0.72860527,0.724546671,0.720535815,0.716526985,0.712859988,0.709583998,0.706735671,0.70419848,0.702197492,0.700650275,0.699362278,0.698128521,0.696780324,0.695242822,0.693435013,0.691361487,0.688820005,0.685830772,0.682028174,0.677649498,0.672797978,0.667272985,0.66176182,0.656391978,0.651338816,0.646805227,0.642953992,0.639303327,0.635113776,0.631248772,0.629590511
CornWholePerten0116,Perten_DA7200,corn,Unknown,0,2007,10.69999981,13.00111961,0.370305985,0.372022003,0.376173496,0.381393999,0.387326211,0.39346531,0.398543,0.401841492,0.403579712,0.403889209,0.403264791,0.40211001,0.40064919,0.398941189,0.396639288,0.394112796,0.391594291,0.388928711,0.38615799,0.383519709,0.380980313,0.378259212,0.375475794,0.372935206,0.370496005,0.368211687,0.366248012,0.36437431,0.362758786,0.361498505,0.360587508,0.360035002,0.359814286,0.360156685,0.361608207,0.365083993,0.371552497,0.381358713,0.394166499,0.40902701,0.424807787,0.440591008,0.455404311,0.468515813,0.479728013,0.489636689,0.499029189,0.507831812,0.514864504,0.519351721,0.521479189,0.521396816,0.518787026,0.513571501,0.506504178,0.498688996,0.491178215,0.484557211,0.47922349,0.475047708,0.471803993,0.469405294,0.467691004,0.466398686,0.464901209,0.462956011,0.460763991,0.458323002,0.456041515,0.454515487,0.453846812,0.454334289,0.456021786,0.459152311,0.464055508,0.470740706,0.479169995,0.489266008,0.50088048,0.513390482,0.526276827,0.538997829,0.55058682,0.560639501,0.569491684,0.577745318,0.587064028,0.598743677,0.613272727,0.630527496,0.650344729,0.672969222,0.696895778,0.720562816,0.742553175,0.761713028,0.77733469,0.78870523,0.796443224,0.80184269,0.805754483,0.808219671,0.809466183,0.809675813,0.809234977,0.807741225,0.804999173,0.802117229,0.799222827,0.795994222,0.7922225,0.788378179,0.78468281,0.781054318,0.777601779,0.774399519,0.771728516,0.769459486,0.767629981,0.766183317,0.765071988,0.764013827,0.762710989,0.761225998,0.75965631,0.757877529,0.755601227,0.753063321,0.749929488,0.746305525,0.742263973,0.73755151,0.732816219,0.728185177,0.723892272,0.720213175,0.717261314,0.714272976,0.710446,0.706971824,0.705558479
CornWholePerten0117,Perten_DA7200,corn,Unknown,0,2007,13.19999981,12.0852499,0.180492997,0.183232695,0.1888749,0.194660202,0.2003925,0.205619693,0.2094547,0.211488694,0.212358698,0.212553904,0.211949602,0.210853905,0.209514201,0.207933202,0.206009701,0.203657702,0.201070502,0.198518798,0.195990697,0.193295196,0.1904549,0.187495694,0.184541196,0.181895196,0.179631501,0.177549705,0.175690398,0.174279705,0.173368901,0.172870204,0.172661707,0.172719702,0.173435494,0.175073996,0.178073004,0.183779702,0.193650693,0.207942501,0.225288004,0.244047701,0.263138413,0.28138569,0.297362089,0.310012192,0.319616109,0.32814461,0.337261885,0.346544713,0.354078412,0.358790189,0.361053586,0.360948414,0.357827902,0.350801408,0.340153396,0.328339696,0.317866892,0.309429109,0.302965611,0.298177689,0.294566393,0.29176721,0.289552391,0.287754893,0.286043912,0.284238905,0.282247394,0.280280888,0.278892011,0.278491199,0.279279113,0.281348586,0.284610212,0.289203107,0.295649409,0.303985894,0.313887388,0.324981391,0.336952895,0.349569112,0.362473786,0.375216901,0.387297392,0.398075402,0.40815869,0.419430405,0.433178097,0.450466305,0.471519887,0.495634913,0.522479177,0.551831126,0.582050681,0.610384524,0.635099888,0.655695081,0.671873808,0.683740974,0.692054093,0.697235107,0.700505078,0.702656984,0.703663528,0.703413129,0.70153141,0.698593617,0.694819987,0.690525293,0.685810983,0.680769622,0.675757289,0.670699775,0.66569078,0.660801411,0.656337619,0.652423322,0.64914912,0.646383286,0.644196272,0.642028093,0.639467776,0.637371302,0.635604084,0.633808076,0.631704271,0.629194617,0.626122475,0.622221291,0.617549598,0.612226605,0.606698394,0.601142585,0.595607102,0.590020418,0.584907889,0.580158413,0.575301588,0.571085095,0.567600489,0.564841807,0.563726425
CornWholePerten0118,Perten_DA7200,corn,Unknown,0,2007,9.729999542,12.42938042,0.153747499,0.156386405,0.162206501,0.1686268,0.175239205,0.181677893,0.186712906,0.189602703,0.191009998,0.191528693,0.191127196,0.190138698,0.188810796,0.187152505,0.185165703,0.182787702,0.180099204,0.177354395,0.174754903,0.172164396,0.169481903,0.166651204,0.163732693,0.161109701,0.158805296,0.156559795,0.154491201,0.152818993,0.151570797,0.150630504,0.149911702,0.149522707,0.149812207,0.150939196,0.153306693,0.158137694,0.166862503,0.179895297,0.196007207,0.213603705,0.231600702,0.248963699,0.264667898,0.278079897,0.289418608,0.299907386,0.310483694,0.320660889,0.328833193,0.333895713,0.335913897,0.335143596,0.331388891,0.324164897,0.314109206,0.303380907,0.293874204,0.286101908,0.280072898,0.275676191,0.272502393,0.270057887,0.268138588,0.266605586,0.26502189,0.263181686,0.260974407,0.258594185,0.256600589,0.255436897,0.255389899,0.256666213,0.259185106,0.26300469,0.268716186,0.276432395,0.285877407,0.296932191,0.309339196,0.322755903,0.336849392,0.350932896,0.364144087,0.375650108,0.385822386,0.396435112,0.408908188,0.424422085,0.443828195,0.467167109,0.4940539,0.524359584,0.556868076,0.588859916,0.618355274,0.64419049,0.665159822,0.68098098,0.692525089,0.700247288,0.70532161,0.7088328,0.71093291,0.711588323,0.710706115,0.70882827,0.706070125,0.702800572,0.699196816,0.695205092,0.690894783,0.686310291,0.681809485,0.677415788,0.673209488,0.669225812,0.665725112,0.662861526,0.660677314,0.658545613,0.656231582,0.654501915,0.653189778,0.651778817,0.649807572,0.647260606,0.644039929,0.639835298,0.634441614,0.628104806,0.621479392,0.614660919,0.607699871,0.600833118,0.594824076,0.589154124,0.583168924,0.577782989,0.573114812,0.569351912,0.56781888
CornWholePerten0119,Perten_DA7200,corn,Unknown,0,2007,15.5,10.03549957,0.1843815,0.188404903,0.1967697,0.205021694,0.212544903,0.219239697,0.224357396,0.227304101,0.228498697,0.228503898,0.227484003,0.225771695,0.223537102,0.2209557,0.218125194,0.214900702,0.211339697,0.207817704,0.204556495,0.201368704,0.198218703,0.195135206,0.192171693,0.189538702,0.187204704,0.1850705,0.183365196,0.182156906,0.181357101,0.180992901,0.180953696,0.181141406,0.181894198,0.183446795,0.186156496,0.191260994,0.200407699,0.214344204,0.2320465,0.251685709,0.271650404,0.2903139,0.306222588,0.319110692,0.329945087,0.339878589,0.349316686,0.357949615,0.364839912,0.369236589,0.370975405,0.369906187,0.366151393,0.359935403,0.351885408,0.343624085,0.33645761,0.330512106,0.325888693,0.322620899,0.32035619,0.318649113,0.317226589,0.315994412,0.314682186,0.313203901,0.311537892,0.309943706,0.308973193,0.30898419,0.310226411,0.31291911,0.316969395,0.322429687,0.329858393,0.339340687,0.35046491,0.362804115,0.375841409,0.389076889,0.4021492,0.414592892,0.426142693,0.436447412,0.44593069,0.45637691,0.469326913,0.486259103,0.50822711,0.534833312,0.564200878,0.594481885,0.623967111,0.65063262,0.673413098,0.691937804,0.705974579,0.715990782,0.723033607,0.727492213,0.730269074,0.732165575,0.733115077,0.732944071,0.73143512,0.72900182,0.725887477,0.722150981,0.717757523,0.713266075,0.708858311,0.704194486,0.699603796,0.695130825,0.690927804,0.687280119,0.68426162,0.681633115,0.679453611,0.677232981,0.674803972,0.672890782,0.67117238,0.669327319,0.667167485,0.664751828,0.662048578,0.658669829,0.654447794,0.649511814,0.644415081,0.639435113,0.634557784,0.629560113,0.624931872,0.620407403,0.615648925,0.611595929,0.608060896,0.605145097,0.603993416
CornWholePerten0120,Perten_DA7200,corn,Unknown,0,2007,12.22000027,11.17566967,0.119478501,0.121077299,0.124718003,0.129201204,0.134418994,0.139988795,0.145033494,0.148735002,0.151078194,0.152357698,0.152576,0.151953295,0.150911704,0.149583295,0.147870705,0.145741299,0.143343002,0.140967503,0.138699204,0.136364803,0.133957505,0.131464496,0.128875494,0.126474798,0.124328502,0.122318797,0.120615497,0.119245201,0.118106499,0.117266998,0.116758503,0.116523497,0.116733,0.117585003,0.119299203,0.122674502,0.128901005,0.138736501,0.151765302,0.166843996,0.1829575,0.199086204,0.214140505,0.227114201,0.237591907,0.2464872,0.255238712,0.264234692,0.272299886,0.27811721,0.28136909,0.282232404,0.280617893,0.275826395,0.267808408,0.258271188,0.249184102,0.241406694,0.235224694,0.230579406,0.227121398,0.224495098,0.222449899,0.220781907,0.219278693,0.217841402,0.216225401,0.214427903,0.212927401,0.212127402,0.212246403,0.213397399,0.215549395,0.218857601,0.223764896,0.230396405,0.238572896,0.248132706,0.258827686,0.270343393,0.282423407,0.294655889,0.30648309,0.317235589,0.327007711,0.337116689,0.348792911,0.363411397,0.382031411,0.40454939,0.43044889,0.459456414,0.490811408,0.522230327,0.551349521,0.576897323,0.598100781,0.614706576,0.627265275,0.636086583,0.641957879,0.645819426,0.648056626,0.648888111,0.648171485,0.646345019,0.643464804,0.639769912,0.635692895,0.631142914,0.626248896,0.621137619,0.615954816,0.610831916,0.606037915,0.601722777,0.597961605,0.594877601,0.592483819,0.58995527,0.587290108,0.585323095,0.583571971,0.581925273,0.580203891,0.57787168,0.574769378,0.570868194,0.566116929,0.560427487,0.55427438,0.547988713,0.541648626,0.535175622,0.528922081,0.522916079,0.516982615,0.511673629,0.506892085,0.50288862,0.501224279
CornWholePerten0121,Perten_DA7200,corn,Unknown,0,2007,10.13000011,11.09379959,0.158291504,0.160393506,0.165296003,0.171489999,0.178878203,0.186875701,0.194251001,0.199695006,0.203137904,0.205258697,0.205839604,0.205200896,0.204081893,0.2025024,0.200337395,0.197640702,0.194600001,0.191554695,0.188630194,0.185679197,0.182769403,0.179929197,0.177072704,0.1743467,0.171794295,0.169349507,0.167175904,0.165375099,0.163887903,0.162679493,0.161753297,0.161060199,0.160872996,0.161485702,0.163050205,0.166597694,0.173650205,0.184812501,0.199415997,0.216115505,0.233620703,0.250837892,0.266729891,0.280651689,0.292822689,0.303970188,0.314588398,0.324563891,0.332905114,0.338678807,0.341588914,0.341587693,0.338869691,0.33347109,0.325752914,0.3172144,0.309286892,0.302361399,0.296644896,0.292312712,0.289197385,0.286928088,0.285178691,0.28370291,0.282219112,0.28059119,0.27855441,0.276173413,0.274056405,0.272636712,0.272194892,0.272918403,0.274819613,0.278104186,0.28321439,0.290274411,0.299101889,0.309521198,0.321321696,0.334096402,0.347453892,0.360817611,0.373385191,0.384424686,0.394002587,0.40335089,0.413640589,0.426195413,0.442287594,0.46220091,0.485266089,0.510715306,0.537814975,0.564902127,0.590194106,0.612465799,0.630719602,0.644636571,0.654936373,0.662108421,0.666877329,0.669988215,0.671663523,0.672176302,0.671532989,0.670178294,0.668210983,0.665787816,0.663119614,0.660106123,0.656764329,0.653083801,0.649319887,0.645524085,0.641792715,0.638422728,0.635692418,0.633451521,0.631667078,0.629866302,0.627915084,0.626475275,0.625248373,0.624165416,0.623001874,0.62127173,0.618777394,0.615536571,0.611556411,0.606678784,0.601319075,0.595866919,0.590438902,0.584993899,0.57989192,0.574771583,0.569465578,0.56488061,0.560819924,0.557404399,0.556002379
CornWholePerten0122,Perten_DA7200,corn,Unknown,0,2007,13.19999981,12.90322971,0.205232903,0.207968399,0.214103907,0.221194401,0.228706405,0.235964999,0.242189199,0.246880695,0.2498772,0.251349211,0.251648188,0.251281411,0.250415415,0.249009207,0.247091904,0.244708896,0.242029399,0.239218995,0.236266196,0.233252704,0.230200902,0.227025703,0.223756194,0.220632702,0.217951,0.215607196,0.213524401,0.211790204,0.210500702,0.209674895,0.209299699,0.209447399,0.210274905,0.211893901,0.2148377,0.220421195,0.229940504,0.243866503,0.261529207,0.281602711,0.302667409,0.323360413,0.342284411,0.358123213,0.370793909,0.381953895,0.393009186,0.403888106,0.413352102,0.420119911,0.423986614,0.425081909,0.42275089,0.41606319,0.405695111,0.393757612,0.382358193,0.372786194,0.365276188,0.359526396,0.35514009,0.351717889,0.349154115,0.347326696,0.345699698,0.34393841,0.341943085,0.339892387,0.338209391,0.337521404,0.337942213,0.339213193,0.341843396,0.346225888,0.352419406,0.360651106,0.37074241,0.382376909,0.395356387,0.40900591,0.422978103,0.436913103,0.450088412,0.462303907,0.474038392,0.486061394,0.499409586,0.515484929,0.534504712,0.555957615,0.579881609,0.60638392,0.634076893,0.660492897,0.684096098,0.704235375,0.720788419,0.733719111,0.743197024,0.749616027,0.753703475,0.75610441,0.757276475,0.757471025,0.756723106,0.755057573,0.752334118,0.749557614,0.746508777,0.742386818,0.73789382,0.733372927,0.729187608,0.72544992,0.72177428,0.717929304,0.71491462,0.712755323,0.710232019,0.707693577,0.705501974,0.703558028,0.70166862,0.699882984,0.698047817,0.695710123,0.692975283,0.68967253,0.685941815,0.681761622,0.676938295,0.671907485,0.666962802,0.662194312,0.6575073,0.653254807,0.649419427,0.645741284,0.642481089,0.64011538,0.639261782
CornWholePerten0123,Perten_DA7200,corn,Unknown,0,2007,13.39999962,12.64433956,0.159318,0.162268296,0.168878704,0.176523298,0.184587002,0.192382902,0.199090004,0.204063997,0.207097694,0.208517194,0.208800703,0.208351895,0.207322195,0.205739901,0.203642905,0.201088697,0.198282599,0.195382699,0.192404896,0.189493895,0.186625496,0.183645695,0.180576399,0.177617699,0.175049007,0.172790796,0.1707495,0.169041902,0.167768002,0.166944504,0.166558504,0.166652799,0.167374,0.168863207,0.171647206,0.176966205,0.186048001,0.199269205,0.215867698,0.234493002,0.253791004,0.272518694,0.289610714,0.304370612,0.316924691,0.328207612,0.338854909,0.348743111,0.35702759,0.362721711,0.365559906,0.365657985,0.362878203,0.356985688,0.348711908,0.339567214,0.330897689,0.323498398,0.317591906,0.313081414,0.3097139,0.307165712,0.305308193,0.303998888,0.302758694,0.301304609,0.299524397,0.297570109,0.295939088,0.295249611,0.295608401,0.296830714,0.299410611,0.303731889,0.309827089,0.317833185,0.327627391,0.338996887,0.351682395,0.36498189,0.378514409,0.391848713,0.40428859,0.415632904,0.426242411,0.436868906,0.448663086,0.463182598,0.481133789,0.502452612,0.526791394,0.553593218,0.581503928,0.608481288,0.633134127,0.654526472,0.672216773,0.686172724,0.696568012,0.703755319,0.708500624,0.711492598,0.713147819,0.713739574,0.713427484,0.712207079,0.709921122,0.707568586,0.704853118,0.700992823,0.696736276,0.692398787,0.688371778,0.684662819,0.680883586,0.677058578,0.674112618,0.671882629,0.669288993,0.666816115,0.664708912,0.662822783,0.661043525,0.659326315,0.657423079,0.655000925,0.652193725,0.648718894,0.64466542,0.640042603,0.634731889,0.629167914,0.623623371,0.618323088,0.613174081,0.608350098,0.603913128,0.599714577,0.595937789,0.592912316,0.591668785
CornWholePerten0124,Perten_DA7200,corn,Unknown,0,2007,10.57999992,11.25028038,0.167022005,0.169654295,0.175718501,0.183113694,0.191381395,0.199626997,0.206710398,0.212004602,0.215360701,0.217021003,0.217423201,0.216999695,0.215901896,0.214219898,0.212101698,0.209566698,0.206719399,0.203779906,0.200865999,0.198004499,0.195168704,0.192323998,0.189394996,0.186517999,0.183948994,0.181677207,0.179623202,0.177765697,0.176252902,0.175167397,0.174513996,0.1742232,0.174473003,0.175538197,0.177810997,0.182445899,0.190565497,0.202658206,0.218134403,0.235530704,0.253627896,0.271519214,0.288295686,0.30319491,0.316056699,0.327625185,0.338518888,0.348554105,0.356927693,0.362716407,0.365619212,0.365721405,0.363038689,0.357460588,0.349687904,0.341195911,0.333150387,0.326105893,0.32036671,0.316086412,0.312872708,0.310384691,0.308747411,0.307519406,0.30600661,0.304338694,0.302387208,0.300003409,0.29801771,0.297133893,0.296871394,0.297262609,0.299470902,0.303381413,0.308640689,0.316106409,0.325774491,0.336674213,0.348817706,0.362322211,0.376125395,0.389011413,0.401115388,0.412761688,0.423107892,0.432366401,0.4428159,0.456348598,0.47274679,0.492086113,0.515291214,0.541847587,0.56951642,0.596481919,0.622424781,0.64597249,0.665064871,0.679518819,0.690796971,0.699427486,0.704809487,0.70743829,0.709099114,0.710736811,0.711291313,0.709802806,0.707241774,0.705717981,0.70421201,0.700539291,0.695644796,0.691320479,0.688441277,0.685749471,0.681656599,0.677030623,0.674299121,0.673113525,0.671110272,0.668375313,0.665924072,0.664590776,0.664060295,0.66284281,0.660278678,0.657260776,0.654946029,0.652578771,0.649155915,0.644083977,0.637829781,0.63215071,0.62727809,0.622427702,0.616835415,0.611109614,0.606263101,0.602199614,0.598765373,0.595599711,0.594026387
CornWholePerten0125,Perten_DA7200,corn,Unknown,0,2007,9.300000191,9.977949143,0.125145495,0.127749696,0.133919999,0.141731694,0.150609493,0.159542203,0.167240799,0.172834501,0.176170006,0.177692205,0.177936301,0.177289993,0.175972402,0.174032196,0.171633706,0.169047698,0.166248694,0.163268998,0.160406202,0.157708496,0.154953495,0.152123496,0.149247497,0.146427795,0.143755496,0.141164497,0.138779298,0.136642799,0.134804502,0.133357301,0.132294506,0.131648198,0.131542698,0.132257506,0.134273499,0.138450295,0.146006301,0.157495797,0.172220796,0.188978702,0.206778005,0.224639699,0.241375893,0.256215215,0.269119114,0.280844897,0.292082906,0.302623391,0.311487913,0.31766519,0.320905894,0.32134521,0.31872341,0.313092709,0.3054232,0.296819687,0.288480192,0.281204611,0.275328189,0.270964414,0.267747194,0.265292108,0.263410896,0.261855692,0.260317385,0.258482397,0.256193608,0.253814191,0.251747906,0.250190914,0.249302506,0.249515697,0.251303196,0.254817694,0.260041714,0.267015189,0.276096404,0.287218392,0.29990989,0.31366691,0.327784687,0.341641694,0.354513913,0.365720689,0.375589192,0.384882689,0.394690186,0.40696761,0.422947407,0.442843914,0.466800213,0.494592905,0.524652124,0.554709077,0.582908809,0.607904613,0.628728271,0.644739628,0.656283021,0.664038777,0.669026971,0.672217786,0.674263477,0.675355971,0.674947619,0.673340976,0.671187818,0.66893661,0.666163802,0.662607312,0.658953786,0.655027807,0.650868297,0.646992624,0.64328903,0.639622986,0.63623178,0.633330524,0.631239593,0.62962991,0.628163219,0.626913428,0.625656605,0.624496102,0.623088419,0.621117115,0.618400276,0.614945412,0.611016989,0.606291413,0.600842714,0.59496671,0.589033127,0.583128572,0.577250123,0.571691096,0.566470623,0.561686277,0.557286918,0.553391099,0.551633298
CornWholePerten0126,Perten_DA7200,corn,Unknown,0,2007,15.06000042,9.229999542,0.139541999,0.145699099,0.153475896,0.161560506,0.169633001,0.177072704,0.183253393,0.187763497,0.1902605,0.191165403,0.190943897,0.189653695,0.187798306,0.185386807,0.182687804,0.179676399,0.176350802,0.173068196,0.169832394,0.166763797,0.163759694,0.160768494,0.1579393,0.155168697,0.152613401,0.150368005,0.148555696,0.147072896,0.145988703,0.145440206,0.145252198,0.145534903,0.146094799,0.147231102,0.149478599,0.153876603,0.161836207,0.174415201,0.190925703,0.209797904,0.229569301,0.248299405,0.264712989,0.278551608,0.290207803,0.300487608,0.310307801,0.319494188,0.327266604,0.332605302,0.335194588,0.335015804,0.332087398,0.326632708,0.319239408,0.311574012,0.304434001,0.298368603,0.293551892,0.289928198,0.287440389,0.285606802,0.284193903,0.283129811,0.28206709,0.280838192,0.279447496,0.27800101,0.276967704,0.276687592,0.27748701,0.279497713,0.282943487,0.288159788,0.295077592,0.303794086,0.3142654,0.326281905,0.339071304,0.352136314,0.365025193,0.377377003,0.389095813,0.399541915,0.409318209,0.419405103,0.431568086,0.447623104,0.468653202,0.494096398,0.522774816,0.553048372,0.583303213,0.611308575,0.636150897,0.65697372,0.673534215,0.685945988,0.694846094,0.700809777,0.704801619,0.707130909,0.708663702,0.70931989,0.70839262,0.706303477,0.703236282,0.699380994,0.695338786,0.690898597,0.686327875,0.681750894,0.677298307,0.672801971,0.668465912,0.66455698,0.661299527,0.658270776,0.655773521,0.653422475,0.651482284,0.649629414,0.647678614,0.64583528,0.643893719,0.641453981,0.638901472,0.635589182,0.631594002,0.626857817,0.62197721,0.616553426,0.61114049,0.60564059,0.600105286,0.594826281,0.589942992,0.585338771,0.581070483,0.577301383,0.574095786
CornWholePerten0127,Perten_DA7200,corn,Unknown,0,2007,14.32999992,9.06000042,0.161910802,0.168117106,0.175830305,0.184430704,0.193025798,0.200974301,0.207928494,0.212689593,0.2156782,0.216718704,0.216596499,0.215472505,0.2135562,0.211201295,0.208434805,0.2053639,0.202091202,0.198605299,0.195408806,0.192196295,0.189120695,0.186014995,0.182966501,0.180156499,0.1774472,0.175086707,0.173206002,0.1715381,0.170450106,0.169751301,0.169532195,0.169745103,0.170274898,0.171419993,0.173640505,0.178149104,0.186516106,0.199570701,0.216920197,0.236719102,0.257799894,0.277677715,0.295425713,0.310491413,0.322934896,0.334088385,0.344702512,0.354876906,0.363474608,0.369332701,0.372249991,0.372147799,0.369198501,0.363197506,0.354989797,0.346457988,0.338402987,0.331687391,0.32628271,0.322303087,0.319560796,0.317534298,0.316041887,0.31478861,0.313631207,0.312319905,0.310688913,0.309085995,0.307728112,0.307322502,0.307984591,0.309937686,0.313470215,0.318730712,0.325984389,0.335162908,0.346259594,0.358908296,0.372494489,0.38660869,0.400371492,0.413924694,0.426603705,0.437823802,0.448361307,0.458910406,0.471914798,0.488449305,0.510201275,0.536517084,0.566064715,0.59770298,0.629319489,0.659077227,0.685123205,0.707011282,0.72445643,0.737242222,0.746623218,0.752779305,0.756992877,0.759681881,0.761285186,0.761987984,0.760957778,0.759294987,0.755592227,0.751925886,0.748024881,0.743440688,0.739046812,0.73419261,0.72995007,0.725197792,0.72091049,0.717023373,0.713502228,0.710855424,0.707893729,0.706064522,0.704048991,0.702185214,0.700563073,0.698553383,0.696975291,0.694145322,0.692036986,0.688342571,0.68448168,0.679749072,0.674413323,0.669461012,0.66360271,0.658527196,0.652550519,0.647375524,0.64220041,0.637345314,0.63320142,0.629113376,0.626369894
CornWholePerten0128,Perten_DA7200,corn,Unknown,0,2007,14.07999992,8.869999886,0.117366001,0.122475103,0.129029006,0.136057198,0.143060505,0.149656996,0.155315593,0.159252301,0.161510602,0.162292898,0.162153795,0.1611536,0.159590304,0.157683998,0.155268997,0.152699798,0.149993807,0.147128403,0.144420102,0.141750693,0.139169797,0.136646807,0.134127304,0.131775707,0.129433006,0.127494603,0.125794798,0.124412298,0.1234449,0.122825503,0.122650497,0.1228652,0.123318397,0.124315098,0.126183793,0.130045503,0.137081996,0.1481314,0.162498906,0.178906307,0.196220994,0.212750301,0.227375597,0.239847794,0.250109702,0.259190112,0.268014491,0.276429415,0.283592612,0.288450092,0.290801495,0.290877789,0.288486809,0.283493787,0.276671588,0.269511491,0.262818992,0.257191002,0.252752811,0.249429599,0.247052595,0.245375499,0.244143993,0.243141502,0.242238,0.241172895,0.2397843,0.238444999,0.237445295,0.237004399,0.237520307,0.239124298,0.242000803,0.246329099,0.252148002,0.259656787,0.268714398,0.279129893,0.290484786,0.302135587,0.313764989,0.325157791,0.335831314,0.345291913,0.354090393,0.363061905,0.373814106,0.387782693,0.406147599,0.428436786,0.453895986,0.481713802,0.510205329,0.537270606,0.561667919,0.582393706,0.599174678,0.611917675,0.6209144,0.627095282,0.631310105,0.633912623,0.635282278,0.635902405,0.63522321,0.633274078,0.630337298,0.626931489,0.623097479,0.618963122,0.614500284,0.610263288,0.606077015,0.601470113,0.597361624,0.593617618,0.590530276,0.587876678,0.585537672,0.58338809,0.58145678,0.579769492,0.57817179,0.57643801,0.574528515,0.572389424,0.569992125,0.566722095,0.562874019,0.558350384,0.553323925,0.547989488,0.542624116,0.537469327,0.532184422,0.527275622,0.522419691,0.51796329,0.51391691,0.510267973,0.507442474
CornWholePerten0129,Perten_DA7200,corn,Unknown,0,2007,14.52999973,8.340000153,0.123560697,0.129135102,0.136278793,0.143957794,0.151615098,0.158710301,0.164754197,0.169012904,0.171372801,0.172208905,0.171981201,0.170880705,0.169066399,0.166835606,0.164285898,0.161487505,0.158399299,0.155272499,0.152270898,0.149408504,0.1466254,0.143842593,0.141137898,0.138539597,0.136078507,0.1339183,0.1320972,0.130597398,0.129498497,0.128919303,0.128678799,0.128835395,0.129314005,0.130406693,0.132473707,0.136584505,0.144220203,0.155990601,0.171488494,0.189254895,0.207857698,0.225626797,0.241273299,0.254518807,0.265492588,0.275099188,0.284450114,0.29328379,0.300855309,0.306074411,0.308714688,0.308710814,0.306134403,0.300973505,0.293792903,0.28623119,0.279177994,0.273162514,0.268422902,0.264905393,0.262411594,0.260633498,0.259216398,0.258141786,0.257093608,0.255939812,0.254440099,0.252919406,0.251881301,0.251457214,0.252030104,0.253815115,0.256941289,0.261671394,0.268066496,0.276231587,0.28605631,0.297352403,0.309544712,0.322171509,0.334611803,0.346789807,0.358199,0.368290097,0.377602398,0.387108505,0.398681611,0.413694888,0.433400691,0.457460314,0.484829009,0.514277399,0.544320583,0.572565019,0.597988784,0.619450271,0.636671901,0.649741828,0.659086287,0.665469587,0.66965729,0.672369421,0.67366159,0.674267829,0.673608482,0.671399117,0.668304682,0.664411902,0.660642922,0.656184316,0.651569009,0.647004426,0.64245981,0.637898803,0.633562386,0.629736006,0.626553774,0.62378192,0.621437073,0.619105399,0.617272496,0.615536571,0.61395669,0.612139225,0.610147119,0.608081222,0.605387628,0.602200925,0.598080874,0.593367517,0.588190079,0.582670927,0.577218413,0.571603775,0.566326678,0.560985088,0.556089282,0.551333785,0.547477901,0.54374361,0.540292919
CornWholePerten0130,Perten_DA7200,corn,Unknown,0,2007,14.73999977,9.380000114,0.126146898,0.131688997,0.138525799,0.145736501,0.152664498,0.1591288,0.164451107,0.168319404,0.170394301,0.170967594,0.170663804,0.1694552,0.167703897,0.165541694,0.163061902,0.160367206,0.157397807,0.154526204,0.151642203,0.1489418,0.14632,0.143658102,0.141095102,0.138610899,0.136336297,0.134367302,0.132732198,0.131454796,0.130535603,0.130031496,0.129971698,0.130191401,0.130787,0.131948099,0.133942694,0.137962595,0.145249203,0.156598494,0.171366006,0.188153893,0.205679104,0.222105295,0.236564294,0.248625502,0.25862819,0.267308205,0.275647998,0.283483803,0.290186912,0.294822097,0.296989888,0.296866685,0.294527292,0.289799392,0.283355713,0.276585102,0.27031371,0.264990211,0.26072979,0.257579386,0.255204111,0.253578991,0.2522856,0.251309514,0.250478208,0.2493615,0.2482135,0.247036293,0.246215805,0.245991305,0.246700898,0.248614907,0.251764089,0.256369293,0.262550294,0.270299286,0.279578596,0.290064812,0.3013511,0.312996388,0.324420601,0.335498691,0.3459104,0.355281413,0.363948107,0.372975409,0.384255201,0.3989847,0.418539286,0.442272514,0.469266594,0.498282403,0.527568579,0.555254877,0.579799473,0.60049212,0.617083788,0.62974149,0.638685823,0.64482528,0.648745,0.651115179,0.652438819,0.652800202,0.651893914,0.649450421,0.645812571,0.641713977,0.637390912,0.632720709,0.627768815,0.622808516,0.618032575,0.612990677,0.608498216,0.604289711,0.600882113,0.597645879,0.595070422,0.592736304,0.590501428,0.588466704,0.586504698,0.584442794,0.582113326,0.579651713,0.576896489,0.573301613,0.569352984,0.564564288,0.559447229,0.553944707,0.548603118,0.543127716,0.537844777,0.532779515,0.527848482,0.523377478,0.519285977,0.515546382,0.512637615
CornWholePerten0131,Perten_DA7200,corn,Unknown,Croatia,2011,14.55000019,8.25,0.102561802,0.109135598,0.117493101,0.126280502,0.134918004,0.143133402,0.150125802,0.155233905,0.158197597,0.159461901,0.159319803,0.158224896,0.156435996,0.154096603,0.151293397,0.148164898,0.1447936,0.141361803,0.138043299,0.1348968,0.131812096,0.128860697,0.125977799,0.123122901,0.120486401,0.1182978,0.116454303,0.115007401,0.114060603,0.113632098,0.113671698,0.114079103,0.114808001,0.116175003,0.118668698,0.1234456,0.132182807,0.146001205,0.164200202,0.185200602,0.207340404,0.228486404,0.246911407,0.262802303,0.276583701,0.288595587,0.300065696,0.310757488,0.319827288,0.326081812,0.329162389,0.329055607,0.325884014,0.319685608,0.311367303,0.302565396,0.294468105,0.287581593,0.282090306,0.27805689,0.27519241,0.273139894,0.271665812,0.270502597,0.269439697,0.268263489,0.266811788,0.265318096,0.264276892,0.264099002,0.2650249,0.267317712,0.271282405,0.277155191,0.285068601,0.295050412,0.307142288,0.3207995,0.335474104,0.350614011,0.365586311,0.380104691,0.393712103,0.406061292,0.417580992,0.429509997,0.443822086,0.462357611,0.486528814,0.515979588,0.548898995,0.583826721,0.618522286,0.650410473,0.67824322,0.701397717,0.719639301,0.73341769,0.743167877,0.749854386,0.754317522,0.756897271,0.758483887,0.759077311,0.758229077,0.756222427,0.752907574,0.748912275,0.744491398,0.739807606,0.73501122,0.730161488,0.725396872,0.720561504,0.716112673,0.711628914,0.707914114,0.704516411,0.701752007,0.699347019,0.696962893,0.69493258,0.692755878,0.690797329,0.688329577,0.685718715,0.68274641,0.679095984,0.674648583,0.669427574,0.663962722,0.657997072,0.652092874,0.64605552,0.640104294,0.634429097,0.628787994,0.623820424,0.619237781,0.615053475,0.611617684
CornWholePerten0132,Perten_DA7200,corn,Unknown,Croatia,2011,15.60999966,7.5,0.107815601,0.1154458,0.124813601,0.134327605,0.143389806,0.151865795,0.158957601,0.163994297,0.167006403,0.168203995,0.167925894,0.166719094,0.1647719,0.162270501,0.159309506,0.155985206,0.152431101,0.148792803,0.145328805,0.141976401,0.138765201,0.135694295,0.132678405,0.129787207,0.127154306,0.125005305,0.123247497,0.121962503,0.121211603,0.121032603,0.1213862,0.122148797,0.123255901,0.125025496,0.128002599,0.133412793,0.143021405,0.157965094,0.177398801,0.199568197,0.222680807,0.244413093,0.262952387,0.278591186,0.291863501,0.303173006,0.314044505,0.324312389,0.333086789,0.3392196,0.342367411,0.342526794,0.339776605,0.333960205,0.325882494,0.317183197,0.309199601,0.302451313,0.29706189,0.293067694,0.290217787,0.288158715,0.286603689,0.285429388,0.284379095,0.283278287,0.281976312,0.280758798,0.2800228,0.280203909,0.281521797,0.284183711,0.288500994,0.294721603,0.302901685,0.3131423,0.325324595,0.338879287,0.353309602,0.367998004,0.382305414,0.396065295,0.409000695,0.420800507,0.431924194,0.443735689,0.458192915,0.477069199,0.501443207,0.530917108,0.563471377,0.597704709,0.631379187,0.662083626,0.688860714,0.711277127,0.728909791,0.742290795,0.751897574,0.758510828,0.762893677,0.765408218,0.766878903,0.767229021,0.765958488,0.763397217,0.759641409,0.755004227,0.750143409,0.744922102,0.739495277,0.734059215,0.728734016,0.723431587,0.718520403,0.713676572,0.709664226,0.70588249,0.702783823,0.700059712,0.697386086,0.695009589,0.692630887,0.690338016,0.687553704,0.684758723,0.681720614,0.677990317,0.673573673,0.668557584,0.663245499,0.657538712,0.652062774,0.646345317,0.640878081,0.635653973,0.630391419,0.625846386,0.62178582,0.61796999,0.615165591
CornWholePerten0133,Perten_DA7200,corn,Unknown,Croatia,2011,14.52999973,8.199999809,0.089432001,0.096183613,0.104601502,0.113293797,0.121811502,0.129903197,0.136799499,0.141879603,0.145047501,0.146564603,0.146721199,0.145933002,0.144438505,0.142425403,0.139873803,0.136975601,0.133856297,0.130629703,0.127479702,0.124455102,0.121548504,0.118678398,0.115889996,0.113169603,0.110705197,0.1086336,0.106986903,0.105727501,0.104921699,0.104635,0.104819499,0.105366699,0.106196299,0.107651599,0.110202603,0.1149235,0.123532601,0.137063399,0.154749006,0.175042197,0.196355999,0.216757,0.234630197,0.250109285,0.263458103,0.275012314,0.286022186,0.296233386,0.30488199,0.310804695,0.313720912,0.3136805,0.310766906,0.304916203,0.296987087,0.28859511,0.280920386,0.274376303,0.269212395,0.265437812,0.262734413,0.260815501,0.259411305,0.25830701,0.257352412,0.256275386,0.254900813,0.253533095,0.252573788,0.252453089,0.2534118,0.255666792,0.259510309,0.2650989,0.272601485,0.282087803,0.293531805,0.306341112,0.320068002,0.334189206,0.348087788,0.361594111,0.374231607,0.385755807,0.396586001,0.407761514,0.421094596,0.438595086,0.4614802,0.489272088,0.520601213,0.554053783,0.587388277,0.618214309,0.645633698,0.668655872,0.68713671,0.701294005,0.711534202,0.718680918,0.723569512,0.726515412,0.728349626,0.729176581,0.728418827,0.726435185,0.723155975,0.719139874,0.714761913,0.709948182,0.705125511,0.699997902,0.695180476,0.69015038,0.685451388,0.681075692,0.6771577,0.673666418,0.670747876,0.668194413,0.665644884,0.663325787,0.661095321,0.658972383,0.656444013,0.653697729,0.650678217,0.647118986,0.642691672,0.6375826,0.632116497,0.626326203,0.620478928,0.614737928,0.609048188,0.603387773,0.598168016,0.593271613,0.588723779,0.584640086,0.581392229
CornWholePerten0134,Perten_DA7200,corn,Unknown,Croatia,2011,16.15999985,7.449999809,0.089824937,0.096967638,0.105528399,0.114082098,0.122203,0.129675299,0.135959595,0.140394494,0.142941207,0.143909901,0.1435837,0.142433494,0.140593499,0.138243094,0.135531798,0.132459998,0.129178703,0.1258782,0.122678503,0.119678401,0.116792001,0.113926098,0.111134499,0.108504497,0.106120601,0.104183503,0.102686703,0.101586603,0.100958102,0.100847602,0.101161003,0.101821698,0.102788903,0.104391299,0.107087597,0.111934297,0.1206019,0.134157598,0.151923493,0.172176898,0.193202496,0.212855697,0.229570806,0.243718207,0.255741686,0.266040087,0.275866807,0.285093695,0.292973906,0.298474312,0.301243901,0.301368088,0.298856705,0.293606013,0.286425412,0.278810501,0.271763712,0.26576519,0.261015713,0.257507205,0.255025089,0.253282189,0.251972914,0.250984699,0.250132889,0.2492221,0.248120204,0.247124493,0.246593803,0.246840596,0.248176798,0.250762612,0.254832,0.260587692,0.268242508,0.277709097,0.288880795,0.301232398,0.314320386,0.327609092,0.340547502,0.35304299,0.364736706,0.375458509,0.385722786,0.396544099,0.409950495,0.427536488,0.450351685,0.477836907,0.508162081,0.539792776,0.570686281,0.598711312,0.623120487,0.643274307,0.659300029,0.671467125,0.680080116,0.685918391,0.689759195,0.692034185,0.693360329,0.693757713,0.692571878,0.690076709,0.686460376,0.682140529,0.677476585,0.672677279,0.667724013,0.662480414,0.657499909,0.65248251,0.6477018,0.643330097,0.639385819,0.635799229,0.632853389,0.630168617,0.627561271,0.625306189,0.622748911,0.62030822,0.617798924,0.61514461,0.612150729,0.608727515,0.604588091,0.599779725,0.594742119,0.589245498,0.58385402,0.578526378,0.573425889,0.568290114,0.563497424,0.558935583,0.5545609,0.550952077,0.547752619
CornWholePerten0135,Perten_DA7200,corn,Unknown,Croatia,2011,11.68000031,9.510000229,0.1566782,0.160955995,0.166670904,0.173021495,0.179646894,0.186185494,0.191807002,0.195847407,0.198316604,0.199329197,0.199293301,0.198536098,0.197235495,0.195532501,0.193364307,0.190944001,0.188285902,0.185634598,0.183043003,0.1805958,0.178260997,0.175841704,0.1735145,0.171185404,0.169031099,0.167235494,0.1656508,0.164365202,0.163425997,0.162847996,0.162629604,0.162707299,0.163071394,0.163965896,0.165747106,0.169302702,0.175935403,0.186484605,0.200470403,0.216663897,0.233953804,0.250803202,0.265872598,0.279096603,0.290609986,0.300650597,0.310275912,0.319221586,0.326719403,0.331842393,0.334353298,0.334389806,0.331905514,0.326923311,0.320150197,0.312882215,0.306075186,0.300213486,0.295530707,0.292056292,0.289599896,0.287881404,0.286607295,0.285643011,0.28474009,0.283675998,0.282300413,0.280792385,0.279592812,0.279052913,0.279463708,0.28093639,0.28374669,0.288088888,0.294116795,0.3019059,0.311432213,0.322280407,0.334157914,0.346649885,0.359073788,0.371159911,0.382455885,0.392543107,0.40174219,0.410821408,0.4213579,0.43492651,0.452624202,0.474136114,0.498596788,0.525273085,0.552513301,0.578194082,0.601455391,0.621184588,0.63716352,0.649406493,0.658175826,0.664282322,0.668264508,0.670831382,0.672420919,0.673195422,0.672573388,0.670967579,0.668432415,0.665223777,0.661901772,0.658251584,0.65448761,0.650442421,0.646526575,0.64260298,0.638886392,0.635459721,0.632397711,0.6297822,0.627688229,0.62585628,0.624178171,0.622597575,0.620925188,0.619331181,0.617561221,0.615587115,0.613276184,0.610428214,0.606761873,0.602535486,0.59795928,0.592907488,0.58798492,0.583185315,0.578355372,0.573679626,0.569318593,0.565144122,0.561212182,0.557843685,0.55512023
CornWholePerten0136,Perten_DA7200,corn,Unknown,Croatia,2011,12.85000038,8.970000267,0.089725591,0.095209673,0.102257401,0.109839201,0.117509499,0.124880098,0.131155103,0.135611594,0.138283595,0.1393926,0.139296204,0.138377205,0.136831194,0.134777799,0.132339597,0.129620895,0.126657501,0.123625301,0.120725103,0.117971398,0.115275197,0.112569697,0.109892704,0.1073322,0.1049181,0.102841198,0.101147197,0.099811167,0.098870143,0.098330922,0.098198548,0.098410361,0.098963261,0.100158699,0.102378301,0.106644601,0.114497803,0.126807198,0.142883003,0.161297903,0.180584595,0.199000299,0.215113103,0.229055494,0.241177693,0.251753002,0.261835188,0.27123031,0.279140413,0.284580797,0.28728801,0.2873303,0.284737289,0.279532313,0.272451788,0.264903396,0.25789541,0.251915187,0.247183606,0.243707404,0.2412716,0.239573807,0.238355607,0.237461194,0.236600503,0.235602498,0.234322503,0.232962295,0.231936902,0.231626093,0.232325599,0.234170407,0.237408295,0.242238402,0.2489025,0.257335693,0.267540902,0.279102504,0.291539788,0.304447413,0.317235112,0.32958889,0.341126114,0.351530314,0.361098111,0.370718986,0.381989986,0.396483213,0.415200889,0.437957913,0.463423699,0.490631014,0.517926812,0.54326272,0.565646112,0.584316492,0.599236488,0.61042589,0.618504584,0.624074578,0.627739906,0.630150676,0.631641686,0.63241601,0.63188231,0.630364597,0.62789923,0.62485832,0.621624708,0.618129015,0.614495993,0.610595882,0.606936216,0.603180289,0.599556208,0.596182883,0.593242109,0.590703726,0.58861059,0.58675009,0.584934771,0.583445728,0.581783772,0.580174506,0.578428924,0.57650727,0.574290276,0.571403682,0.568006694,0.563967228,0.559447706,0.55471462,0.549974322,0.545314074,0.54067719,0.536137283,0.531948686,0.527971923,0.52425921,0.52098608,0.518206418
CornWholePerten0137,Perten_DA7200,corn,Unknown,Croatia,2011,12.60000038,8.149999619,0.066961274,0.072184041,0.079033181,0.086620748,0.094503857,0.1021704,0.1088017,0.113665402,0.116757497,0.118277401,0.118604198,0.118039101,0.116874099,0.115223698,0.113075197,0.1106354,0.107979901,0.1052192,0.102545098,0.099993222,0.097505972,0.094976261,0.092467926,0.0899911,0.087727971,0.085795224,0.084195823,0.082849793,0.081868284,0.081314243,0.081147537,0.081294604,0.081771784,0.082842477,0.084939718,0.089086771,0.096612692,0.108311601,0.123520903,0.140896305,0.159256697,0.177148804,0.193067595,0.206993893,0.219123498,0.229639903,0.2396608,0.248934403,0.25680691,0.262234598,0.264921814,0.265091389,0.262713105,0.257712901,0.250790298,0.243403703,0.236466706,0.230538905,0.225821599,0.222349897,0.219925195,0.218242094,0.216997504,0.216049999,0.2151687,0.214091197,0.212614894,0.2110852,0.209825501,0.209214702,0.209588096,0.211069003,0.213891998,0.218270302,0.224377096,0.232233599,0.241798699,0.252789199,0.26472649,0.277203113,0.289643794,0.30177629,0.313088387,0.323197603,0.332385987,0.341315091,0.351525396,0.36464119,0.381842792,0.402916312,0.426928103,0.453222096,0.480168492,0.505867422,0.529215097,0.549119711,0.565365195,0.577818811,0.58680743,0.593204022,0.597477913,0.600235283,0.60203898,0.602928579,0.60258323,0.601337671,0.59913069,0.596295476,0.593262374,0.589894414,0.586411595,0.582643211,0.579071283,0.575236976,0.571677625,0.568428218,0.565601289,0.563229978,0.561281323,0.559541225,0.557843387,0.556398392,0.554879785,0.553333521,0.551678419,0.549832225,0.547599614,0.544721127,0.541294813,0.536959708,0.532387972,0.527536213,0.522489429,0.517773986,0.512953281,0.508328676,0.503951311,0.499635309,0.495701104,0.492297202,0.4893094
CornWholePerten0138,Perten_DA7200,corn,Unknown,Croatia,2011,13.47999954,8.68999958,0.083926126,0.090354517,0.098460384,0.1071034,0.115804799,0.124076903,0.131153405,0.1362793,0.139402002,0.140790194,0.140999004,0.140189797,0.138671503,0.136672705,0.134136796,0.131243095,0.128142104,0.124945402,0.121850103,0.118968204,0.1161725,0.113370903,0.110613599,0.107946202,0.105434597,0.103331998,0.101581201,0.100136697,0.099183589,0.098691844,0.098748319,0.099140957,0.099892438,0.1013107,0.1038073,0.108573698,0.1171249,0.1304221,0.147741199,0.167522594,0.188319594,0.208196506,0.225655302,0.240870506,0.254064888,0.265529513,0.276445806,0.286601305,0.295134395,0.300957412,0.303818494,0.303779393,0.300900906,0.295176208,0.287514687,0.279408306,0.271835804,0.265340805,0.260148406,0.256377995,0.25364551,0.251723707,0.250330597,0.249300405,0.248377696,0.247251198,0.245788395,0.244240895,0.243088096,0.242726699,0.243451506,0.245408103,0.248945504,0.254193902,0.261430115,0.270585507,0.281711489,0.294412613,0.30817011,0.322414994,0.336510509,0.350280494,0.363157809,0.374818087,0.385674298,0.396563411,0.409331501,0.426039189,0.448052496,0.474999785,0.505656421,0.538787186,0.572477222,0.604215801,0.63263011,0.656731308,0.676164985,0.690999091,0.701719523,0.709140122,0.714162827,0.717328608,0.719153881,0.720053911,0.719291329,0.717356086,0.714155197,0.710255623,0.705987871,0.701480925,0.696686506,0.691700101,0.68678987,0.681903482,0.677301824,0.672953427,0.669181526,0.665798724,0.663006008,0.660710692,0.658318281,0.656165898,0.654005826,0.651828408,0.649613798,0.647187889,0.644132912,0.640368998,0.635851026,0.630534291,0.62485081,0.618734419,0.612492383,0.606325328,0.600158274,0.594238699,0.588783383,0.583583772,0.578591228,0.57440412,0.5708794
CornWholePerten0139,Perten_DA7200,corn,Unknown,Croatia,2011,11.47999954,9.140000343,0.075279728,0.079922207,0.086127088,0.093055621,0.100380398,0.1075349,0.113720201,0.118249402,0.120989204,0.1222592,0.122423902,0.121783704,0.120568201,0.1188545,0.116704799,0.1142511,0.1115885,0.108882502,0.1062539,0.103740603,0.101291403,0.098868728,0.09647397,0.094102427,0.091884688,0.089936927,0.088266447,0.086916067,0.085930899,0.08534696,0.08517763,0.08533264,0.08578296,0.086786829,0.088823289,0.09281797,0.100066699,0.111346602,0.126057997,0.142984301,0.160976201,0.178525001,0.194214806,0.208003998,0.219919905,0.230287507,0.240259305,0.249605894,0.257524103,0.262990296,0.265765905,0.265961289,0.263588786,0.258530289,0.25145489,0.243817493,0.236699,0.230579406,0.225715101,0.222152799,0.219596803,0.217761993,0.216436207,0.215445206,0.214503199,0.213358805,0.211868793,0.210239306,0.208934695,0.208311096,0.208631307,0.210033596,0.212819502,0.217093095,0.223143503,0.231002793,0.240642399,0.251794189,0.263980091,0.276715487,0.289476603,0.301923305,0.313613713,0.324065685,0.333615005,0.342899203,0.353500485,0.367341608,0.385429204,0.407616496,0.433110803,0.461293012,0.490439206,0.518201828,0.543389916,0.564913511,0.582400978,0.595661223,0.605254173,0.612008572,0.616416872,0.619317174,0.621164024,0.622078478,0.62148732,0.619963825,0.617436111,0.614211917,0.610647023,0.606795788,0.602844596,0.598593116,0.594519019,0.590395212,0.586435616,0.582805574,0.579730928,0.577053785,0.574789226,0.572942019,0.571199477,0.569615483,0.567874193,0.566248596,0.564314127,0.562310576,0.559817612,0.556624174,0.552759826,0.548247695,0.543232322,0.537819207,0.532496691,0.527193904,0.521973789,0.51686281,0.511907876,0.507503271,0.503425777,0.499670088,0.497017801
CornWholePerten0140,Perten_DA7200,corn,Unknown,Croatia,2011,14.77000046,8.069999695,0.104966298,0.111749999,0.119451702,0.127579793,0.135446996,0.142821193,0.1488038,0.152987793,0.155592099,0.156619594,0.156349897,0.155205295,0.153473496,0.151212096,0.148537993,0.145575807,0.142453104,0.139368996,0.136434093,0.133593902,0.130869702,0.128200799,0.125517905,0.122917101,0.120610602,0.118775599,0.117333099,0.116235897,0.1154816,0.1150911,0.115152799,0.115693398,0.116611198,0.118127301,0.1208435,0.125818804,0.134326503,0.147128001,0.163743198,0.182858095,0.202693701,0.221367806,0.237844199,0.251801103,0.263395786,0.273550391,0.283296108,0.292427212,0.300028294,0.305183709,0.307819098,0.308007389,0.305515885,0.300549209,0.293711007,0.286134601,0.279130906,0.2732355,0.268385202,0.264728904,0.262133807,0.26033029,0.258957803,0.257820398,0.256944388,0.256170303,0.255083114,0.253954589,0.253353685,0.253422111,0.254475087,0.256787598,0.260641903,0.26620549,0.273513913,0.282566994,0.293311685,0.30518359,0.317826688,0.330780715,0.343600392,0.356038511,0.367507011,0.377956897,0.387932807,0.39878419,0.411829114,0.428459495,0.449823886,0.475550085,0.503842294,0.533650875,0.563244522,0.590147615,0.613696218,0.633413911,0.649271727,0.661119223,0.669622719,0.675681114,0.679617703,0.681759775,0.682880819,0.683353126,0.682350516,0.680171907,0.676995814,0.673075497,0.668516874,0.664030016,0.659650207,0.654883087,0.650232911,0.645598173,0.64133513,0.637065172,0.633185804,0.630093575,0.627480686,0.625055313,0.622702718,0.620621026,0.618180513,0.615859509,0.613719881,0.611379087,0.608544529,0.605182707,0.601238489,0.596563518,0.591647983,0.586342514,0.581166089,0.576026976,0.570862472,0.566001773,0.561255813,0.556772173,0.552541971,0.548986375,0.545791388
CornWholePerten0141,Perten_DA7200,corn,Unknown,Croatia,2011,10.84000015,7.059999943,0.061634429,0.067002557,0.073537134,0.081047788,0.088921227,0.096635371,0.103148602,0.107770897,0.110626303,0.111918896,0.112006299,0.111330897,0.110120297,0.108403899,0.1062693,0.103816502,0.101181403,0.098527826,0.095925063,0.09341266,0.091056474,0.088784389,0.086474031,0.084138483,0.081937872,0.080004297,0.078312889,0.076876961,0.075745352,0.075009912,0.07472273,0.074825183,0.075276807,0.076300167,0.078408428,0.082523823,0.089767762,0.100786097,0.115188599,0.131959096,0.149789795,0.167185605,0.183058694,0.196897596,0.208706901,0.219260007,0.229431704,0.239040107,0.247191995,0.252918989,0.256055713,0.256614715,0.254406005,0.249593496,0.242788896,0.235178605,0.2279737,0.221782699,0.2167335,0.212964505,0.210328296,0.2084748,0.207038999,0.205827206,0.204737097,0.203582004,0.202034205,0.200311407,0.198970005,0.1981958,0.198289201,0.199553102,0.202209204,0.206465095,0.2124452,0.220165402,0.229686901,0.240672603,0.252750814,0.265505999,0.278539509,0.291351408,0.303158402,0.313707113,0.323246509,0.332760006,0.343443811,0.356719613,0.373847693,0.394925386,0.41912961,0.446144313,0.474326491,0.501189292,0.525626421,0.546607375,0.563788176,0.576734304,0.586019516,0.592655718,0.597120822,0.599683702,0.601031005,0.601815581,0.601444721,0.600082219,0.597805619,0.594994128,0.591726184,0.588426411,0.585150302,0.581517994,0.577900887,0.5741539,0.570787489,0.5675385,0.564642012,0.562416911,0.560785174,0.559434474,0.557996273,0.556697786,0.555091679,0.55365622,0.552220523,0.5503636,0.548006415,0.545106113,0.541434109,0.536817372,0.531897485,0.526639223,0.521576583,0.516448379,0.511173427,0.506274819,0.501421511,0.496667713,0.492194593,0.488349199,0.484604389
CornWholePerten0142,Perten_DA7250,corn,Unknown,South Africa,2012,11.30000019,7.599999905,0.092079997,0.097851001,0.105570003,0.114261001,0.123597004,0.132618994,0.140330002,0.145808995,0.149122998,0.150725007,0.150969997,0.150261998,0.148835003,0.146797001,0.144422993,0.141673997,0.138778999,0.135783002,0.132881001,0.130008996,0.127335995,0.124622002,0.121935003,0.119225003,0.116700001,0.114467003,0.112562001,0.110979997,0.109755002,0.108926997,0.108498998,0.108482003,0.108873002,0.109888002,0.112029001,0.116327003,0.124282002,0.136855006,0.153403997,0.172450006,0.192691997,0.212249994,0.229845002,0.244852006,0.257485002,0.268907994,0.279976994,0.290564001,0.299526006,0.305824995,0.309206009,0.30961901,0.307033002,0.301364005,0.293368012,0.284765989,0.276657999,0.269657999,0.264156997,0.260140002,0.257301003,0.255255014,0.253742993,0.252427012,0.251073986,0.249470994,0.247556999,0.245528996,0.243853003,0.242879003,0.242914006,0.244240001,0.246971995,0.251424998,0.257854015,0.266288012,0.276728004,0.288819999,0.302069992,0.315934002,0.329825014,0.343396008,0.35601601,0.367083013,0.376985997,0.386604995,0.397583991,0.411633998,0.430079997,0.452600986,0.478459001,0.50702697,0.536554992,0.564629972,0.589770019,0.611283004,0.628341973,0.640937984,0.649748981,0.655746996,0.659637988,0.662065029,0.663495004,0.663967013,0.66347301,0.661819994,0.659247994,0.656090021,0.652604997,0.648845971,0.64498502,0.640823007,0.636759996,0.632874012,0.629113019,0.625638008,0.622959971,0.62043798,0.618318975,0.616688013,0.615186989,0.613793016,0.612371981,0.610854983,0.609315991,0.607321024,0.604945004,0.602042973,0.598568976,0.594160974,0.589173019,0.583784998,0.578505993,0.573234022,0.567874014,0.562829018,0.557927012,0.553388,0.549143016,0.545421004,0.542295992
CornWholePerten0143,Perten_DA7250,corn,Unknown,South Africa,2012,12.80000019,7.400000095,0.037048001,0.040583,0.045290999,0.050648999,0.056407999,0.062052999,0.066894002,0.070271999,0.072242998,0.072996996,0.072961003,0.072332002,0.071117997,0.069564,0.067855001,0.065866999,0.063821003,0.061737999,0.059682999,0.057746999,0.055881001,0.054032002,0.052182999,0.050391,0.048755001,0.047304001,0.046066999,0.045068,0.044286002,0.043754,0.043487001,0.043476,0.043703001,0.04428,0.045513,0.048073001,0.052993,0.061002001,0.071856998,0.084794998,0.098849997,0.112634003,0.125161007,0.136013001,0.145300001,0.153889,0.162365004,0.170678005,0.177925006,0.183128998,0.185862005,0.186125994,0.183913007,0.179139003,0.172536999,0.165588006,0.159202993,0.153814003,0.149683997,0.146743998,0.14474,0.143344,0.142268002,0.141275004,0.140346006,0.139216006,0.137871996,0.136513993,0.135401994,0.134812996,0.134973005,0.136000007,0.138104007,0.141497999,0.146378994,0.152772993,0.160776004,0.170037001,0.180135995,0.190751001,0.201551005,0.212262005,0.222283006,0.231134996,0.239446998,0.247883007,0.257679999,0.270195007,0.286659002,0.307301015,0.331490994,0.358512998,0.386758,0.414225012,0.439615011,0.461685985,0.479911,0.494006008,0.503884018,0.51047802,0.514724016,0.517364025,0.519011021,0.519680023,0.519116998,0.517376006,0.514648974,0.511247993,0.507443011,0.503298998,0.498950005,0.494646996,0.490444988,0.486405999,0.482641012,0.47932601,0.476514995,0.474043012,0.472000986,0.470254988,0.468802005,0.467391014,0.465995014,0.464578003,0.462906003,0.460823,0.458135992,0.45479399,0.450735986,0.445713013,0.440122008,0.43415001,0.428050995,0.421950012,0.416047007,0.410367996,0.404785991,0.399428994,0.394506007,0.390053004,0.386027008
CornWholePerten0144,Perten_DA7250,corn,Unknown,South Africa,2012,12.89999962,7.699999809,-0.026133001,-0.02366,-0.020343,-0.016481999,-0.012304,-0.008139,-0.004517,-0.00187,-0.00023,0.000576,0.000731,0.000411,-0.000264,-0.001217,-0.002344,-0.003613,-0.004978,-0.006429,-0.007798,-0.009112001,-0.010374,-0.011657,-0.012958,-0.014204,-0.01532,-0.016240999,-0.017053001,-0.017705999,-0.018185999,-0.018461,-0.018537,-0.018469,-0.018206,-0.017609,-0.016510001,-0.014411,-0.010593,-0.004498,0.003642,0.013330001,0.023999,0.034678001,0.044613,0.053339001,0.060754001,0.067583002,0.074441999,0.081214003,0.087141,0.091416001,0.093794003,0.094235003,0.092698999,0.088956997,0.083637998,0.078042001,0.072989002,0.068815,0.065636002,0.063375004,0.061841998,0.060835999,0.060042001,0.059351999,0.058651,0.057812002,0.056821998,0.055803999,0.054986998,0.054581001,0.054710001,0.055535,0.057229001,0.059877001,0.063625,0.068584003,0.074764997,0.081983998,0.089983001,0.098462999,0.107128002,0.115792997,0.123989001,0.131301999,0.138114005,0.145010993,0.153044999,0.163241997,0.176988006,0.194391996,0.215193003,0.239084005,0.264683992,0.290152997,0.314126015,0.335408002,0.353332013,0.367386013,0.377411008,0.384267002,0.388805002,0.391694009,0.393518001,0.394382,0.394143999,0.392762989,0.390289009,0.38707,0.383480012,0.379572004,0.375562996,0.371425003,0.367356986,0.363460988,0.359908015,0.356611997,0.353812009,0.351408005,0.349422991,0.347707987,0.346159995,0.344877988,0.34363699,0.342213988,0.340606004,0.338575006,0.336068004,0.332863003,0.328961015,0.324205995,0.318872005,0.313207001,0.307457,0.301667005,0.296077997,0.290616006,0.285364002,0.280436009,0.275756002,0.27155,0.267940015
CornWholePerten0145,Perten_DA7250,corn,Unknown,South Africa,2012,12.60000038,7.300000191,-0.014358,-0.011333,-0.007185,-0.002427,0.002671,0.007721,0.012113,0.015359,0.017370001,0.018425999,0.018675,0.018394001,0.017614,0.016472001,0.015199,0.013727,0.012122,0.010491,0.008895,0.007344,0.005882,0.004416,0.002953,0.001542,0.000228,-0.000902,-0.001824,-0.002565,-0.003077,-0.003407,-0.003558,-0.003523,-0.003261,-0.002685,-0.001526,0.00073,0.004954,0.011877,0.021274,0.032499,0.044808999,0.057037,0.068327002,0.078267001,0.086827003,0.094756998,0.102623001,0.110326998,0.117066003,0.121923998,0.124586001,0.124959,0.123048,0.118784003,0.112850003,0.106628001,0.100947999,0.096247003,0.092719004,0.090239003,0.088601001,0.087521002,0.086669996,0.085878998,0.085052997,0.084089004,0.082962997,0.081834003,0.080907002,0.080388002,0.080499001,0.081446998,0.083339997,0.086344004,0.090571001,0.096193001,0.103185996,0.111319996,0.120268002,0.129701003,0.139262006,0.148807004,0.157802001,0.165823996,0.173339993,0.180939004,0.189592004,0.200544,0.215257004,0.233809993,0.255849004,0.280885994,0.30744499,0.333703011,0.358249009,0.380008996,0.39815101,0.412348986,0.422544003,0.429520994,0.434210002,0.437213004,0.439081997,0.440016002,0.439837992,0.438546002,0.436170012,0.433091998,0.429630995,0.425783008,0.421835005,0.41780901,0.413877994,0.410080999,0.406646013,0.403504014,0.400833994,0.398548991,0.396640003,0.395027012,0.393525004,0.392356008,0.391265005,0.389871001,0.388323993,0.38635999,0.383902013,0.380759001,0.376769006,0.371980012,0.366645008,0.360960007,0.35511601,0.349177986,0.343407005,0.337796003,0.332385004,0.327286005,0.322443992,0.318031997,0.314148009
CornWholePerten0146,Perten_DA7250,corn,Unknown,South Africa,2012,12.30000019,6.396807194,-0.077238001,-0.074543998,-0.071107,-0.067193002,-0.063043997,-0.058988001,-0.055396002,-0.052641999,-0.050843999,-0.049729001,-0.049153,-0.049015999,-0.049176998,-0.049552999,-0.050055001,-0.050686002,-0.051394001,-0.052124001,-0.052816998,-0.053488001,-0.054113999,-0.054678001,-0.055233002,-0.055810999,-0.056260001,-0.056609999,-0.056867,-0.057034999,-0.057057999,-0.056928001,-0.056722999,-0.056377001,-0.055911999,-0.055278,-0.054226998,-0.052441999,-0.049385,-0.044558,-0.038063001,-0.030355001,-0.021994,-0.0138,-0.006275,0.000412,0.006382,0.012013,0.017529,0.022913,0.027714999,0.031259999,0.033282001,0.033691999,0.032561,0.029935001,0.026427999,0.022781,0.019365,0.016511001,0.014445,0.013075,0.012249,0.011764,0.011434,0.011129,0.010768,0.010258,0.009668,0.009032,0.008546,0.008357,0.008607,0.009373,0.010814,0.012967,0.015987,0.019886,0.02475,0.030448001,0.036658,0.043242998,0.050039001,0.056768,0.063089997,0.068676002,0.073784001,0.079051003,0.085217997,0.093070999,0.103776,0.117798001,0.134706006,0.154155001,0.175228998,0.196649,0.217160001,0.235487998,0.250889003,0.262991011,0.271560997,0.277274013,0.280977994,0.283329994,0.284734994,0.285261989,0.284830004,0.283416987,0.281042993,0.277882993,0.274385989,0.270698011,0.266995013,0.263280004,0.259770989,0.256502003,0.253587008,0.251015008,0.248836994,0.247035995,0.245638996,0.244434997,0.243496999,0.242560998,0.241664007,0.240626007,0.239344001,0.237691999,0.235534996,0.232847005,0.229546994,0.225566998,0.221160993,0.216471002,0.211548001,0.206605002,0.201768994,0.197075993,0.192662999,0.188449994,0.184397996,0.180822998,0.177569002
CornWholePerten0147,Perten_DA7250,corn,Unknown,South Africa,2012,12.30000019,7.800000191,0.005458,0.009042,0.013747,0.019058,0.024703,0.030084999,0.034703001,0.037804999,0.039565001,0.040281002,0.040132001,0.039259002,0.037873998,0.036247999,0.034607001,0.032579001,0.030471999,0.028444,0.026388999,0.024235999,0.022291999,0.020465,0.018716,0.017129,0.015647,0.014293,0.013069,0.012015,0.011231,0.010716,0.010383,0.010289,0.010382,0.010968,0.01229,0.015018,0.020054,0.028179999,0.039064001,0.051924001,0.065858997,0.079435997,0.091527,0.102224,0.11163,0.120035999,0.128362,0.136399001,0.143396005,0.148307994,0.150997996,0.151397005,0.149281994,0.144765005,0.138261005,0.131401002,0.125090003,0.119838998,0.115635999,0.112722002,0.110721,0.10932,0.108250998,0.107336,0.106381998,0.105249003,0.103936002,0.102586001,0.101494998,0.100815997,0.100929998,0.101875,0.103915997,0.107244998,0.112025999,0.118124001,0.125725001,0.134593993,0.144367993,0.154733002,0.165175006,0.175665006,0.185313001,0.194066003,0.201885,0.209704995,0.218592003,0.229842007,0.244941995,0.264129013,0.286383987,0.311280996,0.337720007,0.363314986,0.38736099,0.408194006,0.425763011,0.439038009,0.448828995,0.455758005,0.460067987,0.462922007,0.46419999,0.465512991,0.465070993,0.463681996,0.461052001,0.457735986,0.454268992,0.450448006,0.446680009,0.442600995,0.438960999,0.434994996,0.432042003,0.428665996,0.426156014,0.423584014,0.421521008,0.420147002,0.418583006,0.417679012,0.416260988,0.415226996,0.413282007,0.41130501,0.40862301,0.405584008,0.402148992,0.397558987,0.392670989,0.386768013,0.381592006,0.376033008,0.370563,0.365563989,0.360276014,0.355693996,0.351071,0.347088009,0.343208998
CornWholePerten0148,Perten_DA7250,corn,Unknown,South Africa,2012,12.0,9.704545021,0.026117001,0.027767999,0.030291,0.033303998,0.036566,0.039918002,0.042835001,0.044909999,0.046025001,0.046383001,0.046225,0.045756999,0.044957999,0.044075001,0.042902,0.041590001,0.040234,0.038763002,0.037275001,0.035854999,0.034713,0.033589002,0.032278001,0.030955,0.029739,0.028726,0.027868001,0.027163001,0.026548,0.026091,0.025789,0.025703,0.025721001,0.025951,0.026812,0.028552,0.031842999,0.037027001,0.043861002,0.052092001,0.061135002,0.070207998,0.078835003,0.086533003,0.093194999,0.099459,0.105582997,0.111694001,0.116975002,0.120610997,0.122496001,0.122709997,0.121100999,0.117606998,0.112746999,0.107455999,0.102642998,0.098631002,0.095453002,0.093271002,0.091817997,0.090749003,0.089929,0.089266002,0.088491,0.087513998,0.08642,0.085281,0.084340997,0.083834998,0.083760001,0.084243,0.085364997,0.087428004,0.090418004,0.094529003,0.099717997,0.105890997,0.112995997,0.120734997,0.128653005,0.136553004,0.144030005,0.150446996,0.156151995,0.161624998,0.168036997,0.176548004,0.188366994,0.203593001,0.221959993,0.243559003,0.267300993,0.291566014,0.314662993,0.335294008,0.352775991,0.366284013,0.375943989,0.382584006,0.386916012,0.389734,0.391348988,0.392075986,0.391694009,0.390343994,0.388135999,0.385197997,0.381875008,0.378217995,0.374457985,0.37055099,0.366840988,0.363110006,0.359719008,0.356709987,0.35402301,0.351642013,0.349862009,0.348149002,0.346657991,0.345492005,0.344316989,0.343041003,0.341621995,0.339706004,0.336815,0.333481014,0.329571009,0.324784994,0.319584012,0.314103007,0.308488995,0.302915007,0.297499001,0.29231599,0.287393987,0.282981008,0.278771997,0.274491996,0.270669997
CornWholePerten0149,Perten_DA7250,corn,Unknown,Turkey,2017,12.19999981,7.972664833,-0.00366998,-0.001581197,0.001408163,0.005024877,0.008939334,0.01300912,0.01647394,0.01881909,0.020149261,0.020544769,0.02031797,0.019708861,0.018731549,0.017446389,0.01601194,0.01452593,0.01294293,0.01131602,0.009672223,0.008094191,0.006624053,0.005171073,0.00376445,0.002460268,0.001247037,7.39e-05,-0.000971823,-0.001827765,-0.002541959,-0.003070977,-0.003410791,-0.003581576,-0.003577591,-0.003284043,-0.002452741,-0.000608137,0.002872253,0.008402177,0.015929559,0.02493646,0.034864452,0.04479973,0.0540471,0.062268309,0.069274247,0.075900272,0.082609147,0.0891506,0.094899617,0.099070877,0.101353303,0.1016187,0.099854037,0.096067421,0.09083692,0.085383877,0.080256797,0.076000653,0.072614491,0.070253313,0.068719797,0.067617163,0.066811159,0.066092633,0.065287978,0.064297177,0.063191131,0.06188288,0.060888551,0.060295459,0.06019517,0.060791221,0.062263802,0.064607739,0.068049938,0.072709873,0.078492217,0.085436016,0.093394578,0.101882197,0.1107115,0.119591199,0.127951101,0.135398299,0.142169297,0.148846597,0.156702802,0.166872099,0.1807179,0.198731199,0.220499903,0.246004999,0.273819,0.302196503,0.329253793,0.353491694,0.373627991,0.3890661,0.399873793,0.4070265,0.411480397,0.41420421,0.415680111,0.416191697,0.415506005,0.413560003,0.410606802,0.406782389,0.402178586,0.397581011,0.392918199,0.388174087,0.383577198,0.379138112,0.374913514,0.371292412,0.368249387,0.365693212,0.363424391,0.361551195,0.360087514,0.358804494,0.357343704,0.355769813,0.354030609,0.351739585,0.348687291,0.344819099,0.340114892,0.334556103,0.32834819,0.3215698,0.314747214,0.308256388,0.301976711,0.295881212,0.289790213,0.284168214,0.278935105,0.274151415,0.269746214
CornWholePerten0150,Perten_DA7250,corn,Unknown,Turkey,2017,11.30000019,7.891769886,-0.008312021,-0.006358247,-0.003634783,-0.000147295,0.003727871,0.007733451,0.01113874,0.01341597,0.01476585,0.01511149,0.01485482,0.01429971,0.01335324,0.01211549,0.01075815,0.009314612,0.007766075,0.006167491,0.004629019,0.003140465,0.001737511,0.000338114,-0.001005348,-0.00227294,-0.003470526,-0.004563181,-0.005614435,-0.006475189,-0.007227151,-0.007789348,-0.008182575,-0.008391054,-0.008424462,-0.008159347,-0.007343402,-0.005667038,-0.002353111,0.003027559,0.01019952,0.01864638,0.02796991,0.037340559,0.046155289,0.05401627,0.060720589,0.067109659,0.073617071,0.079993971,0.085571557,0.089630947,0.091851413,0.092161223,0.09052363,0.086918771,0.081899561,0.076644927,0.07172779,0.067603782,0.064335413,0.062110759,0.060574729,0.05951307,0.058756098,0.058098871,0.057236191,0.056216821,0.055052761,0.053798571,0.05276886,0.052087419,0.051876418,0.05229903,0.053578079,0.055643391,0.058853079,0.063204661,0.068586446,0.075165913,0.08265537,0.090754941,0.09928377,0.107915297,0.115996197,0.123018801,0.129343599,0.135503903,0.142712593,0.152078196,0.164722294,0.181228697,0.201396301,0.225211397,0.251464993,0.278623104,0.304826409,0.328332514,0.347810805,0.362808585,0.373198807,0.380028307,0.384302914,0.386787891,0.388111413,0.388659298,0.38792941,0.385922015,0.383118212,0.379551798,0.375330389,0.370981008,0.366571486,0.362068713,0.35778001,0.353565604,0.349676013,0.346315205,0.34351331,0.341125488,0.339083999,0.337379009,0.335996807,0.3347691,0.333506286,0.332077593,0.330556393,0.328357488,0.325453907,0.321763814,0.317176014,0.311873496,0.305789292,0.29921329,0.292654395,0.286476404,0.280535907,0.274624914,0.268784314,0.263352692,0.258256912,0.253555685,0.2493999
WheatWholePerten0001,Perten_DA7200,wheat,Durum,Spain,2007,11.30000019,9.199999809,0.090785235,0.094016753,0.0990059,0.105248004,0.112240225,0.119509637,0.12579909,0.130366266,0.133165076,0.13444452,0.134591773,0.133880064,0.132610947,0.130797893,0.128492579,0.125938118,0.123217754,0.12038599,0.117548928,0.114936546,0.112358064,0.109836824,0.107296921,0.104754046,0.102378286,0.100136377,0.098197296,0.096526541,0.095098041,0.094022505,0.093287081,0.092870928,0.092883788,0.093411744,0.094859414,0.09813188,0.104493231,0.114720941,0.128305599,0.144309253,0.161622778,0.179014966,0.195296049,0.209642857,0.221995562,0.233393535,0.244494781,0.255061477,0.264043003,0.270496219,0.274089813,0.274841905,0.272568226,0.267081499,0.25922972,0.25068444,0.242777854,0.236110896,0.23083815,0.226926252,0.224049956,0.222061515,0.220487744,0.219140649,0.217792243,0.216164276,0.214193344,0.212003917,0.210089296,0.20886758,0.208561957,0.209362388,0.211525306,0.215323925,0.220872015,0.228386477,0.237868115,0.2490509,0.261473894,0.274697512,0.288254827,0.301600516,0.314045548,0.325138778,0.335028797,0.344318241,0.354522586,0.367295593,0.384719759,0.405585468,0.430819988,0.460068822,0.491695106,0.523409009,0.553179205,0.579734922,0.601538479,0.618540406,0.63103801,0.639928937,0.646092057,0.650246501,0.653120935,0.654733896,0.655215919,0.6544047,0.652428985,0.649661958,0.646420002,0.642658055,0.638806462,0.634970903,0.630863011,0.626841366,0.623046815,0.619921923,0.617340863,0.614418089,0.612208247,0.610662282,0.609291971,0.60774076,0.606397986,0.604977012,0.603376389,0.60135299,0.598597825,0.595042646,0.590618968,0.585581183,0.579704702,0.573513389,0.566984355,0.560354531,0.553976536,0.547677517,0.541732788,0.536253691,0.531135738,0.526432753,0.522335291
WheatWholePerten0002,Perten_DA7200,wheat,Durum,Spain,2007,9.300000191,12.10000038,0.174623728,0.176912725,0.180917755,0.186319962,0.192871481,0.199607,0.205642059,0.209988922,0.212640002,0.213684514,0.213700444,0.212950647,0.211717829,0.21003148,0.207687214,0.204994589,0.202165738,0.19934918,0.19642064,0.193663791,0.190983355,0.188283891,0.185581163,0.182832032,0.180215508,0.177813634,0.17565456,0.173770502,0.172039151,0.170741737,0.16979216,0.1690505,0.168759242,0.169017986,0.17013821,0.173102841,0.179160327,0.189018041,0.20227991,0.217900112,0.234981582,0.252509117,0.269398093,0.284685791,0.298145235,0.310580343,0.322548777,0.333761245,0.342963427,0.349405557,0.352631748,0.352857292,0.349972665,0.343926132,0.335620523,0.326556891,0.318048328,0.310732007,0.304781914,0.300292641,0.296888173,0.294466496,0.292683959,0.291109681,0.289561659,0.28758958,0.285160899,0.282414287,0.279942364,0.278114706,0.27727434,0.277691096,0.27951473,0.283115685,0.28863427,0.296277076,0.306156308,0.317994356,0.331443846,0.345853955,0.360741854,0.375410527,0.388837397,0.400636435,0.410889119,0.420262426,0.430100322,0.442259133,0.458826184,0.478475541,0.501728058,0.527938366,0.555672348,0.582576037,0.606834173,0.627576709,0.643795908,0.655908227,0.664417446,0.670317352,0.674446166,0.677121282,0.678948164,0.679783046,0.680124641,0.67956394,0.678326428,0.676715314,0.674731255,0.67242533,0.669867635,0.667376399,0.664631963,0.661795378,0.65927887,0.657213926,0.655484557,0.65323168,0.651596189,0.650584757,0.649485588,0.648478031,0.647600353,0.646517217,0.645247102,0.643814325,0.641883373,0.639165759,0.635798752,0.631890774,0.627616525,0.622991622,0.6177724,0.612754703,0.607806444,0.602852285,0.598249614,0.593621135,0.589412391,0.585543811,0.582082927
WheatWholePerten0003,Perten_DA7200,wheat,Durum,Spain,2007,9.199999809,12.0,0.174797952,0.177075416,0.180959359,0.186128363,0.192544594,0.199350402,0.205407038,0.20963937,0.212250903,0.213472039,0.213381067,0.212683767,0.211495176,0.209770486,0.207519606,0.204856664,0.202082828,0.199146807,0.196334153,0.193662286,0.190914035,0.188262254,0.185568333,0.182862356,0.180255801,0.177926078,0.175755397,0.173797876,0.172091782,0.170749247,0.169734567,0.16903995,0.168726474,0.168892533,0.169994205,0.172943428,0.178906068,0.188623354,0.20177944,0.217135981,0.23405382,0.251426816,0.268196106,0.283522338,0.296985716,0.309479415,0.321523786,0.332766235,0.342086375,0.348439902,0.351730019,0.351986617,0.349107117,0.343036771,0.334634304,0.325543851,0.317008346,0.309618443,0.303672731,0.299100667,0.295773059,0.293331027,0.291479111,0.289961577,0.288370282,0.286393672,0.283969075,0.281162143,0.278609812,0.276726693,0.27580744,0.276108295,0.277878314,0.281370431,0.286787719,0.294307828,0.304067403,0.315859318,0.329207689,0.343681604,0.35863176,0.37334168,0.386897504,0.398768485,0.409059733,0.418379664,0.428200573,0.440324932,0.456744671,0.476264954,0.499420464,0.525778234,0.553733051,0.581034482,0.605834127,0.626851142,0.64341116,0.655904114,0.664586127,0.670514524,0.674656272,0.677476704,0.679243028,0.68029356,0.680709004,0.680072367,0.678867221,0.677167177,0.675216913,0.672831535,0.670472384,0.66785121,0.66514647,0.662472904,0.659771025,0.657735229,0.656055629,0.653779447,0.652198494,0.651058435,0.650014699,0.648907185,0.648157179,0.646855533,0.645737231,0.64428097,0.642294347,0.639639258,0.636214554,0.632415652,0.627836704,0.623213708,0.618102968,0.612735093,0.607698143,0.602585971,0.5981372,0.593627989,0.58913219,0.585163653,0.581918538
WheatWholePerten0004,Perten_DA7200,wheat,Durum,Spain,2007,11.10000038,11.19999981,0.159953475,0.163517088,0.168895006,0.175779775,0.183655039,0.191727907,0.199024171,0.204206482,0.207376733,0.208859116,0.208973125,0.208145678,0.206662983,0.204737514,0.201983124,0.198874116,0.195706964,0.19231087,0.189001814,0.185900331,0.182723016,0.179665119,0.17655541,0.173503637,0.170502201,0.167873099,0.165473253,0.163409978,0.161718354,0.160372868,0.159492135,0.158946112,0.158841789,0.159347609,0.160970226,0.164775744,0.172309578,0.184398472,0.200674072,0.21962449,0.240278527,0.261139631,0.280926526,0.298611522,0.313946873,0.328066886,0.341628432,0.354379326,0.365066409,0.372446537,0.376301348,0.376780868,0.373690963,0.366814911,0.357253909,0.346939921,0.337264419,0.329025507,0.322455138,0.317453533,0.313771308,0.311154634,0.309171528,0.307469249,0.305847079,0.303725332,0.301188916,0.298346698,0.295844078,0.294161499,0.293621421,0.294534445,0.297096878,0.301673323,0.308526546,0.317722321,0.329402775,0.343281835,0.358634085,0.3749834,0.391694099,0.408121258,0.423231065,0.43665579,0.448542178,0.459498048,0.471408695,0.486324847,0.506478369,0.530235529,0.557980061,0.588958919,0.621128619,0.651848912,0.679330587,0.702662408,0.720960081,0.734596133,0.744436681,0.751224637,0.756011248,0.759295702,0.761540949,0.762831509,0.76317662,0.762545764,0.761194229,0.759211958,0.75693959,0.754222632,0.75140363,0.748352885,0.745241106,0.742181361,0.739016354,0.736658573,0.734755039,0.732197583,0.730169773,0.728926778,0.727780581,0.726483703,0.725437045,0.724190354,0.72279489,0.721210301,0.718992293,0.715993583,0.712395966,0.708041489,0.702960014,0.697766364,0.692216039,0.68635571,0.680732846,0.675240696,0.669794858,0.664725781,0.660039008,0.655440033,0.651721776
WheatWholePerten0005,Perten_DA7200,wheat,Durum,Spain,2007,10.0,16.60000038,0.208357543,0.212024272,0.217849955,0.225429833,0.234251261,0.243290052,0.251448363,0.257565558,0.261300355,0.263200641,0.263752461,0.263235629,0.262321502,0.260677636,0.258063942,0.254815042,0.251374185,0.247819334,0.244181782,0.240698099,0.237218022,0.233658642,0.229987085,0.226417869,0.222970173,0.219914258,0.217175365,0.21476832,0.212812454,0.211356789,0.210356638,0.209880248,0.20987533,0.210546479,0.212514252,0.217162699,0.226060778,0.240307272,0.258946091,0.280128181,0.302877188,0.326066732,0.348749816,0.369581968,0.388033271,0.404856205,0.420792371,0.435527086,0.447193712,0.454725325,0.458133817,0.457758933,0.453409791,0.445046306,0.43380174,0.421815187,0.410690308,0.401283026,0.393644959,0.387765378,0.3834126,0.380281121,0.378103823,0.376444608,0.374908328,0.372826994,0.370154321,0.366911769,0.36394009,0.361914396,0.361156613,0.362045705,0.364846766,0.369963646,0.377458483,0.38758269,0.400622964,0.416244268,0.433794379,0.452700526,0.472167611,0.49143818,0.509103596,0.524615288,0.538291514,0.550854385,0.56422323,0.580861151,0.603175879,0.629094899,0.658905506,0.691676557,0.724923134,0.755687654,0.782094061,0.80357933,0.819698691,0.831371069,0.839606106,0.845192492,0.849286079,0.852062225,0.854083777,0.855214775,0.8556813,0.855466545,0.854418397,0.85356158,0.852199137,0.850352526,0.848483145,0.846353769,0.844140947,0.841776848,0.839475095,0.837675989,0.836235285,0.833845198,0.831978619,0.830729663,0.829490244,0.828349352,0.827323139,0.826124072,0.825042725,0.823603928,0.821862936,0.819032967,0.815898836,0.812183678,0.807726383,0.802880883,0.797901988,0.792922199,0.788042843,0.782923579,0.777979732,0.773284495,0.768848538,0.764623106,0.761430383
WheatWholePerten0006,Perten_DA7200,wheat,Durum,Spain,2007,8.699999809,13.69999981,0.180290699,0.18318972,0.188056693,0.194582164,0.202586457,0.210789979,0.218193367,0.223547086,0.226922423,0.228509098,0.228736952,0.228217557,0.227088541,0.225364029,0.222909927,0.220026076,0.216939718,0.213737786,0.210544691,0.207471639,0.20438388,0.201338157,0.198202089,0.195106745,0.192129582,0.189387202,0.186926931,0.184700966,0.18285127,0.18136169,0.180257708,0.179633334,0.179449618,0.17980063,0.181373715,0.185147017,0.192631215,0.204658315,0.220569179,0.238849878,0.258717448,0.279127449,0.29897067,0.317149282,0.333131492,0.347835273,0.362024218,0.375180125,0.386070848,0.393406838,0.397022963,0.397320032,0.393984646,0.386933923,0.37718007,0.366558522,0.356578916,0.347975493,0.341034919,0.335722923,0.331796199,0.328994721,0.326923221,0.32518661,0.323500842,0.321326315,0.318575829,0.315436333,0.312455863,0.310278922,0.309315443,0.309756458,0.311832041,0.315984845,0.322312444,0.330989659,0.342317849,0.356068224,0.371634275,0.388516784,0.405999392,0.423237145,0.439132392,0.453030467,0.465077639,0.475795209,0.487110645,0.501121998,0.519886494,0.542031884,0.568045497,0.597325325,0.628054321,0.657375395,0.683465779,0.705382407,0.722099841,0.734299243,0.74270469,0.748563886,0.752728522,0.755483389,0.757443965,0.758524776,0.758923173,0.758688808,0.757750928,0.756331503,0.754672289,0.752688408,0.750515342,0.748205423,0.745857477,0.743167937,0.740616441,0.738748908,0.737122834,0.734894037,0.733475208,0.732407808,0.731356204,0.730351925,0.729434848,0.728379428,0.727300108,0.725949645,0.724054337,0.721535265,0.718342364,0.714483738,0.709962964,0.705279768,0.700305224,0.695207596,0.690193355,0.685130894,0.680502653,0.675928175,0.671233594,0.667135119,0.663623452
WheatWholePerten0007,Perten_DA7200,wheat,Durum,Spain,2007,11.5,14.39999962,0.189399466,0.193481505,0.199594915,0.207057074,0.215531096,0.224163771,0.231924087,0.237613246,0.24110356,0.242817327,0.242949635,0.242280528,0.240909234,0.238939196,0.236191481,0.232995689,0.229640782,0.226075679,0.222461581,0.219106793,0.215679959,0.212288663,0.208891064,0.205407396,0.20222263,0.199439511,0.196888506,0.194643363,0.192874238,0.191598579,0.1907904,0.190404594,0.190417707,0.191144377,0.193106681,0.197562501,0.206154421,0.219931826,0.238187432,0.259231687,0.282038599,0.305138886,0.3271375,0.34696126,0.364228994,0.379915595,0.394942254,0.408913553,0.420271456,0.427878618,0.431598216,0.431587994,0.427679509,0.419727832,0.409053415,0.397586286,0.386984766,0.377969533,0.370720863,0.365170717,0.361079961,0.358106911,0.355900377,0.354187906,0.352478713,0.350386977,0.347846925,0.344862253,0.34223643,0.340582937,0.340178251,0.341433883,0.344524294,0.349878013,0.357617766,0.368031889,0.381094396,0.396553218,0.413703203,0.431925684,0.450453311,0.468692571,0.485590398,0.500468314,0.513777435,0.526266158,0.539855301,0.557048857,0.580129266,0.607008219,0.637876153,0.671633303,0.705632985,0.736991346,0.763951004,0.785794079,0.802822888,0.815261662,0.823978007,0.830014169,0.83412391,0.836872816,0.838823974,0.840204299,0.84064275,0.840005219,0.838961661,0.837264955,0.835022748,0.832838714,0.830391049,0.827746689,0.824887216,0.821883917,0.819064379,0.816830874,0.814690113,0.812236488,0.81026125,0.808861852,0.807752073,0.806431592,0.805087149,0.803556919,0.802282274,0.800874412,0.798311412,0.795538783,0.79198134,0.787809968,0.782869935,0.777991474,0.772761822,0.767065406,0.76183188,0.756048501,0.750820339,0.746029496,0.741451263,0.736753345,0.732836187
WheatWholePerten0008,Perten_DA7200,wheat,Durum,Spain,2007,10.89999962,12.89999962,0.15380016,0.156964898,0.161968038,0.168279082,0.175551862,0.183219969,0.189997703,0.194941908,0.197963372,0.199382201,0.199494496,0.198848978,0.197608829,0.195726305,0.193334788,0.190562919,0.187544748,0.184379295,0.181200698,0.178150713,0.175153747,0.172185138,0.169153377,0.16619651,0.163384438,0.160822675,0.158499599,0.156548724,0.154917315,0.153671414,0.152851179,0.15236795,0.152311087,0.152840301,0.154453501,0.158190712,0.165475503,0.177148059,0.192701489,0.210781753,0.230355948,0.250245899,0.269184649,0.286167562,0.300914973,0.314398676,0.327380031,0.339568257,0.349687427,0.356628925,0.360186338,0.360483676,0.35736531,0.350654811,0.341349751,0.331284851,0.321961731,0.314041644,0.307720244,0.302882135,0.299325198,0.296818256,0.294920743,0.293365866,0.291787893,0.289849728,0.287558615,0.284865171,0.282480091,0.280832619,0.280308902,0.281158596,0.283549458,0.28794983,0.294433743,0.303141028,0.314198613,0.327339828,0.341983467,0.357617319,0.373558909,0.389316171,0.403955162,0.416832358,0.428251863,0.438873261,0.450364739,0.464757562,0.484125793,0.506918669,0.533787727,0.563919246,0.595414639,0.625938118,0.653415978,0.676632106,0.695342064,0.709281921,0.719332039,0.726449847,0.731226742,0.734519601,0.736767471,0.73816359,0.738747954,0.738131046,0.736752391,0.734833419,0.73239845,0.729759991,0.726735771,0.72382462,0.720596373,0.717294216,0.71424067,0.71168673,0.709289312,0.706833065,0.705004752,0.703600884,0.702399492,0.701150477,0.699725807,0.698493362,0.697125793,0.695268035,0.692853391,0.689897358,0.686196029,0.681782603,0.676722467,0.671418905,0.66579479,0.659873843,0.654527605,0.64882642,0.64358741,0.638313711,0.633555412,0.62914604,0.625216544
WheatWholePerten0009,Perten_DA7200,wheat,Durum,Spain,2007,10.19999981,12.69999981,0.168239862,0.171434462,0.176443428,0.183077291,0.190824688,0.198789388,0.206006154,0.211344421,0.214532033,0.216070786,0.216246754,0.21551761,0.214213252,0.21234481,0.209866539,0.206918135,0.203782141,0.20048587,0.197153494,0.193993226,0.190919906,0.187941551,0.184803948,0.181672871,0.178680122,0.176027253,0.17363438,0.171490878,0.16968748,0.168325409,0.167384908,0.166846126,0.166725338,0.167245254,0.168909267,0.172763869,0.180259645,0.192405179,0.208585396,0.227396697,0.247857153,0.2687563,0.288802236,0.306839943,0.322550654,0.336960584,0.3508825,0.364004731,0.374911398,0.382423341,0.386244834,0.38664791,0.383307695,0.376163721,0.366269827,0.355466217,0.345400095,0.336871535,0.330057234,0.32488364,0.32106334,0.318320513,0.316338897,0.314619482,0.312944561,0.310839623,0.308249354,0.30528599,0.302661359,0.300813258,0.300082713,0.300831258,0.303238034,0.30768314,0.314355552,0.323523045,0.335116446,0.349062026,0.364638269,0.381323934,0.398459375,0.415362686,0.431068271,0.444872737,0.457044512,0.468299002,0.480239064,0.495161653,0.515221,0.538786054,0.566587031,0.597933054,0.630657256,0.662128091,0.690141678,0.71381861,0.73265034,0.746508002,0.756321967,0.763241828,0.76803112,0.771252692,0.77346617,0.774788618,0.775315821,0.774828434,0.773540318,0.771725416,0.769724548,0.767161965,0.764548421,0.761745155,0.75871098,0.755615294,0.752672434,0.750191629,0.748063147,0.745795012,0.743959189,0.742595792,0.741608143,0.740366459,0.739117444,0.737820685,0.736640394,0.735054255,0.732556343,0.729739189,0.725973904,0.721719563,0.716572285,0.711339712,0.70589453,0.700061441,0.69449079,0.688804507,0.683496773,0.67845726,0.673532963,0.669196188,0.66523397
WheatWholePerten0010,Perten_DA7200,wheat,Durum,Spain,2007,11.19999981,13.60000038,0.192974478,0.196440846,0.201794848,0.208783507,0.216790736,0.224988133,0.232308552,0.237698063,0.240999416,0.242474362,0.242610216,0.241925478,0.240603671,0.238546178,0.235904172,0.232870862,0.229624078,0.226197213,0.222749367,0.219558269,0.216385305,0.213191703,0.209958866,0.206657037,0.203637913,0.200949997,0.198414981,0.196293488,0.194547981,0.193214461,0.192342028,0.191837311,0.191764817,0.192319855,0.194008693,0.19808878,0.205982611,0.218639925,0.235559881,0.255176336,0.276517749,0.298195332,0.318856984,0.337479681,0.353736043,0.368569076,0.382766485,0.395946026,0.406738997,0.414144844,0.417830557,0.417892814,0.414335817,0.407052547,0.397116542,0.386364937,0.37634787,0.367835879,0.360980719,0.355697721,0.351860672,0.349086732,0.347019255,0.345305264,0.343563497,0.341485173,0.338915855,0.335927606,0.333285958,0.331490696,0.330905408,0.331853569,0.334526718,0.339392215,0.346495867,0.356166154,0.368358761,0.382907003,0.39907676,0.416257262,0.43378219,0.451007098,0.466938108,0.480987012,0.493374556,0.504832327,0.517147124,0.532621563,0.553394735,0.577688336,0.605928063,0.637150109,0.66898644,0.698998451,0.72512728,0.746863544,0.764055848,0.776483059,0.785289168,0.791574657,0.795722127,0.798890531,0.800819039,0.80226171,0.802736521,0.80229193,0.801175714,0.79949218,0.797592163,0.795389473,0.792917967,0.790380418,0.78755343,0.784797132,0.78210783,0.779808581,0.777882576,0.775552571,0.773879111,0.772477448,0.77146405,0.770378053,0.769165695,0.767939091,0.766663253,0.765113115,0.762877703,0.760191858,0.756779552,0.752665222,0.748019576,0.743219912,0.738116443,0.732710838,0.727544248,0.722123265,0.717189074,0.712565422,0.708086431,0.703838646,0.700083554
WheatWholePerten0011,Perten_DA7200,wheat,Durum,Spain,2007,9.5,13.10000038,0.175482452,0.178299442,0.182895735,0.189050093,0.196456075,0.204326987,0.211251259,0.216383383,0.219456419,0.220818669,0.220912367,0.220235214,0.218998283,0.217260584,0.214921117,0.212077022,0.208941102,0.205792487,0.20258981,0.199630871,0.196682632,0.19370018,0.190630913,0.187554911,0.184706882,0.182106152,0.179642782,0.177509874,0.175744668,0.174256221,0.173268482,0.172563687,0.172321737,0.172691166,0.1741101,0.177642793,0.184701785,0.196222693,0.211527512,0.229294822,0.248632595,0.268437862,0.287582815,0.305002958,0.32034868,0.334539145,0.348190337,0.360815734,0.371242672,0.378403425,0.38198933,0.382081866,0.378742367,0.371829808,0.362359524,0.352119178,0.342492104,0.334272504,0.32762301,0.322553635,0.31883502,0.316172987,0.314202339,0.312548548,0.310848147,0.308755577,0.306100696,0.303034067,0.300263047,0.298262864,0.297315657,0.297789723,0.299902231,0.303956211,0.310186982,0.31884405,0.329917938,0.343351871,0.358506024,0.374842316,0.391659766,0.408320755,0.423605144,0.437010229,0.448792249,0.459480047,0.470649868,0.484506071,0.503204227,0.525302231,0.551332295,0.580673277,0.611262977,0.640630722,0.666666091,0.688433409,0.705406487,0.71790266,0.726622462,0.732591569,0.736652076,0.73946017,0.741387248,0.742575586,0.743169963,0.742730379,0.741681099,0.740120411,0.738376021,0.736480653,0.734173834,0.731874704,0.729346991,0.726580203,0.724092901,0.721953511,0.720119357,0.718081653,0.716564477,0.715352237,0.714315176,0.713463247,0.71235162,0.711297751,0.710186839,0.70884192,0.706675768,0.704171002,0.700831711,0.696890712,0.69224453,0.687408984,0.682528436,0.677325606,0.672272861,0.666964471,0.662066758,0.657260597,0.652853549,0.648678362,0.645002723
WheatWholePerten0012,Perten_DA7200,wheat,Durum,Spain,2007,9.699999809,13.30000019,0.153345943,0.156165987,0.160675049,0.16677621,0.173910618,0.181329534,0.188055262,0.192910358,0.19584249,0.197240099,0.197356701,0.196767941,0.195634753,0.193903595,0.191685185,0.18893446,0.186139107,0.183023959,0.179967135,0.177068949,0.1742443,0.171464086,0.168575257,0.165681675,0.162898421,0.160457447,0.158158407,0.156174943,0.154507563,0.153187186,0.15228568,0.151719913,0.15150018,0.151924431,0.153410867,0.156891763,0.163792372,0.174822301,0.189563885,0.206585661,0.225111008,0.244000822,0.262162566,0.278601855,0.29302156,0.306292325,0.318983436,0.330861211,0.340697497,0.347388387,0.350820273,0.351095766,0.348082572,0.341691464,0.332814992,0.323173434,0.314154774,0.306445599,0.300270885,0.295530945,0.292049468,0.289565116,0.287708551,0.286160231,0.284605563,0.282708228,0.280288696,0.277525723,0.274975151,0.273178041,0.272425324,0.272981852,0.275040269,0.278942227,0.284871638,0.293062747,0.303494752,0.316114187,0.330265492,0.34553346,0.361214966,0.376653314,0.390933782,0.403414697,0.414366126,0.424353093,0.434866786,0.447963804,0.465648562,0.486468911,0.511054635,0.538880587,0.568110108,0.596422434,0.621812701,0.643344462,0.660485625,0.673169434,0.682199776,0.688521266,0.692861974,0.695751786,0.697825015,0.698999941,0.699460387,0.699018061,0.697968006,0.696258485,0.6943506,0.692092121,0.689677894,0.68720001,0.684372187,0.681554973,0.678863883,0.676582933,0.67476821,0.672640979,0.67091161,0.669748366,0.668726623,0.667709887,0.666581333,0.665481269,0.664360702,0.662836254,0.66065836,0.658096969,0.654640377,0.650726557,0.645945132,0.641298533,0.636084795,0.630728185,0.625663936,0.620264411,0.615235984,0.61085099,0.606565356,0.602358401,0.598510623
WheatWholePerten0013,Perten_DA7200,wheat,Durum,Spain,2007,8.300000191,12.89999962,0.215491653,0.217835113,0.222440481,0.228831902,0.236775875,0.245508954,0.253127784,0.258481145,0.261737764,0.263120711,0.263186663,0.262248606,0.260811567,0.258654833,0.25584212,0.252638608,0.249202579,0.245715752,0.24218306,0.238799468,0.235656783,0.232405439,0.229051098,0.225597069,0.222354651,0.2193878,0.216613218,0.214150652,0.211978942,0.210095882,0.208717763,0.207749873,0.207260937,0.207373038,0.208720237,0.212402836,0.219746366,0.231809437,0.247897327,0.266517907,0.287000328,0.308136493,0.328755885,0.347676575,0.364540815,0.38014558,0.395163506,0.409325153,0.420939535,0.428923488,0.433018118,0.433372498,0.429910958,0.422509223,0.412243128,0.400947481,0.390327871,0.381153017,0.373603731,0.367891133,0.363609642,0.360518903,0.35826081,0.356301546,0.354339093,0.35185346,0.348776788,0.345159441,0.341823459,0.339348465,0.338016659,0.338190138,0.340121925,0.344205201,0.350594521,0.35959807,0.371372044,0.385816157,0.402303308,0.420359999,0.439080924,0.457658827,0.474619925,0.489274919,0.501971126,0.513238668,0.524824023,0.539141476,0.558478117,0.581262112,0.608375192,0.639381468,0.671912789,0.703511894,0.731290281,0.754323006,0.772229314,0.784998655,0.79384476,0.799812973,0.803844094,0.806546867,0.808390021,0.809560299,0.810013235,0.809459209,0.808469355,0.807213485,0.805480301,0.803641737,0.801404834,0.799084306,0.796607792,0.793916822,0.79160589,0.789481163,0.787809968,0.785735488,0.784230769,0.783353627,0.782475352,0.781608641,0.780490935,0.779624224,0.778567433,0.777180016,0.774956584,0.772261858,0.768987119,0.765075088,0.760235369,0.755560219,0.750500262,0.745101154,0.739901006,0.734424651,0.729430735,0.724704325,0.719903767,0.71557951,0.712014675
WheatWholePerten0014,Perten_DA7200,wheat,Durum,Spain,2007,10.10000038,15.10000038,0.211725429,0.215085074,0.220400229,0.227459326,0.235980541,0.244668424,0.252590925,0.258438498,0.26194039,0.263584077,0.263866395,0.263199836,0.261958242,0.260010809,0.25723657,0.253894985,0.250447273,0.246840447,0.243182391,0.239735991,0.236271128,0.232835725,0.229274422,0.225679711,0.222383946,0.219426572,0.216659233,0.214239612,0.212250054,0.210703492,0.209622622,0.209006324,0.208847076,0.209383175,0.211194173,0.21545887,0.223863006,0.237423152,0.255344629,0.275951535,0.298339605,0.321322143,0.343596071,0.363988876,0.381987929,0.398490489,0.414342105,0.428941369,0.440761328,0.448635757,0.452403277,0.45232898,0.448277295,0.440123767,0.429093272,0.417237669,0.406181544,0.396722853,0.389128536,0.383273453,0.37889567,0.375773728,0.373495609,0.371682167,0.369851738,0.367666394,0.364825934,0.361459613,0.358399957,0.356292814,0.355461031,0.356311053,0.359026998,0.364013135,0.371463925,0.381607324,0.39457792,0.410229147,0.42778486,0.446648955,0.466148019,0.485391021,0.503109276,0.518610954,0.532284081,0.544744849,0.557999134,0.574629009,0.597064674,0.623251021,0.653725028,0.687724531,0.722603738,0.755446792,0.783827126,0.80699259,0.825031221,0.838055313,0.847191215,0.853560984,0.85776794,0.860730946,0.862905741,0.864288688,0.864929915,0.864394724,0.86343354,0.861939073,0.860202193,0.858377039,0.855944574,0.853671134,0.850995302,0.848190069,0.84555912,0.843352675,0.841584265,0.839158118,0.837323785,0.836096048,0.835070014,0.833959162,0.832612634,0.831451178,0.830286026,0.828793287,0.826416671,0.823682427,0.820101261,0.816049635,0.811166525,0.806174874,0.800884008,0.79507494,0.789711475,0.784050047,0.778762102,0.773762882,0.768893898,0.764083982,0.760238648
WheatWholePerten0015,Perten_DA7200,wheat,Durum,Spain,2007,8.399999619,12.10000038,0.213377804,0.215925917,0.22039181,0.226839051,0.23488678,0.243470505,0.251217365,0.256679028,0.259843886,0.261153579,0.261075497,0.260216385,0.258624375,0.256449461,0.253686994,0.250372976,0.246969566,0.243529171,0.240036324,0.236769721,0.233613744,0.230324045,0.226921663,0.223610386,0.220422238,0.217432991,0.214645028,0.212155923,0.209960342,0.208080411,0.206707671,0.205746681,0.20514001,0.205267742,0.206548974,0.210086718,0.217352048,0.229217663,0.245095179,0.263629884,0.28387624,0.30485785,0.325359255,0.344193429,0.360789925,0.376271993,0.391332299,0.405399084,0.417109519,0.425247759,0.429451853,0.429980248,0.426697582,0.419321686,0.409110904,0.397877663,0.387206405,0.377881914,0.370415211,0.364605069,0.360309303,0.357268632,0.354941219,0.352924109,0.350880653,0.348372757,0.345214754,0.341594905,0.338228226,0.335597843,0.334245145,0.334367544,0.33616668,0.340112507,0.34643662,0.35534671,0.367013246,0.38144657,0.397843063,0.415822148,0.434590548,0.453109592,0.470063627,0.48469919,0.497344285,0.508565605,0.52007407,0.534307241,0.55342567,0.576006532,0.602942646,0.633910418,0.666749358,0.698673546,0.727014959,0.750489891,0.768849731,0.781997442,0.790751755,0.796940148,0.801003635,0.80371511,0.805589855,0.806813061,0.807092249,0.806609154,0.805626452,0.804214776,0.802598774,0.800686359,0.798187316,0.795952082,0.793329716,0.790476024,0.788022697,0.786079168,0.784130096,0.782149196,0.780618548,0.779528618,0.778872967,0.778129995,0.776921153,0.77597338,0.775041699,0.773616672,0.771365702,0.768936813,0.765305162,0.761185944,0.756587148,0.751453698,0.746225774,0.740830123,0.735652745,0.729925394,0.725025594,0.719943285,0.715346158,0.711334825,0.707053483
WheatWholePerten0016,Perten_DA7200,wheat,Durum,Spain,2007,9.0,14.80000019,0.221892446,0.223733202,0.226891205,0.231393203,0.237030745,0.243049279,0.248311833,0.252192468,0.25446552,0.255308002,0.255247355,0.254612565,0.253575862,0.251939178,0.249693364,0.247192055,0.244569153,0.241773248,0.238919795,0.236306846,0.233619064,0.230945826,0.228242785,0.225390866,0.222789705,0.220449925,0.218235716,0.216318011,0.214635015,0.213227153,0.212249935,0.211570442,0.211237341,0.211376965,0.212500781,0.215408161,0.22127898,0.230902255,0.243602455,0.25832811,0.274461329,0.291124851,0.307484567,0.32254225,0.335935384,0.348167777,0.359817088,0.370680571,0.379360527,0.385097504,0.387674332,0.38744092,0.384244263,0.378079265,0.369754583,0.360731483,0.352239579,0.344983667,0.339028299,0.334338903,0.330843598,0.328278095,0.326376855,0.324768782,0.32324177,0.321364224,0.318930924,0.315997332,0.313325346,0.311318874,0.310311109,0.310526967,0.312142372,0.315538466,0.320765108,0.328089118,0.33763805,0.349318236,0.362566084,0.37689516,0.391747892,0.406428307,0.419889778,0.431623817,0.441751778,0.450850815,0.460422009,0.472311616,0.488438427,0.507336259,0.529539645,0.554603875,0.580808461,0.606198013,0.628880262,0.648055255,0.663208962,0.67437768,0.682283878,0.68769455,0.69140482,0.693959594,0.695644617,0.696680069,0.696977675,0.696437538,0.695307851,0.693843901,0.691955388,0.689998388,0.687680543,0.685293436,0.682622552,0.679864883,0.677398801,0.675197482,0.673366904,0.671158373,0.669487119,0.668294668,0.667324126,0.666276991,0.6650123,0.664002359,0.662813902,0.661324322,0.659209967,0.656838119,0.653644204,0.649949312,0.645614862,0.64124459,0.636848629,0.631960511,0.62729466,0.622672319,0.618200898,0.613989055,0.610015571,0.606489062,0.603308559
WheatWholePerten0017,Perten_DA7200,wheat,Durum,Spain,2007,8.899999619,12.30000019,0.172736019,0.175871089,0.181323722,0.188404799,0.196960241,0.206057027,0.214128017,0.220041856,0.223571554,0.2253723,0.22567834,0.225021109,0.223799273,0.221794933,0.219216675,0.216180593,0.212970778,0.209552348,0.206180111,0.202988818,0.199775845,0.19660598,0.193436995,0.190088138,0.186929658,0.184115842,0.181526884,0.179192737,0.177191183,0.175620616,0.174522102,0.173894212,0.173713103,0.174208313,0.175948352,0.18005693,0.188036278,0.200820163,0.217777029,0.237281054,0.258468628,0.280189753,0.301157475,0.320059419,0.336564213,0.351703942,0.366440594,0.380281031,0.39180994,0.399824083,0.403980494,0.404632241,0.401425928,0.394169182,0.383931488,0.372671545,0.362106055,0.353013098,0.345744699,0.340144813,0.336011559,0.333101869,0.33093667,0.329092056,0.327254862,0.324927151,0.322030693,0.318674207,0.315588087,0.313367516,0.312294602,0.312759906,0.314946979,0.319244534,0.325845897,0.335102558,0.347001344,0.361495853,0.377767563,0.395347416,0.41357857,0.431534708,0.448071778,0.462505847,0.475043178,0.486330241,0.497995853,0.512528181,0.531919658,0.554689825,0.581669569,0.612255693,0.644520283,0.675662875,0.703404009,0.726647198,0.744871438,0.758297682,0.767622948,0.774174631,0.778593659,0.781690121,0.783939183,0.785390794,0.786072254,0.785773218,0.784780324,0.783384383,0.781494677,0.779557169,0.777154982,0.774931908,0.772232831,0.769453406,0.767081142,0.764860928,0.763109803,0.760960221,0.759490371,0.758446634,0.757822633,0.756924272,0.75584358,0.754971266,0.753872812,0.752508104,0.750356138,0.747813046,0.744476855,0.740320981,0.73561126,0.730746388,0.725604832,0.719870627,0.714646041,0.709083498,0.703950524,0.699226499,0.6945104,0.690374374,0.686443508
WheatWholePerten0018,Perten_DA7200,wheat,Durum,Spain,2007,7.900000095,13.60000038,0.180752724,0.183894098,0.18925935,0.196639642,0.20578219,0.215361714,0.223929837,0.230338931,0.234041959,0.235945225,0.236384198,0.235732496,0.234541774,0.23265484,0.22998181,0.226762414,0.223340631,0.219825596,0.216222167,0.212815076,0.20943673,0.206088111,0.202622622,0.199066758,0.195716292,0.192745462,0.189911515,0.18744427,0.185301557,0.18353194,0.182362437,0.181593642,0.181328476,0.181869298,0.183722794,0.188009173,0.196382552,0.209839046,0.227521777,0.247940004,0.270129442,0.292949915,0.315224946,0.335453808,0.353168219,0.369479567,0.385410458,0.400406599,0.412821084,0.421329469,0.42573756,0.426364094,0.422894061,0.415082902,0.404063046,0.391874403,0.380444646,0.370662034,0.362829477,0.356785893,0.352399111,0.349251837,0.346938819,0.345008463,0.343009949,0.340550691,0.337421268,0.333798409,0.33039543,0.32789278,0.326633811,0.326923221,0.329048246,0.333425939,0.340240836,0.349783957,0.362278551,0.377491295,0.394745022,0.413546205,0.433060527,0.452395797,0.470261455,0.4857063,0.499137491,0.511176229,0.523411632,0.538496018,0.558720648,0.582457721,0.610605836,0.642843723,0.67685324,0.709702373,0.738741934,0.762842298,0.78154695,0.794996858,0.804266393,0.810574353,0.815074384,0.818050623,0.820206106,0.821621418,0.822181046,0.821838439,0.821133554,0.819892645,0.818362713,0.816643119,0.814374983,0.812362313,0.809948206,0.807299674,0.804842174,0.80274117,0.801097751,0.799031496,0.797520876,0.796359122,0.795697391,0.794954777,0.793855608,0.792941749,0.792148531,0.790796757,0.788760781,0.786019087,0.782641232,0.778621972,0.773790538,0.768928528,0.763661206,0.758248627,0.752952874,0.747169018,0.742158771,0.737015963,0.732427716,0.728017569,0.723902285
WheatWholePerten0019,Perten_DA7200,wheat,Wheat,Spain,2007,11.0,11.5,0.127361685,0.1295643,0.1331691,0.137771457,0.143071756,0.148572654,0.153385297,0.156929106,0.15901871,0.159842342,0.159738496,0.159011677,0.15779765,0.156086549,0.153973594,0.151516616,0.148924843,0.146301076,0.143624455,0.141088128,0.138609946,0.136177108,0.133719713,0.131347477,0.129097834,0.127025783,0.125176683,0.123630986,0.122341022,0.121387973,0.120732762,0.120392025,0.120359659,0.120833963,0.12215177,0.12514028,0.130862474,0.140135691,0.152568862,0.167119652,0.182906091,0.198887572,0.213999346,0.227473319,0.239177793,0.249882191,0.260087192,0.269578606,0.277504951,0.28302303,0.285880715,0.286135763,0.2836276,0.278425753,0.27133289,0.263697892,0.256630957,0.250568926,0.245754346,0.242082074,0.239383742,0.237506241,0.236098141,0.234894499,0.23374106,0.232272655,0.230497927,0.228573874,0.226845115,0.22571978,0.225516349,0.226417467,0.228608862,0.232365742,0.237825155,0.245052531,0.254148573,0.264872313,0.276755303,0.289337277,0.302109808,0.314692795,0.326449513,0.33684057,0.346187562,0.355051845,0.364723682,0.376948059,0.393768311,0.413787246,0.437492341,0.464052737,0.492042363,0.519272924,0.544332624,0.566017747,0.583669245,0.597161889,0.607055545,0.614082933,0.61890626,0.622147977,0.624428392,0.625859737,0.626325965,0.625714243,0.62432009,0.622241736,0.619769216,0.616975486,0.613806546,0.610653937,0.607249439,0.603826344,0.600518107,0.597754955,0.595296741,0.592803121,0.590790331,0.589260221,0.587876082,0.586471677,0.585142732,0.583905995,0.582237065,0.580387116,0.578154206,0.575419545,0.571577966,0.567169547,0.562098146,0.557030082,0.551351249,0.545871854,0.540814459,0.535483599,0.530413091,0.525449395,0.520986617,0.517005086,0.513733447
WheatWholePerten0020,Perten_DA7200,wheat,Wheat,Spain,2007,9.600000382,12.60000038,0.186573699,0.189233333,0.193953916,0.200219944,0.208068118,0.216222286,0.223531187,0.228929192,0.232165188,0.233555585,0.233599424,0.232710227,0.231338188,0.229204729,0.226420403,0.223256126,0.219871119,0.216376022,0.212840527,0.209572211,0.206238151,0.202904433,0.199557334,0.196153536,0.192947999,0.190043286,0.187387735,0.185085207,0.183039963,0.181461841,0.180345044,0.179635301,0.179354608,0.179688394,0.181281,0.185176313,0.192932382,0.205452561,0.222106785,0.241436794,0.262372464,0.283828646,0.304476261,0.323277444,0.339897007,0.355122387,0.369571507,0.383053839,0.394232541,0.401900441,0.405777931,0.406091392,0.402632475,0.395430893,0.385601521,0.37492308,0.364898115,0.356224269,0.349283814,0.343940735,0.340071917,0.33728832,0.335253239,0.333481282,0.33171767,0.32957533,0.326825708,0.323689848,0.320760757,0.318706304,0.317858756,0.318470985,0.320830315,0.325348944,0.332146794,0.341453224,0.353402913,0.367788255,0.384046704,0.401472956,0.419425756,0.437094122,0.453456014,0.46768105,0.480179817,0.491660506,0.50350827,0.518247068,0.538343489,0.562012613,0.589819789,0.620942295,0.653543532,0.684542,0.712261856,0.735253155,0.75304085,0.766293824,0.775485456,0.781758189,0.786162257,0.789014697,0.791128516,0.792529166,0.793058932,0.792775929,0.79191792,0.790469348,0.788852692,0.786946833,0.784605801,0.78203696,0.779501319,0.776765466,0.773998559,0.772020996,0.769963563,0.767763853,0.766213179,0.765145659,0.764145374,0.763200343,0.762359262,0.761439025,0.760285735,0.758701086,0.756525457,0.754040778,0.750824988,0.746693373,0.741633713,0.736866295,0.73138696,0.72595036,0.720693946,0.715289474,0.7101776,0.704675794,0.700213432,0.696110845,0.692319214
WheatWholePerten0021,Perten_DA7200,wheat,Wheat,Spain,2007,11.80000019,11.30000019,0.126036897,0.128146425,0.131597787,0.136209682,0.141418874,0.146721229,0.151558459,0.155001655,0.157002524,0.157679215,0.1574018,0.156369552,0.155021459,0.153103814,0.150797695,0.148152471,0.145412669,0.142474473,0.13959676,0.136969864,0.134360015,0.131781757,0.129190683,0.126598567,0.124178961,0.122009747,0.120043911,0.11833825,0.116901308,0.115791902,0.115016431,0.114587322,0.114471614,0.11482013,0.116091207,0.119167857,0.125038341,0.134531915,0.147255614,0.162110478,0.178255484,0.194524169,0.209869504,0.223444134,0.235189855,0.245995626,0.256254524,0.265870959,0.273955762,0.279552162,0.282488048,0.282760888,0.280337811,0.275150836,0.268016785,0.260316193,0.253125697,0.246985897,0.242089346,0.238352925,0.235628843,0.233642057,0.232089028,0.230870605,0.229639247,0.228105262,0.22623153,0.224199057,0.222424239,0.221284166,0.221086755,0.221957251,0.224179134,0.227964982,0.233476251,0.240830109,0.250088304,0.260987461,0.272997946,0.285739005,0.298683286,0.311379999,0.323241323,0.333717018,0.34310028,0.351903379,0.361591071,0.373925269,0.390839726,0.411032945,0.434996247,0.461891741,0.490160465,0.517762005,0.543025315,0.564862847,0.582496405,0.596088052,0.605935335,0.612686038,0.61743325,0.620618641,0.622807205,0.624177396,0.624427557,0.623663008,0.622109294,0.619880378,0.617280424,0.61429584,0.611059606,0.607623816,0.604160786,0.600661933,0.597414672,0.594620109,0.592218101,0.589682102,0.58759439,0.586115599,0.584845543,0.583395779,0.581982434,0.580554843,0.578930616,0.57720077,0.574721396,0.571715951,0.567954958,0.563386738,0.55841887,0.553170681,0.547594011,0.542123556,0.536799908,0.531336486,0.526378512,0.521577716,0.516999602,0.51313597,0.509660125
WheatWholePerten0022,Perten_DA7200,wheat,Wheat,Spain,2007,10.80000019,13.5,0.158144996,0.160571128,0.16469866,0.170092553,0.176463798,0.182920888,0.188681155,0.192958593,0.195372269,0.196202606,0.196089029,0.195139647,0.19369714,0.191756815,0.189332634,0.186366513,0.183297992,0.180120975,0.177004442,0.174039602,0.171099812,0.168192238,0.165279463,0.162325189,0.159506917,0.156985611,0.154718578,0.152732745,0.151042447,0.149698481,0.148857981,0.148313209,0.148161426,0.148550212,0.15000549,0.153492287,0.160299033,0.171263531,0.185741305,0.202648804,0.220946372,0.239464566,0.257082462,0.272767127,0.286424518,0.298888415,0.310742229,0.321779639,0.330895037,0.337175846,0.340277344,0.340424091,0.337523997,0.331507415,0.323286027,0.314394325,0.306135654,0.298981428,0.293194026,0.28880164,0.285546899,0.28320545,0.281460345,0.28000018,0.278596014,0.276829362,0.274613768,0.272155613,0.26996091,0.268519193,0.268102497,0.268950164,0.271367431,0.275538832,0.281660438,0.289960563,0.300419509,0.312733114,0.326533198,0.341134995,0.355959684,0.370472044,0.38388589,0.395680964,0.406154662,0.415817142,0.426327199,0.439528585,0.457410365,0.478458434,0.503026784,0.530228317,0.558276892,0.585024834,0.609032035,0.629229188,0.645158887,0.657083631,0.665554285,0.671263814,0.675285161,0.677961886,0.679845035,0.680984795,0.681250036,0.680500567,0.679202497,0.677386105,0.675245225,0.672804356,0.67013377,0.667295396,0.664269745,0.66127348,0.658497632,0.656105757,0.6540941,0.65181607,0.649957299,0.648723602,0.647602499,0.646386385,0.645067871,0.643857837,0.642419279,0.640854299,0.63873291,0.63609308,0.632796943,0.628727078,0.624191999,0.619599819,0.614752293,0.609651864,0.604776263,0.599825978,0.59512192,0.59076786,0.586784899,0.583090246,0.579629183
WheatWholePerten0023,Perten_DA7200,wheat,Wheat,Spain,2007,10.69999981,15.19999981,0.176501155,0.179466784,0.183965743,0.189714044,0.196514174,0.203409359,0.209578648,0.214170456,0.217008025,0.21822004,0.21834825,0.217703715,0.216578171,0.214928433,0.212785453,0.210045576,0.207171574,0.204118714,0.201030254,0.198109701,0.195226982,0.192367554,0.189387053,0.186530381,0.18382445,0.181330234,0.179079607,0.177168116,0.175572187,0.17440927,0.173637614,0.17314449,0.17312251,0.173665568,0.17520912,0.178839877,0.185943946,0.197276592,0.212262735,0.229546577,0.248269543,0.267259866,0.285527408,0.302111954,0.316463441,0.329605848,0.34211117,0.353662908,0.363033861,0.369300455,0.372267336,0.37217477,0.368914425,0.362449288,0.35367167,0.34426266,0.335548312,0.328060716,0.322122306,0.317471802,0.314033121,0.311638206,0.309859037,0.308413267,0.307064593,0.305354893,0.303120434,0.300604165,0.2983042,0.29675746,0.296279907,0.297183603,0.299616903,0.303919941,0.310237855,0.318708628,0.329447746,0.342282414,0.35660252,0.371848613,0.387433142,0.402710438,0.416800827,0.42932567,0.440395176,0.450624883,0.46167466,0.475472093,0.494037777,0.515807509,0.541027904,0.568789184,0.597254038,0.624103069,0.647658587,0.667414308,0.682963789,0.694456041,0.702738404,0.708310723,0.712149441,0.714973748,0.716929555,0.718083799,0.718554676,0.718143046,0.717000842,0.715500951,0.713856101,0.711649001,0.709254742,0.706770957,0.704025924,0.701272905,0.698733032,0.696413457,0.69441241,0.692208886,0.690396547,0.688955724,0.687902689,0.686593771,0.685313284,0.684371352,0.683034837,0.681405127,0.679405093,0.677010596,0.673702836,0.669859707,0.665504038,0.660856724,0.656033814,0.651067793,0.646036029,0.641417325,0.636946559,0.632330179,0.628186643,0.624685049,0.620900512
WheatWholePerten0024,Perten_DA7200,wheat,Wheat,Spain,2007,9.800000191,14.30000019,0.189990088,0.19220829,0.196314871,0.201797277,0.208489582,0.215408593,0.221592248,0.226080895,0.228710815,0.229693428,0.229670122,0.228762657,0.227413923,0.225589767,0.22307992,0.220059052,0.216848567,0.213605985,0.210298955,0.207185358,0.204072252,0.200978637,0.19785139,0.19472912,0.19171074,0.189006731,0.186506569,0.184354767,0.182463914,0.180957601,0.17995064,0.17925556,0.179016024,0.17938526,0.180846572,0.184470713,0.191649631,0.203113139,0.218248397,0.235697419,0.254651278,0.273907572,0.292541772,0.309510618,0.324457139,0.338147849,0.351100326,0.363088071,0.372854233,0.379335791,0.382426262,0.382305414,0.378940195,0.372299701,0.363371551,0.35380894,0.344774693,0.337018162,0.330783039,0.325930655,0.322334945,0.319775939,0.317866743,0.316277653,0.314766437,0.312801212,0.310314506,0.307468087,0.304887772,0.303041995,0.302293599,0.302962542,0.305191726,0.309373051,0.315619618,0.324138463,0.335037231,0.348099798,0.362907469,0.378714025,0.394882917,0.410824746,0.425412387,0.438225627,0.44940868,0.459508687,0.470347971,0.48385334,0.502086818,0.523531973,0.548464835,0.576117098,0.604699552,0.631710887,0.655635536,0.675661743,0.691141427,0.702581525,0.710594535,0.715988696,0.719753563,0.722171962,0.723910511,0.725004733,0.725461066,0.724949122,0.723831952,0.722306073,0.720682383,0.71860826,0.716321051,0.713858008,0.711217463,0.70856148,0.706071019,0.703777432,0.701979101,0.699825347,0.698168814,0.697007477,0.696044684,0.694865227,0.693657279,0.692620814,0.691453278,0.689953208,0.687751591,0.685328305,0.682130992,0.678310394,0.67398572,0.669607699,0.664845407,0.659945726,0.655171514,0.650510073,0.645723105,0.641379595,0.637207389,0.633786082,0.630349219
WheatWholePerten0025,Perten_DA7200,wheat,Wheat,Spain,2007,9.399999619,11.0,0.132580698,0.133974373,0.1369607,0.141032726,0.146096245,0.151571795,0.156442255,0.159948722,0.161929563,0.162688434,0.162456438,0.161562562,0.160340563,0.158606678,0.156470552,0.154016435,0.151459992,0.148797959,0.146053866,0.143523052,0.141044527,0.138654098,0.136242643,0.133756861,0.131392703,0.129256278,0.127311721,0.125588268,0.124047592,0.122845113,0.121927299,0.121290565,0.121032767,0.121250376,0.122342385,0.125012189,0.130425111,0.139239833,0.151011378,0.164811179,0.179917291,0.195368037,0.210247397,0.223582149,0.235280693,0.246042669,0.256418169,0.266283542,0.274520427,0.280306518,0.28337279,0.283817589,0.2815184,0.276352733,0.269103169,0.261168033,0.253760546,0.247377709,0.242211923,0.23830986,0.23543863,0.233358294,0.23176147,0.2304544,0.229138315,0.227487579,0.225444138,0.223146066,0.221010864,0.219496951,0.218871743,0.219246239,0.220927239,0.224151507,0.229011357,0.235784397,0.244469017,0.254917711,0.266660333,0.279337794,0.292434335,0.305382282,0.317412227,0.327971488,0.337253124,0.345647037,0.354562074,0.365631729,0.380834341,0.399041086,0.421002507,0.446152121,0.473341227,0.500500083,0.525646925,0.547699153,0.565519631,0.579086661,0.588693857,0.595455051,0.600002766,0.603185713,0.605252624,0.606556535,0.606978655,0.606485426,0.605067432,0.603066027,0.600978196,0.598427296,0.595466733,0.592499495,0.589460373,0.586222231,0.583197773,0.580557704,0.578392029,0.57590884,0.57419467,0.572927296,0.571784675,0.570772946,0.569538236,0.568333805,0.566992641,0.565343916,0.56313479,0.560473561,0.556874454,0.552578509,0.547629356,0.542373776,0.536804557,0.53140372,0.526268244,0.521269202,0.516106725,0.511145532,0.507019758,0.503165364,0.49969238
WheatWholePerten0026,Perten_DA7200,wheat,Wheat,Spain,2007,9.899999619,10.69999981,0.123090819,0.125469059,0.129342914,0.134642854,0.141046614,0.147573084,0.15337041,0.15756321,0.160019174,0.160984457,0.160839945,0.159958065,0.158634529,0.156753555,0.154394284,0.151724994,0.148822099,0.145868555,0.142965078,0.140135214,0.137440667,0.134836912,0.132117569,0.129518047,0.126938909,0.124619529,0.122463867,0.120609179,0.119072877,0.117776923,0.116968982,0.11641717,0.116231501,0.116647318,0.118006088,0.121290378,0.127626509,0.137750834,0.151260212,0.166958869,0.184097588,0.201371953,0.217742294,0.232435718,0.245244697,0.256983191,0.268217742,0.27885139,0.287811488,0.294058561,0.297369629,0.297713637,0.295188159,0.289695531,0.282028079,0.273786426,0.266077697,0.259390086,0.254024983,0.249976099,0.247036547,0.244901985,0.243313104,0.241957456,0.240559071,0.238891944,0.236802042,0.234434456,0.232303545,0.230901271,0.230368078,0.231036231,0.233128488,0.236848086,0.242456436,0.250005692,0.259675086,0.271208942,0.284104645,0.297947705,0.312163025,0.326168537,0.339207113,0.35070172,0.360891998,0.370148182,0.380098522,0.392692894,0.410061479,0.430917531,0.456157714,0.485296398,0.516526997,0.547846019,0.57722497,0.603057265,0.624110401,0.640250742,0.652083576,0.660205245,0.665923238,0.669790685,0.672343195,0.673875988,0.674338639,0.673565686,0.671944141,0.669537604,0.66668433,0.663462758,0.659998179,0.656230331,0.652452588,0.648649335,0.645048857,0.641892135,0.639404118,0.63673234,0.634572446,0.633038282,0.631781817,0.630484283,0.629114389,0.627788723,0.626120746,0.624278069,0.621664286,0.618241012,0.614063442,0.608986855,0.603435576,0.597494841,0.591144264,0.58485651,0.578800082,0.572746158,0.567227006,0.561537445,0.556643248,0.552237332,0.548488855
WheatWholePerten0027,Perten_DA7200,wheat,Wheat,Spain,2007,9.100000382,12.80000019,0.129686892,0.131869435,0.135649249,0.140984222,0.1475043,0.154207781,0.160286158,0.164676696,0.167229995,0.168374777,0.168339521,0.167589888,0.16633448,0.164552301,0.162244231,0.159575641,0.156651899,0.153686509,0.150775984,0.147982046,0.145228893,0.142512158,0.1397596,0.136989743,0.13432169,0.131905615,0.129653484,0.127706304,0.126058608,0.124692082,0.123747073,0.123152271,0.1229847,0.12342447,0.12490426,0.128318533,0.134978712,0.145590231,0.159495235,0.175486296,0.192795396,0.210397184,0.227328748,0.242756411,0.256316781,0.268814921,0.280748755,0.291940421,0.301181614,0.307509363,0.310807258,0.311090052,0.308344871,0.302557975,0.294582337,0.285960138,0.277796745,0.270772874,0.265058488,0.260711402,0.257505179,0.255260676,0.25357464,0.252191335,0.250814438,0.249093711,0.246837392,0.244222552,0.241811872,0.240103602,0.23939538,0.239934295,0.241865471,0.245537669,0.251162946,0.25884074,0.268741608,0.280645877,0.294137895,0.308689266,0.323809177,0.338720679,0.352476478,0.364492983,0.375011951,0.384490967,0.394485772,0.406923711,0.42397061,0.444350898,0.468832851,0.496985376,0.527150035,0.557158768,0.584955454,0.609110057,0.62847811,0.643278897,0.653950095,0.661241889,0.666352511,0.66973418,0.672116876,0.673615158,0.67403847,0.673539519,0.672278762,0.670428574,0.668131828,0.66566807,0.662757337,0.659767687,0.656507433,0.653239071,0.65007633,0.647410274,0.6451419,0.642695546,0.640952408,0.63960129,0.638593435,0.637466013,0.636121333,0.635096014,0.633857906,0.632170141,0.62988162,0.626906276,0.623016119,0.618480265,0.613543391,0.608068049,0.602345884,0.596447647,0.590967655,0.585465133,0.58003968,0.574965358,0.570305347,0.56602031,0.562425911
WheatWholePerten0028,Perten_DA7200,wheat,Wheat,Spain,2007,7.599999905,10.5,0.17877534,0.181129113,0.185578615,0.191870272,0.199814841,0.208323181,0.215861723,0.221184582,0.224238187,0.225527912,0.22551094,0.224481851,0.222986266,0.220903352,0.218134061,0.215015382,0.211710766,0.208396241,0.20506388,0.201918766,0.198831663,0.195826113,0.192705289,0.189577892,0.186568379,0.183742136,0.181119993,0.178773746,0.176680923,0.174964011,0.1736103,0.172644898,0.172186494,0.172375396,0.173671588,0.177159116,0.184189543,0.195598379,0.210791081,0.228531808,0.247992382,0.267965317,0.287331671,0.30500564,0.320677728,0.335273981,0.349301547,0.362442046,0.373518288,0.381238818,0.385390341,0.385961354,0.382928997,0.376345009,0.367000938,0.35680455,0.347104311,0.338550359,0.331614316,0.326301098,0.322292328,0.319430381,0.317263067,0.315376878,0.313414604,0.310948551,0.307932735,0.30447492,0.301226854,0.298808843,0.297451675,0.297492117,0.299188763,0.302904218,0.308889866,0.317330837,0.328326136,0.341857195,0.357436001,0.374470562,0.392155856,0.409654975,0.425686479,0.439537853,0.451419264,0.461813599,0.47253108,0.48577404,0.503909767,0.525503874,0.551386654,0.581458867,0.613789439,0.646003008,0.675571024,0.700786471,0.720560253,0.735230982,0.745469153,0.752367258,0.757210732,0.760268509,0.762254894,0.763544619,0.76391536,0.763209939,0.76214087,0.760304093,0.758096159,0.755762756,0.753070355,0.750085652,0.747084796,0.744009495,0.740963817,0.738458693,0.736581624,0.734216929,0.732627809,0.731432915,0.730582416,0.72965169,0.728492439,0.727699697,0.72645098,0.724729896,0.722387552,0.71949935,0.715682089,0.711095989,0.706209838,0.700658619,0.694677949,0.688864112,0.683138251,0.677447677,0.6720379,0.666526377,0.661633372,0.657144666,0.653241634
WheatWholePerten0029,Perten_DA7200,wheat,Wheat,Spain,2007,11.39999962,8.800000191,0.094371907,0.097002998,0.1011502,0.106363349,0.112358525,0.118510261,0.124019288,0.127896667,0.130210176,0.131267056,0.131133571,0.130318701,0.129117787,0.127365574,0.125060722,0.122554526,0.119954869,0.117274083,0.114604257,0.112092659,0.109676167,0.107304536,0.104881674,0.102494441,0.100326218,0.098276421,0.096421503,0.094773769,0.09341763,0.092392013,0.09166152,0.091295652,0.091232479,0.09165597,0.093003288,0.095990554,0.10184966,0.111218996,0.123695843,0.138317913,0.154229611,0.17013444,0.185084522,0.198315486,0.20977065,0.22027199,0.230443418,0.240087614,0.248279572,0.254203588,0.257446557,0.257980943,0.255892754,0.250920773,0.244027108,0.236462757,0.229384244,0.223380268,0.218594328,0.21502763,0.212416619,0.21057643,0.209183648,0.207961023,0.206695333,0.205180883,0.203351691,0.201334402,0.199576303,0.198421538,0.198111683,0.198860019,0.200898081,0.20444943,0.209635973,0.216659233,0.225489602,0.235966981,0.247596487,0.260012299,0.272721648,0.285222262,0.296918333,0.307391137,0.316747308,0.325457305,0.334931701,0.347010762,0.363679528,0.383801818,0.408220589,0.436537892,0.467253208,0.49833867,0.527620137,0.553702056,0.575188637,0.592041135,0.604367971,0.612987638,0.618962526,0.623001635,0.625799418,0.627417266,0.627822936,0.627045751,0.625172079,0.622366309,0.619208872,0.615658522,0.611649513,0.607665837,0.603561103,0.599372327,0.59562242,0.592337906,0.589596272,0.586673915,0.584480226,0.582877696,0.581389248,0.57996124,0.578405082,0.577038169,0.57538718,0.573253036,0.57059449,0.567073047,0.562788189,0.557618141,0.551818907,0.545531273,0.539081037,0.532673299,0.526412427,0.520295382,0.514420152,0.508837104,0.50388813,0.499220014,0.495131761
WheatWholePerten0030,Perten_DA7200,wheat,Wheat,Spain,2007,8.800000191,9.899999619,0.116564304,0.11832156,0.12157692,0.126183987,0.131830484,0.13787964,0.143352673,0.147223026,0.149461746,0.150349274,0.150270462,0.149432123,0.148173481,0.146470547,0.144342199,0.141871899,0.139334485,0.136663884,0.134022296,0.131585389,0.129172355,0.126746863,0.12434452,0.121964209,0.119665183,0.117518798,0.115590051,0.113856338,0.112309337,0.111077219,0.110201843,0.109586075,0.109323815,0.109627701,0.110765308,0.113503799,0.119066134,0.127970353,0.139865995,0.153945312,0.16944021,0.185308054,0.200605109,0.214312732,0.226315498,0.237476796,0.248372525,0.258732319,0.267523378,0.273823768,0.277247191,0.277892679,0.275729984,0.270452112,0.263014346,0.254796594,0.247130275,0.240487084,0.23519212,0.23116757,0.228215054,0.226114318,0.224571765,0.223169774,0.221779123,0.220046073,0.217872128,0.215460971,0.213270351,0.211669609,0.210926607,0.211278483,0.212936103,0.21615389,0.221077234,0.227923483,0.23683925,0.247639284,0.259756625,0.272965193,0.2867589,0.300375104,0.313092738,0.324313581,0.334146023,0.343036592,0.352401733,0.364014745,0.380010128,0.399398714,0.423065245,0.45101732,0.481959462,0.513545334,0.543552935,0.570441306,0.592563212,0.609594762,0.621929884,0.630627275,0.636397183,0.640342057,0.643065035,0.644668639,0.645332634,0.644736886,0.643088162,0.640634954,0.638022065,0.63491106,0.63125813,0.627818048,0.62390542,0.619990468,0.61658442,0.613520861,0.61107254,0.608281493,0.606422901,0.60507983,0.603904426,0.602654815,0.601371169,0.600185692,0.598825157,0.596928001,0.594382823,0.59101063,0.586877525,0.581888914,0.576103509,0.569896758,0.563612998,0.557046235,0.550857484,0.544903934,0.5389781,0.533631146,0.528722346,0.524197638,0.52027911
WheatWholePerten0031,Perten_DA7200,wheat,Wheat,Spain,2007,12.80000019,11.30000019,0.128341943,0.131676599,0.136612579,0.142603576,0.149519801,0.156365663,0.162408263,0.166842043,0.169597551,0.170809478,0.170771986,0.170031294,0.168629706,0.166733682,0.16443561,0.161661267,0.158654064,0.155629054,0.152562395,0.149664357,0.146857902,0.144095108,0.141295284,0.138536871,0.135957256,0.133630544,0.131550804,0.129796609,0.128390595,0.127376437,0.126743674,0.126411364,0.12647374,0.127113521,0.128717661,0.132326603,0.13923046,0.150316015,0.165024743,0.182148576,0.200663388,0.219129413,0.236495331,0.251912862,0.26532504,0.277595073,0.289254785,0.300111562,0.309221357,0.315563172,0.318796963,0.318920672,0.316059887,0.310119182,0.301996738,0.293354362,0.285363853,0.278553188,0.273142994,0.269036174,0.266015768,0.263897866,0.262325227,0.260989249,0.259633124,0.25802961,0.256077379,0.253844738,0.251984716,0.25081262,0.250680655,0.251814157,0.254421622,0.258793443,0.265090913,0.273454428,0.283855438,0.296135902,0.309699029,0.323907018,0.338380635,0.35263145,0.365866542,0.377636433,0.388339043,0.398427904,0.409586042,0.423776209,0.443210304,0.466355681,0.493767262,0.524485171,0.556508362,0.587694228,0.616192043,0.640610755,0.660526514,0.675776362,0.686811864,0.69463712,0.700100541,0.703769982,0.706313133,0.707672119,0.708108842,0.707368374,0.70572412,0.703232586,0.700421751,0.697206438,0.693605065,0.690031648,0.686199009,0.682236552,0.678784668,0.675741911,0.673051,0.670175374,0.668028355,0.66623348,0.664644659,0.663292646,0.6617136,0.660087526,0.658501089,0.656388581,0.653642833,0.650536478,0.646204889,0.641314805,0.635650039,0.629780233,0.62367022,0.617605388,0.611462951,0.605396092,0.599776804,0.594161749,0.588991463,0.58458519,0.58046782
WheatWholePerten0032,Perten_DA7200,wheat,Wheat,Sweden,2006,16.10000038,11.19999981,0.141481534,0.147323713,0.154714748,0.162924245,0.171079561,0.179085314,0.185830191,0.190624133,0.193182319,0.194028184,0.193532467,0.192156151,0.190297216,0.187672854,0.18471989,0.181338593,0.177681416,0.173974544,0.170448959,0.167151466,0.163947582,0.160781041,0.157747552,0.154683009,0.151987702,0.149574935,0.147678852,0.145994559,0.144880489,0.144256502,0.144075915,0.144308478,0.144933701,0.1460834,0.148254305,0.152620331,0.16091767,0.174686655,0.193298787,0.214925051,0.238185495,0.260746837,0.280898362,0.298211932,0.312680036,0.325621039,0.338198125,0.349925429,0.360025555,0.366870761,0.370437235,0.370526046,0.367266357,0.360428691,0.350999385,0.341030508,0.331893712,0.324141115,0.317954391,0.313312978,0.309961885,0.307441443,0.305673152,0.30419898,0.302846253,0.301322371,0.299551189,0.297623366,0.296277821,0.295737475,0.296565086,0.298915237,0.303143382,0.309350669,0.317882866,0.328723103,0.34197247,0.357097834,0.373108655,0.389513344,0.405823529,0.421766132,0.436613828,0.449912429,0.462442517,0.475116134,0.490307093,0.509542346,0.534531355,0.56460011,0.597887158,0.632402778,0.665917337,0.696180165,0.72203809,0.743014991,0.759946704,0.772382677,0.781010151,0.786917031,0.791360915,0.793930173,0.795819461,0.79666096,0.796583772,0.795569122,0.793455362,0.791164458,0.787787139,0.784301817,0.780450821,0.776775658,0.772937775,0.76919198,0.765837073,0.762403905,0.760004163,0.757140219,0.75466007,0.753048539,0.751410246,0.749937952,0.748727143,0.747448564,0.745789826,0.743714273,0.741425514,0.738346696,0.734818578,0.730372191,0.725067198,0.719905257,0.714328587,0.708718956,0.7028687,0.697676778,0.692674637,0.687316477,0.682923496,0.678152859,0.674292982
WheatWholePerten0033,Perten_DA7200,wheat,Wheat,Sweden,2006,17.20000076,10.69999981,0.155727908,0.159350216,0.164100513,0.169374079,0.174447477,0.179490268,0.18354094,0.186246902,0.187474415,0.187514022,0.186662987,0.18509616,0.183173016,0.18081516,0.178160697,0.175230473,0.172090516,0.169090986,0.166146427,0.163353846,0.160611138,0.157964259,0.155346796,0.152816251,0.150512144,0.14853099,0.146753952,0.145203993,0.144019276,0.143255845,0.142760217,0.142533824,0.142586663,0.143066526,0.14419362,0.146903068,0.152514368,0.162203074,0.175787285,0.19184953,0.209209114,0.226026371,0.240936756,0.253601015,0.264001161,0.273273408,0.282406092,0.290908277,0.298225105,0.303251177,0.305745781,0.305678785,0.303020775,0.297652215,0.29017359,0.282310009,0.275114954,0.268970609,0.264021426,0.260231853,0.257396132,0.255313844,0.253666639,0.252328008,0.251091152,0.249755248,0.248237014,0.246772811,0.245693088,0.245335862,0.24601084,0.247947112,0.251345962,0.256276906,0.263011366,0.271633238,0.281989604,0.293878198,0.306298703,0.319009095,0.331543058,0.343877465,0.355440199,0.36583522,0.375755489,0.386096954,0.398889005,0.415357053,0.436738014,0.462837845,0.491737217,0.522257626,0.552344263,0.57983762,0.603948832,0.623977363,0.640083909,0.652319312,0.660915256,0.666798711,0.670880497,0.673545599,0.675045431,0.675981939,0.675455928,0.674031913,0.671419919,0.66839987,0.664478719,0.660449088,0.656029344,0.651947677,0.64752543,0.643455565,0.639708757,0.63561672,0.632905364,0.629866064,0.6271016,0.625270546,0.623321474,0.621576309,0.619955897,0.618302286,0.616471052,0.61414963,0.611680687,0.608530104,0.604680717,0.600349426,0.595216274,0.590211332,0.584663451,0.579424441,0.573786497,0.56899941,0.564189374,0.559356332,0.555198968,0.550947309,0.547225714
WheatWholePerten0034,Perten_DA7200,wheat,Wheat,Sweden,2006,15.80000019,10.30000019,0.198746488,0.20056589,0.20296894,0.206127822,0.209145203,0.212420836,0.214958072,0.21655418,0.217201918,0.216917336,0.215955526,0.214551956,0.212899968,0.210883915,0.208695263,0.20630239,0.203797802,0.201237157,0.19879362,0.19661969,0.194279879,0.192008808,0.189820275,0.187687919,0.185634628,0.183743134,0.181982845,0.180369139,0.178981274,0.177805409,0.176895857,0.17611979,0.175532222,0.175300062,0.175393328,0.17669031,0.179907128,0.186008006,0.194845632,0.205718562,0.217792347,0.229890928,0.240882233,0.250265002,0.258075625,0.264981985,0.271863163,0.278272182,0.283870935,0.28758961,0.289327204,0.289054662,0.286696762,0.28213504,0.27573958,0.269046068,0.262806416,0.257497907,0.253110081,0.249612629,0.24689056,0.244746268,0.243068993,0.241534829,0.24008362,0.238524258,0.236848503,0.235020444,0.233612537,0.232657537,0.232614398,0.233559921,0.235631391,0.238974243,0.243864924,0.250273079,0.258224726,0.267485976,0.277344793,0.287516803,0.297698975,0.30786112,0.317282081,0.325720042,0.333560497,0.341528833,0.35136357,0.364037037,0.380609661,0.401220739,0.424483538,0.449604273,0.474976778,0.498749495,0.520094693,0.53814733,0.552978039,0.564123333,0.57202971,0.577489793,0.581248522,0.583584249,0.585114121,0.58587873,0.585351467,0.584059596,0.581751764,0.578762114,0.575310528,0.571577966,0.567545056,0.563824594,0.559780359,0.5559448,0.552598238,0.549138188,0.546382904,0.543901146,0.541701794,0.540042698,0.538432062,0.536887884,0.535653412,0.534202993,0.532587171,0.53049016,0.528495133,0.525564015,0.522340655,0.518448174,0.513950348,0.509426475,0.504642129,0.499920756,0.495262086,0.490790218,0.486723691,0.482517064,0.478884071,0.475426167,0.472357094
WheatWholePerten0035,Perten_DA7200,wheat,Wheat,Sweden,2006,15.89999962,10.60000038,0.141779408,0.147277698,0.154913187,0.163051888,0.171344146,0.179565027,0.186530143,0.19129242,0.194094047,0.194918126,0.194470391,0.193234369,0.191123918,0.188577056,0.185448661,0.182075799,0.178403199,0.174632117,0.171141654,0.167792395,0.164634109,0.161360383,0.158335641,0.15527983,0.152565971,0.150207415,0.148230687,0.146534205,0.145495161,0.144837797,0.144627124,0.144896969,0.145454601,0.146715865,0.148869231,0.153262854,0.161663264,0.175342962,0.194035396,0.21580635,0.239224449,0.261885673,0.282293856,0.299681813,0.314381152,0.327272594,0.33994934,0.351847827,0.362032652,0.369095326,0.372912645,0.373085856,0.370049298,0.363264978,0.353776455,0.343833864,0.334767371,0.326904267,0.320793986,0.316098988,0.312762201,0.31031546,0.308591604,0.307134658,0.305697352,0.304132909,0.302327693,0.300383329,0.29896158,0.298422366,0.299196094,0.301524162,0.305711985,0.311879903,0.320430845,0.331261486,0.344517142,0.359540403,0.375662863,0.392141074,0.408413112,0.424328327,0.439241231,0.452690452,0.465185046,0.47786808,0.492810249,0.511857987,0.536648512,0.566755414,0.600154281,0.634987116,0.669312477,0.700392544,0.727255344,0.74922806,0.767067552,0.780310929,0.789535165,0.795972884,0.800277591,0.803534389,0.80507791,0.806307972,0.806151927,0.805106759,0.802722156,0.799930692,0.79651916,0.793078721,0.7890113,0.78512013,0.780894399,0.777374864,0.773551762,0.770169914,0.767807841,0.764620245,0.762364984,0.760965288,0.758815885,0.757561684,0.756204724,0.754596591,0.753070533,0.751220048,0.748715699,0.745534658,0.741953492,0.737336993,0.732280731,0.726863265,0.721171081,0.715386033,0.709893763,0.704488754,0.699342907,0.694120526,0.68927604,0.684751153,0.680674374
WheatWholePerten0036,Perten_DA7200,wheat,Wheat,Sweden,2006,18.39999962,8.5,0.111029714,0.114907429,0.120050192,0.125153482,0.130251542,0.134912446,0.138840705,0.141381562,0.142691493,0.142650023,0.141868696,0.140514925,0.138569653,0.136325553,0.133773327,0.13107796,0.128238991,0.125413731,0.122719318,0.120215707,0.117785208,0.115310006,0.113171049,0.110965155,0.108963847,0.107244544,0.10593845,0.104635514,0.103942312,0.103373013,0.10319183,0.103295341,0.103571884,0.104255922,0.105592147,0.108405963,0.113871142,0.123105347,0.136058077,0.151167482,0.167451173,0.182967439,0.196491614,0.207681999,0.216927722,0.224984929,0.232914463,0.240395561,0.24697569,0.251607359,0.254126221,0.254315198,0.252318502,0.247824043,0.241457671,0.23476854,0.228675246,0.22342062,0.219350815,0.216114774,0.213769496,0.21199429,0.210666999,0.209544376,0.208540574,0.207378864,0.206252933,0.205141097,0.204459608,0.204396293,0.205297098,0.207341328,0.210611731,0.215321064,0.221653864,0.229595721,0.239103183,0.249760389,0.260964781,0.272307932,0.283300489,0.2941688,0.304442376,0.313788414,0.322691321,0.332207054,0.344202876,0.359925598,0.38043949,0.405738354,0.434122562,0.464007378,0.493807495,0.521414876,0.545667112,0.566192806,0.582947969,0.595612645,0.604580104,0.610938907,0.615169346,0.618000984,0.619552434,0.620191097,0.619507492,0.617523849,0.614202023,0.610195816,0.605708003,0.600936115,0.595860958,0.590977132,0.585864246,0.581158698,0.576793313,0.57244134,0.56904304,0.565544665,0.562689662,0.560637057,0.558139265,0.556329072,0.55435425,0.552374303,0.55029875,0.547938347,0.545078397,0.541707397,0.537968755,0.53347075,0.528464973,0.523216486,0.517856419,0.51250875,0.507369638,0.502404153,0.49762398,0.493152589,0.488992661,0.485068023,0.481410533
WheatWholePerten0037,Perten_DA7200,wheat,Wheat,Sweden,2006,15.0,10.19999981,0.096353211,0.099796951,0.104815632,0.110418782,0.116164595,0.121924818,0.126774892,0.130180836,0.132088244,0.132630616,0.132180214,0.131101817,0.129456639,0.127442315,0.125115782,0.122539476,0.119788721,0.116952635,0.114343509,0.111819983,0.109374821,0.106991902,0.104576625,0.1023385,0.100242257,0.098349929,0.096820682,0.095424347,0.094535828,0.093830891,0.09352719,0.09356232,0.093816102,0.094586909,0.096080519,0.099141784,0.105079822,0.115005635,0.128508061,0.144318342,0.161281467,0.177999616,0.193065494,0.206059903,0.216962576,0.226686046,0.236239895,0.245157883,0.25282681,0.258152038,0.261065692,0.261405468,0.25914079,0.254208714,0.247147352,0.239708066,0.232883543,0.227042407,0.222386777,0.218867719,0.216352299,0.214476228,0.213140249,0.212042242,0.210993901,0.209728941,0.208326131,0.206737563,0.205559149,0.205014437,0.205413461,0.207037121,0.209970325,0.214345291,0.2206112,0.228530094,0.238312244,0.249516204,0.261543959,0.273950726,0.286263704,0.298441023,0.309989512,0.320265174,0.329747558,0.339340329,0.350648522,0.365179718,0.384312838,0.407985449,0.435043901,0.464351833,0.494411975,0.522796989,0.548402906,0.570248306,0.588218212,0.601900578,0.611882865,0.618730903,0.623453677,0.626798809,0.628712595,0.630025089,0.629992545,0.628755093,0.626525521,0.623404265,0.620067477,0.616238892,0.612169802,0.608004034,0.603884697,0.599880219,0.596227586,0.592497289,0.589792907,0.58688128,0.584705055,0.583034396,0.581165612,0.579859436,0.57851553,0.576966286,0.575578153,0.573543191,0.571109772,0.567994595,0.564375222,0.559997201,0.554979801,0.549652636,0.54417634,0.538671434,0.53342247,0.528258443,0.523518384,0.518746257,0.514373362,0.510296941,0.506701052
WheatWholePerten0038,Perten_DA7200,wheat,Wheat,Sweden,2006,15.10000038,11.10000038,0.158202544,0.163811356,0.171384424,0.179808229,0.188549861,0.197166562,0.204430983,0.209527135,0.212321386,0.213382304,0.212820143,0.21154967,0.209510878,0.206845298,0.203663006,0.20007807,0.196342751,0.192405745,0.188764527,0.185168207,0.18192941,0.178536847,0.175255254,0.172012627,0.16914016,0.166538164,0.164455786,0.162578985,0.161427245,0.160538912,0.160317555,0.16051738,0.160987437,0.162165061,0.164416343,0.168924287,0.177612975,0.191837251,0.211353451,0.233829454,0.258102059,0.281660348,0.30288446,0.321069807,0.336410403,0.349953234,0.363198847,0.375441015,0.385941386,0.393134177,0.396942318,0.397029787,0.393817037,0.386854947,0.377202034,0.366979539,0.357621729,0.349514902,0.343082666,0.338205636,0.33477068,0.33213374,0.330306321,0.328790456,0.327287197,0.325618535,0.323677629,0.321549863,0.319870383,0.319182724,0.319870919,0.322157681,0.326291859,0.332545787,0.34122321,0.352337182,0.365833938,0.381306619,0.397851676,0.414727688,0.431442112,0.447757334,0.462988526,0.476571947,0.489240021,0.501708746,0.516278863,0.534822524,0.558762848,0.58770144,0.619408727,0.652214289,0.684113443,0.712608874,0.736952007,0.756731033,0.772423446,0.784127533,0.79228878,0.797895432,0.801665425,0.804540277,0.805953205,0.807265163,0.807085991,0.80632329,0.804575503,0.802120328,0.799355388,0.796437264,0.793280125,0.78982079,0.78630954,0.78319931,0.780203581,0.777145207,0.775339663,0.772416472,0.770479083,0.769348621,0.767641604,0.766583681,0.765462279,0.763958693,0.76294142,0.761099696,0.759336293,0.756422758,0.753436327,0.749283552,0.744883835,0.740013659,0.73490715,0.729708195,0.725037038,0.720073223,0.715490639,0.710695684,0.706320107,0.702382207,0.69812882
WheatWholePerten0039,Perten_DA7200,wheat,Wheat,Australia,2008,10.51000023,16.94043922,0.186119005,0.189568996,0.195270002,0.202521995,0.210806996,0.219383001,0.227145001,0.232852995,0.236379996,0.238131002,0.238676995,0.238153994,0.237171993,0.235661998,0.233438,0.230546996,0.227346003,0.224070996,0.220663995,0.217380002,0.214273006,0.210981995,0.207537994,0.2042,0.201093003,0.198234007,0.195684001,0.193526,0.191644996,0.190199003,0.189296007,0.188833997,0.188747004,0.189313993,0.190990999,0.194878995,0.202593997,0.215177998,0.231775999,0.250454009,0.270556003,0.290847987,0.310434014,0.328458995,0.344314009,0.358475,0.371710986,0.383872986,0.393635005,0.399872989,0.402808011,0.402375996,0.39873299,0.391941011,0.382699996,0.372830004,0.363525987,0.355502009,0.348930001,0.343730003,0.339852989,0.33713299,0.335209012,0.333667994,0.332215011,0.330451012,0.327964991,0.325114012,0.322416008,0.320407987,0.319718987,0.320457012,0.322788,0.327057004,0.333481014,0.342281014,0.353457987,0.366914004,0.381998986,0.397992015,0.414514005,0.430786997,0.445616007,0.458456993,0.469384998,0.479573011,0.490550995,0.504302979,0.522579014,0.544632018,0.569480002,0.596320987,0.623633027,0.648936987,0.671162009,0.689647019,0.703976989,0.714628995,0.722149015,0.727371991,0.730961978,0.733613014,0.735320985,0.736401022,0.736738026,0.736379027,0.735332012,0.734031022,0.732454002,0.730435014,0.728329003,0.725968003,0.723474026,0.720984995,0.718604028,0.716422975,0.714480996,0.712957025,0.71164,0.710483015,0.709621012,0.708819985,0.707773984,0.706745029,0.705816984,0.704590023,0.702766001,0.700407982,0.697646976,0.694090009,0.690207005,0.68602097,0.681685984,0.677141011,0.672742009,0.668359995,0.663884997,0.659823,0.655632973,0.652078986,0.648851991
WheatWholePerten0040,Perten_DA7200,wheat,Wheat,Australia,2008,10.31999969,11.00580025,0.169192001,0.172013998,0.176420003,0.182185993,0.189014003,0.196171001,0.202552006,0.207215995,0.210027993,0.211291,0.211416006,0.210645005,0.209414005,0.207716003,0.205476999,0.202923998,0.200163007,0.197380006,0.194584996,0.191902995,0.189356998,0.186680004,0.184007004,0.18141,0.178896993,0.176598996,0.174565002,0.172709003,0.171081007,0.169782996,0.168840006,0.168176994,0.167855993,0.168035001,0.169018999,0.171642005,0.177169994,0.186453998,0.199258,0.214356005,0.231068999,0.248070002,0.264302999,0.279004008,0.291801989,0.303469986,0.314639986,0.325118005,0.333979994,0.340186,0.343490005,0.343712002,0.341015011,0.335355997,0.327461004,0.318917006,0.310867995,0.303831011,0.298115999,0.293725997,0.290502995,0.288195014,0.286478996,0.284963012,0.283365995,0.281477988,0.279110014,0.276486009,0.274062008,0.272215009,0.271416992,0.271822006,0.273580998,0.277025014,0.282325,0.289683998,0.299160004,0.310588002,0.323374003,0.336997002,0.35106799,0.364924997,0.377714992,0.388819009,0.398267001,0.407036007,0.416462988,0.428274006,0.444258004,0.464143992,0.487268001,0.513172984,0.540358007,0.566591024,0.590345025,0.610536993,0.62649101,0.638363004,0.646808982,0.652598023,0.656431019,0.659085989,0.660737991,0.661943972,0.662034988,0.661320984,0.660100997,0.658306003,0.656081975,0.653701007,0.651076973,0.64804697,0.645114005,0.642288983,0.639452994,0.63696897,0.635021985,0.633292973,0.631776989,0.630631983,0.629589021,0.628648996,0.627623022,0.626771987,0.625576019,0.624186993,0.622174025,0.619562984,0.616463006,0.612515986,0.608193994,0.603332996,0.598406971,0.593523026,0.588536978,0.583662987,0.578925014,0.574386001,0.569841027,0.56594801,0.562502027
WheatWholePerten0041,Perten_DA7200,wheat,Wheat,Australia,2008,11.63000011,12.91162014,0.151268005,0.154719994,0.160209,0.166960999,0.174729005,0.182744995,0.189879999,0.195020005,0.198337004,0.199891999,0.200074002,0.199395001,0.198153004,0.196373999,0.194038004,0.191174001,0.188163996,0.185001999,0.181775004,0.178737,0.175777003,0.172746003,0.169632003,0.166617006,0.163803995,0.161234006,0.158969,0.157033995,0.155318007,0.154080004,0.153237,0.152798995,0.152715996,0.153166995,0.154588997,0.157991007,0.164826006,0.176146999,0.191431001,0.209181994,0.228458002,0.247991994,0.266559005,0.283351988,0.298016012,0.311291993,0.323938996,0.335747987,0.345432013,0.352086991,0.35542199,0.35532099,0.35204801,0.345479012,0.336569011,0.327098995,0.318194002,0.310537994,0.304298997,0.299614012,0.29617101,0.293754995,0.291985005,0.290477991,0.288949996,0.287212998,0.284871012,0.282290012,0.279940009,0.278255999,0.277803004,0.278659999,0.281087995,0.285421997,0.291767001,0.300356001,0.311322004,0.324324995,0.338770986,0.354070008,0.369740009,0.385203004,0.399428994,0.412045986,0.423038006,0.433499008,0.444914997,0.459363014,0.478758991,0.503058016,0.530986011,0.561784029,0.593703985,0.624208987,0.651314974,0.674283981,0.69254899,0.706121981,0.715695977,0.722343028,0.726742029,0.729997993,0.731979013,0.733362973,0.733687997,0.73299402,0.731593013,0.729754984,0.727329016,0.724822998,0.721991003,0.71875298,0.715551019,0.712208986,0.709011018,0.706093013,0.703694999,0.701476991,0.699692011,0.698342025,0.696762025,0.695632994,0.694467008,0.693199992,0.691875994,0.690091014,0.687735975,0.684803009,0.680981994,0.676527023,0.67155999,0.66614598,0.660462022,0.654693008,0.649011016,0.643440008,0.638145983,0.632728994,0.627948999,0.623718977,0.619527996
WheatWholePerten0042,Perten_DA7200,wheat,Wheat,Australia,2008,12.15999985,18.45401001,0.166667998,0.169856995,0.174775004,0.180831999,0.187732995,0.194836006,0.201159,0.205873996,0.208917007,0.210277006,0.210571006,0.210013002,0.209042996,0.207560003,0.205495,0.202907994,0.199901,0.196765006,0.193657994,0.190615997,0.187635005,0.184538007,0.181352004,0.178270996,0.175373003,0.172767997,0.170497999,0.168598995,0.166909993,0.165716007,0.164985001,0.164674997,0.164735004,0.165347993,0.166885003,0.170528993,0.177617997,0.189197004,0.204606995,0.221974,0.240615994,0.259519994,0.277880013,0.294658989,0.309345007,0.322470009,0.334812999,0.346085012,0.354957014,0.360507011,0.362940013,0.362266004,0.358557999,0.351879001,0.34304899,0.33365199,0.324999005,0.317528009,0.311428011,0.306701988,0.303113014,0.30062601,0.298871994,0.297515005,0.296256989,0.294759989,0.292672008,0.290190011,0.287898004,0.286334992,0.286026001,0.287014008,0.289582998,0.293969005,0.300287008,0.308777988,0.319600999,0.332307011,0.346484989,0.361510992,0.376818001,0.391974002,0.40586701,0.418101013,0.428786993,0.43897301,0.450230986,0.464473009,0.483534992,0.506663024,0.532768011,0.560983002,0.589387,0.615795016,0.638718009,0.657591999,0.672442019,0.683317006,0.691097975,0.696570993,0.700025022,0.70282501,0.704636991,0.705721974,0.706110001,0.70568502,0.704846025,0.70340699,0.701729,0.699770987,0.697413981,0.69492799,0.692306995,0.689458013,0.68679601,0.684352994,0.68225503,0.680248976,0.678646982,0.677169979,0.675751984,0.674721003,0.673538029,0.672329009,0.671159029,0.669624984,0.66772902,0.66504401,0.662042975,0.658101976,0.653921008,0.649370015,0.644553006,0.639735997,0.635061979,0.630375981,0.625621021,0.621235013,0.617057979,0.613049984,0.609862983
WheatWholePerten0043,Perten_DA7200,wheat,Canadian Hard R,Canada,2002,12.0,14.90999985,0.205730006,0.209796995,0.215711996,0.222574994,0.230189994,0.237814993,0.244593993,0.249346003,0.252068013,0.253151,0.25307101,0.252110004,0.25059399,0.248529002,0.245945007,0.24289,0.239612997,0.236233994,0.232910007,0.229813993,0.226686999,0.223551005,0.220393002,0.217276007,0.214387,0.211877003,0.209685996,0.207773998,0.206226006,0.205146998,0.204471007,0.204308003,0.204521,0.205276996,0.207187995,0.211272001,0.219113007,0.231713995,0.248331994,0.267405987,0.287959009,0.308533996,0.327966005,0.34531799,0.360374987,0.373988986,0.386979014,0.398995012,0.408710003,0.414860994,0.417591006,0.417115986,0.413213998,0.406015992,0.396492988,0.386462987,0.377243996,0.369354993,0.362991989,0.357979,0.354369015,0.351783991,0.349839985,0.348396003,0.346926987,0.345212996,0.342997015,0.340447992,0.338218987,0.336858988,0.336695999,0.338016987,0.341033012,0.346289009,0.35352701,0.362814009,0.374915004,0.389008999,0.404581994,0.421021998,0.437716991,0.453956008,0.469117999,0.482441008,0.494208992,0.505720019,0.518572986,0.534987986,0.556650996,0.582912028,0.612062991,0.642884016,0.673896015,0.701884985,0.726182997,0.745885015,0.760830998,0.771916986,0.779600024,0.784923971,0.788510978,0.790791988,0.792400003,0.79322201,0.793516994,0.79301703,0.791556001,0.789822996,0.787877023,0.785677016,0.783234,0.780391991,0.777490974,0.774652004,0.772001982,0.769361019,0.76701802,0.765154004,0.763679981,0.762456,0.760963023,0.759872019,0.758742988,0.757541001,0.756438971,0.754912019,0.752874017,0.750312984,0.747036994,0.743063986,0.738569975,0.733650029,0.728680015,0.723369002,0.718303978,0.713678002,0.708644986,0.704131007,0.700241029,0.696015,0.692674995
WheatWholePerten0044,Perten_DA7200,wheat,Canadian Hard R,Canada,2002,12.5,16.86000061,0.195519,0.199302003,0.204978004,0.211637005,0.218895003,0.226166993,0.232585996,0.237058997,0.239628002,0.240628004,0.240495995,0.239638001,0.238187999,0.236168996,0.233597994,0.230548993,0.227237001,0.223817006,0.220458999,0.217280999,0.214089006,0.210831001,0.207527995,0.204291001,0.201315001,0.198725998,0.196403995,0.194518,0.192935005,0.191860005,0.191236004,0.191054002,0.191276997,0.192127004,0.194120005,0.198351994,0.206396997,0.219349995,0.236241996,0.255383998,0.275750995,0.296079993,0.315337002,0.33257401,0.347546995,0.361065,0.373811007,0.385540009,0.39486599,0.400581002,0.403030992,0.402321011,0.398297012,0.391068012,0.38172701,0.371904999,0.36285001,0.355161995,0.348901987,0.344074994,0.340528011,0.337936997,0.336097002,0.334713012,0.333346009,0.331748992,0.329622001,0.327169001,0.325049996,0.32377699,0.323760003,0.325058997,0.328052014,0.333328009,0.340519995,0.349644989,0.361543,0.375360996,0.39062199,0.406693012,0.42295599,0.43888399,0.453678012,0.466616005,0.478138,0.489502996,0.502170026,0.518366993,0.539592028,0.565257013,0.593463004,0.623288989,0.652855992,0.679571986,0.702708006,0.721248984,0.735523999,0.746079028,0.753440976,0.758535028,0.761834979,0.764159024,0.765793979,0.766658008,0.76691097,0.766358018,0.765119016,0.76365298,0.761817992,0.759774983,0.757528007,0.754922986,0.752324998,0.749686003,0.747039974,0.744521022,0.742582977,0.740687013,0.739162982,0.737966001,0.736716986,0.735490978,0.73406899,0.733148992,0.731948018,0.730494022,0.728600025,0.726225019,0.723147988,0.719394028,0.71499902,0.710411012,0.705552995,0.700662971,0.695894003,0.691062987,0.686452985,0.682026982,0.678013027,0.674080014,0.670606971
WheatWholePerten0045,Perten_DA7300,wheat,Wheat,Sweden,2008,14.57999992,12.39999962,0.335584998,0.338759005,0.343717992,0.349730998,0.356337994,0.362821013,0.368479013,0.37260899,0.374868989,0.375317991,0.37471199,0.373239994,0.371331006,0.368804991,0.365889996,0.362681001,0.359257013,0.355760992,0.352331013,0.348955005,0.345885009,0.342956007,0.340054989,0.337141991,0.334342003,0.331966996,0.329760999,0.327865988,0.326409012,0.325410992,0.324741989,0.324505001,0.324714989,0.325332999,0.326938987,0.330473006,0.33743,0.349216014,0.365514994,0.384662002,0.405662,0.426364005,0.445351988,0.461670995,0.475270987,0.487646997,0.499449015,0.510502994,0.519576013,0.525792003,0.528670013,0.528192997,0.524591982,0.517718971,0.508278012,0.498275012,0.488986999,0.480973989,0.474153996,0.46903199,0.46519801,0.46222201,0.460031003,0.458166987,0.456369013,0.454299003,0.451867014,0.44927001,0.447241008,0.446155012,0.446229994,0.447744012,0.451088995,0.456324995,0.463835001,0.473670006,0.485780001,0.499621004,0.514778972,0.530273974,0.545688987,0.560772002,0.574723005,0.587239981,0.59860599,0.609933019,0.623368979,0.640859008,0.663654983,0.690632999,0.720300973,0.750351012,0.779074013,0.804150999,0.824900985,0.841135979,0.853358984,0.862084985,0.868034005,0.872264028,0.874954999,0.876827002,0.878018022,0.878579021,0.878544986,0.877609015,0.876219988,0.874117971,0.871747017,0.869283021,0.866743028,0.863987982,0.861227989,0.858358026,0.855763018,0.853218973,0.851252019,0.849565983,0.848067999,0.846979976,0.845908999,0.844794989,0.843784988,0.843105018,0.842182994,0.840646982,0.838958979,0.836660981,0.834290028,0.83109802,0.827365995,0.823224008,0.818880975,0.814364016,0.810145021,0.805954993,0.801410973,0.797397018,0.793676019,0.790180981,0.786850989
WheatWholePerten0046,Perten_DA7300,wheat,Wheat,Sweden,2008,14.71000004,9.899998665,0.288888991,0.292216986,0.297347993,0.30349499,0.310072988,0.316574991,0.322212011,0.32633099,0.32860899,0.329140008,0.328646004,0.327206999,0.325349987,0.32289201,0.320037991,0.316973001,0.313748002,0.310440004,0.307170004,0.304040015,0.30114001,0.298420012,0.295713991,0.293008,0.290399998,0.288132995,0.286069006,0.284290999,0.282896996,0.28193301,0.281314999,0.281067014,0.281242997,0.281857014,0.283351988,0.286639005,0.293107987,0.304113001,0.319469005,0.337662995,0.357555986,0.377189994,0.395024002,0.410142988,0.422690004,0.434049994,0.44501701,0.455395013,0.464040995,0.470158994,0.473086,0.472912997,0.469709009,0.463391006,0.454596996,0.445255011,0.436563999,0.429051012,0.422670007,0.417955011,0.414409995,0.411660999,0.409621,0.407770991,0.405923992,0.403872997,0.401517987,0.399087012,0.397168011,0.396100014,0.396178991,0.397585005,0.400647014,0.405497015,0.412568003,0.421743006,0.433023006,0.44590801,0.460029006,0.474372,0.488696009,0.502746999,0.515775979,0.527463019,0.538125992,0.548831999,0.56161499,0.578378975,0.60047698,0.627231002,0.657549977,0.689387023,0.720910013,0.749792993,0.774686992,0.795054019,0.810808003,0.822431028,0.830560982,0.836252987,0.839873016,0.842381001,0.843811989,0.844506979,0.844263017,0.842832983,0.840744019,0.837816,0.834384024,0.830906987,0.827341974,0.823532999,0.819669008,0.815886974,0.81240201,0.809180021,0.806572974,0.804360986,0.80239898,0.800998986,0.799606025,0.798201025,0.796898007,0.795952976,0.794627011,0.792613983,0.790543973,0.787554979,0.784334004,0.780198991,0.77561003,0.770574987,0.765115976,0.759618998,0.754514992,0.749418974,0.744102001,0.739403009,0.73517102,0.731067002,0.727329016
WheatWholePerten0047,Perten_DA7300,wheat,Wheat,Sweden,2008,17.82999992,11.60000038,0.306605011,0.309177011,0.313095003,0.317472011,0.321826011,0.325895011,0.329261005,0.331535012,0.332426012,0.331945002,0.330713004,0.328781992,0.326546997,0.323846012,0.320825994,0.317669988,0.314363003,0.311008006,0.307704002,0.304502994,0.301573992,0.298824012,0.296189994,0.29352501,0.290937007,0.288700998,0.286615998,0.284842998,0.28341499,0.282346994,0.281587988,0.281130999,0.281040996,0.281235009,0.282198012,0.284673005,0.289900005,0.299180001,0.312399,0.328132004,0.345158011,0.361497015,0.375928998,0.387874007,0.397583991,0.406278014,0.414516985,0.422253996,0.428552002,0.432826012,0.434565008,0.433820009,0.430734009,0.425217986,0.417847991,0.410073012,0.40288499,0.396618992,0.391205996,0.387086988,0.383893013,0.381307989,0.379386991,0.377649993,0.375995994,0.374226987,0.372318,0.370444,0.36906901,0.368550003,0.369091004,0.370748013,0.373861998,0.378542006,0.385158986,0.393471003,0.403477997,0.414671987,0.426674992,0.438636005,0.450374991,0.461782992,0.472369999,0.482041001,0.491156012,0.500799,0.513074994,0.529422998,0.550728023,0.576120019,0.604095995,0.63250798,0.659829021,0.684110999,0.704685986,0.721246004,0.734017015,0.743251979,0.749689996,0.754158974,0.756862998,0.758682013,0.759607017,0.759716988,0.758962989,0.757007003,0.754503012,0.751151025,0.747328997,0.743465006,0.739695013,0.735534012,0.731509984,0.727512002,0.723877013,0.720475018,0.717594981,0.715075016,0.712728977,0.71094799,0.709106028,0.707332015,0.705578029,0.704246998,0.702553988,0.700389981,0.698153019,0.695196986,0.692183971,0.688436985,0.684300005,0.679884017,0.675168991,0.670355022,0.665919006,0.661570013,0.656912983,0.652908981,0.649271011,0.645691991,0.642408013
WheatWholePerten0048,Perten_DA7300,wheat,Wheat,Sweden,2008,14.25,11.30000019,0.286967009,0.289761007,0.294241995,0.299760014,0.305761993,0.311764002,0.316971988,0.320795,0.322894007,0.323350012,0.322852999,0.321493,0.319761992,0.317463011,0.314774007,0.311863989,0.308802009,0.305660009,0.302536011,0.29952699,0.296734989,0.294111997,0.291494012,0.288872004,0.286303014,0.284061998,0.281996012,0.280178994,0.278735995,0.277693987,0.276968002,0.27658999,0.276630014,0.277063012,0.278340012,0.281325012,0.287308991,0.297569007,0.311879993,0.328803003,0.347353995,0.365779012,0.382692993,0.397186011,0.409283996,0.420222998,0.430779994,0.440744996,0.448967993,0.454712004,0.45739001,0.457116991,0.45391199,0.447726011,0.439139009,0.42999801,0.421519995,0.414184988,0.407909989,0.403236985,0.399702013,0.396952987,0.394917011,0.393079996,0.391250998,0.389210999,0.386842996,0.384355992,0.382339001,0.381134003,0.38104701,0.38222,0.384947985,0.389396012,0.395994991,0.404597998,0.415271998,0.427540004,0.441092014,0.454939008,0.468849003,0.482528001,0.495196998,0.506546974,0.516874015,0.527163982,0.539386988,0.555449009,0.576704025,0.60253799,0.632070005,0.663419008,0.69480902,0.723886013,0.749204993,0.77006799,0.78628099,0.798259974,0.806662977,0.8125,0.816227019,0.818777025,0.820234001,0.820942998,0.820676982,0.819203019,0.817115009,0.814198971,0.810752988,0.807255983,0.803653002,0.799820006,0.795922995,0.792093992,0.788582981,0.785314977,0.782679975,0.780439973,0.778448999,0.777041972,0.77561897,0.774188995,0.772881985,0.77194798,0.770626009,0.768581986,0.766443014,0.763379991,0.760071993,0.755854011,0.751195014,0.746065974,0.740505993,0.734938026,0.729752004,0.724587977,0.71924001,0.71448499,0.710218012,0.70608002,0.702342987
WheatWholePerten0049,Perten_DA7300,wheat,Wheat,Sweden,2008,14.86999989,11.60000038,0.322376013,0.325810999,0.331104994,0.337424994,0.344195008,0.350834012,0.356617987,0.36086601,0.363196999,0.363705993,0.363153994,0.361685991,0.359753013,0.357230991,0.354265004,0.351031005,0.34759301,0.344053,0.340553999,0.337211996,0.334105998,0.331144005,0.328271002,0.325361013,0.322531015,0.320125997,0.317907989,0.316022009,0.314543009,0.313504994,0.312848985,0.312599987,0.312810987,0.313423991,0.314994991,0.318482995,0.325379014,0.337119013,0.353446007,0.372711003,0.393732011,0.414415985,0.433319986,0.449474007,0.462983012,0.475232005,0.486907989,0.497842997,0.506838024,0.513022006,0.515850008,0.51541698,0.511817992,0.504990995,0.495674998,0.485807002,0.47666499,0.468760997,0.462072998,0.457053006,0.453269005,0.450329006,0.448201001,0.446316987,0.444474012,0.442373008,0.43997401,0.437460989,0.435440987,0.434372008,0.434547991,0.436107993,0.439413995,0.444649994,0.452226013,0.46202001,0.474061012,0.487829,0.502825975,0.51809603,0.533317983,0.548180997,0.561932027,0.574288011,0.585591018,0.59690398,0.610422015,0.628057003,0.651178002,0.678767026,0.709433019,0.740903974,0.771351993,0.798480988,0.821354985,0.839654028,0.853635013,0.863695025,0.870755971,0.875635982,0.878813982,0.881016016,0.882261992,0.88281101,0.882623017,0.881403029,0.879724026,0.877206028,0.874274015,0.871293008,0.868259013,0.864928007,0.861597002,0.858227015,0.855153024,0.852266014,0.849920988,0.847958982,0.846138001,0.844856024,0.843568027,0.842281997,0.841036975,0.840233028,0.838981986,0.837262988,0.835367024,0.832664013,0.829757989,0.826116979,0.821879983,0.817372024,0.812350988,0.807237983,0.802541971,0.797829986,0.792850018,0.788493991,0.784394026,0.780445993,0.776866019
WheatWholePerten0050,Perten_DA7300,wheat,Wheat,Sweden,2008,13.82999992,12.60000038,0.32971099,0.332850993,0.337888002,0.344105989,0.350930005,0.357722014,0.363698006,0.368120998,0.370613009,0.371264011,0.370869011,0.369576991,0.367837012,0.365487993,0.362677991,0.359573007,0.356252998,0.352824986,0.349427015,0.346175998,0.343138993,0.340234995,0.337395996,0.334511995,0.331687987,0.329272986,0.327032,0.325109989,0.323587,0.322495014,0.32178399,0.321493,0.321666986,0.322243989,0.323803991,0.327293992,0.334179997,0.345827013,0.361927986,0.380813003,0.401443988,0.421905994,0.440847009,0.457199007,0.470939994,0.483413011,0.495297998,0.50643301,0.51552999,0.521726012,0.524550021,0.524131,0.520546973,0.513723016,0.504383028,0.494461,0.485235006,0.477243006,0.470467001,0.465366989,0.461528003,0.458559007,0.456425011,0.454549015,0.452717006,0.450574011,0.448080003,0.445390999,0.443161011,0.44185999,0.441789001,0.443085998,0.446105003,0.451027989,0.45828101,0.467756987,0.479514986,0.493077993,0.507983029,0.523271024,0.538613975,0.553624988,0.567475975,0.579823971,0.59096098,0.601885974,0.61471802,0.631358028,0.653159022,0.679181993,0.708177984,0.738080025,0.767086983,0.792930007,0.814686,0.832050026,0.845193982,0.854580998,0.86117202,0.865751028,0.868740976,0.870868981,0.872084975,0.872700989,0.872677028,0.871689022,0.87033999,0.868247986,0.865756989,0.863269985,0.860714972,0.857832015,0.854928017,0.851972997,0.849273026,0.84672302,0.844712973,0.843029976,0.841437995,0.840420008,0.839345992,0.838283002,0.837238014,0.836638987,0.83564502,0.834183991,0.832544982,0.830143988,0.827561975,0.824299991,0.820456028,0.816314995,0.811698973,0.806994021,0.802699983,0.798345983,0.793695986,0.789650977,0.785851002,0.782203972,0.778886974
WheatWholePerten0051,Perten_DA7200,wheat,Wheat,US,2011,8.0,10.23999977,0.146258503,0.148583293,0.153028399,0.159241304,0.167181,0.175568804,0.182557702,0.187300205,0.189774707,0.190552205,0.1902771,0.189176396,0.187471196,0.185323894,0.182677403,0.179687798,0.176522195,0.173271105,0.170266196,0.167393297,0.164619401,0.161754802,0.158854306,0.155830696,0.1530305,0.1503499,0.147949398,0.1456521,0.143624395,0.141942397,0.140688807,0.139694706,0.139118895,0.139126897,0.140252695,0.143231601,0.149388805,0.1597424,0.173627004,0.189763695,0.2073562,0.225312099,0.242620498,0.258239687,0.271883786,0.28459999,0.297158599,0.3092632,0.319529414,0.326745391,0.330720604,0.331538409,0.329031497,0.323007107,0.314244807,0.304499388,0.295161694,0.286998212,0.280274212,0.275087208,0.271297902,0.268542588,0.266383708,0.264587402,0.26265049,0.26031509,0.257374615,0.254031211,0.250909507,0.248451904,0.247116104,0.246943101,0.248207405,0.251356602,0.256476402,0.263814509,0.273568392,0.285661191,0.299660802,0.315023303,0.331102103,0.346920997,0.361339986,0.373579413,0.384070903,0.393473506,0.403268397,0.415599495,0.432186514,0.452818692,0.477447987,0.506222725,0.537693083,0.569411278,0.598668218,0.623821974,0.643570483,0.657875717,0.667675912,0.673848987,0.677864313,0.680417478,0.681866586,0.682491183,0.682099521,0.680933774,0.679017782,0.67674011,0.674188077,0.671056628,0.667786181,0.664253414,0.660808027,0.657228112,0.653832972,0.650840819,0.648298979,0.646305084,0.644810021,0.643584907,0.642662287,0.641865671,0.640821874,0.639917672,0.638644278,0.636985123,0.634721398,0.631519198,0.627728999,0.623022616,0.617772281,0.611952186,0.605903924,0.599761784,0.593783379,0.588220418,0.582435072,0.576990783,0.572074711,0.567455709,0.563534021
WheatWholePerten0052,Perten_DA7200,wheat,Wheat,US,2011,8.100000382,9.039999962,0.139627501,0.141792595,0.145971894,0.152100295,0.159863293,0.167972505,0.1747334,0.179218799,0.181600303,0.182411194,0.182061195,0.180848405,0.179067597,0.176818296,0.174254596,0.171333596,0.168175995,0.165032297,0.162054896,0.159293607,0.156644493,0.153868794,0.151019603,0.148184493,0.145459905,0.142862499,0.140455499,0.138223797,0.136273295,0.134583399,0.133290395,0.132258296,0.131600305,0.131628394,0.132652298,0.135414094,0.141217902,0.151070699,0.164315701,0.179779097,0.196711302,0.213881999,0.230389699,0.245249003,0.258146703,0.270196587,0.282136113,0.29369989,0.303638488,0.310732395,0.314728499,0.315670103,0.313370407,0.307707608,0.299421012,0.290108889,0.281132489,0.273257911,0.266831607,0.261897504,0.258262605,0.255613089,0.25353381,0.251716614,0.249798298,0.247417599,0.244526207,0.241284102,0.238265306,0.235863403,0.234513,0.234293997,0.2354884,0.238379806,0.243203104,0.250144213,0.259398103,0.270904094,0.284223408,0.298839808,0.314151585,0.329266012,0.343066692,0.354742408,0.364632011,0.373540193,0.3828637,0.394527614,0.410274386,0.429958105,0.453662396,0.481825113,0.512989521,0.544801176,0.574780583,0.600847125,0.621620417,0.636792183,0.647065282,0.653814375,0.657998323,0.660593629,0.662203014,0.662747026,0.662451387,0.660993993,0.658939123,0.656333029,0.653445721,0.650114477,0.646590293,0.642751217,0.639086783,0.635184526,0.631683886,0.628467917,0.625730991,0.623611093,0.622101426,0.620898485,0.619801998,0.618958592,0.618029177,0.617109418,0.61576438,0.613950729,0.611504674,0.608283281,0.60425508,0.599433482,0.593944073,0.587840319,0.581581295,0.575354517,0.569115877,0.563342273,0.557388723,0.551841915,0.546791196,0.542181015,0.538059473
WheatWholePerten0053,Perten_DA7200,wheat,Wheat,US,2011,8.5,10.23999977,0.1784271,0.180773705,0.185212404,0.191488594,0.199310601,0.207400307,0.214300707,0.2190146,0.221555501,0.222357199,0.222021699,0.220806405,0.219009802,0.216763407,0.214044496,0.210958406,0.207612202,0.204194903,0.201034501,0.198054805,0.195111007,0.192196101,0.189187303,0.186129704,0.183207497,0.180461198,0.178022802,0.175796107,0.173762098,0.172077507,0.170800105,0.169920996,0.169369295,0.1693874,0.170485795,0.1734474,0.179679006,0.190190703,0.204363406,0.221030995,0.239293903,0.257924289,0.275807202,0.291989505,0.306270093,0.319511294,0.332474887,0.344893009,0.355372489,0.3627038,0.366644293,0.367098808,0.364052802,0.357601106,0.348546714,0.33863011,0.329119891,0.320723891,0.313919395,0.308716506,0.304886013,0.302068889,0.299877703,0.298019886,0.296048105,0.293665886,0.290622801,0.287258387,0.284174502,0.281777889,0.280466795,0.280438989,0.281978399,0.285507411,0.291128904,0.299034089,0.309435189,0.322249591,0.33702901,0.353093088,0.369748086,0.386140794,0.401137888,0.413971901,0.424970001,0.434976488,0.445508689,0.458823711,0.476750106,0.499175489,0.525672317,0.55588299,0.58820492,0.619907796,0.648725092,0.672860622,0.691566885,0.705014885,0.714173317,0.720104992,0.723870218,0.726204991,0.727532923,0.728248298,0.728022575,0.726880312,0.725126684,0.723029673,0.720762491,0.717796683,0.714530528,0.711124599,0.707990825,0.704653502,0.701328516,0.698300779,0.695783079,0.693844974,0.692562819,0.69110471,0.689970195,0.68896842,0.688225329,0.687300205,0.685989618,0.684074402,0.681777775,0.678847075,0.675135613,0.670516014,0.665362597,0.659651518,0.653742611,0.647774696,0.641870976,0.636268675,0.630391717,0.62492311,0.61993432,0.615353584,0.611127377
WheatWholePerten0054,Perten_DA7200,wheat,Wheat,UK,2011,16.25,14.73999977,0.289122999,0.293065012,0.298696995,0.304915011,0.311506003,0.31784299,0.323192,0.326718986,0.328413993,0.328419,0.327185988,0.325195998,0.322616011,0.319588989,0.315901995,0.311774999,0.307476997,0.303162992,0.298893988,0.294822007,0.290899992,0.287039012,0.283206999,0.279514015,0.276100993,0.273030996,0.270408005,0.268243015,0.26650399,0.265347004,0.264667988,0.264385015,0.264481992,0.265219986,0.267152995,0.271479011,0.279893994,0.293776006,0.312552989,0.334351987,0.357621998,0.38022399,0.40059799,0.418110013,0.43296501,0.446114004,0.458393991,0.469758987,0.478888005,0.484730005,0.487141013,0.486194998,0.482003003,0.474604994,0.464911997,0.454892993,0.445645005,0.437698007,0.431300014,0.426200986,0.422311992,0.419423997,0.417180985,0.415455997,0.413832992,0.412021995,0.409895003,0.407669008,0.406132013,0.405492991,0.406233996,0.408722013,0.413076013,0.419701994,0.428698003,0.440063,0.453774989,0.469330013,0.485944986,0.502788007,0.519163013,0.535090029,0.549677014,0.562583983,0.574420989,0.586561978,0.601152003,0.619777978,0.643521011,0.67106998,0.699997008,0.728244007,0.753921986,0.775833011,0.793615997,0.807313979,0.817834973,0.825461984,0.830848992,0.834333003,0.836893022,0.838455021,0.839385986,0.839935005,0.839756012,0.838653028,0.836956978,0.835067987,0.832948983,0.830613017,0.828050017,0.825661004,0.822961986,0.820390999,0.817788005,0.815463007,0.813771009,0.811655998,0.810154975,0.808649004,0.807455003,0.806258023,0.804965973,0.803821027,0.802572012,0.80112797,0.799445987,0.797342002,0.794923008,0.791989029,0.788878024,0.785215974,0.781504989,0.777767003,0.774037004,0.770235002,0.766695976,0.763188005,0.759800971,0.756968021,0.75434798
WheatWholePerten0055,Perten_DA7200,wheat,Wheat,UK,2011,17.69000053,13.14000034,0.291417986,0.296407014,0.303045988,0.310214013,0.31733799,0.324216008,0.32999301,0.333840996,0.335768998,0.335841,0.334614009,0.332677007,0.329952002,0.326768011,0.322981,0.318697989,0.314305991,0.309911996,0.305593014,0.301443011,0.297495991,0.293659002,0.289880008,0.286258012,0.282981008,0.280036986,0.277509004,0.275518,0.273975998,0.273057014,0.272565991,0.27253899,0.272881001,0.273808986,0.275875986,0.280427009,0.289288998,0.303884,0.323760986,0.347122997,0.372150004,0.396236002,0.417694986,0.436028004,0.45153299,0.465312988,0.478285998,0.490375012,0.500217021,0.506694973,0.509469986,0.508637011,0.504271984,0.496351987,0.485935986,0.475237012,0.465436995,0.457037985,0.450307012,0.445075005,0.441065013,0.438113004,0.435746998,0.433925003,0.432278007,0.430384994,0.428287,0.426279992,0.424986005,0.424677998,0.425895989,0.428889006,0.433966011,0.441468,0.451467007,0.463939011,0.478965998,0.495918989,0.513864994,0.531971991,0.549636006,0.566897988,0.582831979,0.597083986,0.610406995,0.624522984,0.641937971,0.66414398,0.692626,0.725786984,0.760712981,0.794829011,0.825627029,0.851746976,0.872820973,0.889007986,0.901243985,0.910037994,0.916347981,0.920473993,0.923189998,0.924914002,0.925975978,0.926739991,0.926568985,0.925212979,0.923286021,0.921036005,0.918426991,0.915607989,0.912549973,0.909641028,0.906340003,0.903127015,0.900023997,0.897485972,0.895163,0.892428994,0.890541971,0.888707995,0.887079001,0.885393024,0.883997977,0.882543981,0.880811989,0.879135013,0.877225995,0.87460798,0.871505022,0.86789602,0.863919973,0.85936898,0.854812026,0.850374997,0.845763981,0.840946972,0.836341023,0.831993997,0.827885985,0.824243009,0.820742011
WheatWholePerten0056,Perten_DA7200,wheat,Wheat,UK,2011,16.73999977,12.13000011,0.259263992,0.264090002,0.270693988,0.277767003,0.285165012,0.292225987,0.298079997,0.302011997,0.304037988,0.304271013,0.303171009,0.301223993,0.298602015,0.295450985,0.291738987,0.287620992,0.283394009,0.279035002,0.274836987,0.27076301,0.266929001,0.263184011,0.259539008,0.256011009,0.252687991,0.249743,0.247201994,0.245196,0.243628994,0.242627993,0.242082,0.241951004,0.242160007,0.243028998,0.245069996,0.249457002,0.258069992,0.272257,0.291469991,0.314117998,0.338292986,0.361598998,0.38251701,0.400314003,0.415376991,0.428797007,0.44147101,0.453355014,0.463129997,0.469733,0.472689003,0.472081006,0.468001992,0.460460007,0.450533003,0.440158993,0.430626005,0.422488987,0.415995985,0.410964996,0.407180011,0.404374003,0.402177006,0.40041399,0.398752004,0.396872997,0.394773006,0.392715007,0.391321987,0.390908986,0.391842991,0.394531012,0.399195999,0.406136006,0.415508002,0.427300006,0.441570014,0.45767799,0.47488001,0.492321998,0.509407997,0.526072979,0.541510999,0.555335999,0.568129003,0.58147502,0.597723007,0.618502021,0.645506024,0.677488983,0.711827993,0.746428013,0.778734982,0.807052016,0.830645979,0.849214017,0.86342901,0.873961985,0.881466985,0.886277974,0.889729023,0.891866982,0.893177986,0.894113004,0.893846989,0.892525971,0.890303016,0.88783598,0.884999991,0.882010996,0.878655016,0.875171006,0.871550977,0.868236005,0.864926994,0.862028003,0.859539986,0.856877029,0.854812026,0.853088975,0.851409018,0.849901021,0.848393977,0.847024977,0.845237017,0.843321979,0.841144025,0.838431001,0.835030973,0.831175983,0.826790988,0.821798027,0.816825986,0.811782002,0.806580007,0.801542997,0.796530008,0.791800022,0.787231982,0.783249021,0.779783011
WheatWholePerten0057,Perten_DA7200,wheat,Wheat,UK,2011,12.31000042,13.0,0.261218011,0.263516009,0.267387986,0.272673011,0.278916001,0.285400003,0.291000992,0.294707,0.296703011,0.297051013,0.296238989,0.294665992,0.292542011,0.289997995,0.286881,0.283318013,0.279576004,0.275876999,0.272246003,0.26867801,0.265258014,0.261891007,0.258534998,0.255189002,0.252047002,0.249063999,0.246425003,0.244149998,0.242147997,0.240630001,0.239534006,0.238842994,0.238492996,0.238705993,0.240026996,0.243475005,0.250423998,0.261976987,0.277615011,0.295994997,0.316006988,0.336062014,0.354885995,0.371630013,0.386204004,0.399408996,0.411944985,0.423707992,0.433281988,0.439723015,0.442645997,0.442221999,0.438490003,0.431432992,0.422013015,0.412092,0.40278101,0.394710988,0.388213009,0.383177996,0.379337996,0.376563013,0.374422997,0.372653008,0.370912999,0.368790001,0.366174012,0.363371015,0.360953003,0.359342009,0.358927012,0.360036999,0.362915993,0.367817015,0.374940991,0.384434998,0.396436989,0.410614014,0.426292986,0.442773998,0.459351987,0.475769013,0.490794003,0.503772974,0.515179992,0.526198983,0.538751006,0.554512978,0.575284004,0.600498974,0.628675997,0.658473015,0.688012004,0.715098023,0.738259018,0.756959021,0.771322012,0.781696975,0.789173007,0.793987989,0.79736501,0.799493015,0.800787985,0.801823974,0.802006006,0.801180005,0.799871028,0.798188984,0.796351016,0.794146001,0.791786015,0.789381981,0.786750019,0.784336984,0.781782985,0.779595017,0.777899981,0.776106,0.774827004,0.773604989,0.772671998,0.771809995,0.771073997,0.770332992,0.769245029,0.76790899,0.766295016,0.76402998,0.761246979,0.757983029,0.754139006,0.749783993,0.745274007,0.740620971,0.736118019,0.731442988,0.72706002,0.722923994,0.718999982,0.715695977,0.71252197
WheatWholePerten0058,Perten_DA7200,wheat,Wheat,UK,2011,13.01000023,12.72999954,0.251345992,0.254195988,0.258686006,0.264241993,0.270630986,0.276995987,0.282537997,0.286327004,0.28827101,0.288619012,0.28778401,0.286118001,0.283921003,0.281188011,0.277961999,0.274354011,0.270534009,0.266709,0.262959003,0.259277999,0.255789995,0.252348006,0.248878002,0.245499,0.242304996,0.239357993,0.236769006,0.234574005,0.232666001,0.231313005,0.230426997,0.229921997,0.229778007,0.230232,0.231840998,0.235632002,0.243132994,0.255387992,0.271932989,0.291184992,0.312013,0.33266899,0.351615012,0.368135005,0.382317007,0.395027012,0.407018989,0.418316007,0.427495986,0.433542997,0.436358005,0.435981005,0.432433993,0.425603986,0.416471988,0.406886011,0.397902995,0.390177012,0.38398999,0.379188001,0.375559986,0.372904003,0.370820999,0.36916399,0.367552012,0.365575999,0.363231987,0.360716999,0.358682007,0.357445002,0.357452005,0.359021992,0.362253994,0.367574006,0.375059992,0.38479501,0.396957994,0.411033005,0.426349998,0.442169994,0.457863987,0.473277003,0.487444997,0.49969101,0.510631025,0.521327019,0.533639014,0.549242973,0.569389999,0.593539,0.620023012,0.647385001,0.673695982,0.697193027,0.717040002,0.732863009,0.745015979,0.753883004,0.760154009,0.764346004,0.767279983,0.769152999,0.770287991,0.771265984,0.771232009,0.770451009,0.769123018,0.767565012,0.765757024,0.763601005,0.761283994,0.759083986,0.756623983,0.754139006,0.751892984,0.749876976,0.748252988,0.746402979,0.745220006,0.744112015,0.743179023,0.742311001,0.741338015,0.740442991,0.739480972,0.738281012,0.736822009,0.73486799,0.732360005,0.729453981,0.726087987,0.722294986,0.718504012,0.714523971,0.710496008,0.706508994,0.702911973,0.699222982,0.695879996,0.692942977,0.690214992
WheatWholePerten0059,Perten_DA7200,wheat,Wheat,UK,2011,13.63000011,11.98999977,0.248340994,0.252456009,0.258219004,0.265327007,0.273095012,0.280714005,0.287283987,0.291958004,0.294463009,0.295212001,0.294548988,0.292926997,0.290785015,0.288114995,0.284741014,0.281028003,0.277018994,0.272991002,0.269068003,0.265267998,0.261597008,0.258069992,0.254518986,0.250952005,0.247675002,0.244702995,0.242069006,0.23985,0.238027006,0.236766994,0.235925004,0.235523,0.235514,0.236172006,0.237949997,0.242137,0.250351012,0.263819009,0.282054991,0.303418011,0.326407999,0.349054009,0.369852006,0.387943,0.403497011,0.417502999,0.43078199,0.443239003,0.453532994,0.460465998,0.46369499,0.463335991,0.459401012,0.451954991,0.441962987,0.431479007,0.421730995,0.413361996,0.406686008,0.401524007,0.397691011,0.394867986,0.392702997,0.390967995,0.389241993,0.387196004,0.384721011,0.382111996,0.380062014,0.378832996,0.378986001,0.380795002,0.384481013,0.390392005,0.398653001,0.409458011,0.42277199,0.438167989,0.454953015,0.472294986,0.48951,0.506550014,0.522193015,0.535875976,0.548143983,0.560334027,0.57445699,0.592231989,0.615432978,0.643158019,0.673650026,0.705258012,0.735689998,0.762865007,0.785875022,0.804165006,0.818324029,0.828652024,0.835986018,0.840903997,0.844431996,0.846592009,0.848046005,0.849201024,0.849413991,0.848662973,0.847133994,0.845355988,0.84345299,0.841229975,0.838737011,0.836117029,0.833359003,0.830600977,0.828038991,0.825769007,0.823848009,0.821780026,0.82040602,0.819271028,0.818252981,0.817267001,0.816193998,0.815210998,0.81407398,0.812829018,0.811113,0.808753014,0.805806994,0.802336991,0.798398018,0.794039011,0.789462984,0.784777999,0.780206978,0.775466025,0.771071017,0.766776025,0.762605012,0.75900501,0.755594015
WheatWholePerten0060,Perten_DA7200,wheat,Wheat,UK,2011,13.93999958,13.85999966,0.278616011,0.281715006,0.286572993,0.292416006,0.298913986,0.305429012,0.310864002,0.314507008,0.316269994,0.316540986,0.315539002,0.313731015,0.311419994,0.308582008,0.305296987,0.301533997,0.297605008,0.293668985,0.28974399,0.285928994,0.28233701,0.278822005,0.275285006,0.271811992,0.268501997,0.265534014,0.262869,0.260612011,0.258709014,0.257328987,0.256381989,0.255798012,0.255580008,0.255986989,0.257445991,0.261159986,0.268617004,0.281096995,0.298096001,0.317930996,0.339293003,0.360408992,0.379759997,0.39666599,0.411179006,0.424223006,0.436529994,0.447932988,0.457206011,0.463344991,0.466024995,0.465357006,0.461421013,0.454160988,0.444629997,0.43462801,0.425294012,0.417288989,0.410836011,0.405699998,0.401827008,0.398981005,0.396759003,0.394953996,0.393285006,0.391268998,0.388895989,0.386404991,0.384368986,0.383150011,0.383264005,0.385004997,0.388498992,0.394223005,0.402173013,0.412452996,0.425209999,0.439936996,0.455940992,0.472456008,0.488972008,0.50514102,0.520035982,0.532866001,0.544606984,0.556316018,0.570023,0.587444007,0.610018015,0.637112975,0.666745007,0.697220981,0.726450026,0.752681017,0.774636984,0.792320013,0.805963993,0.815858007,0.822853982,0.827422023,0.830411971,0.832356989,0.833809972,0.834612012,0.834553003,0.833410978,0.831852019,0.829900026,0.827728987,0.825330973,0.822579026,0.819684982,0.816718996,0.813956022,0.811092973,0.808426023,0.806131005,0.804311991,0.802920997,0.80142802,0.800125003,0.799044013,0.797805011,0.796534002,0.795346022,0.79391098,0.791896999,0.789444029,0.786444008,0.783038974,0.778994024,0.774272978,0.769712985,0.765186012,0.760564029,0.755973995,0.751407027,0.747063994,0.743200004,0.739373028,0.736200988
WheatWholePerten0061,Perten_DA7200,wheat,Wheat,UK,2011,14.03999996,9.550000191,0.212908998,0.216592997,0.221807003,0.228135005,0.234978005,0.241601005,0.247287005,0.251244009,0.253178001,0.253695011,0.25287801,0.251201987,0.248990998,0.246234,0.243088007,0.239650995,0.235999003,0.232271999,0.228715003,0.225292996,0.222066,0.218873993,0.215700999,0.212666005,0.209746003,0.207109004,0.204763994,0.202778995,0.201174006,0.199996993,0.199255005,0.198864996,0.198767006,0.199245006,0.200719997,0.204257995,0.211253002,0.222968996,0.239012003,0.258074999,0.278811991,0.299234003,0.31775099,0.333745986,0.347324997,0.359699994,0.371542007,0.382829994,0.392378986,0.399011999,0.40228799,0.402146012,0.398730993,0.391921997,0.382683009,0.372947991,0.363900989,0.356215,0.350147009,0.345402002,0.341910988,0.339327008,0.337303996,0.335608006,0.333903998,0.331928998,0.329694986,0.327450991,0.325672001,0.324681997,0.324882001,0.32662499,0.330051988,0.335640013,0.343344003,0.353347004,0.365644008,0.379857987,0.395374,0.411401004,0.427424997,0.443278998,0.458115012,0.471087009,0.483069986,0.495131999,0.509401977,0.527723014,0.551874995,0.581638992,0.615518987,0.651884019,0.688354015,0.722554982,0.752586007,0.777648985,0.79765898,0.812655985,0.823396027,0.830438972,0.835075021,0.83811599,0.840349019,0.841574013,0.841169,0.839464009,0.83713001,0.83396399,0.830244005,0.826219022,0.822116971,0.817811012,0.813274026,0.809044004,0.805097997,0.801249981,0.79815203,0.795373976,0.793349981,0.791471005,0.789749026,0.788218975,0.786821008,0.785191,0.783635974,0.781516016,0.778910995,0.775434017,0.771155,0.766121984,0.760551989,0.754251003,0.747766972,0.741400003,0.735158026,0.728947997,0.722953022,0.717287004,0.711898983,0.707098007,0.70280999
WheatWholePerten0062,Perten_DA7200,wheat,Wheat,UK,2011,14.47000027,13.32999992,0.272565007,0.276603997,0.282433003,0.289234996,0.296604991,0.303864986,0.310010999,0.314233005,0.316365004,0.316810012,0.315892011,0.314128012,0.311717987,0.308833987,0.305317015,0.301441997,0.29725799,0.293090999,0.288949013,0.284954995,0.281190008,0.277523011,0.273813009,0.270258009,0.266811997,0.26373601,0.261153013,0.258940011,0.257102996,0.255822986,0.255034,0.254732013,0.254792005,0.255438,0.257270008,0.261527985,0.269896001,0.283838004,0.302666009,0.324714005,0.348396003,0.371695012,0.393032998,0.411668986,0.427556008,0.441852987,0.455348015,0.468024999,0.478323996,0.485125005,0.488115013,0.487448007,0.483137012,0.475214005,0.46478501,0.453877986,0.443724006,0.435081005,0.428229004,0.422787994,0.418684006,0.415665001,0.413372994,0.411576003,0.409893006,0.40783599,0.405407012,0.402927995,0.401003987,0.400009006,0.400388986,0.402594,0.406735987,0.413293988,0.422291994,0.433833987,0.44799301,0.464365989,0.482107014,0.500331998,0.518519998,0.536258996,0.552715004,0.567121983,0.580376029,0.593823016,0.60967499,0.629876971,0.656048,0.687264025,0.721294999,0.756049991,0.789022982,0.818113983,0.842351973,0.861541987,0.876347005,0.887138009,0.894616008,0.899626017,0.902884007,0.905049026,0.906829,0.907673001,0.907449007,0.906427026,0.904857993,0.902679026,0.900278986,0.897505999,0.894782007,0.891842008,0.888439,0.88537401,0.882426024,0.879594028,0.877238989,0.875047028,0.873412013,0.871923983,0.870387018,0.869316995,0.868032992,0.866612971,0.865306974,0.863716006,0.861635029,0.859009028,0.855681002,0.851743996,0.847397029,0.842490017,0.837440014,0.832638979,0.827519,0.822443008,0.817632973,0.812717021,0.808296025,0.804108977,0.800475001
WheatWholePerten0063,Perten_DA7200,wheat,Wheat,UK,2011,14.35999966,8.979999542,0.180037007,0.183648005,0.188743994,0.194673002,0.201100007,0.207335994,0.212588996,0.216207996,0.217978999,0.218300998,0.217484996,0.215872005,0.213663995,0.210993007,0.207992002,0.204701006,0.201286003,0.197772995,0.194343999,0.191091999,0.188003004,0.185067996,0.182126999,0.179251999,0.176520005,0.174043,0.171895996,0.170155004,0.168685004,0.167653993,0.167042002,0.166762993,0.166794002,0.167392999,0.168876007,0.172325999,0.179033995,0.190105006,0.205286995,0.223202005,0.242537007,0.261422992,0.278412998,0.292989999,0.305272996,0.316442013,0.327196986,0.337462992,0.34612599,0.352266997,0.355286986,0.355293006,0.352252007,0.346130014,0.337862998,0.329135001,0.32101199,0.314211994,0.308795989,0.304643005,0.301568002,0.299309999,0.297556013,0.296061009,0.294609994,0.292901009,0.290975988,0.289083004,0.287633002,0.286852002,0.287202001,0.28896299,0.292255998,0.297452003,0.304571003,0.313697994,0.324986011,0.337906987,0.351933986,0.366457999,0.380944997,0.395276994,0.408748001,0.420560986,0.431466997,0.442562997,0.455850005,0.473087996,0.495839,0.524125993,0.556594014,0.591907024,0.627790988,0.661803007,0.69214201,0.71796298,0.738798976,0.754716992,0.766224027,0.773795009,0.778900981,0.782200992,0.784428001,0.785607994,0.785349011,0.783452988,0.780717015,0.777050972,0.772944987,0.768450975,0.763629019,0.758948028,0.754073024,0.749390006,0.745023012,0.740849018,0.737366021,0.734385014,0.732216001,0.730063975,0.728204012,0.726538003,0.724816024,0.723163009,0.721413016,0.719103992,0.716175973,0.71243602,0.708019972,0.702737987,0.696907997,0.69046098,0.683795989,0.677222014,0.670780003,0.66446501,0.658315003,0.652486026,0.647181988,0.642434001,0.638131976
WheatWholePerten0064,Perten_DA7200,wheat,Wheat,UK,2011,13.22000027,11.97999954,0.244375005,0.246808007,0.250744999,0.255757004,0.26165399,0.267426997,0.272374988,0.275635988,0.277096987,0.277179003,0.276068002,0.27413699,0.271712005,0.268839985,0.265540987,0.261918992,0.258006007,0.25414899,0.250348002,0.246693,0.243227005,0.239809007,0.236376002,0.233025998,0.229852006,0.226935998,0.224352002,0.222071007,0.220168993,0.218762994,0.217782006,0.217152998,0.216869995,0.217155993,0.218528003,0.221985996,0.228942007,0.240638003,0.256592006,0.275337994,0.295691013,0.315811992,0.334309995,0.350474,0.364253014,0.376709998,0.388642997,0.399863988,0.409069002,0.415345013,0.41832301,0.418054014,0.414519996,0.407665014,0.39842701,0.388641,0.379527003,0.371773005,0.365588993,0.360722989,0.357068986,0.354360014,0.352248997,0.350564003,0.348930001,0.346960008,0.344651997,0.342256993,0.340303987,0.339116007,0.339157999,0.340741992,0.343962014,0.349307001,0.35680601,0.366587013,0.378647,0.392742991,0.408109993,0.424082995,0.440104008,0.455832988,0.470385999,0.483072013,0.494599998,0.505970001,0.519342005,0.536266983,0.558440983,0.585373998,0.615556002,0.64745599,0.678938985,0.707841992,0.732829988,0.753493011,0.769622982,0.781598985,0.790008009,0.795445979,0.799130976,0.801598012,0.803228021,0.804237008,0.804129005,0.802962005,0.801198006,0.798901975,0.796230972,0.793254018,0.79015702,0.786953986,0.783406973,0.780174017,0.777049005,0.77402699,0.771517992,0.769370019,0.76790297,0.766411007,0.764979005,0.763795972,0.762628019,0.76145798,0.760209024,0.758562982,0.75621599,0.753486991,0.750147998,0.746133983,0.741689026,0.73654902,0.73120302,0.726176977,0.720938027,0.715831995,0.710909009,0.706035972,0.70156002,0.697628021,0.694124997
WheatWholePerten0065,Perten_DA7200,wheat,Wheat,UK,2011,15.56999969,9.659999847,0.173028007,0.176933006,0.182215005,0.188132003,0.194391996,0.200414002,0.205431998,0.208848998,0.210589007,0.210875005,0.210040003,0.208400995,0.206165001,0.203648001,0.200718001,0.197481006,0.194073007,0.190614998,0.187246993,0.184034005,0.181031004,0.178112,0.175246999,0.172442004,0.169842005,0.167465001,0.165472001,0.163817003,0.162486002,0.161599994,0.1611,0.160955995,0.161080003,0.161694005,0.163229004,0.166636005,0.173274994,0.184250996,0.199238002,0.216887996,0.235793993,0.254130989,0.270536006,0.284561008,0.296461999,0.307328999,0.317631006,0.327389002,0.335574001,0.341188997,0.343872011,0.343620986,0.340507001,0.334527999,0.32653001,0.318201989,0.310523003,0.304058999,0.298979014,0.295044005,0.292117,0.289967001,0.288320988,0.286944985,0.285636008,0.284090012,0.282364011,0.280647993,0.279466987,0.278991997,0.279505998,0.281412005,0.284851015,0.290122986,0.297232986,0.306309998,0.317369014,0.330051005,0.343771994,0.35779199,0.371744007,0.385502994,0.398454994,0.409907997,0.420637995,0.431744009,0.445273012,0.462873012,0.486166,0.515200973,0.548262,0.583808005,0.619684994,0.653423011,0.683382988,0.708696008,0.729065001,0.744531989,0.755760014,0.763200998,0.768211007,0.77136898,0.77343899,0.774405003,0.773901999,0.771804988,0.768842995,0.765111983,0.760792017,0.756079972,0.751119971,0.746163011,0.741024971,0.736169994,0.731531978,0.727289021,0.723500013,0.720266998,0.717814982,0.715503991,0.713276029,0.711360991,0.709411979,0.707453013,0.705420017,0.702883005,0.699820995,0.695946991,0.691331983,0.685944974,0.680025995,0.67347002,0.666840017,0.660326004,0.653795004,0.647327006,0.641176999,0.635406971,0.629880011,0.624916017,0.620597005
WheatWholePerten0066,Perten_DA7200,wheat,Wheat,UK,2011,15.27000046,8.68999958,0.197171003,0.201497003,0.207323998,0.214000002,0.221044004,0.227855995,0.233518004,0.237316996,0.239204004,0.239575997,0.238672003,0.236959994,0.234649003,0.231803,0.228543997,0.225007996,0.221258998,0.217592001,0.213918999,0.210372999,0.207074001,0.203967005,0.200831994,0.197778001,0.194919005,0.192304,0.190092996,0.188244,0.186747,0.185761005,0.185241997,0.185035005,0.185169995,0.185907006,0.187643006,0.191471994,0.198819995,0.210960001,0.227523997,0.247051999,0.26799199,0.288311988,0.306428999,0.321761996,0.33465901,0.346309006,0.357459992,0.368099004,0.377070993,0.383341998,0.386465997,0.386420995,0.383269012,0.376902998,0.36826101,0.359164,0.350690991,0.343499988,0.337832987,0.333433002,0.330163986,0.327758014,0.325827003,0.324223995,0.322730988,0.320968002,0.319000989,0.317090005,0.315699995,0.315073997,0.315607011,0.317698002,0.321424007,0.327113986,0.334899008,0.344832003,0.356885999,0.370673001,0.385481,0.400579006,0.415663004,0.430451989,0.44422099,0.456400007,0.46767199,0.479288012,0.493357986,0.511438012,0.535214007,0.564446986,0.597310007,0.632341981,0.667169988,0.699334025,0.727580011,0.751106978,0.769931972,0.784090996,0.794098973,0.800728023,0.80527103,0.808142006,0.810151994,0.811071992,0.810591996,0.80884701,0.806182027,0.802650988,0.798753977,0.794319987,0.789902985,0.785383999,0.780577004,0.776181996,0.771932006,0.767998993,0.764732003,0.761835992,0.759588003,0.757486999,0.755560994,0.753856003,0.752113998,0.750289023,0.748567998,0.746290982,0.743520975,0.740107,0.735870004,0.73102802,0.725620985,0.719469011,0.713438988,0.707464993,0.701427996,0.695388973,0.689583004,0.684197009,0.679349005,0.674827993,0.670907021
WheatWholePerten0067,Perten_DA7200,wheat,Wheat,UK,2011,13.40999985,11.64999962,0.237338007,0.240913004,0.246268004,0.252811015,0.260049999,0.267417997,0.27363199,0.278082013,0.280505002,0.281080008,0.28035599,0.27868399,0.27649501,0.273725003,0.270383,0.266640991,0.262733996,0.258713007,0.254813999,0.251040012,0.247499004,0.243927002,0.240456,0.236976996,0.233713001,0.230779007,0.228196994,0.225994006,0.224107996,0.222766995,0.221887007,0.221421003,0.221264005,0.221750006,0.223336995,0.227239996,0.235005006,0.247885004,0.265433013,0.286065996,0.308405012,0.330532998,0.350966007,0.368795008,0.384092003,0.398032993,0.411316007,0.423779994,0.434166998,0.44126001,0.444613993,0.444326013,0.440427989,0.432920992,0.422814012,0.412218988,0.402359992,0.393918008,0.38725099,0.38211,0.37825501,0.37540701,0.37322101,0.371437013,0.369632006,0.367455006,0.364973009,0.36233899,0.360195994,0.358918995,0.358929992,0.360583991,0.364149004,0.369893014,0.377950996,0.388514012,0.401602,0.416810989,0.433450997,0.450747997,0.468075007,0.485188991,0.50099802,0.514917016,0.527522981,0.539982021,0.554473996,0.572924972,0.597306013,0.62719202,0.660757005,0.696546018,0.732141972,0.765241981,0.793856978,0.817433,0.836094022,0.849717021,0.859547019,0.866042972,0.870432019,0.873391986,0.875365019,0.876384974,0.876504004,0.875447989,0.873468995,0.871069014,0.868246973,0.864968002,0.861599982,0.85808301,0.854480028,0.850584984,0.847151995,0.844313026,0.841925979,0.839145005,0.837191999,0.835515976,0.834097982,0.832684994,0.831375003,0.830170989,0.828577995,0.826898992,0.824536979,0.821440995,0.817498982,0.812991023,0.807729006,0.802008987,0.796043992,0.789843977,0.784016013,0.778128028,0.772426009,0.767008007,0.761919975,0.757391989,0.753114998
WheatWholePerten0068,Perten_DA7200,wheat,Wheat,UK,2011,12.68000031,10.55000019,0.202195004,0.205529004,0.210767001,0.217166007,0.224316999,0.231576994,0.237810001,0.242137998,0.244605005,0.245389,0.244891003,0.243526995,0.241699994,0.239242002,0.236276999,0.233055994,0.229604006,0.226037994,0.222614005,0.219258994,0.216138005,0.213,0.209918007,0.206862003,0.203969002,0.201322004,0.198991999,0.196982995,0.195319995,0.194060996,0.193259001,0.192834005,0.192730993,0.193257004,0.194766,0.198413,0.205540001,0.217243999,0.233048007,0.251603991,0.271596015,0.291384995,0.309709013,0.325738996,0.339513987,0.352133989,0.364183009,0.375548005,0.385102987,0.391645998,0.394811988,0.394769996,0.391494006,0.384965986,0.376085013,0.366645992,0.357885003,0.350445986,0.344521999,0.339946002,0.336602986,0.334140003,0.332323998,0.33079201,0.329234988,0.327318013,0.32505399,0.322652996,0.320692003,0.319418997,0.319285989,0.320573002,0.323523998,0.328433991,0.335379988,0.344597012,0.356081992,0.369513005,0.384290993,0.399764001,0.415327996,0.430750996,0.445064008,0.457581997,0.468865991,0.479761004,0.492345005,0.508216023,0.529237986,0.555392981,0.585331976,0.618144989,0.651624024,0.683457971,0.711863995,0.735880971,0.755213976,0.769594014,0.780085027,0.78697902,0.791742981,0.79509902,0.797327995,0.798557997,0.798897982,0.797933996,0.796155989,0.793862999,0.791179001,0.78786999,0.784465015,0.781027973,0.777446985,0.773743987,0.770229995,0.767279983,0.76493299,0.762345016,0.760583997,0.759036005,0.757749975,0.756659985,0.755446971,0.754411995,0.753081977,0.751430988,0.749246001,0.746187985,0.742371976,0.73791498,0.732765973,0.72703898,0.720939994,0.714850009,0.709101021,0.703281999,0.697790027,0.692591012,0.687497973,0.683295012,0.679219008
WheatWholePerten0069,Perten_DA7200,wheat,Wheat,UK,2011,16.52000046,13.78999996,0.220676005,0.224840999,0.230398998,0.236537993,0.242769003,0.248686001,0.253728986,0.257021993,0.258791,0.258960992,0.257934988,0.256249011,0.254025996,0.251313001,0.248123005,0.244533002,0.240785003,0.237002,0.233229995,0.229599997,0.226217002,0.222841993,0.219567001,0.216394007,0.213468,0.210892007,0.208623007,0.206798002,0.205436006,0.204548001,0.204092994,0.204089999,0.204319,0.205074996,0.206931993,0.210908994,0.218546003,0.231077999,0.247823,0.267248005,0.287824988,0.307579011,0.32526499,0.340355009,0.353082001,0.364439011,0.374965996,0.384739995,0.392659992,0.397814006,0.399967015,0.399237007,0.395734012,0.389454007,0.381269008,0.372857004,0.365038008,0.358399987,0.353082001,0.348933011,0.345701993,0.343331009,0.341522008,0.340137005,0.338847011,0.337321997,0.335611999,0.333947986,0.332736999,0.332392007,0.333238006,0.335503012,0.339446992,0.345297009,0.353065997,0.362913013,0.374751002,0.388146013,0.402476013,0.416855007,0.430997014,0.444837987,0.457619011,0.468957007,0.479418993,0.490303993,0.503818989,0.521139026,0.543510974,0.570451021,0.599771977,0.629840016,0.658451021,0.684060991,0.705730975,0.723430991,0.737218976,0.747449994,0.754665017,0.759428024,0.762690008,0.764764011,0.766035974,0.766619027,0.766318023,0.764931977,0.762880981,0.760200977,0.757340014,0.753920972,0.750635982,0.747156978,0.74358201,0.740085006,0.73654002,0.733608007,0.730979979,0.728338003,0.726333976,0.724497974,0.722684979,0.721202016,0.719421029,0.717885017,0.716323018,0.714401007,0.712369025,0.709526002,0.706101,0.702416003,0.69806999,0.693587005,0.688576996,0.683748007,0.679033995,0.674162984,0.669659972,0.665473998,0.661302984,0.657737017,0.654408991
WheatWholePerten0070,Perten_DA7200,wheat,Wheat,UK,2011,15.68999958,9.239999771,0.171315,0.175165996,0.180341005,0.186258003,0.192405999,0.198306993,0.203187004,0.206520006,0.208183006,0.208361998,0.207609996,0.206074998,0.203918994,0.201376006,0.198431999,0.195224002,0.191897005,0.188590005,0.185304001,0.182205007,0.179305002,0.176434994,0.173642993,0.170925006,0.168338999,0.166065007,0.164134994,0.162478,0.161181003,0.160285994,0.159759998,0.159555003,0.159710005,0.160306007,0.161865994,0.165226996,0.171737,0.182506993,0.197105005,0.214289993,0.232674003,0.25039801,0.266119987,0.279457003,0.290744007,0.300967991,0.310732007,0.319914013,0.327692002,0.333144993,0.335797995,0.335732997,0.332947999,0.327457994,0.319999993,0.312204987,0.304930002,0.298707992,0.293810993,0.290035993,0.287218005,0.285192996,0.283542991,0.282164991,0.280898988,0.279329002,0.277608007,0.275983006,0.274747998,0.274242997,0.274708003,0.276519001,0.279808998,0.284794003,0.291547,0.300208986,0.310727,0.322807014,0.335799992,0.349036992,0.362217993,0.375214994,0.387351006,0.398160011,0.408107996,0.418287009,0.430732012,0.44689101,0.468286008,0.494836003,0.524932027,0.557425022,0.590058029,0.620711029,0.648145974,0.671262026,0.689859986,0.704033017,0.714240015,0.720807016,0.725476027,0.728569984,0.730377019,0.731352985,0.73110199,0.729309022,0.726415992,0.722913027,0.719036996,0.714537978,0.709987998,0.705347002,0.70065397,0.696151972,0.691760004,0.687965989,0.684692979,0.681603015,0.679295003,0.677208006,0.675185978,0.67343998,0.671691001,0.669889987,0.668109,0.665800989,0.663061976,0.659581006,0.655321002,0.650460005,0.645120978,0.63913399,0.632986009,0.627003014,0.621092975,0.615175009,0.609676004,0.604497016,0.599569976,0.595318973,0.591261983
WheatWholePerten0071,Perten_DA7200,wheat,Wheat,UK,2011,18.77000046,10.56000042,0.202120006,0.206397995,0.211748004,0.217479006,0.223014996,0.228048995,0.232172996,0.234849006,0.235983998,0.235953003,0.234870002,0.232957006,0.230610997,0.227827996,0.224689007,0.221254006,0.217667997,0.214164004,0.210694999,0.207348004,0.204255,0.201306,0.198393002,0.195619002,0.193011999,0.190757006,0.188887,0.187391996,0.186286002,0.185597003,0.185304001,0.185313001,0.185579002,0.186306998,0.187939003,0.191401005,0.198146001,0.209316999,0.224554002,0.242538005,0.261570007,0.279603988,0.295392007,0.308620006,0.319637001,0.329575002,0.338957012,0.347761005,0.355096012,0.360080004,0.362313002,0.361811012,0.358675987,0.352890998,0.345247001,0.337372005,0.330121011,0.323969007,0.319032013,0.315227002,0.31229499,0.310178012,0.308481008,0.307072014,0.305797994,0.304435998,0.303039998,0.301735014,0.300972015,0.300978988,0.302091003,0.304594994,0.308649987,0.314491004,0.322147995,0.331717014,0.343145996,0.355969012,0.369529009,0.383147001,0.396434993,0.409538001,0.421781004,0.432870001,0.443652988,0.455314994,0.470198989,0.489780009,0.515390992,0.546531022,0.581124008,0.616837025,0.651410997,0.682668984,0.709707975,0.731878996,0.749571979,0.762862027,0.772269011,0.778407991,0.782697976,0.785444975,0.787036002,0.787477016,0.786732972,0.784431994,0.780969024,0.776961029,0.772563994,0.767452002,0.762314975,0.757209003,0.751852989,0.746670008,0.741824985,0.737417996,0.733483017,0.729704022,0.726720989,0.723904014,0.721325994,0.718976975,0.71648401,0.714231014,0.711799979,0.708913982,0.705841005,0.701951981,0.69739598,0.69224602,0.686595023,0.680482984,0.674212992,0.668101013,0.662025988,0.655849993,0.65001303,0.644629002,0.639545023,0.635038018,0.630697012
WheatWholePerten0072,Perten_DA7200,wheat,Wheat,UK,2011,19.28000069,12.75,0.235859007,0.240213007,0.245607004,0.251161009,0.256612003,0.261581004,0.265587986,0.268191993,0.269225001,0.268940985,0.267646015,0.26563099,0.263233006,0.260408998,0.257084996,0.253461003,0.249685004,0.245996997,0.242409006,0.238836005,0.235496998,0.232297003,0.229211003,0.226227,0.223499999,0.221072003,0.219093993,0.217501,0.216291994,0.215596005,0.215266004,0.215281993,0.215532005,0.216288,0.217990995,0.221667007,0.228777006,0.240493,0.256462991,0.275124997,0.294791013,0.313239992,0.329371005,0.342958987,0.354265004,0.364318013,0.373746008,0.382420987,0.38954699,0.39417699,0.396010011,0.395224989,0.391840994,0.385953009,0.378345013,0.370507002,0.363281012,0.357140005,0.352153003,0.348237008,0.345203012,0.342923999,0.341158986,0.339780003,0.338571996,0.337208986,0.335783988,0.33445701,0.333741993,0.333784998,0.334930986,0.337572008,0.341838002,0.347911,0.355818987,0.365590006,0.377285004,0.390305996,0.403986007,0.417643011,0.430907995,0.443843991,0.455848992,0.466627985,0.477070987,0.488281012,0.502605975,0.521331012,0.545512974,0.574302018,0.605395973,0.636587024,0.666023016,0.692001998,0.713916004,0.731562972,0.745405972,0.755792022,0.76284802,0.767418027,0.770681977,0.772810996,0.773787022,0.774102986,0.773463011,0.771377981,0.768521011,0.765178025,0.761720002,0.757557988,0.753346026,0.749171972,0.744903028,0.740705013,0.736715019,0.733038008,0.729842007,0.726674974,0.724128008,0.721728981,0.719456017,0.717405021,0.71519798,0.71322,0.711156011,0.708702028,0.706166983,0.702928007,0.699222028,0.695062995,0.690459013,0.685442984,0.680284977,0.675149977,0.670108974,0.664991021,0.66028899,0.65574801,0.651530981,0.647612989,0.644133985
WheatWholePerten0073,Perten_DA7200,wheat,Wheat,UK,2011,17.0,12.18000031,0.221190006,0.224763006,0.229528993,0.234841004,0.240151003,0.245169997,0.249283999,0.251976013,0.253181994,0.253024012,0.251874,0.249952003,0.247593999,0.244900003,0.241683006,0.238266006,0.234695002,0.231087998,0.227583006,0.224197999,0.221033007,0.217971996,0.214975998,0.212035999,0.209344998,0.206975997,0.204941005,0.203290999,0.202023,0.201171994,0.200683996,0.200565994,0.200723007,0.201378003,0.202941999,0.206371993,0.213125005,0.224288002,0.239504993,0.257393986,0.276457012,0.294705987,0.31081599,0.324449986,0.335922986,0.346212,0.355881989,0.364859998,0.372251004,0.377238989,0.379391015,0.37884301,0.375649005,0.369801015,0.362158001,0.35423699,0.346884996,0.340642005,0.335588992,0.331669003,0.32870701,0.326460004,0.324712008,0.323332012,0.322037995,0.320565999,0.319013,0.317478001,0.316502988,0.316296995,0.317128986,0.319424987,0.323311001,0.328994989,0.336540014,0.346008003,0.357340992,0.370146006,0.383727014,0.397426993,0.410807014,0.423913002,0.436080009,0.446951002,0.457176,0.467934012,0.481435001,0.498935998,0.521601021,0.54883498,0.578538001,0.608829022,0.637794972,0.663582981,0.685594976,0.703468025,0.71765101,0.728112996,0.735535979,0.740379989,0.743758023,0.74595499,0.747264981,0.74782598,0.747389019,0.745666981,0.743201017,0.740309,0.737049997,0.733317018,0.729632974,0.725809991,0.721879005,0.717980027,0.714308024,0.711093009,0.708227992,0.705411971,0.703140974,0.701228023,0.699375987,0.697587013,0.695801973,0.694115996,0.692422986,0.690321982,0.688058019,0.68513602,0.681586981,0.677569985,0.673102021,0.66823101,0.663312018,0.658378005,0.653474987,0.648483992,0.643810988,0.639527977,0.635335982,0.63170898,0.628247023
WheatWholePerten0074,Perten_DA7200,wheat,Wheat,UK,2011,16.88999939,12.40999985,0.231290996,0.235091001,0.240087003,0.245725006,0.251414001,0.256675988,0.261056006,0.26394701,0.265179992,0.265127003,0.263963997,0.261945009,0.259490997,0.256576985,0.253279001,0.249702007,0.245912999,0.242059007,0.238361001,0.234797999,0.231447995,0.228178993,0.224995002,0.221861005,0.218977004,0.216475993,0.214313999,0.212504,0.211118996,0.210238993,0.209787995,0.209639996,0.209821999,0.210499004,0.212162003,0.215899006,0.223105997,0.235000998,0.251141995,0.270078987,0.290212989,0.30942899,0.32645601,0.340835005,0.352912009,0.363709986,0.373840988,0.383201987,0.390881985,0.396077991,0.398303986,0.397628009,0.394201011,0.388125986,0.380142987,0.371831,0.364181012,0.357641012,0.352306008,0.348203987,0.345073998,0.342725009,0.340909988,0.339444011,0.338095993,0.336566001,0.334930986,0.333319008,0.332249999,0.331992,0.332843989,0.335220009,0.339262992,0.345167011,0.352988988,0.362836003,0.374662012,0.387995005,0.402143002,0.416289002,0.430146992,0.443688005,0.456185997,0.467339993,0.477910996,0.488907993,0.502559006,0.520303011,0.543202996,0.570636988,0.600412011,0.630621016,0.659389973,0.684902012,0.70657903,0.724147975,0.737864971,0.748130977,0.755282998,0.759751022,0.763019025,0.765224993,0.766457021,0.767044008,0.766552985,0.764769971,0.762387991,0.759647012,0.756496012,0.752911985,0.749333024,0.745567977,0.741667986,0.738035023,0.734386027,0.731249988,0.728519976,0.725857973,0.723755002,0.72180903,0.719901025,0.718218029,0.716444016,0.714811027,0.713165999,0.711055994,0.708871007,0.705900013,0.702497006,0.698603988,0.694109023,0.68938899,0.684517026,0.679566979,0.674758017,0.669785023,0.665149987,0.660826981,0.65665102,0.652954996,0.649545014
WheatWholePerten0075,Perten_DA7200,wheat,Wheat,UK,2011,15.43000031,14.68999958,0.229983002,0.232857004,0.236842006,0.241549,0.246461004,0.251240999,0.255190998,0.257862985,0.259077013,0.259045005,0.258087009,0.256554008,0.254619002,0.252245992,0.249461994,0.246421993,0.243132994,0.239800006,0.236513004,0.233311996,0.230348006,0.227366,0.224345997,0.221471995,0.218750998,0.216266006,0.214176998,0.212350994,0.210893005,0.209841996,0.209193006,0.208857998,0.208759993,0.209165007,0.210501,0.213637993,0.219876006,0.230191007,0.244076997,0.260145992,0.277164996,0.293693006,0.308706999,0.321702987,0.332794994,0.342673987,0.351792008,0.360174,0.366860986,0.371122986,0.372851998,0.372056007,0.368864,0.363296002,0.356101006,0.348663002,0.341683,0.335799009,0.331001014,0.327181995,0.324200004,0.322014004,0.320365995,0.319034994,0.317849994,0.316401988,0.31475699,0.313044995,0.311735004,0.311102003,0.311462998,0.313111991,0.316175014,0.320944995,0.327381998,0.335595995,0.345524997,0.356941998,0.369307011,0.381875992,0.394302011,0.406468988,0.417677999,0.427518994,0.436574996,0.445751995,0.456990004,0.471415997,0.49021101,0.513092995,0.538257003,0.564400971,0.589917004,0.613164008,0.633270979,0.649905026,0.662993014,0.672811985,0.679808021,0.684256017,0.687488973,0.689559996,0.690909982,0.691540003,0.691290021,0.689962983,0.688116014,0.685801983,0.683232009,0.680257976,0.677038014,0.673909009,0.670656979,0.667455018,0.664343,0.661526024,0.659079015,0.656762004,0.655031025,0.653509975,0.651839018,0.650281012,0.648971975,0.647567987,0.64617002,0.644442976,0.642329991,0.639880002,0.636816979,0.633311987,0.629405022,0.625045002,0.620581985,0.616270006,0.611985028,0.607577026,0.603465021,0.599539995,0.59582001,0.59264499,0.589577973
WheatWholePerten0076,Perten_DA7200,wheat,Durum,Spain,2007,10.30000019,13.39999962,0.202579305,0.206279934,0.212147877,0.219591379,0.228552759,0.237659857,0.245967954,0.252020121,0.255794734,0.257659793,0.257809252,0.257190555,0.255893886,0.253849328,0.251126111,0.247795537,0.244346678,0.240775213,0.237229675,0.233824834,0.230420783,0.227055371,0.223625064,0.220209688,0.21700722,0.214045346,0.211455569,0.209074929,0.207088113,0.205650613,0.204613239,0.203965992,0.203777224,0.204284132,0.205985159,0.210168138,0.21842815,0.231766552,0.249609783,0.270376504,0.292964846,0.316065013,0.338314205,0.358527273,0.376301289,0.392663389,0.408424735,0.423178613,0.435420811,0.443682164,0.447851121,0.448150426,0.444320172,0.436303377,0.425207853,0.413388282,0.402293325,0.392768681,0.385200173,0.379377276,0.375106424,0.372034699,0.369805783,0.367954135,0.366103023,0.36378327,0.360871911,0.357499003,0.354468256,0.352353305,0.351493508,0.352279067,0.354935736,0.359865308,0.367295712,0.377390504,0.390321136,0.405850828,0.423314631,0.442125052,0.461515069,0.480799764,0.498485774,0.514055431,0.527863383,0.540439904,0.553839207,0.570572376,0.59312439,0.619718909,0.651044488,0.686190367,0.722862184,0.757579029,0.788477242,0.814426303,0.834462404,0.849362254,0.859845042,0.86739552,0.872469425,0.876125276,0.878686607,0.880229116,0.880858004,0.88032335,0.879291892,0.877606213,0.875645995,0.873117089,0.870557487,0.867783845,0.864761114,0.861826539,0.858802021,0.856427789,0.854738355,0.851950705,0.849933386,0.848579705,0.847558141,0.846253693,0.845183015,0.843907893,0.842644692,0.840960145,0.838696003,0.835717261,0.831709087,0.827044487,0.821779192,0.81611377,0.809987009,0.803767026,0.798019648,0.791891515,0.78634119,0.780705631,0.77505523,0.770548642,0.766236603
WheatWholePerten0077,Perten_DA7200,wheat,Durum,Spain,2007,12.10000038,13.89999962,0.190450713,0.194428906,0.200279236,0.207326695,0.215426475,0.223543182,0.230782762,0.236012414,0.239190668,0.240660951,0.240669757,0.239883587,0.238475248,0.236449391,0.23361212,0.230413914,0.226941913,0.223339871,0.219700381,0.216313317,0.212940037,0.209550008,0.206174567,0.202809587,0.199617535,0.196758941,0.194280207,0.192129925,0.190451741,0.189178765,0.188363403,0.187987119,0.188013613,0.188715413,0.190646336,0.194965735,0.203330368,0.216753662,0.234622598,0.255372137,0.277739584,0.300243139,0.321550101,0.34059459,0.357023537,0.371991843,0.386195153,0.399460733,0.410333395,0.417659491,0.421230465,0.421236068,0.41763252,0.410267115,0.400095671,0.389208794,0.379064292,0.370497197,0.363607347,0.358298153,0.354340345,0.351556242,0.349478722,0.347774983,0.346163005,0.344127595,0.341636241,0.338820249,0.336418301,0.334846497,0.334608764,0.335959852,0.339088827,0.344513744,0.352222383,0.362449586,0.375252128,0.390286744,0.406845897,0.424281687,0.441910118,0.459163219,0.47510758,0.489292502,0.501899838,0.513711929,0.526660085,0.543039322,0.56496799,0.590351522,0.619231343,0.65031445,0.681047857,0.709166825,0.733271837,0.752840638,0.767799139,0.778741181,0.786479294,0.791981697,0.795903385,0.79850924,0.800593734,0.801662207,0.802116871,0.801488578,0.800377548,0.798997879,0.796991825,0.794883966,0.792467654,0.789978206,0.787276685,0.784487844,0.781903565,0.77992487,0.778160393,0.775668979,0.773751795,0.772621036,0.771451652,0.769971609,0.768923283,0.76769954,0.766333699,0.764916956,0.763049364,0.76048857,0.757286012,0.753515482,0.749236584,0.744875848,0.739919782,0.734910488,0.729987085,0.72530669,0.720660448,0.716108859,0.712068558,0.708344221,0.704894543
WheatWholePerten0078,Perten_DA7200,wheat,Durum,Spain,2007,10.30000019,9.800000191,0.110073961,0.112704329,0.117031507,0.122765996,0.129541859,0.136475131,0.142593682,0.146966934,0.149632752,0.150822103,0.150838122,0.150093004,0.148808047,0.147059098,0.144791201,0.142257616,0.139505208,0.136761457,0.133936003,0.131323591,0.128776059,0.126272187,0.12374644,0.121237472,0.118744828,0.116532013,0.114562333,0.112774506,0.111231528,0.11008662,0.10928832,0.1086936,0.108504981,0.108907551,0.110224247,0.113332525,0.11942634,0.129218608,0.142371461,0.157793626,0.174566567,0.19152911,0.207600817,0.221852124,0.234266505,0.245651543,0.256735295,0.267285138,0.276265949,0.282680363,0.286173582,0.286875814,0.284594178,0.279093027,0.271309346,0.262848407,0.254854947,0.248076588,0.242663458,0.238561645,0.235622853,0.233496606,0.231879413,0.230486095,0.229090557,0.227267593,0.22511211,0.22276023,0.220662773,0.219155431,0.218579307,0.219111309,0.221016496,0.224552944,0.229867458,0.237097964,0.246426374,0.257537991,0.269955427,0.283290476,0.29703033,0.310576379,0.3231318,0.334189445,0.343924522,0.352878809,0.362520695,0.374515832,0.390856892,0.41038391,0.433954567,0.46130091,0.490937531,0.520727336,0.548559845,0.573218465,0.593327463,0.608839095,0.620098651,0.627988577,0.633406818,0.637193143,0.639676631,0.640981555,0.64136529,0.640627205,0.638954282,0.636506677,0.633736789,0.630524874,0.627127111,0.623736799,0.62017107,0.616511524,0.613168538,0.610435367,0.608185947,0.605635464,0.603843212,0.602528453,0.601256311,0.599937022,0.598779023,0.597630024,0.596158743,0.594474912,0.592127383,0.588875353,0.584849715,0.580240548,0.574653566,0.568990529,0.563043952,0.556878805,0.551153004,0.545341909,0.539895058,0.534789622,0.53005439,0.525714576,0.522143066
WheatWholePerten0079,Perten_DA7200,wheat,Durum,Spain,2007,10.60000038,12.30000019,0.134299502,0.13693431,0.141221374,0.146869689,0.15345946,0.160093978,0.165982366,0.170335412,0.172890216,0.173916504,0.173918322,0.173209623,0.17196849,0.170283839,0.168043077,0.165419817,0.162635982,0.159719035,0.156753823,0.1539772,0.151294768,0.148641735,0.145919532,0.143261865,0.14065972,0.138359577,0.136229619,0.134437352,0.132822961,0.131639734,0.130827278,0.130247906,0.130071089,0.13045001,0.13183561,0.135017544,0.14135547,0.151656777,0.165375561,0.181354225,0.198694468,0.216251656,0.23290281,0.247772127,0.260729492,0.272672772,0.284143895,0.294860601,0.303801358,0.309926331,0.313077033,0.313303947,0.310552537,0.304768264,0.296727717,0.288028538,0.279938042,0.273004621,0.267477155,0.263275683,0.260171711,0.25792253,0.256290168,0.254897505,0.253537685,0.251810283,0.249666512,0.247233808,0.245089576,0.243637458,0.243133605,0.243827522,0.245937392,0.24974066,0.255439699,0.263110638,0.27289474,0.284517318,0.297472358,0.311321557,0.325488299,0.339405388,0.352319866,0.36369738,0.373723805,0.383028776,0.393079102,0.405594796,0.422608167,0.44279334,0.466671169,0.493574977,0.521877468,0.549228668,0.574078858,0.595483065,0.612459362,0.625356853,0.634595931,0.64105624,0.64552778,0.648566127,0.650634766,0.651737094,0.652115881,0.651545405,0.650209546,0.648371041,0.646133423,0.643577278,0.640824676,0.637915373,0.634970248,0.631953657,0.628971934,0.626696467,0.624711633,0.622301221,0.620457053,0.619164407,0.617990971,0.61677748,0.615662158,0.614314199,0.613077939,0.611540675,0.609442473,0.606643975,0.603066623,0.599084914,0.594266474,0.589216828,0.58395499,0.578626514,0.573437274,0.568302035,0.563423455,0.558712304,0.554406464,0.550385118,0.54680866
WheatWholePerten0080,Perten_DA7200,wheat,Wheat,Spain,2007,12.69999981,9.300000191,0.12463925,0.126959428,0.130615205,0.135255054,0.140533373,0.145853445,0.150590628,0.154012159,0.156011552,0.156743631,0.156544715,0.155542389,0.154120952,0.152247354,0.150003657,0.147456646,0.144779563,0.141970962,0.139207795,0.136666134,0.134114966,0.131642968,0.129215613,0.126809105,0.124522753,0.122483105,0.120634548,0.11905051,0.11774008,0.116717719,0.116063073,0.115692906,0.115620792,0.11604888,0.117343277,0.120225914,0.125837728,0.135026634,0.147378996,0.162032589,0.178029642,0.194104999,0.209189072,0.222465485,0.233866975,0.244279563,0.254228771,0.263648808,0.271600276,0.277340263,0.280394107,0.28079015,0.278413296,0.273245037,0.266159922,0.258478999,0.251351684,0.245293304,0.240474492,0.236829922,0.234139234,0.232211471,0.230754584,0.229432225,0.228148043,0.226649568,0.224844635,0.222885698,0.221189916,0.220155314,0.220034704,0.22101377,0.223257065,0.227148116,0.232681409,0.240047336,0.249228999,0.259979218,0.271839023,0.284308732,0.296928525,0.309406757,0.321088821,0.331488192,0.340931416,0.349897921,0.359855712,0.372695506,0.390393585,0.411558956,0.436846852,0.465435207,0.495742232,0.525502682,0.553014696,0.577060044,0.596922755,0.612291515,0.623449564,0.631471157,0.636914432,0.64053303,0.643155158,0.644584835,0.644981027,0.644173503,0.642251015,0.639487684,0.636342824,0.632857382,0.628896236,0.625030518,0.620996296,0.616782904,0.613011837,0.609793663,0.60683465,0.60392493,0.601791859,0.599844515,0.598376989,0.596691907,0.595143855,0.593672216,0.591867864,0.58964783,0.586927176,0.583650053,0.579298914,0.574497223,0.568856359,0.563070297,0.556800783,0.550706387,0.54480958,0.539061308,0.533372879,0.52796787,0.523200691,0.518841803,0.515084148
WheatWholePerten0081,Perten_DA7200,wheat,Wheat,Spain,2007,13.19999981,13.80000019,0.184958041,0.1878521,0.192482263,0.198211089,0.20474726,0.21139884,0.217305124,0.221605957,0.224125579,0.225178883,0.224972591,0.223860011,0.222345442,0.220263168,0.217583343,0.214470029,0.211205304,0.207731098,0.204280689,0.201030254,0.197796926,0.194539994,0.191375792,0.188162163,0.185185194,0.182615325,0.180220082,0.178237811,0.176592648,0.175392732,0.174663037,0.174287036,0.174332157,0.174921319,0.176638216,0.180553973,0.188087314,0.200271189,0.216553673,0.235383004,0.255733877,0.276237756,0.295642674,0.312914044,0.327875435,0.341372371,0.354018062,0.365724236,0.375293344,0.381787747,0.385008991,0.385048598,0.381692827,0.375056535,0.36615482,0.356576532,0.347664058,0.340117395,0.334074706,0.329388201,0.325914949,0.323371202,0.321497649,0.319989234,0.318488717,0.316763848,0.314616501,0.312133908,0.310016215,0.308781624,0.308706015,0.310032576,0.313053727,0.318121463,0.325300843,0.334725827,0.346441865,0.360193372,0.375280678,0.391026974,0.406808972,0.422225893,0.43653059,0.449134499,0.460565031,0.471413553,0.483349472,0.498537689,0.518995702,0.542673528,0.569648743,0.598562479,0.627442718,0.654035866,0.677050531,0.695873916,0.710594237,0.72151202,0.729304791,0.734784305,0.738503814,0.740964651,0.742748141,0.744006395,0.744247437,0.743656337,0.742534876,0.740719795,0.738732815,0.736623645,0.733990192,0.731253445,0.728637934,0.725803375,0.723033905,0.720890999,0.718790114,0.716466606,0.714797139,0.713384867,0.712130249,0.710868001,0.709720075,0.70844537,0.707118452,0.705442905,0.70341754,0.701124787,0.697883844,0.694096744,0.689917803,0.685593545,0.680517435,0.67564702,0.671224356,0.666541159,0.662094891,0.65743947,0.653190136,0.649664998,0.646053672
WheatWholePerten0082,Perten_DA7200,wheat,Wheat,Spain,2007,11.30000019,10.69999981,0.13262929,0.134833336,0.138813719,0.143842667,0.149718016,0.15590398,0.161317527,0.165276796,0.167596132,0.168553248,0.16834423,0.167436451,0.165947735,0.164015979,0.161752865,0.158996731,0.156159788,0.15325053,0.150307596,0.147516713,0.144839466,0.14213416,0.139415219,0.136758283,0.134279534,0.132049277,0.129960686,0.128246024,0.126647204,0.125483975,0.124700733,0.124205463,0.124097936,0.124546461,0.12586771,0.129076809,0.135276824,0.145288616,0.158679858,0.174419269,0.191535607,0.208772555,0.225157827,0.239781201,0.252419889,0.264062047,0.275183201,0.285575688,0.294344276,0.300548554,0.303810895,0.304226935,0.301671833,0.296093315,0.288363129,0.280080527,0.272299469,0.26562357,0.260314763,0.256296575,0.253315568,0.251208872,0.249633923,0.248170391,0.246832192,0.245165989,0.243066788,0.240794718,0.238804579,0.237455085,0.237069801,0.237891793,0.240075007,0.24389866,0.249558762,0.257258385,0.266977131,0.278518617,0.291306257,0.30493176,0.318829119,0.332535416,0.345301062,0.356600046,0.366669059,0.37602827,0.386184603,0.399018228,0.416686416,0.437847197,0.463142395,0.491724551,0.522176266,0.552124441,0.579825044,0.603857279,0.623483181,0.638499916,0.649429083,0.657066941,0.662255943,0.665830076,0.668245554,0.669815004,0.670217514,0.669559121,0.667946339,0.665670037,0.663052619,0.660049975,0.65660584,0.653073967,0.64937222,0.645739079,0.642308056,0.639271796,0.636471152,0.633894444,0.631901026,0.630296469,0.628980696,0.627508879,0.62619406,0.624922037,0.623328388,0.621328116,0.619032502,0.615817845,0.611800492,0.607049882,0.60149914,0.595891655,0.589825988,0.583585024,0.577848554,0.572314024,0.566805065,0.561305463,0.556575298,0.55223769,0.548499763
WheatWholePerten0083,Perten_DA7200,wheat,Wheat,Spain,2007,11.60000038,10.0,0.132252693,0.13472563,0.138836145,0.144179329,0.150400072,0.156987786,0.162744001,0.166882053,0.169298515,0.170297146,0.170177877,0.169211224,0.16772233,0.165692195,0.163364634,0.160630465,0.157703862,0.154723883,0.151693672,0.148868859,0.146127164,0.143461347,0.140807346,0.138139188,0.135573357,0.133308098,0.131230906,0.129430071,0.127883226,0.126725614,0.125937551,0.125465557,0.125372618,0.125805408,0.127215385,0.130451381,0.136779428,0.147032172,0.160784036,0.176953644,0.194646761,0.212519005,0.229439676,0.244502693,0.257573873,0.269554645,0.28108564,0.291953981,0.301120877,0.307647497,0.311110079,0.311622858,0.30900839,0.303227305,0.295269698,0.286637396,0.278595328,0.271729589,0.266210973,0.262072504,0.259031385,0.25683409,0.255175501,0.253706306,0.252274692,0.25050348,0.248356953,0.246047452,0.243982196,0.242600858,0.242222205,0.243053183,0.245377496,0.249391422,0.255295694,0.263307691,0.273375213,0.285328358,0.2986615,0.312813133,0.327207059,0.341417044,0.3546758,0.366411656,0.376903504,0.386709929,0.397327542,0.410732299,0.429259956,0.451421887,0.477869332,0.507942617,0.539909363,0.571307361,0.600293577,0.625652254,0.64613694,0.661892653,0.673423529,0.681372643,0.686911345,0.690626502,0.693148792,0.694719315,0.695232451,0.69451648,0.692806959,0.6903705,0.687628746,0.684487999,0.680929959,0.677174211,0.673467696,0.669572771,0.666070044,0.663081169,0.660281062,0.657612503,0.65557307,0.654033184,0.65270412,0.651219487,0.649998307,0.648730815,0.647097707,0.645050585,0.642548859,0.63923049,0.635053158,0.630130053,0.624471724,0.618712425,0.612359524,0.605961621,0.600049734,0.594123721,0.588441968,0.582649231,0.577639282,0.573243201,0.56937772
WheatWholePerten0084,Perten_DA7200,wheat,Wheat,Spain,2007,10.89999962,14.10000038,0.184716672,0.187484428,0.191684008,0.197372109,0.203955621,0.210615754,0.216728985,0.221154913,0.223836273,0.224908114,0.224913374,0.224086285,0.222881749,0.221078336,0.218744412,0.215916365,0.212913513,0.209739223,0.206610337,0.203629673,0.200670719,0.19762297,0.194580659,0.191567242,0.188716263,0.186195731,0.183875725,0.181830168,0.180072993,0.178732678,0.177907854,0.177349046,0.177129045,0.177512363,0.178923875,0.182434946,0.189366236,0.20056507,0.215432167,0.232624233,0.251310825,0.27026096,0.288489014,0.304914802,0.319297612,0.332477331,0.344879091,0.356394976,0.365790278,0.37198469,0.374982357,0.374877721,0.371611953,0.36516425,0.356456012,0.347121358,0.338418245,0.330957145,0.324891329,0.320252419,0.316807509,0.314269006,0.312428951,0.310955733,0.30949235,0.30765295,0.305323184,0.302676737,0.300284058,0.298673123,0.298137635,0.298900366,0.301312894,0.305513829,0.311740756,0.320235908,0.33098051,0.343731672,0.358026624,0.373206884,0.388732612,0.403992087,0.418071955,0.430443585,0.441373497,0.451442242,0.462294728,0.475904614,0.494337678,0.515962243,0.541129768,0.569094658,0.597786009,0.625049055,0.649354398,0.669834793,0.685878277,0.697858691,0.706441701,0.712234378,0.716372311,0.719109476,0.721007764,0.72215575,0.722666383,0.722067237,0.72090739,0.719292939,0.717409968,0.715079904,0.712622881,0.709786832,0.706946313,0.70401752,0.701267064,0.698876619,0.696822822,0.694463849,0.692642689,0.691366434,0.690276027,0.688909888,0.687672496,0.686505616,0.685173214,0.683603466,0.681333065,0.678800166,0.67540884,0.671383262,0.666893005,0.662287831,0.657173514,0.65198946,0.647130847,0.642067134,0.637102544,0.632569432,0.6282655,0.624569356,0.621119738
WheatWholePerten0085,Perten_DA7200,wheat,Wheat,Spain,2007,11.10000038,9.399999619,0.104382522,0.106514104,0.110176601,0.114996329,0.120547153,0.126337647,0.131413668,0.135034725,0.137156829,0.137984663,0.137871116,0.137014329,0.135722011,0.133919463,0.131731302,0.129276201,0.126659378,0.12401399,0.121374935,0.118883967,0.116489336,0.114118986,0.11176382,0.109321535,0.107071981,0.105036825,0.103157938,0.101497054,0.100105494,0.098997325,0.098191708,0.09772329,0.097529829,0.097812191,0.098999843,0.101763673,0.107270487,0.116152525,0.128013238,0.141930133,0.157050908,0.172199786,0.186407343,0.19904092,0.210057035,0.220150694,0.229853794,0.239034087,0.246858209,0.252384216,0.255351961,0.2557998,0.253635168,0.248893276,0.242271081,0.235056385,0.22836785,0.222571671,0.217940465,0.21448803,0.211972684,0.210168049,0.208780855,0.207568258,0.206341639,0.204797462,0.202980191,0.200953633,0.199160337,0.197981864,0.197537899,0.198159933,0.199962422,0.203236103,0.2081099,0.214742541,0.223121256,0.233061612,0.244206101,0.256061345,0.268179119,0.280179083,0.291369259,0.301290155,0.310107678,0.318227053,0.327035159,0.338297308,0.353783369,0.372472197,0.39533776,0.421842396,0.450547069,0.479580313,0.507024646,0.531226397,0.55120796,0.566672206,0.577899575,0.585736871,0.591168463,0.594798863,0.59734422,0.598757327,0.599170148,0.598293543,0.596617997,0.594105005,0.591126919,0.587839544,0.584165514,0.58045882,0.576627016,0.572700024,0.569092691,0.565969229,0.563296199,0.560543358,0.558619857,0.557082534,0.555713952,0.554382384,0.552853167,0.55136162,0.549883068,0.548020244,0.545268834,0.542135358,0.538021684,0.532893062,0.527482629,0.521534741,0.515394092,0.509320498,0.503431857,0.49760291,0.491962254,0.486756504,0.481941372,0.477988005,0.474025071
WheatWholePerten0086,Perten_DA7200,wheat,Wheat,Spain,2007,11.60000038,13.19999981,0.151071489,0.154735565,0.160225362,0.167001113,0.174729466,0.182587892,0.1895044,0.194671288,0.197822303,0.199192762,0.199533403,0.198756322,0.197526425,0.195793167,0.193409786,0.190537125,0.18740736,0.184152424,0.180832475,0.177833572,0.174795434,0.171745449,0.168698937,0.165711016,0.162831038,0.160349816,0.15802072,0.156102806,0.154532284,0.153350338,0.15259856,0.152252302,0.152312577,0.15299122,0.154802516,0.158842951,0.166535035,0.178852439,0.195100546,0.213900209,0.234178558,0.254619032,0.273966909,0.291241765,0.306356549,0.320137501,0.333165258,0.345311731,0.35536325,0.362197518,0.365638852,0.365730315,0.362461329,0.355795205,0.346758276,0.337046653,0.327974707,0.320275068,0.314126551,0.30940038,0.305996031,0.303547919,0.301749647,0.300227165,0.298747957,0.296904534,0.294598162,0.291975975,0.289751113,0.288306832,0.287995786,0.289076477,0.291824877,0.296586692,0.303475231,0.312706769,0.324312061,0.337984383,0.353116334,0.369078964,0.385363132,0.401310325,0.416083634,0.429158837,0.440823823,0.451665103,0.463564962,0.478582144,0.498842865,0.522658348,0.55043602,0.580971181,0.612246454,0.641750097,0.667888939,0.689790607,0.70699954,0.719937861,0.72893697,0.735222518,0.739693701,0.742656171,0.744905949,0.746250391,0.74690336,0.746302962,0.745189846,0.743522584,0.741489053,0.738949239,0.736295819,0.733486295,0.730419636,0.727394819,0.724515259,0.722011507,0.720000327,0.717424631,0.715456426,0.714210749,0.71289444,0.711657226,0.710359812,0.709103763,0.707606316,0.70609349,0.703763068,0.701034188,0.697520077,0.693119884,0.688373506,0.683294654,0.677912474,0.672253609,0.666954219,0.661681533,0.656393349,0.651508451,0.647017181,0.642912269,0.638838232
WheatWholePerten0087,Perten_DA7200,wheat,Wheat,Spain,2007,11.10000038,12.0,0.144068077,0.146208048,0.150185973,0.155292511,0.16134055,0.167666987,0.173289776,0.177419499,0.179744661,0.180689335,0.180461541,0.17957215,0.178146213,0.176166922,0.173777685,0.170903608,0.167893916,0.164786786,0.161631897,0.158694923,0.155832321,0.15295589,0.150122687,0.147293508,0.144589737,0.142157197,0.139989033,0.138048217,0.136446595,0.13515392,0.134279087,0.133729488,0.133587092,0.13398689,0.135399625,0.138757542,0.145381257,0.155955866,0.170111239,0.186652571,0.204635039,0.222784445,0.240052536,0.255567282,0.269124657,0.281525612,0.293341667,0.304456651,0.313702822,0.320055693,0.323311478,0.323516727,0.320612013,0.314609319,0.306433111,0.297637284,0.289376289,0.282284647,0.27659747,0.272278994,0.269133806,0.266816378,0.265103698,0.26366508,0.26225549,0.260462105,0.258259416,0.255823463,0.253618091,0.252127945,0.251667529,0.252464354,0.254751444,0.258805215,0.264736593,0.272846282,0.283109784,0.295268297,0.308853686,0.323353767,0.338166058,0.352745026,0.366333842,0.378323495,0.388953239,0.398770511,0.409367085,0.422696203,0.441075563,0.462922543,0.488727301,0.517710865,0.548166096,0.577886105,0.604714513,0.627985954,0.646494925,0.660515189,0.670538306,0.677621722,0.682387948,0.685808122,0.687925458,0.689324617,0.689682782,0.689160943,0.687885344,0.685757101,0.683492422,0.680842161,0.677933693,0.674685419,0.67150265,0.668025434,0.664889216,0.662201285,0.660069406,0.657289565,0.655257702,0.653960049,0.652623415,0.651480794,0.650212228,0.648837388,0.647492647,0.645537496,0.643268228,0.640532434,0.636707962,0.63218981,0.626926184,0.621398807,0.615645886,0.610105574,0.604529798,0.599036515,0.593412101,0.58831048,0.583856463,0.579652667,0.575731516
WheatWholePerten0088,Perten_DA7200,wheat,Wheat,Spain,2007,11.80000019,11.0,0.139333636,0.141941622,0.146328807,0.151623473,0.157810018,0.16414544,0.169802368,0.173766017,0.176123858,0.177041084,0.176778451,0.175820723,0.174410284,0.172482297,0.169967428,0.167089909,0.164104059,0.161031112,0.157966867,0.155166313,0.15228343,0.149529994,0.146771491,0.143976316,0.141416058,0.139163718,0.137026936,0.135166317,0.133723557,0.132604003,0.131873384,0.131433308,0.13140291,0.131933272,0.133446351,0.136887789,0.143537357,0.154197529,0.168375015,0.18492271,0.202858806,0.220911145,0.237680107,0.252456069,0.265275121,0.276915044,0.287928939,0.298374802,0.307118863,0.313147187,0.316404849,0.316762596,0.314207017,0.308733225,0.301057786,0.292711318,0.285017133,0.278408557,0.273082942,0.268993139,0.26599291,0.263820976,0.262205422,0.26084733,0.259460926,0.257758528,0.255742341,0.253529996,0.251603723,0.250432938,0.250222802,0.251254737,0.253701687,0.257897228,0.263959467,0.272029728,0.282140464,0.293994606,0.307029247,0.320762605,0.334609956,0.348185867,0.360772193,0.371962994,0.381875843,0.39116928,0.401386261,0.414292544,0.431913734,0.452763647,0.477172911,0.504318774,0.532335341,0.559205174,0.58354336,0.604380429,0.620866537,0.633659542,0.64298135,0.649349928,0.654033005,0.65713352,0.659176588,0.660538435,0.660965741,0.660137415,0.658788383,0.656804979,0.654203296,0.651554644,0.64855206,0.645302236,0.642090976,0.638866484,0.635744035,0.633050561,0.630931616,0.628376067,0.62652117,0.625115633,0.623835445,0.622645319,0.621225298,0.619919539,0.618506372,0.616968751,0.614613354,0.611808837,0.608433247,0.60406512,0.599511445,0.59469837,0.589354754,0.584189951,0.5790838,0.573875427,0.568948507,0.564405084,0.560178161,0.556390286,0.553240895
WheatWholePerten0089,Perten_DA7200,wheat,Wheat,Spain,2007,11.19999981,10.10000038,0.121391475,0.123850659,0.127897799,0.133195877,0.139480963,0.146010935,0.151660293,0.155753553,0.158225566,0.159116641,0.158950493,0.157999679,0.156612143,0.15470171,0.15222849,0.149502724,0.146543354,0.143651605,0.140663639,0.137921989,0.135212556,0.132536411,0.129812285,0.12714088,0.124613479,0.122343667,0.12022157,0.118406087,0.116877243,0.115659982,0.114864849,0.11439769,0.114283405,0.114724785,0.116165407,0.119467177,0.12584357,0.136091307,0.149707213,0.165656015,0.183007896,0.200506687,0.216935515,0.231562942,0.244255826,0.255828142,0.266941369,0.277444989,0.28628239,0.292538732,0.295861214,0.296291173,0.293730915,0.288180292,0.280491889,0.272158027,0.26442796,0.257806599,0.252440244,0.248405188,0.245439977,0.243296981,0.241661117,0.240277872,0.238927469,0.237186626,0.235065535,0.232758269,0.230720043,0.229394138,0.228979901,0.229777306,0.231959939,0.235846236,0.241537347,0.249287814,0.25909552,0.270658672,0.283568203,0.297258407,0.311293334,0.32503584,0.337776333,0.349133581,0.359177709,0.368492216,0.378612489,0.391408593,0.408998966,0.430027157,0.455179781,0.483781099,0.514093041,0.543929696,0.571534634,0.595563114,0.614893317,0.629742444,0.640591383,0.6480546,0.653260887,0.656801224,0.659229934,0.660633624,0.661011815,0.660102069,0.65854162,0.656232595,0.653401494,0.650364459,0.646875858,0.643381119,0.63973242,0.6360811,0.632670522,0.62962383,0.627169371,0.624533713,0.622541189,0.621059418,0.61987412,0.618516743,0.617005169,0.61577028,0.614188135,0.612403333,0.609817863,0.606500983,0.602618396,0.597812653,0.59265089,0.586943984,0.580872297,0.574881792,0.569216192,0.563593686,0.558046401,0.552770734,0.54787612,0.543682814,0.539794982
WheatWholePerten0090,Perten_DA7200,wheat,Wheat,Spain,2007,12.60000038,9.600000382,0.138839781,0.141848877,0.146576285,0.15238899,0.158762768,0.165327296,0.171012566,0.175146341,0.177489817,0.178424269,0.178155601,0.177081004,0.175522655,0.173420385,0.170826763,0.167962089,0.164893568,0.161799103,0.158692226,0.155768812,0.152965754,0.150205135,0.147346944,0.144614533,0.142070994,0.139757648,0.13768974,0.135955185,0.13455309,0.133448824,0.132777751,0.132361993,0.132339984,0.13288714,0.134402275,0.137850359,0.144511715,0.155202255,0.169527918,0.186483845,0.204877541,0.223169833,0.240084752,0.254885912,0.267599016,0.279162645,0.290221274,0.300636739,0.309481263,0.315729976,0.319070846,0.319485426,0.316951901,0.311420143,0.303676546,0.295330465,0.287572682,0.280915797,0.275609136,0.271602958,0.268643588,0.266498745,0.26487565,0.263494909,0.262070596,0.260357499,0.258347243,0.256228417,0.254377365,0.253329128,0.253232896,0.254405856,0.25701797,0.261394739,0.267699271,0.275977075,0.28630814,0.298309952,0.311539918,0.32533589,0.339166552,0.352703899,0.365293622,0.376526535,0.386563003,0.396064282,0.406594336,0.420084298,0.438456565,0.460171968,0.485581994,0.513721108,0.542594671,0.570363104,0.595347047,0.616653919,0.633608043,0.646667063,0.65612334,0.662594616,0.667210877,0.670274317,0.672372699,0.673566759,0.673729122,0.672688603,0.671165705,0.668791354,0.665983796,0.662972689,0.659676075,0.656237721,0.652773559,0.649360597,0.646092892,0.643243909,0.640904963,0.638468683,0.636505365,0.634889126,0.633741021,0.632414222,0.630920231,0.629588604,0.628028572,0.626273394,0.62386471,0.620928347,0.617394388,0.613049805,0.608251512,0.603129208,0.597633779,0.592239559,0.586920977,0.581681013,0.576681614,0.571758509,0.56741631,0.5634197,0.559768021
WheatWholePerten0091,Perten_DA7200,wheat,Wheat,Spain,2007,10.69999981,12.89999962,0.183092177,0.185735583,0.190144301,0.195905909,0.202731729,0.209727854,0.216116563,0.22081092,0.223527506,0.224739686,0.22458294,0.223761469,0.222396463,0.22050947,0.217866004,0.214910388,0.211803883,0.208532706,0.205233723,0.202174127,0.199125469,0.196113348,0.193067536,0.190055326,0.187131032,0.184493303,0.182111561,0.18005009,0.178279236,0.176960275,0.176012963,0.175397262,0.175131783,0.175548807,0.176989526,0.180510849,0.187559933,0.198967531,0.214275152,0.232152626,0.251653135,0.271491766,0.290614307,0.307976604,0.323343843,0.337547988,0.350933164,0.363467395,0.373871088,0.380827576,0.384209812,0.384196878,0.380700558,0.373813719,0.364439488,0.354466617,0.345206499,0.337230712,0.330832869,0.325940132,0.322293639,0.319669157,0.317735434,0.316159904,0.314583868,0.312598795,0.310100615,0.307259679,0.30466643,0.302926153,0.302291125,0.303071469,0.305549592,0.310026109,0.316687912,0.325694323,0.337192774,0.350950062,0.36643675,0.382981867,0.399928451,0.41667375,0.432241172,0.445937276,0.458118677,0.469344616,0.481312215,0.4964194,0.517058313,0.54149735,0.57028091,0.602674842,0.636333525,0.668789625,0.697868884,0.722496271,0.741814077,0.75611037,0.766360521,0.773287654,0.778356433,0.781836331,0.783974886,0.785337329,0.785879612,0.785247803,0.784061372,0.782206178,0.780011833,0.777732968,0.774966836,0.772009432,0.768733978,0.765663922,0.762533069,0.759805799,0.757685959,0.755033374,0.753020823,0.751591563,0.7505036,0.749344051,0.747934163,0.746887028,0.745222092,0.743686974,0.741259933,0.738068938,0.734274149,0.729684234,0.724645197,0.719047904,0.712973356,0.706972122,0.70114398,0.695500076,0.689905286,0.684244633,0.679320276,0.674676955,0.670374155
WheatWholePerten0092,Perten_DA7200,wheat,Wheat,Spain,2007,8.899999619,16.10000038,0.178771779,0.18063122,0.184221089,0.189381763,0.195925757,0.202893123,0.209118277,0.213684276,0.216311991,0.217409372,0.217374429,0.216682091,0.215535089,0.213789687,0.211289555,0.208412454,0.205325425,0.202092558,0.198836222,0.195780963,0.192708612,0.189609066,0.186489746,0.183270603,0.18027845,0.177519262,0.175018996,0.172730967,0.170831502,0.169353589,0.168243751,0.167574748,0.167342633,0.167701259,0.16925706,0.17306149,0.180432826,0.192182675,0.20742476,0.224911034,0.243825913,0.263477445,0.282860488,0.300787211,0.316702992,0.331263721,0.345096916,0.358030319,0.368519932,0.375315875,0.378704101,0.378687084,0.375151545,0.368087113,0.358439982,0.347979754,0.338242292,0.32983315,0.322980046,0.317634344,0.31362462,0.310704231,0.308629155,0.307058811,0.30549854,0.303480804,0.300832421,0.297700018,0.294745773,0.29259637,0.291588664,0.291978866,0.294028312,0.298105568,0.304349214,0.312897891,0.324102938,0.3377662,0.353393883,0.37043488,0.388230383,0.405939311,0.422290355,0.436608762,0.449055255,0.460252523,0.472023606,0.48669821,0.506539166,0.529903591,0.557527304,0.589224398,0.622820795,0.655569673,0.685095191,0.710083008,0.729692459,0.744142056,0.754583418,0.761542738,0.766615868,0.770054758,0.772492468,0.774134994,0.774788022,0.77453804,0.773768306,0.772461593,0.770812869,0.769011498,0.766551077,0.763955355,0.761161804,0.758210838,0.755218387,0.752592146,0.750631213,0.748108864,0.746451318,0.74516052,0.744087696,0.743043363,0.741764247,0.740768313,0.739464343,0.738030016,0.735568941,0.732752681,0.728982985,0.724470139,0.719635963,0.714047611,0.708070159,0.70210886,0.696689129,0.69080472,0.685191095,0.679849505,0.674928308,0.670241594,0.666421771
WheatWholePerten0093,Perten_DA7200,wheat,Wheat,Spain,2007,12.19999981,9.5,0.114408016,0.117016524,0.121095762,0.126083985,0.132132813,0.138091624,0.143371075,0.147195131,0.14941828,0.150242358,0.150059193,0.1490895,0.14772898,0.145809576,0.143389612,0.140746459,0.137867674,0.135072961,0.132270843,0.129572645,0.127000824,0.124512099,0.121946193,0.119421423,0.117060997,0.114904136,0.112931699,0.111232609,0.109828889,0.108766407,0.10808105,0.107634358,0.107567906,0.108061187,0.109442338,0.112593472,0.118689559,0.128430665,0.141398847,0.156548932,0.173017457,0.189531803,0.204925299,0.218434677,0.230109364,0.240832284,0.25105232,0.260676414,0.268864393,0.274634004,0.277736902,0.27819255,0.275963605,0.27098915,0.263976991,0.256433308,0.249467418,0.243428931,0.238620833,0.234993607,0.232294098,0.230374903,0.22891821,0.227626741,0.22632125,0.224763453,0.222913846,0.220866278,0.219113693,0.218028531,0.217847183,0.218798518,0.221043736,0.224823564,0.23037371,0.237746373,0.246974886,0.257817775,0.269820631,0.282537758,0.295522422,0.308253855,0.320116967,0.330731034,0.340144455,0.348941088,0.358637661,0.371121287,0.388396621,0.409136146,0.434092909,0.462683052,0.493123382,0.523341477,0.551416338,0.576058447,0.596209705,0.611774564,0.623267293,0.631187439,0.636777639,0.640482783,0.643022299,0.644530594,0.644919038,0.643877387,0.64202857,0.639258623,0.636140466,0.632565141,0.62876308,0.624858975,0.620767057,0.616672397,0.612891913,0.609553158,0.606784761,0.604018867,0.601871491,0.600055575,0.598628044,0.597129166,0.595467866,0.594135881,0.592360437,0.590304613,0.587611258,0.584183395,0.580073595,0.575061262,0.569675684,0.563569367,0.557409406,0.551275969,0.545287967,0.539397419,0.534006953,0.528455317,0.523620904,0.519312859,0.515492916
WheatWholePerten0094,Perten_DA7200,wheat,Wheat,Spain,2007,10.0,9.699999809,0.094479814,0.096714668,0.100651495,0.105790921,0.11198552,0.11842759,0.124107175,0.12806803,0.130573884,0.13170217,0.131630346,0.130941436,0.129678562,0.127957001,0.125757098,0.123323724,0.120643355,0.117952548,0.11537537,0.112798892,0.110327199,0.107981108,0.105539374,0.10309232,0.100813478,0.098730654,0.096769072,0.095014595,0.093597241,0.0925176,0.091724463,0.091238909,0.09116213,0.091665231,0.093057074,0.096232556,0.102243125,0.111844689,0.124419145,0.139074847,0.155034125,0.171100751,0.186346754,0.19995524,0.211735576,0.22250317,0.232993528,0.242837057,0.251138151,0.257098883,0.26038006,0.2609981,0.25898701,0.254121423,0.247210905,0.239661768,0.232527435,0.226357505,0.221454918,0.217741713,0.215003729,0.213073716,0.211658299,0.210375056,0.20911321,0.207547694,0.205555856,0.203360751,0.201389462,0.199983344,0.199476063,0.200077847,0.20198217,0.205369502,0.21051158,0.217438102,0.226265788,0.23685053,0.248696327,0.261457026,0.274597198,0.287505865,0.299455315,0.31012851,0.319449127,0.327811092,0.336800426,0.348075211,0.363592535,0.382302731,0.404903442,0.431066454,0.459461451,0.488125533,0.514953971,0.538764119,0.558390975,0.573444724,0.58444941,0.592178464,0.59742862,0.601077676,0.603718519,0.605200231,0.605733693,0.605332375,0.60381949,0.601568461,0.599068523,0.596093059,0.592742026,0.589484572,0.585922182,0.582298994,0.579028249,0.576265812,0.57379669,0.571283698,0.569471479,0.568089962,0.566884339,0.565708816,0.564339161,0.563178361,0.561886907,0.560015678,0.557771504,0.554713547,0.551034749,0.546432436,0.541137576,0.535699546,0.529736579,0.523993552,0.518377304,0.513020694,0.507680357,0.502687335,0.498393387,0.494379759,0.490820617
WheatWholePerten0095,Perten_DA7200,wheat,Wheat,Spain,2007,8.899999619,12.60000038,0.169299901,0.171008393,0.174664363,0.179686829,0.18589659,0.192628577,0.198567703,0.202839598,0.20526582,0.206413701,0.206199318,0.205226451,0.203936726,0.201997042,0.199566215,0.196730524,0.19376871,0.190821469,0.187773779,0.184892669,0.182076633,0.179243907,0.17645742,0.173544154,0.170890003,0.168360248,0.165985048,0.163985744,0.162184402,0.160761774,0.159722403,0.159017116,0.158740938,0.159012139,0.160369322,0.16360198,0.169990093,0.18037048,0.194058299,0.210044593,0.227450267,0.245342076,0.262664259,0.278445572,0.292380095,0.305093885,0.317435056,0.329024464,0.338499069,0.345173925,0.348526537,0.348815471,0.345974803,0.339894921,0.331637681,0.322606683,0.314102769,0.306644678,0.300625622,0.296001732,0.292543531,0.290089279,0.288246244,0.286679059,0.285080612,0.283139646,0.280661374,0.277820885,0.27516824,0.273231685,0.272316247,0.272657305,0.274467528,0.278095365,0.283673137,0.291439474,0.30150786,0.31372568,0.32761994,0.342603594,0.358212441,0.373534828,0.387671083,0.400080502,0.410829186,0.420519799,0.430590034,0.443068981,0.460235864,0.480694026,0.505068839,0.533046603,0.56317997,0.593036234,0.620539606,0.644391537,0.663269639,0.677623093,0.687675536,0.694843411,0.699519098,0.702712715,0.704962611,0.706275106,0.706802428,0.706299186,0.705190003,0.703228712,0.701235056,0.698770225,0.695839465,0.693159044,0.689957142,0.68679136,0.683852673,0.681386292,0.679305553,0.676698983,0.675118208,0.673872471,0.672728598,0.671630204,0.670488298,0.669497073,0.668113828,0.66655308,0.664280653,0.661361098,0.65794456,0.653496623,0.648516178,0.643128812,0.637626171,0.631813467,0.626472592,0.621072471,0.615742087,0.610793293,0.606254101,0.602202654,0.598487794
WheatWholePerten0096,Perten_DA7200,wheat,Wheat,Spain,2007,10.39999962,9.199999809,0.140076816,0.141979322,0.145550102,0.1504042,0.156315461,0.1623386,0.167736143,0.171627387,0.173824862,0.174669072,0.174455702,0.173458293,0.171985805,0.170101598,0.167638689,0.164913744,0.162114203,0.159230232,0.156352758,0.153642833,0.150967807,0.14835994,0.145752907,0.143139571,0.140638158,0.138315842,0.136187881,0.134357646,0.13270022,0.131456554,0.130455405,0.129774049,0.129464388,0.129746482,0.130896851,0.133778393,0.139619529,0.149092093,0.161815256,0.176839933,0.193277791,0.210015446,0.225786567,0.239792556,0.251992077,0.263253301,0.27412647,0.284398496,0.293136537,0.299320787,0.302657515,0.303202063,0.300906837,0.295580238,0.28811428,0.280022979,0.27234146,0.265742987,0.260422945,0.25641191,0.253466338,0.251340449,0.249726728,0.248271808,0.246796653,0.244984642,0.242754027,0.240308061,0.238145784,0.236623377,0.236026377,0.236589253,0.238460764,0.241933465,0.247274071,0.254570991,0.263882935,0.27500093,0.287420899,0.300760716,0.314405292,0.327846766,0.340337724,0.351303518,0.360923231,0.369650126,0.379056931,0.390809834,0.406962812,0.426357389,0.449801773,0.476697624,0.505593181,0.534479857,0.561345816,0.584762335,0.603927136,0.618528783,0.629178226,0.636670351,0.641747892,0.645132721,0.64754194,0.648822486,0.649254024,0.648657799,0.647114217,0.644911349,0.642405272,0.639385939,0.636085808,0.632889211,0.629429638,0.625873685,0.622737646,0.619978666,0.617638111,0.615185082,0.613441587,0.612118125,0.610972285,0.609943926,0.60864383,0.60736531,0.60613811,0.60439074,0.601956546,0.599075139,0.595180333,0.590628564,0.58549124,0.579972625,0.574154377,0.568468273,0.562749386,0.557117283,0.552049041,0.546918929,0.5421471,0.53819859,0.534224749
WheatWholePerten0097,Perten_DA7200,wheat,Wheat,Spain,2007,11.19999981,11.30000019,0.144963443,0.147496238,0.151867703,0.157698304,0.164369345,0.171282783,0.177481413,0.181916595,0.184496805,0.185583249,0.185499176,0.184531599,0.183140889,0.181137845,0.178519145,0.17563872,0.17253688,0.169361606,0.166160762,0.163127258,0.160192207,0.157308385,0.1543933,0.151483312,0.148667067,0.146232471,0.14395085,0.142020151,0.140397236,0.139145985,0.138328955,0.13791509,0.137815535,0.138341352,0.139942408,0.143575341,0.150603354,0.161875367,0.176853374,0.19424589,0.213087395,0.232084036,0.250042558,0.266027719,0.279985458,0.292791516,0.304927021,0.31632492,0.325819612,0.332372546,0.335802704,0.335975647,0.333129197,0.327044636,0.318639755,0.309650868,0.301251531,0.294107199,0.288304061,0.283965915,0.280747205,0.278399766,0.276702553,0.275242776,0.273780435,0.271935493,0.269697219,0.267238915,0.265063524,0.263650417,0.263284504,0.264218509,0.266640484,0.2708579,0.277198851,0.285644561,0.296293914,0.308870405,0.32284984,0.337712228,0.352758318,0.36760059,0.381357133,0.393510371,0.404321849,0.414327353,0.425202787,0.438889384,0.457636356,0.479880661,0.506129801,0.535572171,0.566200435,0.595990956,0.622931361,0.645967603,0.664495885,0.67849189,0.688675225,0.69574064,0.700643361,0.703940749,0.706286907,0.707502961,0.707919776,0.707378566,0.706003249,0.704105496,0.701656342,0.698869228,0.695846558,0.692733288,0.689431548,0.686008036,0.682964623,0.680364966,0.678067505,0.67560184,0.673692823,0.672238112,0.671050012,0.669952154,0.668696046,0.66732657,0.665867567,0.664148271,0.661718249,0.658952713,0.65505141,0.650578857,0.645575523,0.640256107,0.63453126,0.628872871,0.623194516,0.617685854,0.61242789,0.607180178,0.602581799,0.598226786,0.594352663
WheatWholePerten0098,Perten_DA7200,wheat,Wheat,Spain,2007,10.0,8.699999809,0.108229451,0.109906644,0.113220125,0.117905445,0.123611227,0.129501343,0.134827405,0.138510108,0.140631244,0.141524777,0.141322792,0.140322015,0.138894916,0.1370994,0.134845883,0.132349253,0.129761249,0.12704955,0.124392055,0.121928416,0.119481988,0.117140994,0.114782073,0.112321734,0.110083982,0.107939594,0.105965272,0.104235627,0.102684736,0.101438381,0.100510553,0.099869251,0.099605218,0.099857688,0.1009707,0.10368228,0.109198391,0.118025318,0.129829302,0.143623918,0.158718735,0.174124688,0.188705251,0.201727629,0.213140652,0.223715022,0.233960822,0.243714467,0.252061486,0.258062363,0.261389375,0.262057215,0.260007441,0.255187541,0.248336971,0.240828246,0.233800665,0.22771287,0.222797647,0.219123676,0.2164381,0.214477971,0.212996647,0.211728588,0.210344255,0.208687484,0.206660628,0.204395458,0.202330098,0.20084542,0.20025304,0.200646117,0.202299148,0.205434233,0.210237503,0.216837376,0.225332633,0.235576168,0.247186855,0.259711176,0.272655338,0.285486877,0.297474533,0.307989389,0.317169577,0.325447202,0.334288746,0.345380336,0.360743851,0.379377037,0.402315736,0.429426462,0.459353536,0.490153283,0.519612074,0.545877159,0.567581415,0.584359884,0.596489847,0.604899943,0.610724986,0.614647448,0.617263973,0.618708909,0.619157791,0.618406594,0.616689563,0.614203632,0.611244381,0.607931674,0.604322314,0.60063082,0.596808374,0.592959583,0.589358687,0.586412787,0.583791673,0.581156492,0.579410136,0.578079999,0.576946259,0.575884223,0.574636221,0.573398948,0.571900904,0.570078671,0.567438364,0.564219475,0.559928238,0.554936051,0.549104333,0.543122172,0.536685824,0.530368269,0.524196327,0.518158376,0.512667954,0.507175326,0.502117932,0.497702301,0.493873239
WheatWholePerten0099,Perten_DA7200,wheat,Wheat,Spain,2007,10.39999962,13.30000019,0.143780813,0.146357417,0.150625065,0.156172782,0.162684605,0.169498265,0.175531179,0.17987971,0.182567194,0.183743134,0.183714405,0.183094621,0.181883231,0.180175379,0.177857965,0.175159589,0.172194481,0.169195563,0.166234583,0.163398862,0.160530493,0.15779978,0.154997245,0.152127564,0.149552107,0.147087261,0.144852936,0.142990187,0.14139612,0.140195817,0.139371902,0.13892138,0.138823882,0.139352709,0.140973598,0.144474581,0.151302651,0.162245274,0.176544622,0.193038166,0.210962579,0.229155153,0.246510387,0.262151927,0.275854439,0.288365275,0.300329655,0.31143707,0.320537537,0.326750755,0.329864979,0.329854965,0.326926589,0.320933163,0.312665314,0.303865612,0.29570657,0.288623661,0.282931417,0.278574765,0.275348514,0.272991568,0.271343112,0.269948483,0.268528283,0.266845465,0.264682412,0.262124062,0.259861916,0.258312374,0.257753342,0.258501381,0.26070863,0.264651179,0.270581573,0.27866593,0.288886935,0.301074296,0.314708203,0.329236239,0.34405756,0.358721107,0.372212201,0.38401714,0.394541889,0.404129088,0.414330214,0.427136451,0.444494188,0.46510005,0.489389747,0.516455591,0.544473767,0.571576595,0.595977962,0.616489887,0.632766724,0.645088315,0.653765619,0.659852743,0.66408509,0.666970372,0.669043958,0.670259655,0.670637667,0.670234144,0.669350803,0.66776067,0.665808082,0.663703501,0.661251247,0.658627391,0.655835331,0.652805865,0.65018481,0.647962749,0.645887554,0.643572748,0.641980946,0.640659809,0.63949424,0.638476491,0.637314022,0.636035264,0.634822011,0.633294702,0.630978286,0.628701031,0.625335634,0.621303737,0.616866946,0.612171888,0.606977403,0.601945162,0.59710139,0.59196949,0.587275088,0.582691073,0.57818079,0.57477659,0.5713498
WheatWholePerten0100,Perten_DA7200,wheat,Wheat,Spain,2007,9.300000191,10.19999981,0.128185138,0.13008444,0.133802608,0.138818368,0.145124123,0.151678279,0.157513008,0.161742255,0.164041862,0.165019319,0.164804995,0.163888186,0.162556112,0.160662845,0.158376813,0.155729711,0.152888089,0.149988413,0.147062808,0.144394904,0.141761839,0.139202222,0.136596367,0.133864403,0.131348789,0.129009083,0.126833245,0.124918133,0.123213045,0.121906906,0.120852083,0.120193876,0.119887963,0.120129988,0.121395424,0.124461561,0.130495653,0.140251622,0.153200507,0.168270662,0.184717357,0.201475248,0.217447728,0.231771022,0.244299412,0.25586012,0.267062694,0.277550727,0.286466122,0.292768121,0.296163231,0.296701044,0.29433316,0.288985282,0.281389833,0.273122817,0.265331179,0.258561105,0.253093839,0.248946205,0.245869651,0.24366954,0.242005363,0.240604237,0.239099011,0.2372486,0.235022411,0.232464656,0.230147392,0.228450343,0.227647275,0.228015333,0.229739517,0.233081281,0.238250479,0.24543041,0.254656643,0.265823424,0.278462619,0.292082667,0.30618003,0.320141763,0.333065361,0.344272763,0.354094714,0.362934172,0.372193128,0.38376385,0.399696946,0.418830335,0.442041606,0.469095469,0.498478353,0.528094053,0.555949092,0.580305636,0.600115657,0.615366399,0.626170218,0.633605242,0.63876456,0.642187774,0.644490421,0.645779789,0.646279633,0.645589054,0.64422524,0.642061293,0.639582157,0.636808991,0.633531034,0.630333245,0.626822472,0.623301506,0.620114446,0.617403328,0.615182936,0.612546384,0.611022532,0.609769881,0.608489633,0.607484222,0.606306434,0.605079889,0.60372895,0.602141142,0.599485457,0.596578658,0.592821896,0.588091016,0.582673609,0.577123404,0.571259856,0.565392315,0.559702575,0.553861082,0.548569858,0.54344368,0.538360477,0.534386635,0.530867994
WheatWholePerten0101,Perten_DA7200,wheat,Wheat,Spain,2007,9.100000382,8.600000382,0.098751918,0.100314707,0.10347274,0.108110525,0.113763444,0.119838402,0.12517035,0.128785461,0.130963773,0.131716773,0.131495476,0.130629659,0.129274532,0.127483457,0.125292346,0.12285275,0.120312817,0.117690511,0.115177825,0.112793699,0.110454217,0.10816782,0.105859742,0.10350842,0.101261504,0.099188879,0.097249173,0.095490418,0.093947947,0.092657901,0.091757231,0.091047891,0.090723492,0.090903297,0.0919801,0.094708428,0.100023121,0.108596161,0.120016426,0.133319154,0.147901565,0.162726268,0.17686823,0.189545304,0.20058395,0.210845709,0.220868781,0.230429724,0.238569349,0.244474813,0.2478012,0.248512387,0.246662483,0.242015928,0.235401705,0.22808668,0.221104398,0.215089575,0.210270017,0.206607819,0.203918576,0.201991111,0.200541288,0.199279293,0.197886765,0.196212113,0.194165379,0.191885501,0.189793229,0.188261047,0.187512532,0.187767625,0.189218745,0.192051098,0.196573496,0.202832446,0.210962579,0.220800385,0.231998503,0.24419336,0.256875366,0.269393891,0.28099218,0.29123959,0.30008617,0.307912022,0.316261739,0.326606631,0.340912432,0.358220339,0.379670769,0.40522489,0.433647871,0.463039637,0.491292328,0.516627967,0.53747952,0.553479672,0.565037072,0.572943509,0.57838738,0.581994653,0.584385932,0.58575964,0.586148083,0.585363448,0.583602727,0.581314325,0.578549266,0.575421035,0.571900904,0.568492889,0.564799964,0.561051905,0.557713449,0.554682791,0.552291393,0.549944997,0.548234642,0.547098577,0.545839012,0.544764161,0.543669343,0.542605758,0.541340113,0.539492369,0.536996543,0.533934951,0.529863298,0.525136828,0.51955688,0.51383698,0.507537961,0.501614869,0.495674521,0.490093201,0.4845469,0.479451299,0.474735856,0.470570266,0.467260957
WheatWholePerten0102,Perten_DA7200,wheat,Wheat,Sweden,2006,13.10000038,9.100000382,0.103232205,0.106274813,0.110747904,0.115910754,0.121602625,0.127381176,0.132278144,0.135610282,0.137566581,0.138201684,0.137820736,0.136900678,0.135442808,0.133565441,0.131372482,0.129016593,0.126465812,0.123862632,0.121450596,0.119138673,0.116890147,0.11456342,0.112398759,0.11028897,0.108236887,0.106414631,0.104906417,0.103417069,0.102388218,0.101524666,0.100992225,0.100704029,0.10068588,0.101171903,0.102291651,0.104893446,0.110088088,0.11890731,0.13112846,0.1453899,0.161085919,0.176581949,0.190810815,0.203043565,0.213445306,0.222748801,0.23191461,0.240561694,0.24812974,0.253460616,0.256390214,0.256757647,0.254695952,0.249886274,0.243016735,0.235709101,0.228889525,0.223004818,0.218289197,0.214725196,0.212138876,0.210205391,0.20886448,0.207612947,0.206397519,0.204945177,0.203336895,0.201487452,0.199987292,0.198997617,0.198987961,0.200067177,0.202379495,0.206148773,0.211580381,0.218771786,0.227738112,0.238184333,0.249494255,0.261329323,0.273223132,0.285011381,0.296113432,0.305973411,0.314887285,0.323606283,0.333633632,0.346413642,0.363271475,0.384232104,0.408577412,0.435538411,0.463764459,0.490911871,0.515920162,0.537519574,0.555273116,0.568809331,0.578545392,0.585093677,0.589824617,0.592971027,0.594890237,0.59606725,0.596127391,0.59513998,0.592899442,0.590240836,0.586867631,0.583608627,0.57971555,0.575901091,0.572064757,0.568534255,0.564946175,0.561669588,0.559282363,0.5567168,0.554731488,0.553637743,0.552061081,0.551025927,0.550021172,0.548816145,0.547456741,0.545872152,0.543503106,0.540556967,0.537143648,0.532878935,0.527969718,0.522758603,0.517364621,0.511953294,0.506784558,0.501698375,0.497024745,0.492400914,0.488146395,0.484210968,0.480437636
WheatWholePerten0103,Perten_DA7200,wheat,Wheat,Australia,2008,12.07999992,20.29117012,0.164884999,0.168510005,0.173722997,0.179867998,0.186872006,0.193810001,0.199940994,0.204601005,0.207577005,0.209024996,0.209288001,0.208792001,0.208032996,0.206700996,0.204697996,0.202149004,0.199249998,0.196190998,0.193127006,0.190170005,0.187242001,0.184135005,0.180977002,0.177941993,0.175081,0.172561005,0.170383006,0.168486998,0.166917995,0.165875003,0.165290996,0.165123999,0.165307999,0.166044995,0.167790994,0.171627,0.178985,0.190827996,0.206360996,0.223783001,0.242358998,0.261018008,0.279127002,0.295736015,0.310164988,0.322935998,0.33485499,0.345723003,0.354223996,0.359416008,0.361598998,0.360765994,0.357093006,0.350481987,0.341702014,0.332462996,0.323954999,0.316725999,0.310811013,0.306118012,0.302561998,0.300020009,0.298301995,0.297017992,0.295917004,0.294627011,0.292683989,0.29034999,0.288284004,0.286857992,0.286704987,0.287827998,0.290466011,0.294905007,0.301272005,0.309776008,0.320481986,0.333121002,0.347065002,0.36173901,0.376801997,0.391505987,0.405081004,0.417073995,0.427466005,0.437539995,0.448758006,0.463108003,0.482133001,0.504921973,0.530389011,0.557603002,0.584843993,0.609718025,0.631259978,0.649025977,0.662939012,0.673294008,0.680540979,0.685679019,0.68918401,0.691716015,0.693315983,0.69442302,0.69452697,0.694067001,0.692991018,0.691434026,0.689671993,0.687636972,0.685364008,0.682754993,0.680133998,0.67740202,0.674699009,0.672415018,0.670427024,0.668506026,0.666893005,0.665467978,0.664074004,0.663058996,0.661800981,0.660534978,0.659345985,0.65793401,0.655905008,0.653374016,0.650381982,0.646799982,0.642677009,0.638225973,0.633722007,0.629148006,0.624671996,0.620187998,0.615719974,0.611459971,0.607366979,0.603685975,0.600428999
WheatWholePerten0104,Perten_DA7200,wheat,Wheat,Australia,2008,12.56999969,17.87715912,0.193413004,0.197386995,0.203266993,0.210222006,0.217987999,0.225777999,0.232794002,0.237948999,0.241150007,0.242691994,0.242953003,0.242259994,0.241184995,0.239487007,0.237119004,0.234255999,0.230955005,0.227577001,0.224094003,0.220763996,0.217548996,0.214175999,0.210761994,0.207478002,0.204382002,0.201637998,0.199226007,0.197203994,0.195538998,0.194356993,0.193696007,0.193425,0.193563998,0.194293007,0.196016997,0.199974999,0.207761005,0.220404998,0.237264007,0.256421,0.276914001,0.29736501,0.316891015,0.334587008,0.349958986,0.363665998,0.376352012,0.387894988,0.397085995,0.402906001,0.405470997,0.404657006,0.400828987,0.393936992,0.384748995,0.375212997,0.366328001,0.358695,0.352492988,0.347573012,0.343921006,0.341300011,0.339430988,0.338037998,0.336712986,0.335150003,0.332993001,0.330531001,0.328310996,0.326862991,0.326705992,0.327951014,0.33087799,0.335797995,0.342768997,0.352082998,0.363692999,0.377368003,0.392387003,0.408068001,0.423952997,0.439500004,0.453749001,0.466338992,0.477261007,0.487791985,0.499642998,0.514631987,0.534470022,0.55833298,0.584630013,0.612146974,0.639199972,0.663672984,0.684608996,0.701668978,0.71480298,0.724506974,0.731415987,0.736102998,0.739252985,0.741761982,0.743139982,0.744140983,0.744215012,0.74375999,0.742541015,0.740962029,0.739094973,0.737007976,0.734659016,0.732155979,0.729480982,0.726984024,0.724475026,0.722217977,0.720202982,0.718391001,0.716829002,0.715503991,0.714254975,0.713334978,0.712159991,0.710847974,0.70974201,0.70837301,0.706420004,0.703935027,0.701224983,0.697737992,0.693944991,0.689889014,0.685559988,0.681002975,0.676726997,0.672379971,0.667952001,0.663897991,0.659839988,0.656376004,0.653204978
WheatWholePerten0105,Perten_DA7200,wheat,Canadian Hard R,Canada,2002,10.5,17.5,0.212015003,0.215058997,0.219901994,0.226064995,0.233025998,0.240158007,0.246522993,0.25097099,0.25356701,0.254577994,0.254500985,0.253748,0.252532005,0.250690997,0.248347998,0.245464996,0.242341995,0.239024997,0.235841006,0.232828006,0.229769006,0.226724997,0.223520994,0.22044,0.217554003,0.215011999,0.212731004,0.210760996,0.209110007,0.207928002,0.207121998,0.206807002,0.206888005,0.207545996,0.209310994,0.213190004,0.220663995,0.232755005,0.248552993,0.266530007,0.285816014,0.30547601,0.324568987,0.341930002,0.357273996,0.371152014,0.384344012,0.396542013,0.406195998,0.412158996,0.41466099,0.414000988,0.409949005,0.402646989,0.393029004,0.382936001,0.373515993,0.365570992,0.359021008,0.353953004,0.35027501,0.347633004,0.345762014,0.344274014,0.342877001,0.341255009,0.338946015,0.336293995,0.333786011,0.332129002,0.331734002,0.332639992,0.335222989,0.340025991,0.346722007,0.355480999,0.367080003,0.380804986,0.396196008,0.412613988,0.429632992,0.446384013,0.461964011,0.475526989,0.487410992,0.498851001,0.511348009,0.527130008,0.548182011,0.573669016,0.602524996,0.63358599,0.665269017,0.694718003,0.720421016,0.741527021,0.757676005,0.769541979,0.778006017,0.783716977,0.787609994,0.790221989,0.792016983,0.793169022,0.793467999,0.793223977,0.792167008,0.790916026,0.789152026,0.787106991,0.784994006,0.782361984,0.779649973,0.777077019,0.774493992,0.772000015,0.770000994,0.768131018,0.766575992,0.765164971,0.764129996,0.762878001,0.761840999,0.760877013,0.759624004,0.758435011,0.756329,0.753733993,0.750500977,0.746459007,0.741720974,0.736699998,0.731688023,0.726297021,0.720983028,0.716111004,0.710877001,0.706552982,0.702194989,0.697786987,0.69420898
WheatWholePerten0106,Perten_DA7200,wheat,Canadian Hard R,Canada,2002,12.39999962,15.57999992,0.197352007,0.201152995,0.206660003,0.213147,0.220189005,0.227293998,0.233532995,0.237869993,0.240344003,0.241219997,0.240991995,0.240025997,0.238587007,0.236559004,0.233952001,0.230941996,0.227697,0.224328995,0.221063003,0.217974007,0.214892,0.211754993,0.208587006,0.205534995,0.202724993,0.200255007,0.198039994,0.196174994,0.194679007,0.193621993,0.192975998,0.192773998,0.193001002,0.193819001,0.195639998,0.199606001,0.207265005,0.219569996,0.235723004,0.254188001,0.273988992,0.293700993,0.312263012,0.328819007,0.343172014,0.356088013,0.368330985,0.379619986,0.388662994,0.39437601,0.396793991,0.396194011,0.392443001,0.385621011,0.376662999,0.367253006,0.358525991,0.351098001,0.345091999,0.340386003,0.336986005,0.334556013,0.332758009,0.33139801,0.330015987,0.328456998,0.326416999,0.324065,0.322032988,0.320811003,0.320795,0.322111994,0.325076997,0.330186009,0.337199986,0.346134991,0.357688993,0.371116996,0.385894001,0.40139699,0.417104989,0.432422012,0.44669199,0.459158003,0.470250994,0.481135994,0.493445993,0.508997977,0.529491007,0.554235995,0.581562996,0.610419989,0.638870001,0.664831996,0.687224984,0.70540297,0.719397008,0.729768992,0.736905992,0.74198401,0.745285988,0.747484982,0.74899298,0.749776006,0.749845982,0.749324977,0.747964978,0.746375978,0.744410992,0.742385984,0.740029991,0.737402022,0.734733999,0.732150972,0.729680002,0.727247,0.72525698,0.723455012,0.722027004,0.720866978,0.719586015,0.718378007,0.717266977,0.71619302,0.715140998,0.713756979,0.711816013,0.709384024,0.706322014,0.702745974,0.698475003,0.693961024,0.689428985,0.684777975,0.680046976,0.675444007,0.670816004,0.666818976,0.662862003,0.659197986,0.655883014
WheatWholePerten0107,Perten_DA7200,wheat,Canadian Hard R,Canada,2002,13.19999981,15.68999958,0.209134996,0.212842003,0.218079999,0.224108994,0.230689004,0.237106994,0.242726997,0.246576995,0.248630002,0.249293,0.248832002,0.247592002,0.245987997,0.243881002,0.241191998,0.238104999,0.234841004,0.231468007,0.228202,0.225043997,0.221976996,0.218851,0.215716004,0.212654993,0.209849998,0.207366005,0.205221996,0.203426004,0.201964006,0.200916007,0.200274006,0.200084001,0.200266004,0.201002002,0.202745006,0.206549004,0.213946998,0.225880995,0.241649002,0.259730011,0.279031009,0.298112005,0.315880001,0.331517994,0.344936013,0.357003003,0.368348986,0.378800005,0.387171,0.392358005,0.394569993,0.393916011,0.390280008,0.383735001,0.375147998,0.366223007,0.357955992,0.350917995,0.345238,0.340766013,0.337471008,0.335076004,0.333319008,0.331954986,0.330671996,0.32922399,0.327298999,0.325159997,0.323406994,0.322407007,0.32257399,0.324124992,0.327197999,0.332397997,0.339390993,0.348179013,0.359506011,0.372512013,0.386642009,0.401360989,0.416105986,0.43036601,0.443677992,0.455356985,0.465761006,0.476191998,0.488166004,0.503461003,0.523459017,0.547475994,0.573544025,0.600522995,0.627023995,0.650741994,0.671172023,0.687561989,0.700187028,0.709703028,0.716233015,0.720688999,0.723625004,0.725530028,0.726710022,0.727290988,0.727274001,0.726490974,0.724932015,0.723029017,0.720965982,0.718676984,0.716265023,0.713496029,0.710641027,0.708010972,0.705591023,0.703077972,0.70095098,0.699005008,0.697520018,0.696232021,0.694770992,0.693621993,0.692474008,0.691257,0.689963996,0.688440025,0.686509013,0.684050977,0.681189001,0.677617014,0.673505008,0.669194996,0.664768994,0.660372019,0.655866981,0.651570022,0.647315979,0.643427014,0.639918983,0.636098027,0.633005977
WheatWholePerten0108,Perten_DA7200,wheat,Canadian Hard R,Canada,2002,13.69999981,15.26000023,0.227137998,0.230970994,0.236439005,0.242571995,0.249136001,0.255528003,0.261119992,0.264954001,0.266997993,0.267648011,0.26711899,0.265917987,0.264266014,0.262062997,0.259276003,0.256148994,0.252822995,0.249378994,0.246003002,0.242820993,0.239706993,0.236562997,0.233382002,0.230324999,0.227513999,0.225017995,0.222886995,0.221134007,0.219592005,0.218583003,0.217978999,0.217772007,0.218003005,0.218747005,0.220495001,0.224300996,0.231727004,0.243744999,0.259737998,0.278129995,0.297841013,0.317360997,0.335433006,0.351345003,0.365007997,0.377207011,0.388799995,0.399459988,0.407997996,0.413388997,0.415636987,0.415033013,0.411316007,0.404608011,0.395841986,0.386638999,0.378199011,0.371039987,0.365224987,0.360666007,0.357362002,0.35491401,0.353087008,0.351669014,0.350326985,0.348843992,0.346873999,0.34474501,0.34297201,0.342065007,0.342321992,0.343953013,0.347202987,0.352609992,0.359845996,0.368950009,0.380591989,0.393943995,0.408396006,0.423406988,0.438448012,0.452995002,0.466594011,0.478482008,0.489183009,0.499926001,0.512385011,0.528320015,0.54905802,0.573855996,0.600574017,0.628067017,0.654717028,0.678429008,0.698531985,0.714604974,0.726945996,0.736160994,0.742516995,0.746855974,0.74969399,0.751519978,0.752704978,0.753252983,0.753180981,0.752411008,0.751052976,0.749086976,0.747002006,0.744768024,0.742307007,0.739642024,0.736950994,0.734183013,0.731646001,0.729227006,0.727015972,0.725162029,0.72359997,0.722382009,0.720986009,0.719780982,0.718376994,0.717381001,0.716051996,0.714679003,0.712769985,0.71034199,0.707382023,0.703791976,0.699949026,0.69569701,0.691290021,0.686770976,0.682434976,0.678139985,0.673964977,0.669888973,0.666329026,0.662711024,0.659474015
WheatWholePerten0109,Perten_DA7200,wheat,Canadian Hard R,Canada,2002,11.39999962,14.42000008,0.207526997,0.211717993,0.217997998,0.225336,0.233556002,0.241831005,0.249211997,0.254332006,0.257227987,0.258459985,0.258327991,0.257283986,0.255704999,0.253538996,0.250726998,0.247455999,0.244002998,0.240446001,0.236974001,0.233706996,0.230491996,0.227134004,0.223753005,0.220513001,0.217539996,0.214835003,0.212482005,0.210473999,0.208838001,0.207651004,0.206891,0.206579,0.206770003,0.207580999,0.209499002,0.213744998,0.221906006,0.235043004,0.252492011,0.272623986,0.294467002,0.316390008,0.337119997,0.355639011,0.371735007,0.386426985,0.40051201,0.413605988,0.424250007,0.431205988,0.43442601,0.434022009,0.429931998,0.422165006,0.411855996,0.400994986,0.390967995,0.382420987,0.375492007,0.370151013,0.366283,0.363525003,0.361449003,0.359802008,0.358206004,0.356321991,0.353836,0.351007998,0.34858799,0.347099006,0.34680301,0.348105013,0.351190001,0.356723011,0.364385992,0.374271005,0.387214005,0.402330995,0.419052005,0.436845988,0.45489201,0.472584993,0.489143997,0.503593028,0.516467989,0.52897799,0.542873979,0.560652018,0.584106982,0.612694025,0.644734979,0.678941011,0.713530004,0.745096028,0.772481024,0.794526994,0.811432004,0.823915005,0.832423985,0.838360012,0.842221975,0.844731987,0.846593022,0.847636998,0.847957015,0.847302973,0.845932007,0.844072998,0.841849983,0.839654028,0.837002993,0.834115982,0.831119001,0.828073025,0.825303972,0.822808027,0.820392013,0.818203986,0.816776991,0.815514982,0.814076006,0.813082993,0.811830998,0.81071198,0.809423983,0.807911992,0.805824995,0.802955985,0.799354971,0.794939995,0.790144026,0.784853995,0.779192984,0.773440003,0.767961979,0.762480974,0.757070005,0.751986027,0.747448981,0.742824972,0.739041984
WheatWholePerten0110,Perten_DA7200,wheat,Canadian Hard R,Canada,2002,13.0,16.42000008,0.208844006,0.212878004,0.218759999,0.225455999,0.23274,0.240040004,0.246465996,0.250860989,0.253378987,0.254301995,0.254067004,0.252965003,0.251459986,0.249381006,0.246638998,0.243468002,0.240051001,0.236504003,0.233065993,0.229755998,0.226560995,0.223297,0.219929993,0.216722995,0.213737994,0.211170003,0.208945006,0.206998006,0.205479994,0.204447001,0.203858003,0.203682005,0.203955993,0.204841003,0.206828997,0.21108,0.219217002,0.232234001,0.24944,0.269059986,0.290098012,0.311075985,0.330805987,0.348453999,0.363685995,0.377442002,0.390491009,0.402518004,0.41209501,0.418128014,0.42068401,0.419939995,0.415713996,0.408234,0.398479998,0.38826099,0.378928989,0.37104401,0.36459899,0.359587014,0.355951995,0.353311986,0.351357997,0.349880993,0.34849599,0.346864015,0.344743013,0.342325002,0.34029901,0.339141011,0.33919999,0.340768009,0.344044,0.349678993,0.357306987,0.367004007,0.379516006,0.394008994,0.409916997,0.426672012,0.443515003,0.459964007,0.475365013,0.488900006,0.501047015,0.513251007,0.52698803,0.544708014,0.568026006,0.596123993,0.627049983,0.659440994,0.691386998,0.720113993,0.744768977,0.764470995,0.77958101,0.790786982,0.798407972,0.80368501,0.807255983,0.809569001,0.81121999,0.811990023,0.812123001,0.811474979,0.810046971,0.808182001,0.806053996,0.803879023,0.801346004,0.798546016,0.795629025,0.792684972,0.789825022,0.787253976,0.784954011,0.782818019,0.781068981,0.779760003,0.778301001,0.777086973,0.775663972,0.774399996,0.773132026,0.771571994,0.769505978,0.766744971,0.763388991,0.759290993,0.754625022,0.74960798,0.744336009,0.739144027,0.734003007,0.728994012,0.723845005,0.719250023,0.714924991,0.710512996,0.70688802
WheatWholePerten0111,Perten_DA7200,wheat,Canadian Hard R,Canada,2002,13.19999981,16.30999947,0.202374995,0.206200004,0.211673006,0.218034998,0.224933997,0.231663004,0.237568006,0.241635993,0.243956,0.244801998,0.244477004,0.243433997,0.241916999,0.239886001,0.237260997,0.234203994,0.230942994,0.227564007,0.224282995,0.221148998,0.218044996,0.214842007,0.211646006,0.208580002,0.205769002,0.203273997,0.201148003,0.199371994,0.197913006,0.196915001,0.196345002,0.196192995,0.196445003,0.197263002,0.199181005,0.203201994,0.210932002,0.223346993,0.239629,0.258195996,0.278055996,0.297766,0.316208988,0.332571,0.346677005,0.359306991,0.371279001,0.382274985,0.391054004,0.396521986,0.398837,0.398137987,0.394374996,0.387558997,0.378652006,0.369302005,0.360722989,0.35344699,0.347575992,0.342961013,0.339585006,0.337173998,0.33535099,0.333990991,0.332713008,0.331256986,0.329266995,0.327039987,0.325210005,0.324151993,0.324261993,0.325758994,0.328906,0.334219992,0.341385007,0.350407988,0.362058997,0.375467002,0.390103012,0.405458003,0.42087701,0.435799003,0.449824989,0.462103993,0.473075986,0.484043986,0.496574998,0.512489021,0.533514977,0.558803022,0.586429,0.615199029,0.64358598,0.669126988,0.69106698,0.708719015,0.72230798,0.732379973,0.739380002,0.744242013,0.74742502,0.749462009,0.750923991,0.751694024,0.751775026,0.751088977,0.74971199,0.747900009,0.745926023,0.743700981,0.741249025,0.738527,0.735702992,0.732962012,0.730304003,0.727905989,0.725723982,0.723677993,0.722093999,0.720848978,0.719402015,0.718159974,0.716848016,0.715794981,0.71450901,0.713015974,0.711149991,0.708567977,0.705483973,0.701708973,0.697588027,0.693045974,0.688268006,0.68355298,0.67899698,0.674448013,0.669807017,0.665722013,0.661858022,0.658032,0.654833019
WheatWholePerten0112,Perten_DA7200,wheat,Canadian Hard R,Canada,2002,13.10000038,16.52000046,0.184945002,0.188124001,0.192699,0.198073998,0.204000995,0.209880993,0.214977995,0.218478993,0.220394999,0.220948994,0.220452994,0.219316006,0.217786998,0.215765998,0.213210002,0.210265994,0.207160994,0.203933001,0.200791001,0.197822005,0.194840998,0.191784993,0.188716993,0.185788006,0.183042005,0.180646002,0.178574994,0.176777005,0.175307006,0.174270004,0.173636004,0.173436001,0.173587993,0.174273998,0.175949007,0.179616004,0.186720997,0.198111996,0.213156,0.23026,0.248512998,0.266663015,0.283647001,0.298738986,0.311728001,0.323412001,0.334513009,0.344693989,0.352757007,0.357773006,0.359847993,0.359147012,0.355589986,0.349260986,0.340873003,0.33217001,0.324106991,0.317295015,0.311747015,0.307415992,0.304233015,0.301905006,0.300211996,0.298972994,0.297751993,0.296357006,0.294499993,0.292387992,0.29054901,0.28955099,0.289624989,0.291004002,0.293830007,0.298716992,0.305337012,0.313652009,0.324391991,0.336805999,0.350416988,0.364648998,0.378984988,0.392964989,0.406022012,0.417430013,0.427650005,0.437810004,0.449425012,0.464260012,0.483736992,0.507146001,0.532885015,0.559873998,0.586584985,0.610794008,0.631772995,0.648671985,0.661745012,0.671517015,0.678282976,0.682964027,0.686104,0.688126028,0.689516008,0.690285027,0.690330029,0.689661026,0.688220024,0.686398029,0.68453598,0.682416976,0.679912984,0.677277982,0.67455101,0.671815991,0.669301987,0.666824997,0.664691985,0.662748992,0.661251009,0.659954011,0.658577979,0.657407999,0.656072021,0.654947996,0.653735995,0.652208984,0.650237024,0.647792995,0.644840002,0.641165018,0.637102008,0.632737994,0.628187001,0.623634994,0.61926502,0.614785016,0.610338986,0.606293023,0.602617979,0.599007011,0.595824003
WheatWholePerten0113,Perten_DA7200,wheat,Canadian Hard R,Canada,2002,12.39999962,14.96000004,0.209552005,0.214260995,0.220862001,0.228543997,0.236852005,0.245097995,0.252324998,0.257342011,0.260385007,0.261454999,0.261240989,0.26019001,0.258592993,0.256356001,0.253522992,0.250178009,0.246609002,0.242946997,0.239360005,0.235889003,0.232548997,0.229142994,0.225675002,0.222313002,0.219240993,0.216512993,0.214126006,0.212124005,0.210527003,0.209399,0.208759993,0.208618,0.208853006,0.209755004,0.211858004,0.216312006,0.224871993,0.238654003,0.256817013,0.277635992,0.300053001,0.322429001,0.343412012,0.362134993,0.378417999,0.393146008,0.407198012,0.42028901,0.430785,0.437449992,0.440364003,0.43967101,0.435268015,0.427305996,0.416803986,0.405864,0.395749003,0.387201011,0.380302012,0.374969006,0.371084988,0.368304998,0.366266996,0.364672005,0.363130003,0.361310989,0.358947009,0.356353015,0.354043007,0.352710992,0.352692008,0.354189009,0.357591003,0.363474011,0.371486008,0.381736994,0.394993991,0.410416991,0.427403003,0.44531399,0.463393003,0.481068999,0.497651011,0.512201011,0.525247991,0.538293004,0.552987993,0.57170701,0.596458018,0.626465976,0.659711003,0.694832027,0.729631007,0.760981023,0.787913978,0.809334993,0.82566601,0.837648988,0.845863998,0.851464987,0.855001986,0.857436001,0.859147012,0.860035002,0.860170007,0.859435022,0.857837975,0.855982006,0.853850007,0.851449013,0.84857899,0.845632017,0.842504025,0.839661002,0.836745977,0.834011972,0.831615984,0.829522014,0.827628017,0.826186001,0.824609995,0.823336005,0.822088003,0.820967019,0.81931001,0.817668021,0.815445006,0.812487006,0.808884978,0.804638028,0.799465001,0.793905973,0.788434982,0.782769024,0.777077973,0.771772981,0.766111016,0.760945976,0.756188989,0.751667976,0.74732101
WheatWholePerten0114,Perten_DA7200,wheat,Canadian Hard R,Canada,2002,10.89999962,17.11000061,0.218511999,0.221738994,0.226853997,0.233173996,0.240388006,0.247776002,0.254355013,0.258861005,0.261530012,0.262558997,0.262387991,0.261527002,0.260279,0.258350998,0.255829006,0.252844006,0.249567002,0.246202007,0.242954999,0.239806995,0.236596003,0.233437002,0.230208993,0.227017999,0.224079996,0.221457005,0.219081,0.217052996,0.215367004,0.214098007,0.213321999,0.212962002,0.213023007,0.213682994,0.215501994,0.219567999,0.227276996,0.239721999,0.256024987,0.274578005,0.294465005,0.314657003,0.334156007,0.351877004,0.367448002,0.381559014,0.394988,0.407471001,0.417320013,0.423370004,0.426001012,0.425269991,0.421104997,0.413643003,0.403815001,0.393449009,0.383877009,0.375748992,0.369019985,0.363804996,0.360029012,0.35729,0.355291992,0.353828013,0.352371991,0.350612998,0.348260999,0.345450014,0.342916995,0.341230989,0.340797991,0.34175399,0.344440997,0.349397004,0.356260002,0.365258992,0.377186,0.391290009,0.407099009,0.423996002,0.441408008,0.458597988,0.474566996,0.488447011,0.500531018,0.512194991,0.525044978,0.541270971,0.562774003,0.588846982,0.618189991,0.649820983,0.68185401,0.711485028,0.737142026,0.757996023,0.773981988,0.785789013,0.793958008,0.799495995,0.803222001,0.805768013,0.80754298,0.808631003,0.808951974,0.808526993,0.807471991,0.805989027,0.80408299,0.802213013,0.799862027,0.797118008,0.794458985,0.791797996,0.789116025,0.786405027,0.784304023,0.782256007,0.780710995,0.779408991,0.77819401,0.776950002,0.775857985,0.77481401,0.773558021,0.772282004,0.770156026,0.76759702,0.76424402,0.760155976,0.75544101,0.750479996,0.745087028,0.739804983,0.734643996,0.729511976,0.72438699,0.719716013,0.715220988,0.711118996,0.707105994
WheatWholePerten0115,Perten_DA7200,wheat,Canadian Hard R,Canada,2002,13.0,16.82999992,0.209832996,0.213127002,0.217975006,0.223550007,0.229684994,0.235789999,0.241139993,0.244763002,0.246741995,0.247345999,0.246892005,0.245681003,0.244104996,0.242085993,0.239481002,0.236425996,0.233173996,0.229855001,0.226565003,0.223404005,0.220341995,0.217186004,0.213974997,0.210835993,0.208011001,0.205466002,0.203191996,0.201303005,0.199753001,0.198598996,0.197859004,0.197579995,0.197675005,0.198256001,0.199983999,0.203701004,0.210934997,0.222696006,0.238132998,0.255802989,0.274601996,0.293244004,0.310804009,0.326444,0.339926988,0.351981998,0.363344997,0.37382701,0.382104009,0.387061,0.389131993,0.388339996,0.384528011,0.377873004,0.369269997,0.360213995,0.351880997,0.344810993,0.339001,0.334426999,0.331048012,0.328581989,0.326765001,0.325419009,0.324088991,0.322569013,0.320621997,0.318356007,0.316421002,0.315293998,0.315376014,0.316682011,0.319593996,0.324629009,0.331416994,0.340041995,0.35117501,0.364053011,0.378174007,0.392913997,0.407797009,0.422351986,0.435896009,0.447674006,0.458099991,0.468488991,0.480392993,0.495552987,0.515479982,0.539304972,0.565433025,0.592680991,0.619406998,0.643509984,0.664276004,0.681043983,0.693961978,0.703463018,0.710227013,0.714837015,0.717745006,0.719703972,0.721071005,0.72180599,0.721816003,0.721252978,0.719767988,0.718030989,0.716026008,0.713855028,0.71143198,0.708788991,0.706111014,0.703455985,0.700884998,0.698329985,0.696263015,0.694236994,0.692753017,0.691469014,0.690244019,0.688821018,0.687556028,0.686383009,0.685199976,0.68374598,0.681806982,0.679457009,0.676600993,0.672993004,0.668880999,0.664516985,0.659988999,0.65553999,0.651113987,0.646744013,0.642462015,0.638619006,0.635020018,0.631543994,0.628090978
WheatWholePerten0116,Perten_DA7200,wheat,Canadian Hard R,Canada,2002,13.89999962,15.35000038,0.230169997,0.233926997,0.239130005,0.245239005,0.251637012,0.257865995,0.26334399,0.266994,0.269006014,0.269551009,0.268895,0.267663002,0.265888989,0.26356101,0.260785997,0.257539988,0.254211009,0.250746995,0.247337997,0.244149998,0.241001993,0.237827003,0.234623,0.231527001,0.228728995,0.226235002,0.224074006,0.222271994,0.220776007,0.219749004,0.219136998,0.218940005,0.219155997,0.219845995,0.221654996,0.225463003,0.232832998,0.244885996,0.260930002,0.279478014,0.299291015,0.318866998,0.336971015,0.352907002,0.366515994,0.378684014,0.390255004,0.400972992,0.409511,0.41485101,0.417254001,0.416711986,0.413042992,0.40635401,0.397599012,0.388484001,0.379951,0.372792989,0.366962999,0.362388015,0.359072,0.356660992,0.354820997,0.353433996,0.352086991,0.350571007,0.348648012,0.346516997,0.344814986,0.343921006,0.344249994,0.345907003,0.349224001,0.354671001,0.361952007,0.371120989,0.382817,0.396162987,0.41070199,0.425731987,0.440775007,0.455437005,0.469033986,0.481036991,0.491659999,0.502380014,0.514907002,0.530798018,0.551540017,0.576144993,0.602658987,0.629831016,0.656102002,0.679450989,0.699259996,0.715035975,0.727222979,0.736203015,0.742475987,0.74683702,0.749494016,0.751357019,0.752574027,0.753252029,0.753135026,0.752452016,0.751094997,0.74922502,0.747062028,0.744808972,0.742442012,0.739868999,0.737075985,0.734551013,0.73209101,0.729604006,0.727622986,0.725593984,0.724162996,0.722976983,0.721558988,0.720255017,0.719075978,0.717891991,0.716682971,0.715264976,0.713431001,0.711126983,0.708416998,0.705039978,0.701115012,0.69709003,0.692754984,0.688510001,0.684149027,0.680024982,0.676006019,0.672110975,0.66851002,0.664896011,0.661839008
WheatWholePerten0117,Perten_DA7200,wheat,Canadian Hard R,Canada,2002,13.39999962,15.78999996,0.219579995,0.223138005,0.228284001,0.234121993,0.240406007,0.246630997,0.251996994,0.255667001,0.257705003,0.258352011,0.257966012,0.256785989,0.255181015,0.253107011,0.250535995,0.247584,0.244442001,0.241206005,0.238045007,0.235071003,0.232085004,0.229053006,0.226064995,0.223153994,0.220501006,0.218178004,0.216129005,0.214405,0.213055,0.212143004,0.211572006,0.211383998,0.211600006,0.212328002,0.214032993,0.217739001,0.224845007,0.236355007,0.251655012,0.269248992,0.288138002,0.306827992,0.32426101,0.339670986,0.352914006,0.364780009,0.376015008,0.386353999,0.394683987,0.399868012,0.402081013,0.401450008,0.397877008,0.391413003,0.382950008,0.374098986,0.365918011,0.359037995,0.353392005,0.349029988,0.345831007,0.343517989,0.341805011,0.340456992,0.339186013,0.33772099,0.335873991,0.333829999,0.332105994,0.331158996,0.33139199,0.332911015,0.335987002,0.341165006,0.348102003,0.356822997,0.368014008,0.380861998,0.394858003,0.409366995,0.424014002,0.438237011,0.451445997,0.463027,0.473372996,0.483783007,0.495806009,0.511020005,0.530925989,0.554714024,0.580572009,0.607240021,0.633195996,0.656422973,0.676338017,0.692188978,0.704420984,0.713491976,0.719887972,0.724165976,0.726906002,0.728797019,0.730062008,0.730598986,0.730581999,0.729855001,0.72843802,0.726646006,0.724510014,0.722328007,0.719874024,0.717293978,0.714691997,0.712119997,0.709648013,0.707168996,0.705168009,0.703239024,0.701788008,0.700551987,0.699280024,0.698014975,0.696702004,0.695585012,0.694482029,0.693055987,0.691105008,0.688804984,0.685886979,0.682578981,0.678557992,0.674400985,0.669987977,0.665567994,0.66148299,0.657097995,0.652862012,0.64902699,0.645509005,0.641855001,0.638769984
WheatWholePerten0118,Perten_DA7200,wheat,Canadian Hard R,Canada,2002,10.39999962,16.72999954,0.215626001,0.218838006,0.223803997,0.229957998,0.237056002,0.244332001,0.250833005,0.25545001,0.258127987,0.25918299,0.259157002,0.258365989,0.257171005,0.255353004,0.252997994,0.250077993,0.246976003,0.243726,0.240500003,0.237501994,0.234464005,0.231396005,0.228202,0.225073993,0.222229004,0.219695002,0.217387006,0.215442002,0.213774994,0.212562993,0.211815998,0.211448997,0.211528003,0.212209001,0.213971004,0.217853993,0.225345999,0.237425,0.253223985,0.271207988,0.290609002,0.31031099,0.329499006,0.346996009,0.362430006,0.376460999,0.389865995,0.402195007,0.411965996,0.417953014,0.42059499,0.419914007,0.415771008,0.408376008,0.398674011,0.388451994,0.378960997,0.370958,0.364378989,0.35927999,0.35552901,0.352872014,0.35097301,0.349545002,0.348111987,0.346403986,0.34403801,0.341284007,0.338806003,0.337110996,0.336663991,0.337543994,0.340065986,0.34482801,0.351554006,0.360309988,0.371951014,0.385758013,0.401208997,0.417840987,0.434969991,0.451871991,0.467557013,0.481171995,0.493171006,0.504728019,0.517278016,0.533165991,0.554298997,0.580065012,0.609032989,0.640543997,0.672689021,0.702455998,0.728695989,0.750064015,0.766508997,0.778549016,0.786939025,0.792733014,0.796527028,0.799094975,0.800999999,0.802187979,0.802635014,0.802206993,0.801168978,0.799803019,0.798195005,0.796256006,0.79409498,0.791534007,0.788811982,0.786046982,0.783585012,0.781019986,0.779004991,0.777117014,0.775581002,0.774344027,0.773091972,0.771933973,0.770685971,0.769715011,0.768575013,0.767198026,0.765133023,0.76255703,0.759203017,0.755171001,0.75049001,0.745473981,0.740243018,0.734686971,0.729462028,0.724277973,0.719128013,0.714370012,0.709746003,0.705536008,0.701816976
WheatWholePerten0119,Perten_DA7200,wheat,Canadian Hard R,Canada,2002,12.80000019,16.20000076,0.203713,0.207442001,0.212880001,0.219256997,0.226173997,0.233058006,0.239151001,0.243361995,0.245773003,0.246641994,0.246379003,0.245353997,0.243853003,0.241809994,0.239203006,0.236162007,0.232850999,0.229432002,0.226097003,0.223014996,0.219852001,0.216640994,0.213378996,0.210235,0.207403004,0.204848006,0.202617005,0.200742006,0.199194998,0.198128,0.197533995,0.197317004,0.197508007,0.198339999,0.200240001,0.204252005,0.211925,0.224362001,0.240667,0.259232998,0.279069006,0.298788011,0.317373008,0.334008992,0.348414004,0.361333013,0.373528987,0.384737998,0.393629015,0.39911899,0.401472986,0.400757998,0.396831006,0.389874011,0.380881012,0.371421009,0.362774015,0.355399013,0.349359989,0.344686002,0.341322988,0.338813007,0.337056011,0.335691989,0.334313989,0.332810015,0.330740005,0.328428,0.326433003,0.32525,0.325332999,0.326698989,0.329703003,0.334912986,0.341987997,0.35095501,0.362558007,0.37600401,0.390715987,0.406183988,0.421770006,0.436973989,0.451070011,0.463409007,0.474440992,0.485397995,0.49772501,0.513432026,0.534133971,0.559078991,0.586360991,0.615101993,0.643450975,0.669000983,0.691097975,0.708904028,0.722654998,0.732816994,0.739919007,0.74476999,0.747952998,0.750032008,0.751581013,0.752436996,0.752551019,0.751807988,0.750425994,0.748750985,0.746776998,0.744614005,0.742240012,0.739516974,0.736877024,0.73418802,0.731679976,0.729220986,0.727136016,0.72528398,0.723734021,0.722459972,0.72131002,0.719982028,0.718634009,0.717639983,0.716440976,0.714890003,0.712903976,0.710578978,0.707691014,0.703903973,0.699652016,0.695249021,0.690576971,0.685765028,0.681149006,0.676578999,0.672059,0.667846978,0.663909018,0.660048008,0.656692982
WheatWholePerten0120,Perten_DA7200,wheat,Canadian Hard R,Canada,2002,13.0,17.22999954,0.205432996,0.208667994,0.213488996,0.219100997,0.225158006,0.231223002,0.236548007,0.240263,0.242272005,0.242880002,0.242562994,0.241395995,0.239867002,0.237886995,0.235305995,0.232323006,0.229158998,0.225805,0.222618997,0.21954,0.216452003,0.213346005,0.210150003,0.207094997,0.204252005,0.201828003,0.199682996,0.197836995,0.196338996,0.195243999,0.194628,0.194380999,0.194501996,0.195208997,0.196905002,0.200618997,0.207831994,0.219537005,0.234962001,0.252517998,0.271281004,0.289979994,0.307586014,0.323329002,0.33702001,0.349249989,0.360841006,0.37142399,0.379869014,0.385010004,0.387118012,0.386343986,0.382514,0.375743985,0.367141008,0.358049989,0.349669993,0.342624009,0.336827993,0.332354993,0.329043001,0.326629013,0.324925989,0.323619992,0.322344989,0.320885003,0.318931013,0.316785008,0.314830989,0.313760012,0.313832998,0.315182,0.318138003,0.323121011,0.329896003,0.338532001,0.349655002,0.362581998,0.37669,0.391499013,0.406430006,0.420969009,0.434572011,0.446440995,0.457150996,0.467779994,0.479869008,0.495299995,0.515559018,0.540004015,0.566828013,0.595053971,0.62303102,0.648241997,0.670077026,0.687780976,0.701574981,0.711777985,0.718897998,0.723855972,0.726974011,0.729067028,0.730693996,0.731374025,0.731482029,0.730799019,0.729288995,0.727726996,0.725605011,0.72339797,0.720959008,0.718210995,0.71549201,0.712674975,0.710012019,0.707410991,0.705286026,0.703440011,0.70175302,0.700357974,0.699038029,0.697715998,0.696327984,0.695266008,0.693997026,0.692436993,0.690537989,0.688104987,0.684877992,0.681291997,0.676962972,0.672357976,0.667653024,0.662823021,0.658268988,0.653548002,0.649056971,0.644869983,0.640845001,0.637288988,0.633814991
WheatWholePerten0121,Perten_DA7200,wheat,Canadian Hard R,Canada,2002,12.5,13.68000031,0.209167004,0.213914007,0.220560998,0.228257,0.236698002,0.245079994,0.252438992,0.257631987,0.260621011,0.261783987,0.261608005,0.260493994,0.258709997,0.256401002,0.253493011,0.250075996,0.246452004,0.242745996,0.239144996,0.235692993,0.232339993,0.228887007,0.225428999,0.222092003,0.219023004,0.216358006,0.213990003,0.211997002,0.210385993,0.209252,0.208560005,0.208384007,0.208621994,0.209497005,0.211546004,0.215955004,0.224377006,0.238068998,0.256298989,0.277424991,0.300282002,0.323060989,0.344366014,0.363222987,0.379494995,0.394160003,0.408288002,0.421489,0.432289988,0.439428985,0.442770004,0.442526996,0.438382,0.430541992,0.420049995,0.408928007,0.398710996,0.390013009,0.383024991,0.377653986,0.373746008,0.370950997,0.368835002,0.367134005,0.365455002,0.363577008,0.361146987,0.358442009,0.356182993,0.354900003,0.354938,0.35649699,0.359961003,0.365897,0.374031007,0.384407014,0.397702009,0.413159013,0.43016699,0.447995007,0.465956986,0.483523011,0.499922991,0.514325023,0.527377009,0.540337026,0.554769993,0.573237002,0.597558975,0.627014995,0.659461021,0.69354099,0.727217972,0.757480025,0.783336997,0.804026008,0.81971699,0.831263006,0.839245021,0.844615996,0.848285973,0.850655019,0.852324009,0.853110015,0.85333699,0.852671027,0.851019025,0.849183977,0.847006023,0.84474498,0.841973007,0.839048982,0.836215019,0.833181977,0.830335975,0.827699006,0.825397015,0.823249996,0.821730018,0.820155025,0.818762004,0.817538977,0.816267014,0.815155983,0.813914001,0.812264979,0.810065985,0.807393014,0.804072976,0.799969018,0.795167029,0.789967001,0.784593999,0.779219985,0.773917019,0.768553019,0.763457,0.758506,0.754127979,0.749698997,0.745815992
WheatWholePerten0122,Perten_DA7200,wheat,Canadian Hard R,Canada,2002,10.89999962,18.04999924,0.211809993,0.214707002,0.219302997,0.224944994,0.231418997,0.238042995,0.243933007,0.248104006,0.250546008,0.25148499,0.251406014,0.250687987,0.249569997,0.247921005,0.245718002,0.242982,0.240013003,0.236966997,0.233974993,0.231087998,0.228221998,0.225250006,0.222177997,0.219292,0.216594994,0.214195997,0.212072998,0.210219994,0.208691001,0.207600996,0.206928998,0.206653997,0.206743002,0.207401007,0.209076002,0.212745994,0.219864994,0.231314004,0.246307001,0.263384998,0.281783015,0.300556004,0.318872988,0.335640013,0.35047999,0.363858998,0.376623005,0.388404012,0.397623003,0.403284013,0.405607998,0.40486601,0.400855988,0.393721014,0.384380013,0.374547988,0.365511,0.357834011,0.351558,0.346664995,0.343082994,0.340472996,0.338661999,0.337343007,0.336115003,0.334587008,0.33237499,0.329829007,0.327506989,0.326023012,0.325652987,0.326579005,0.329104006,0.333786011,0.340328008,0.348807007,0.359988004,0.373275012,0.388181001,0.404154986,0.420621991,0.436818987,0.451990992,0.465216994,0.47696501,0.488274992,0.500653982,0.516403019,0.537334025,0.562734008,0.591332972,0.622397006,0.654073,0.683359027,0.709161997,0.730230987,0.746433973,0.758454025,0.766941011,0.77273798,0.776726008,0.779460013,0.781473994,0.782581985,0.782957971,0.782664001,0.781575024,0.780265987,0.778706014,0.776786029,0.774555028,0.771921992,0.76929301,0.766609013,0.763876021,0.761370003,0.759169996,0.757071972,0.755482018,0.754105985,0.752813995,0.751712978,0.750497997,0.749544978,0.748444021,0.746900022,0.744736016,0.742295027,0.739045978,0.734881997,0.730158985,0.725060999,0.719878018,0.714532018,0.709399998,0.704114974,0.699235976,0.694490016,0.690135002,0.68609798,0.682240009
WheatWholePerten0123,Perten_DA7200,wheat,Canadian Hard R,Canada,2002,13.60000038,15.47999954,0.189417005,0.193443,0.199129,0.205610007,0.212389007,0.219093993,0.225061998,0.229197994,0.231482998,0.232275993,0.231904,0.230902001,0.229396999,0.227235004,0.224677995,0.221621007,0.218370006,0.214980006,0.211696997,0.208682999,0.205626994,0.202474996,0.199322999,0.196321994,0.193569005,0.191153005,0.189077005,0.187289,0.185910001,0.185008004,0.184518993,0.184446007,0.184752002,0.185602993,0.187493995,0.191531003,0.199185997,0.211526007,0.227711007,0.246249005,0.265973002,0.285483003,0.303656995,0.319651991,0.333427995,0.345735997,0.357405007,0.368120015,0.376681,0.382095009,0.384420008,0.383850008,0.380172014,0.373513013,0.364861995,0.355778009,0.347456008,0.340406001,0.334679991,0.330229014,0.326965988,0.324649006,0.322901011,0.321574003,0.320293009,0.318861008,0.316935986,0.314821005,0.313068003,0.312153995,0.312409014,0.313950986,0.317142993,0.322466999,0.32959199,0.338591009,0.350109011,0.363267988,0.377613992,0.39250499,0.407474995,0.421947986,0.435425997,0.447320014,0.458095014,0.468879998,0.481155008,0.496910989,0.517665982,0.542478025,0.569586992,0.59781599,0.625465989,0.650273979,0.671476007,0.688645005,0.701878011,0.711570978,0.718451977,0.72310698,0.726239979,0.728237987,0.729620993,0.730394006,0.730279982,0.729557991,0.72813499,0.726387978,0.724164009,0.721956015,0.719446003,0.716669977,0.713877976,0.711095989,0.708455026,0.705964029,0.703832984,0.70185101,0.700330973,0.698951006,0.697722018,0.696426988,0.694984019,0.693974018,0.692838013,0.691246986,0.689204991,0.686776996,0.683916986,0.68007499,0.675949991,0.671607971,0.667034984,0.662401021,0.657895029,0.65337199,0.648880005,0.644869983,0.640886009,0.637215972,0.633975983
WheatWholePerten0124,Perten_DA7200,wheat,Canadian Hard R,Canada,2002,13.30000019,17.37999916,0.209759995,0.213205993,0.218230993,0.224118993,0.230458006,0.236736,0.242289007,0.246188998,0.248273,0.248953,0.248536006,0.247475997,0.245961994,0.243854001,0.241233006,0.238130003,0.234797001,0.231371,0.227981001,0.224803999,0.221566007,0.218225002,0.214888006,0.211668,0.208706006,0.206130996,0.203792006,0.201905996,0.200307995,0.199183002,0.198546007,0.198253006,0.198385,0.199073002,0.200868994,0.204802007,0.212475002,0.224827007,0.241006002,0.259440005,0.278990001,0.298451006,0.316819012,0.33317101,0.347357988,0.360040993,0.371946007,0.382842004,0.391407996,0.396614999,0.398681998,0.397758991,0.393700004,0.386788994,0.377806991,0.368461996,0.359822005,0.352513999,0.346583009,0.341931999,0.338465989,0.335987985,0.334165007,0.332780004,0.331557989,0.330072999,0.328043997,0.325774014,0.323857993,0.322782993,0.322910011,0.32435599,0.327470988,0.332751989,0.339857996,0.348834008,0.360457003,0.373800993,0.388433009,0.403708011,0.419050992,0.433941007,0.447788,0.459937006,0.470898986,0.481911004,0.494307011,0.510191977,0.530999005,0.555823028,0.582897008,0.611093998,0.638527989,0.663165987,0.684252024,0.70115298,0.714237988,0.723830998,0.730594993,0.735139012,0.738265991,0.74030602,0.741630971,0.742447972,0.742439985,0.741823018,0.740532994,0.738913,0.736908972,0.734893024,0.73248899,0.729875982,0.727361023,0.724761009,0.722305,0.719784975,0.717652977,0.715727985,0.714201987,0.712890983,0.711714029,0.710479021,0.709083974,0.707988977,0.706816971,0.705330014,0.703399003,0.700989008,0.698230982,0.694483995,0.690429986,0.686155975,0.681644023,0.677109003,0.672679007,0.668290019,0.664008021,0.660044015,0.656337023,0.652652025,0.649595022
WheatWholePerten0125,Perten_DA7200,wheat,Canadian Hard R,Canada,2002,13.10000038,16.62000084,0.203804001,0.207043007,0.211860001,0.217492998,0.223605007,0.22969,0.235091999,0.238793001,0.240816996,0.241417006,0.241006002,0.239923999,0.238433003,0.236381993,0.233839005,0.230921,0.227718994,0.224475995,0.221254006,0.218217999,0.215188995,0.212090999,0.208952993,0.205952004,0.203227997,0.200783998,0.198627994,0.196805999,0.195304006,0.194247007,0.193583995,0.193349004,0.193472996,0.194161996,0.195818007,0.199500993,0.206681997,0.218321994,0.233610004,0.251087993,0.269731998,0.28828001,0.305721998,0.321197987,0.334641993,0.346679002,0.358065009,0.36855799,0.376899004,0.382052988,0.384166002,0.383446991,0.379761994,0.373234004,0.36461699,0.355657011,0.347407013,0.340442002,0.334751993,0.330318987,0.327098995,0.324726999,0.322984994,0.321680009,0.320434004,0.319016993,0.317113012,0.314951986,0.31309399,0.312045991,0.312112987,0.313446999,0.316341013,0.321323007,0.328045994,0.336584002,0.347561002,0.360258013,0.374159008,0.388738006,0.403445005,0.417704999,0.431019992,0.442692995,0.453175992,0.463647991,0.475513995,0.490577012,0.510447979,0.534298003,0.560525,0.588068008,0.615428984,0.640165985,0.661395013,0.678673029,0.692056,0.702048004,0.709019005,0.713714004,0.716921985,0.719057977,0.720466971,0.72123301,0.721246004,0.720574021,0.71925199,0.717402995,0.715415001,0.713265002,0.710789025,0.708051026,0.705469012,0.702764988,0.700169027,0.697633028,0.695442975,0.693579018,0.691995025,0.690684021,0.689469993,0.688170016,0.686761975,0.685759008,0.684632003,0.683058977,0.681019008,0.678654015,0.675670981,0.671747029,0.667612016,0.66325599,0.658697009,0.654071987,0.649667978,0.645159006,0.640661001,0.636586011,0.632779002,0.629123986,0.625864029
WheatWholePerten0126,Perten_DA7200,wheat,Canadian Hard R,Canada,2002,14.10000038,15.90999985,0.220127001,0.224017993,0.229510993,0.235704005,0.242338002,0.248833999,0.254534006,0.258495003,0.260623008,0.261375994,0.260969013,0.259819001,0.25819701,0.25602901,0.253289998,0.250158995,0.246839002,0.243404001,0.240073994,0.236928001,0.233695999,0.230495006,0.227248997,0.224142,0.221290007,0.218815997,0.216666997,0.214843005,0.213387996,0.212430999,0.211884007,0.211732,0.211980999,0.21277,0.214601994,0.218538001,0.226123005,0.238404006,0.254700989,0.273384988,0.29341501,0.31327799,0.331829011,0.348226994,0.362361997,0.374980003,0.386830986,0.397816986,0.406545013,0.411951989,0.414267004,0.413599998,0.409761012,0.402911991,0.393967986,0.384609997,0.376040012,0.36878401,0.362881005,0.358332008,0.354972988,0.352517992,0.350686997,0.34928599,0.347966999,0.346480012,0.344543994,0.342390001,0.340573996,0.339682013,0.340085,0.341744006,0.345039994,0.350533009,0.357946992,0.367204011,0.379005015,0.392556012,0.407310993,0.422648996,0.43798101,0.452870995,0.466740996,0.478965014,0.489935994,0.501039982,0.513824999,0.530146003,0.551393986,0.576896012,0.604470015,0.632818997,0.660362005,0.684782982,0.705476999,0.722011983,0.734749019,0.744334996,0.751033008,0.755463004,0.758566022,0.760559976,0.761880994,0.762637973,0.762661994,0.761964023,0.760586977,0.758873999,0.756681979,0.754535973,0.752097011,0.749377012,0.746708989,0.744186997,0.741532028,0.739015997,0.737056017,0.735159993,0.733587027,0.732151985,0.730840027,0.729671001,0.728299975,0.727236986,0.725970984,0.724605978,0.722692013,0.720318019,0.717492998,0.713873982,0.70986402,0.705648005,0.701263011,0.696856976,0.692489028,0.688134015,0.683830023,0.679889977,0.675972998,0.672513008,0.669283986
WheatWholePerten0127,Perten_DA7200,wheat,Canadian Hard R,Canada,2002,13.69999981,14.31000042,0.202954993,0.206539005,0.211723998,0.217715994,0.224076003,0.230263993,0.235714003,0.239556,0.241632,0.242310002,0.241926998,0.240738004,0.239084005,0.236974001,0.234375998,0.231353998,0.228172004,0.224846005,0.221672997,0.218702003,0.215693995,0.212621003,0.209509999,0.206621006,0.203942001,0.201517001,0.199439004,0.197762996,0.196337,0.195308,0.194719002,0.194519997,0.194683999,0.195373997,0.197019994,0.200662002,0.207695007,0.219200999,0.234516993,0.252214998,0.271227002,0.290064007,0.307604015,0.323036999,0.336293995,0.348136008,0.35938099,0.369821996,0.378208011,0.38350901,0.385886997,0.385430992,0.381989986,0.375606,0.367229998,0.35838601,0.350228995,0.343329012,0.337707013,0.333375007,0.330220014,0.327897012,0.326180995,0.324800998,0.323473007,0.32199201,0.320075005,0.317975014,0.316229999,0.315306991,0.315555006,0.317048997,0.320095003,0.325195998,0.332130015,0.340837985,0.351971,0.364757001,0.378634989,0.393070012,0.407597989,0.421599001,0.434704006,0.446162999,0.456494987,0.466872007,0.478693008,0.493802011,0.513495982,0.537243009,0.563148022,0.590038002,0.616505027,0.640179992,0.66058898,0.677196026,0.690019012,0.699675977,0.706376016,0.710928023,0.713962019,0.71596098,0.717387974,0.718091011,0.718065977,0.717459977,0.715927005,0.714164019,0.711970985,0.709713996,0.707220018,0.704550028,0.701774001,0.699186027,0.696668983,0.694187999,0.692089021,0.690132022,0.688531995,0.687161028,0.685934007,0.684795022,0.683516979,0.682446003,0.681171,0.679719985,0.677910984,0.675585985,0.672694027,0.669223011,0.665194988,0.660965025,0.656611979,0.652188003,0.647827029,0.643311977,0.639127016,0.635369003,0.631605029,0.628067017,0.625021994
WheatWholePerten0128,Perten_DA7200,wheat,Canadian Hard R,Canada,2002,12.30000019,14.84000015,0.185347006,0.188599005,0.193388,0.19901,0.205202997,0.211445004,0.216942996,0.220827997,0.223048002,0.223736003,0.223469004,0.222430006,0.220971003,0.218967006,0.216538996,0.213701993,0.210749999,0.207632005,0.204602003,0.201756999,0.198915005,0.196050003,0.193094,0.190250993,0.187647998,0.185323,0.183332995,0.181614995,0.180157006,0.179132998,0.178479999,0.178233996,0.178325996,0.178928003,0.180500999,0.183905006,0.190569997,0.201486006,0.215945005,0.232532993,0.250418991,0.268348008,0.285216987,0.300208002,0.313169986,0.324873,0.336017013,0.346336007,0.354656994,0.359948009,0.362394005,0.361988008,0.358619988,0.352483988,0.344345987,0.335725993,0.327733994,0.321013004,0.315501988,0.311208993,0.308122009,0.305893987,0.30420801,0.302928001,0.301600993,0.300123006,0.298164994,0.295951992,0.29402101,0.292917013,0.292874008,0.294003993,0.296613991,0.301250011,0.307617009,0.315654993,0.326121002,0.338283002,0.351612002,0.365693003,0.379963994,0.393895,0.406924993,0.418273002,0.42830801,0.438241988,0.449389011,0.463548005,0.482248992,0.505093992,0.530628979,0.557986975,0.585555017,0.611039996,0.633436978,0.651929975,0.666510999,0.677272022,0.684940994,0.690198004,0.693615019,0.695991993,0.697529018,0.698445022,0.698625028,0.698005021,0.696551979,0.694748998,0.692520976,0.690232992,0.687600017,0.684803009,0.681901991,0.679018021,0.676365972,0.673793018,0.671562016,0.669556975,0.667967022,0.666723013,0.665455997,0.664313018,0.663016021,0.661885977,0.660740972,0.659247994,0.65715301,0.654694021,0.651657999,0.647791028,0.643437982,0.638743997,0.633907974,0.629171014,0.62439698,0.619647026,0.615127981,0.61094898,0.606917024,0.603233993,0.599784017
WheatWholePerten0129,Perten_DA7200,wheat,Canadian Hard R,Canada,2002,13.60000038,14.21000004,0.200045005,0.203591004,0.208618999,0.214416996,0.220622003,0.226703003,0.232059002,0.235806003,0.237865001,0.238471001,0.23804,0.236904994,0.235238001,0.233052,0.230478004,0.227468997,0.224322006,0.221116006,0.217942998,0.214938,0.211998999,0.209016994,0.205938995,0.203047007,0.200429007,0.198066995,0.195997,0.194241002,0.192797005,0.191802993,0.191186994,0.190926001,0.191069007,0.191744,0.19337,0.196899995,0.203835994,0.215078995,0.230058,0.247363001,0.26590699,0.284292013,0.301380992,0.316404015,0.329259992,0.340750992,0.351662993,0.361741006,0.369908989,0.375108987,0.37745899,0.377067,0.373712987,0.367556006,0.359450996,0.350843996,0.342916012,0.336189985,0.330697,0.326476008,0.323377013,0.321098,0.319364011,0.318022996,0.316691011,0.315198004,0.313297987,0.311250001,0.309475988,0.308557987,0.308761001,0.310203999,0.313102007,0.318040997,0.324766994,0.333182007,0.343980014,0.356371999,0.369856,0.383879006,0.397955,0.411630005,0.424351007,0.435496986,0.445454001,0.455385,0.466735989,0.481231988,0.500265002,0.523208976,0.548388004,0.574549019,0.600412011,0.623750985,0.643963993,0.660308003,0.673075974,0.682624996,0.689348996,0.69383502,0.696950972,0.698880971,0.700092018,0.700878978,0.700873971,0.700007021,0.698512018,0.696726024,0.694501996,0.692143977,0.689606011,0.686968029,0.684028029,0.681362987,0.678771019,0.676167011,0.673960984,0.672106028,0.670535982,0.669197023,0.667940021,0.666722,0.665367007,0.664255977,0.662985981,0.661584973,0.659704983,0.657373011,0.654515028,0.650981009,0.646893024,0.642691016,0.638411999,0.634054005,0.629584014,0.62519002,0.621016026,0.617183983,0.613368988,0.610032022,0.606922984
WheatWholePerten0130,Perten_DA7200,wheat,Canadian Hard R,Canada,2002,13.19999981,17.64999962,0.202433005,0.205820993,0.210750997,0.216414005,0.222646996,0.228810996,0.234247997,0.238025993,0.240055993,0.240725994,0.240376994,0.239311993,0.237780005,0.235751003,0.233260006,0.230287999,0.227065995,0.223686993,0.220407993,0.217277005,0.214171007,0.210948005,0.207679004,0.204601005,0.201738998,0.199193001,0.196991995,0.195133001,0.193581998,0.192519993,0.191872001,0.191605002,0.191777006,0.192472994,0.194211006,0.198041007,0.205514997,0.217562005,0.233330995,0.251217991,0.270307005,0.289303005,0.307231993,0.323282987,0.337148994,0.349597007,0.361306995,0.371969998,0.380466998,0.385558009,0.387567997,0.386758,0.382878989,0.37608099,0.367327988,0.358186007,0.349763006,0.342655987,0.336856991,0.332329005,0.328987002,0.326608002,0.324858993,0.323579997,0.322311997,0.320897996,0.319022,0.316846997,0.314945012,0.313874006,0.313977003,0.315467,0.318455994,0.323534012,0.330471993,0.339255989,0.350526005,0.363548994,0.377846986,0.392823011,0.407851011,0.422526002,0.436194003,0.448181987,0.458968014,0.469716013,0.48190701,0.497489005,0.517822981,0.542294025,0.569091022,0.597037017,0.624437988,0.64912802,0.670405984,0.687533021,0.700755,0.710520983,0.717369974,0.722069979,0.725255013,0.727379024,0.728941023,0.729704976,0.729798019,0.729232013,0.728003979,0.726345003,0.724440992,0.722461999,0.720076978,0.717519999,0.715070009,0.712475002,0.709915996,0.707589984,0.705604017,0.703710973,0.702233017,0.700899005,0.699588001,0.698454976,0.697230995,0.696169019,0.695061982,0.693473995,0.691558003,0.689211011,0.686267018,0.68274802,0.678793013,0.674426019,0.669924974,0.665467024,0.66101402,0.656482995,0.65217799,0.648380995,0.64468199,0.641017973,0.637651026
WheatWholePerten0131,Perten_DA7200,wheat,Canadian Hard R,Canada,2002,13.5,16.94000053,0.199615002,0.203621998,0.209196001,0.215487003,0.222267002,0.228943005,0.234807,0.238881007,0.241309002,0.241999999,0.241664007,0.240656003,0.239108995,0.237018004,0.234449998,0.231401995,0.228038997,0.224637002,0.221331,0.218103007,0.214936003,0.211710006,0.208417997,0.205256999,0.202426001,0.199873,0.197672993,0.195876002,0.194431007,0.193406999,0.192886993,0.192772999,0.192990005,0.193866998,0.195869997,0.199920997,0.207727999,0.220289007,0.236723006,0.255452991,0.275422007,0.295201004,0.313708991,0.330157995,0.34434101,0.356929988,0.368891001,0.379835993,0.388431996,0.393736988,0.395942003,0.395146012,0.39132601,0.384537995,0.375620008,0.366338998,0.357829988,0.350623995,0.344761998,0.340218008,0.336851001,0.334378004,0.332603008,0.331317008,0.330000997,0.328604013,0.326716006,0.324517995,0.322715014,0.321756989,0.321970999,0.323534995,0.326783001,0.332145006,0.339396,0.34849301,0.360101014,0.373486012,0.388154,0.403403997,0.418657988,0.433602989,0.447486997,0.459610999,0.470578015,0.481568992,0.494049996,0.510083973,0.531072974,0.556237996,0.583765984,0.612459004,0.640401006,0.665426016,0.687071025,0.704554021,0.71785599,0.727800012,0.734749019,0.739476979,0.742763996,0.744810998,0.746173024,0.747065008,0.746972978,0.746146023,0.744831026,0.743115008,0.740691006,0.738560975,0.736258984,0.733235002,0.73052001,0.727819026,0.725108028,0.722557008,0.720506012,0.718385994,0.716808975,0.715568006,0.714074016,0.712800026,0.711513996,0.710295022,0.709020972,0.707593024,0.705498993,0.703045011,0.700138986,0.69631201,0.692187011,0.687825024,0.683300018,0.678444028,0.674028993,0.669468999,0.664983988,0.661251009,0.657140017,0.653357029,0.650219977
WheatWholePerten0132,Perten_DA7300,wheat,Wheat,Sweden,2008,13.48999977,11.55000019,0.315252006,0.317703009,0.321906,0.327280998,0.333332002,0.339473009,0.344866008,0.348803014,0.350973994,0.351489008,0.350993007,0.349669993,0.347947002,0.345672011,0.342965007,0.340003014,0.336858988,0.333642006,0.330469996,0.327324003,0.32447201,0.321747005,0.319068998,0.31634599,0.31368801,0.311340988,0.309147,0.307244003,0.305691004,0.304524988,0.303685993,0.303191006,0.303149998,0.303512007,0.304742992,0.307734013,0.313811988,0.324198008,0.338683009,0.355827004,0.374695987,0.393534005,0.411015987,0.426171005,0.438905001,0.450500011,0.46163401,0.472137004,0.48079899,0.486799002,0.489565015,0.489199996,0.485864013,0.479395002,0.470497012,0.461006999,0.45213601,0.444445998,0.437929004,0.433037013,0.429354012,0.426476002,0.424392998,0.422513008,0.420659006,0.418534011,0.416007996,0.413298011,0.411071003,0.409676999,0.40940401,0.41039899,0.413031995,0.41743201,0.424005985,0.432673991,0.443607986,0.456252009,0.470191002,0.484616995,0.499092013,0.513320983,0.526552022,0.538245976,0.548708022,0.559001029,0.571022987,0.586606979,0.607151985,0.631935,0.659990013,0.689499021,0.718818009,0.745642006,0.768615007,0.787298977,0.801738024,0.812110007,0.819311023,0.824513018,0.827713013,0.829976022,0.831422985,0.832077026,0.832073987,0.831023991,0.829532981,0.827215016,0.82457298,0.821821988,0.819088996,0.815961003,0.812889993,0.809683979,0.806834996,0.804157019,0.802033007,0.800202012,0.79865402,0.797586024,0.796500981,0.795421004,0.794436991,0.793736994,0.792732,0.791025996,0.789312005,0.786719024,0.784053028,0.780449987,0.776278019,0.771726012,0.766973019,0.762010992,0.757378995,0.752743006,0.747839987,0.743584991,0.739713013,0.735875011,0.732407987
WheatWholePerten0133,Perten_DA7300,wheat,Wheat,Sweden,2008,14.71000004,9.899998665,0.315245003,0.319546014,0.325437993,0.332055003,0.339015007,0.345817,0.351588011,0.355495989,0.357733011,0.358455002,0.358054996,0.356602013,0.354669005,0.352398008,0.349736005,0.346576005,0.343371987,0.340106994,0.336971015,0.333819985,0.330765009,0.328029007,0.325412989,0.322858006,0.320268005,0.317990989,0.315955997,0.31428799,0.312812001,0.31172201,0.311194003,0.310795009,0.310694993,0.311167985,0.312462002,0.315692008,0.322174013,0.333211005,0.348562002,0.366641998,0.386343002,0.405797005,0.423411995,0.438302994,0.450711995,0.461654007,0.472420007,0.48249501,0.491021991,0.496991009,0.499899,0.499700993,0.496522993,0.49001199,0.481137991,0.471718013,0.462990999,0.455437005,0.449247986,0.444415003,0.440726012,0.438042015,0.435660005,0.433789015,0.432126999,0.430040985,0.42771101,0.425352007,0.423321009,0.422086,0.422134996,0.423503012,0.426465988,0.431412995,0.438448012,0.447340995,0.458523005,0.471451998,0.485345006,0.499709994,0.513943017,0.527662993,0.540602982,0.552163005,0.562849999,0.57367599,0.586160004,0.602824986,0.625012994,0.651677012,0.681429982,0.71311599,0.74455899,0.773208976,0.797855973,0.818015993,0.833814025,0.845439017,0.853748977,0.859248996,0.862908006,0.865463018,0.866953015,0.867699981,0.867241979,0.865997016,0.86362797,0.860629976,0.857366025,0.853895009,0.850063026,0.846210003,0.842212021,0.838451982,0.834951997,0.831632018,0.829092979,0.826717973,0.824921012,0.823451996,0.821924985,0.820559025,0.819396973,0.817987979,0.816437006,0.814597011,0.812277973,0.809390008,0.80608201,0.801883996,0.797095001,0.791836977,0.786567986,0.781325996,0.776144981,0.771112025,0.766057015,0.76117897,0.756754994,0.752902985,0.749306023
WheatWholePerten0134,Perten_DA7200,wheat,Wheat,US,2011,7.900000095,10.82999992,0.145400003,0.1473075,0.151003793,0.156399995,0.163348496,0.170663595,0.176958904,0.181145594,0.183306396,0.1840242,0.183765099,0.182787493,0.181226805,0.1792216,0.176812604,0.174082995,0.171184495,0.1682439,0.165364295,0.162662193,0.160030097,0.157399103,0.154672504,0.151840702,0.149147496,0.146657705,0.144427002,0.142285496,0.140351296,0.1387759,0.137567893,0.136649698,0.136043206,0.1360237,0.136969805,0.139662504,0.145294398,0.154739797,0.167317003,0.181940198,0.197845995,0.214090094,0.229843095,0.244146705,0.256665289,0.268311501,0.279811114,0.290792912,0.300049603,0.30637759,0.309827507,0.310450107,0.30803591,0.302456111,0.29440251,0.285512298,0.277011603,0.269538611,0.26342231,0.258689404,0.255196393,0.252673388,0.250712603,0.2490751,0.247316703,0.245169893,0.242504105,0.239435896,0.236538202,0.234238803,0.232913196,0.2327324,0.233842,0.2365942,0.241211206,0.247800499,0.256574094,0.267469287,0.280140609,0.294080108,0.308671713,0.323082596,0.336243093,0.347341687,0.356831789,0.365220994,0.374017686,0.385095596,0.399877012,0.418237686,0.440277308,0.466078907,0.494345188,0.522973716,0.549645722,0.572626829,0.590919614,0.60426718,0.613341928,0.619364679,0.623181284,0.625608921,0.627059519,0.627635419,0.627405107,0.626437783,0.624741674,0.622608483,0.620304823,0.617489994,0.614478827,0.611316383,0.607988715,0.604565382,0.601413727,0.59861362,0.596143484,0.594232976,0.592754781,0.591623485,0.590600014,0.589743018,0.588767707,0.587894976,0.586725116,0.585086584,0.582883298,0.580111325,0.576570272,0.572303712,0.567335129,0.561946273,0.55631417,0.550694585,0.545205414,0.539955199,0.534691572,0.529728413,0.525123715,0.520966113,0.517344475
WheatWholePerten0135,Perten_DA7200,wheat,Wheat,US,2011,11.10000038,10.52999973,0.157710999,0.161756396,0.1677901,0.175206006,0.183519602,0.192061007,0.199487001,0.204739094,0.2077232,0.208919004,0.208842695,0.207943395,0.206302896,0.204034194,0.201314896,0.198191702,0.194877401,0.191539496,0.188253105,0.185059801,0.1820039,0.179000393,0.175928697,0.172818407,0.1699045,0.167201296,0.164895803,0.162899897,0.161166996,0.159815997,0.158868998,0.158352807,0.158195302,0.158590794,0.160035893,0.163496107,0.170479298,0.182227105,0.197999403,0.216482595,0.236643806,0.257001013,0.276213795,0.293267489,0.30804649,0.321555793,0.334665895,0.347098708,0.357505292,0.36460039,0.368183494,0.368272513,0.364859104,0.357963711,0.34843269,0.338230103,0.328735501,0.320517808,0.313882411,0.308806807,0.305084795,0.302394003,0.300312609,0.298541099,0.296713203,0.294584006,0.291944414,0.28901571,0.286438704,0.284572512,0.283964813,0.28473109,0.2872293,0.291712612,0.298360795,0.307350308,0.318889588,0.332676709,0.348007113,0.364233404,0.380916894,0.397417396,0.412748188,0.426031411,0.437705815,0.448751986,0.461090714,0.476858795,0.498099715,0.524521411,0.555383802,0.589823127,0.625613272,0.659845114,0.690369129,0.715808809,0.735791683,0.750474989,0.760503113,0.767148078,0.771502197,0.774403274,0.776138306,0.777065814,0.776749015,0.77549541,0.773494303,0.7708233,0.767786682,0.76432389,0.760598421,0.756779492,0.752911687,0.748880088,0.745299399,0.741927922,0.738885582,0.736365974,0.734399021,0.732857823,0.731409907,0.730042219,0.728509009,0.727116108,0.725594878,0.723463714,0.720830917,0.717280328,0.713038683,0.707995296,0.702311516,0.696060419,0.689490676,0.682977974,0.676474273,0.670147479,0.663850009,0.657719076,0.652320087,0.647328913,0.642898083
WheatWholePerten0136,Perten_DA7200,wheat,Wheat,UK,2011,17.12999916,14.0,0.295857012,0.301037997,0.307819009,0.315225005,0.322849989,0.330125004,0.336174995,0.340330005,0.342384994,0.342541009,0.341320008,0.339203,0.336369008,0.333038986,0.329025,0.324579001,0.319916993,0.315169007,0.31053099,0.306093007,0.301892996,0.297796011,0.293742001,0.289810985,0.286199004,0.283055008,0.280384988,0.278263986,0.276627004,0.275595009,0.275148004,0.275164008,0.275570989,0.276625007,0.278910995,0.283876002,0.293498993,0.309159994,0.330352008,0.355049014,0.381249011,0.406378001,0.428912014,0.448166013,0.464457005,0.478956014,0.492502987,0.505029976,0.515152991,0.521775007,0.524559975,0.523609996,0.519123018,0.511038005,0.500526011,0.48961699,0.479573995,0.471031994,0.464156985,0.458811998,0.454739004,0.451696008,0.44937101,0.447609007,0.44599399,0.444155991,0.442065001,0.439943999,0.438600987,0.438277006,0.439521998,0.442618996,0.447759002,0.45540899,0.465629995,0.478368998,0.493681014,0.510957003,0.529277027,0.547731996,0.565687001,0.583144009,0.599249005,0.613555014,0.626963973,0.640944004,0.657871008,0.679627001,0.70717901,0.739113987,0.772442997,0.804641008,0.833463013,0.857582986,0.876875997,0.891533017,0.902693987,0.910637975,0.916221023,0.919901013,0.922632992,0.924221993,0.925098002,0.925936997,0.925741017,0.924606979,0.92297399,0.920964003,0.918657005,0.916266978,0.913461983,0.910942972,0.908223987,0.905258,0.90259999,0.900557995,0.898693979,0.896192014,0.894369006,0.892829001,0.891402006,0.890169978,0.88864398,0.887416005,0.886013985,0.884504974,0.882676005,0.880474985,0.877638996,0.874503017,0.870958984,0.866927981,0.862896979,0.85868901,0.85452503,0.850217998,0.846167982,0.842121005,0.838418007,0.835102022,0.831704974
WheatWholePerten0137,Perten_DA7200,wheat,Wheat,UK,2011,12.55000019,15.06999969,0.285441011,0.288700998,0.293725997,0.299962014,0.307146996,0.314238995,0.320380986,0.324593008,0.326754004,0.327394992,0.326718986,0.325141996,0.32316199,0.320591986,0.317467988,0.313888997,0.309976012,0.306084991,0.30221501,0.298390001,0.29480499,0.291278988,0.287683994,0.284218997,0.280847013,0.277745992,0.275133014,0.272888005,0.270994991,0.269679993,0.268815011,0.268368989,0.268308014,0.268804014,0.270539999,0.274646014,0.282685012,0.295960993,0.313722998,0.334307998,0.356445015,0.378414989,0.398984999,0.417284012,0.433045,0.447257996,0.46063301,0.473044992,0.483016998,0.48941201,0.492181003,0.491466999,0.487313002,0.479701996,0.469758987,0.459277988,0.449461013,0.441085011,0.434323996,0.429030001,0.424984008,0.422049999,0.41987899,0.418190986,0.416599989,0.414667994,0.412207007,0.409512997,0.407310993,0.405887991,0.405831009,0.407519013,0.410973996,0.41672799,0.424789995,0.435321987,0.448433995,0.463717014,0.480574012,0.498153001,0.51580298,0.533158004,0.549094975,0.562857986,0.575281978,0.587366998,0.601307988,0.618840993,0.641372025,0.668326974,0.697727978,0.727919996,0.756681025,0.781973004,0.802902997,0.819492996,0.832067013,0.841320992,0.847723007,0.851822972,0.854839027,0.856734991,0.858178973,0.859338999,0.859431028,0.858772993,0.857841015,0.856395006,0.854790986,0.853003025,0.851029992,0.849039018,0.846518993,0.844430983,0.842189014,0.840029001,0.838192999,0.836525977,0.835386992,0.834417999,0.833389998,0.832584024,0.831694007,0.830762029,0.830030024,0.828769982,0.827229023,0.825199008,0.822583973,0.819611013,0.816196024,0.811931014,0.807918012,0.803972006,0.799790025,0.795759976,0.791598022,0.787530005,0.78392899,0.780568004,0.777436018
WheatWholePerten0138,Perten_DA7200,wheat,Wheat,UK,2011,13.90999985,10.35000038,0.178764001,0.182127997,0.186947003,0.192754999,0.199082002,0.205434993,0.210809007,0.214408994,0.216266006,0.216670007,0.215881005,0.214416996,0.212374002,0.209729001,0.206846997,0.203679994,0.200225994,0.196808994,0.193439007,0.190169007,0.187114,0.184221,0.181242004,0.178349003,0.175539002,0.173079997,0.170926005,0.169070005,0.167495996,0.166427001,0.165727004,0.165352002,0.165291995,0.165775999,0.167197004,0.170516998,0.177065998,0.188023001,0.202943996,0.220532,0.239478007,0.258055002,0.275002986,0.289741993,0.302392006,0.313944995,0.324959993,0.335359007,0.344080001,0.350066006,0.352932006,0.352728993,0.349494994,0.343232006,0.334924012,0.326189995,0.318078011,0.311197996,0.30576101,0.301589012,0.298509002,0.296223015,0.294458002,0.293002009,0.29164201,0.289941013,0.287941992,0.285919994,0.284281999,0.283380002,0.283589006,0.285126001,0.288219005,0.293181986,0.300105989,0.309087992,0.320199996,0.333095014,0.347153992,0.361759991,0.376457989,0.391000986,0.404561997,0.416428,0.427359998,0.438327014,0.451267004,0.46785301,0.489966005,0.517485023,0.549166024,0.583616972,0.618876994,0.652365029,0.682343006,0.707798004,0.728259981,0.743741989,0.754867017,0.762212992,0.767219007,0.770505011,0.772705019,0.773977995,0.773838997,0.772211015,0.769729972,0.766551018,0.762943029,0.758975983,0.754712999,0.750383019,0.745872974,0.741725981,0.737631023,0.733693004,0.730440021,0.72766602,0.725659013,0.723715007,0.72191298,0.72041899,0.718823016,0.717333019,0.71568799,0.713464975,0.710700989,0.707126975,0.702790022,0.697660029,0.691917002,0.685499013,0.678937972,0.672614992,0.666378975,0.660001993,0.653789997,0.647926986,0.642681003,0.637917996,0.633687019
WheatWholePerten0139,Perten_DA7200,wheat,Wheat,UK,2011,13.85000038,11.64000034,0.248270005,0.252618998,0.258855999,0.266333014,0.274392992,0.282359988,0.289121985,0.293839008,0.296393007,0.297066987,0.296321005,0.294663012,0.292259991,0.289362013,0.286009014,0.282160997,0.278072,0.273970008,0.269901991,0.266038001,0.262398988,0.258830994,0.255214989,0.251735002,0.248435006,0.245482996,0.242882997,0.240714997,0.238936007,0.237720996,0.236987993,0.236650005,0.236699,0.237397,0.239314005,0.243612006,0.252012998,0.26590699,0.284756005,0.306858987,0.330724001,0.354160994,0.375555009,0.394044012,0.409796,0.424084991,0.437703013,0.450533003,0.461095989,0.468304008,0.471763998,0.471466005,0.467501998,0.45985499,0.449553013,0.438757002,0.428674996,0.420094013,0.413269997,0.407967001,0.403961003,0.40109399,0.398876995,0.39704299,0.395316988,0.393256009,0.390794009,0.388251007,0.386260986,0.385138005,0.385425001,0.387472004,0.391386002,0.397722006,0.406405985,0.417667002,0.431618005,0.447645009,0.465076,0.483105004,0.501011014,0.518568993,0.53491199,0.549070001,0.561989009,0.57494098,0.590020001,0.609067023,0.633813024,0.663392007,0.696035028,0.729593992,0.761663973,0.79014498,0.813956022,0.832916021,0.847570002,0.858253002,0.865769029,0.870688975,0.873973012,0.876069009,0.877757013,0.878675997,0.878736973,0.877826989,0.876272976,0.874440014,0.872291982,0.869737029,0.867133021,0.864326,0.861319006,0.858509004,0.85572499,0.853069007,0.850925028,0.848868012,0.847688019,0.846325994,0.845149994,0.844205976,0.842971027,0.841935992,0.840847015,0.839277029,0.837450981,0.834963024,0.832118988,0.828408003,0.824236989,0.819489002,0.814643979,0.809877992,0.805019975,0.800193012,0.795437992,0.790759981,0.786444008,0.782491028,0.779017985
WheatWholePerten0140,Perten_DA7200,wheat,Wheat,UK,2011,13.18000031,12.77999973,0.241848007,0.245509997,0.251040012,0.257737994,0.265253007,0.272715002,0.279206991,0.283692986,0.286078006,0.286635995,0.285912991,0.284368992,0.282153994,0.279502988,0.276205003,0.272509009,0.268548995,0.264521003,0.260509998,0.25671801,0.253129989,0.249531999,0.245923996,0.242382005,0.239025995,0.235960007,0.233248994,0.231004,0.229126006,0.227761,0.226877004,0.226427004,0.226368994,0.226967007,0.228726,0.232899994,0.241055995,0.254545987,0.272686005,0.29380101,0.316561997,0.339006007,0.359759986,0.378024995,0.39368099,0.407900006,0.421391994,0.434038997,0.444371998,0.451283991,0.454450995,0.453988999,0.44995299,0.442324996,0.432161003,0.421440005,0.411480993,0.40298,0.396210015,0.390913993,0.386896014,0.384039015,0.381870002,0.380116999,0.378455013,0.37639299,0.373885006,0.371302009,0.369098991,0.367821008,0.36786601,0.369538009,0.373118013,0.378991991,0.387201995,0.397926003,0.411211014,0.426690012,0.44362101,0.461288989,0.478947997,0.496342003,0.512392998,0.526308,0.538996995,0.551446021,0.565787017,0.583877981,0.607477009,0.635917008,0.667473018,0.700447977,0.732556999,0.76136601,0.785709024,0.805317998,0.820517004,0.831399024,0.839308024,0.844449997,0.847823978,0.850215018,0.851912975,0.853029013,0.853003025,0.85214603,0.850928009,0.849074006,0.846952975,0.844707012,0.842015028,0.839254022,0.836358011,0.833450019,0.830663979,0.827961028,0.825609028,0.823715985,0.822318971,0.820919991,0.819540024,0.818467975,0.81735599,0.816302002,0.815173984,0.81368202,0.811900973,0.809370995,0.806325018,0.802395999,0.798229992,0.793578029,0.78857398,0.78361702,0.778807998,0.773886025,0.769101024,0.764407992,0.759925008,0.756145001,0.752694011
WheatWholePerten0141,Perten_DA7200,wheat,Wheat,UK,2011,13.53999996,13.05000019,0.260704011,0.263931006,0.268873006,0.274967015,0.281812012,0.288778007,0.294575006,0.298577994,0.300698996,0.301111013,0.300233007,0.298536003,0.296321005,0.293509007,0.290102005,0.286341012,0.282391012,0.278284997,0.274295986,0.270484,0.266777992,0.263085991,0.259429008,0.255820006,0.252449989,0.249442995,0.246701002,0.244338006,0.242400006,0.240982994,0.240049005,0.239548996,0.239347994,0.239779994,0.241448999,0.245419994,0.253338009,0.266348004,0.283881992,0.30430001,0.326214999,0.347856998,0.367843986,0.385349989,0.400362998,0.413899005,0.426575005,0.438304007,0.447912991,0.454234004,0.456999004,0.456411988,0.452423006,0.445176005,0.435591012,0.425494999,0.416143,0.408048987,0.401558995,0.396521002,0.392670989,0.389820993,0.387706995,0.38597101,0.384265006,0.382200003,0.379770011,0.37718901,0.375122011,0.373874009,0.373874009,0.375514001,0.379020006,0.384683996,0.39259401,0.402925998,0.415666014,0.430418015,0.446570993,0.463229001,0.479842991,0.496133,0.511151016,0.524214029,0.535908997,0.547397018,0.56081897,0.577785015,0.599880993,0.626640022,0.655937016,0.686513007,0.716041982,0.742730022,0.76541698,0.78372103,0.798021019,0.808372021,0.81567198,0.82040298,0.823736012,0.825895011,0.827400982,0.828227997,0.828329027,0.827417016,0.825940013,0.823993981,0.821950972,0.819402993,0.816720009,0.814046979,0.811154008,0.80825299,0.805414021,0.803165972,0.801268995,0.798958004,0.797348976,0.795992017,0.794800997,0.793694019,0.792632997,0.791630983,0.79034102,0.788909972,0.787113011,0.784729004,0.781697989,0.778253019,0.774203003,0.769756973,0.764967024,0.76007998,0.75561899,0.751076996,0.746432006,0.742444992,0.738304019,0.734771013,0.73159498
WheatWholePerten0142,Perten_DA7200,wheat,Wheat,UK,2011,13.28999996,11.81999969,0.264376015,0.268040001,0.273544014,0.280306011,0.288035005,0.295839012,0.302475989,0.307119012,0.309691995,0.310449004,0.309684008,0.308007002,0.305808008,0.302991986,0.29952699,0.295717001,0.291608006,0.28746599,0.283477992,0.279606998,0.275902987,0.272208989,0.268566996,0.264934003,0.261599004,0.258560002,0.255831987,0.253509998,0.251520991,0.250068992,0.249136001,0.248604998,0.248410001,0.248907,0.250600994,0.254637003,0.262741,0.27619499,0.294523001,0.316064,0.339466006,0.362807989,0.384469003,0.403515995,0.419943988,0.434843004,0.449019015,0.462366998,0.473398,0.480908006,0.48438099,0.484100014,0.479930013,0.471917987,0.46123299,0.449928999,0.439446002,0.430449009,0.423319012,0.417766005,0.413603008,0.410530001,0.408221006,0.406304002,0.404361993,0.402033001,0.399309009,0.396458,0.394131988,0.392641991,0.392509013,0.394133002,0.397765011,0.403786004,0.412209988,0.42336601,0.437238008,0.453355998,0.471152991,0.48961401,0.508141995,0.526419997,0.543317974,0.558040977,0.571343005,0.584369004,0.599259019,0.618134022,0.642836988,0.672820985,0.706036985,0.740885973,0.774618983,0.805109978,0.830751002,0.851261973,0.867087007,0.878494024,0.886556983,0.891869009,0.895681024,0.898122013,0.899774015,0.900654018,0.900950015,0.900223017,0.89903301,0.897041977,0.895017982,0.892543018,0.88993597,0.887337029,0.884472013,0.88141799,0.878611982,0.876420975,0.87469399,0.872403979,0.870612979,0.869337022,0.86836803,0.867457986,0.866182029,0.865274012,0.864126027,0.862811983,0.861055017,0.858451009,0.855153024,0.851420999,0.847124994,0.842261016,0.837101996,0.831803978,0.826628983,0.821641028,0.816513002,0.811815023,0.807057023,0.803170025,0.79934901
WheatWholePerten0143,Perten_DA7200,wheat,Wheat,UK,2011,12.23999977,13.57999992,0.267569989,0.269850999,0.27373901,0.278685004,0.284765989,0.290899992,0.296018004,0.299571008,0.301382989,0.301667005,0.300808996,0.299223989,0.297298998,0.294768006,0.29173401,0.288307011,0.284678996,0.281024009,0.277485013,0.274004012,0.270677,0.267356992,0.264032006,0.260760009,0.257669985,0.254772991,0.252117991,0.249828994,0.247867003,0.246335998,0.245181993,0.244400993,0.243922994,0.244008005,0.245151997,0.248339996,0.254920989,0.265973002,0.281024993,0.298640013,0.31782499,0.336977989,0.355028004,0.371059001,0.384921998,0.397576004,0.409420013,0.420509994,0.429554999,0.435501009,0.438154995,0.437664986,0.433997005,0.42712599,0.418009996,0.408362001,0.399307996,0.391514987,0.385224998,0.38033101,0.37649399,0.373645008,0.37154299,0.369751006,0.36798501,0.365826994,0.363258988,0.360527009,0.358164012,0.356561989,0.356119007,0.357165009,0.359921008,0.364677012,0.371551007,0.38074401,0.392271996,0.405871987,0.420924008,0.436684996,0.452508003,0.468129009,0.482481003,0.494854987,0.505868018,0.516386986,0.528554022,0.543828011,0.563767016,0.588015974,0.615024984,0.643657982,0.671900988,0.697700977,0.719887972,0.737957001,0.75199002,0.762085021,0.769317985,0.773868024,0.777107,0.779273987,0.780776024,0.781503022,0.781634986,0.780924022,0.779569984,0.777948976,0.776215017,0.773837984,0.771501005,0.76897502,0.766318023,0.763677001,0.761065006,0.758940995,0.757238984,0.755243003,0.753906012,0.752789974,0.75169301,0.750751972,0.749861002,0.748975992,0.74792999,0.746609986,0.745150983,0.742968023,0.740105987,0.736802995,0.732926011,0.728552997,0.724061012,0.719487011,0.714950979,0.710557997,0.706233978,0.702198029,0.698203027,0.695089996,0.691833973
WheatWholePerten0144,Perten_DA7200,wheat,Wheat,UK,2011,15.40999985,11.13000011,0.221370995,0.225833997,0.232351005,0.239596993,0.247235,0.254597008,0.260785997,0.265087009,0.267466009,0.267962992,0.267138004,0.265435994,0.263015986,0.260017991,0.256592989,0.252703995,0.248613998,0.244417995,0.240415007,0.236543,0.232853994,0.229313001,0.225749001,0.222317994,0.219115004,0.216268003,0.213813007,0.211798996,0.210190997,0.209147006,0.208535999,0.208388001,0.208618,0.209424004,0.211368993,0.215724006,0.224126995,0.237898007,0.256538004,0.278326988,0.301602989,0.324166,0.344437003,0.361853004,0.37667799,0.390065014,0.402577013,0.414265007,0.42396,0.430559009,0.433562994,0.433102012,0.429316998,0.422203004,0.41276899,0.402929992,0.393831015,0.386058003,0.379869998,0.375140011,0.37154299,0.368943989,0.366923004,0.36520499,0.363676995,0.361824006,0.359721005,0.357618004,0.356043011,0.355378985,0.355984002,0.358280003,0.362410992,0.368773997,0.377384991,0.388339996,0.401686013,0.416889995,0.433266014,0.449847013,0.466230005,0.482322991,0.497159004,0.510334015,0.522459984,0.534736991,0.549399972,0.568107009,0.592418015,0.621632993,0.653716981,0.686648011,0.718060017,0.74632299,0.770233989,0.78964603,0.804758012,0.815955997,0.823993027,0.82941097,0.833006978,0.835514009,0.837098002,0.838069975,0.838023007,0.836827993,0.835251987,0.832952976,0.830244005,0.827162981,0.824006975,0.820824981,0.817425013,0.814037025,0.810854018,0.807989001,0.805482984,0.802980006,0.801037014,0.799431026,0.798115015,0.79677099,0.795244992,0.793893993,0.792461991,0.790768027,0.78866899,0.785950005,0.782642007,0.778623998,0.774154007,0.769331992,0.76403302,0.75909698,0.754072011,0.748816013,0.743901014,0.73920399,0.734872997,0.731027007,0.72714603
WheatWholePerten0145,Perten_DA7200,wheat,Wheat,UK,2011,13.28999996,12.44999981,0.209031001,0.212451994,0.217478007,0.223584995,0.230371997,0.237158001,0.242862001,0.246830002,0.249005005,0.249533996,0.248789996,0.247211993,0.245096996,0.242623001,0.239506006,0.236012995,0.232328996,0.228585005,0.224886,0.221345007,0.217969999,0.214600995,0.211241007,0.208004996,0.204933003,0.202178001,0.199732006,0.197657004,0.195961997,0.194757,0.194006994,0.193652004,0.193645001,0.194232002,0.195931003,0.199821994,0.207344994,0.219723001,0.23635,0.255674988,0.276450008,0.296853989,0.315447003,0.331658006,0.345476002,0.357944012,0.36974299,0.380852997,0.390000999,0.396155,0.399031997,0.398766995,0.395420015,0.388862014,0.380052,0.370817006,0.362172991,0.354829013,0.348948002,0.344424009,0.341046006,0.338625997,0.336771995,0.335229993,0.333790004,0.332017005,0.329881996,0.327688992,0.325939,0.324954003,0.325082988,0.326721996,0.330060005,0.335386008,0.342772007,0.352353007,0.364151001,0.377819002,0.39271,0.408039004,0.423409998,0.438540995,0.452565014,0.464751989,0.475874007,0.486831009,0.499651015,0.515793979,0.536993027,0.562886,0.591934979,0.622753978,0.653119981,0.68116802,0.70549202,0.725589991,0.741343975,0.753081024,0.761376023,0.767023027,0.770932972,0.773576975,0.77533102,0.776373029,0.776576996,0.775687993,0.774176002,0.77206099,0.769758999,0.767030001,0.764110982,0.761067987,0.757916987,0.754823029,0.751610994,0.748951972,0.746708989,0.744464994,0.742883027,0.741416991,0.740274012,0.739135981,0.737883985,0.736772001,0.735529006,0.734048009,0.732119024,0.729478002,0.726220012,0.722377002,0.718023002,0.713275015,0.708076,0.703164995,0.698203027,0.693202972,0.688444972,0.683883011,0.679618001,0.675832987,0.67237401
WheatWholePerten0146,Perten_DA7200,wheat,Wheat,UK,2011,14.25,11.44999981,0.205507994,0.208041996,0.211897999,0.216521993,0.221633002,0.226647005,0.230812997,0.233592004,0.234957993,0.234937996,0.233946994,0.232299998,0.230279997,0.227855995,0.224968001,0.221769005,0.218465,0.215145007,0.211807996,0.208638996,0.205656007,0.202694997,0.199777007,0.196934998,0.194250003,0.191859007,0.189695999,0.187889993,0.186418995,0.185352996,0.184687004,0.184274003,0.184186995,0.184603006,0.185909003,0.189033002,0.195188999,0.205372006,0.219338998,0.235677004,0.253268004,0.270496994,0.286024988,0.299360991,0.310575008,0.320661008,0.33020401,0.339170009,0.346603006,0.351646006,0.354005009,0.353765994,0.350917012,0.345402986,0.337963998,0.330172986,0.322901994,0.316653997,0.311733007,0.307877988,0.304942995,0.302792013,0.30111599,0.299717993,0.298413009,0.296828002,0.295026004,0.293242008,0.291824997,0.291094005,0.291337013,0.292894006,0.295908004,0.300610006,0.307071,0.315396011,0.325594008,0.337242007,0.349842012,0.362648994,0.375393987,0.387888998,0.399444014,0.409503013,0.418646991,0.427888006,0.438946992,0.452971011,0.471282005,0.493499011,0.518190026,0.544112027,0.569405019,0.592702985,0.612793982,0.629436016,0.642673016,0.652504027,0.65950799,0.664191008,0.667397976,0.669487,0.670886993,0.671674013,0.671618998,0.670553982,0.668837011,0.666670024,0.664242029,0.661490977,0.658590972,0.655583978,0.652536988,0.649480999,0.646499991,0.643931985,0.641768992,0.639554024,0.637962997,0.636541009,0.635343015,0.63418299,0.632883012,0.63161999,0.630360007,0.628904998,0.627110004,0.624642015,0.621780992,0.618353009,0.614364028,0.610208988,0.605753005,0.601445973,0.597123981,0.592664003,0.588611007,0.584774017,0.581071973,0.577875972,0.574832022
WheatWholePerten0147,Perten_DA7200,wheat,Wheat,UK,2011,14.22000027,12.18000031,0.222320005,0.22484,0.228595004,0.232879996,0.237673998,0.242451996,0.246463999,0.249062002,0.250344992,0.250393003,0.249461994,0.247951999,0.246096999,0.243835002,0.241081998,0.238132998,0.235010997,0.231851995,0.228786007,0.225778997,0.222886995,0.220100999,0.217280999,0.214557007,0.211982995,0.209574997,0.207482994,0.205705002,0.204097003,0.202941001,0.202105001,0.201518998,0.201227993,0.201346993,0.202268004,0.204880998,0.210244998,0.219327003,0.231912002,0.246785998,0.262953013,0.278964996,0.293594986,0.306383014,0.317303985,0.327190012,0.336540997,0.345272005,0.352434009,0.357241005,0.359274,0.358696014,0.355542004,0.349743992,0.342216998,0.334405005,0.327098012,0.32091099,0.315887004,0.311915994,0.308869004,0.306623012,0.304811001,0.303288013,0.301876009,0.300228,0.298292995,0.296355993,0.294777989,0.293857008,0.293920994,0.295258999,0.297982007,0.302444011,0.308571011,0.316487998,0.326375008,0.337821007,0.35036999,0.363265008,0.376159012,0.388920009,0.400864989,0.411233008,0.420726001,0.430267006,0.44184801,0.456743985,0.47645399,0.50088799,0.528591991,0.558384001,0.588347018,0.616545975,0.64151299,0.662558973,0.679414988,0.692215979,0.701370001,0.70737499,0.711475015,0.714115024,0.715861976,0.716785014,0.716436029,0.714940012,0.712755978,0.709806979,0.706543982,0.702867985,0.698934019,0.694980979,0.69107002,0.687116027,0.683315992,0.680019021,0.677033007,0.674314022,0.672205985,0.670333982,0.668702006,0.667129993,0.665547013,0.663900971,0.662267983,0.660327971,0.657890976,0.654667974,0.650835991,0.64645201,0.641533017,0.636088014,0.630402029,0.624945998,0.619517028,0.614076018,0.608877003,0.603992999,0.599552989,0.595467985,0.591790021
WheatWholePerten0148,Perten_DA7200,wheat,Wheat,UK,2011,14.40999985,8.420000076,0.157333002,0.159869999,0.163807005,0.168628007,0.173926994,0.179164007,0.183552995,0.186528996,0.188036993,0.188242003,0.187545002,0.186112002,0.184156999,0.181847006,0.179223001,0.176376,0.173357993,0.170316994,0.167389005,0.164573997,0.161906004,0.159337997,0.156799004,0.154300004,0.151929006,0.149743006,0.147885993,0.146277994,0.144955993,0.143975005,0.143307,0.142943993,0.142873004,0.143274993,0.144468993,0.147342995,0.152940005,0.162199006,0.174869001,0.189893007,0.206159994,0.222163007,0.236658007,0.249149993,0.259746999,0.269492,0.278887987,0.287847012,0.295516998,0.300893992,0.303678006,0.303847998,0.301373005,0.296207994,0.289029002,0.281428993,0.274396986,0.268444985,0.263736993,0.260181993,0.257530987,0.255620003,0.254114002,0.252826005,0.251565009,0.250036001,0.248338997,0.246583998,0.245243996,0.244509995,0.244642004,0.245992005,0.248689994,0.252936006,0.258830994,0.266507,0.275979012,0.286962003,0.298983008,0.311428994,0.324014992,0.336578012,0.348354012,0.358770013,0.368288994,0.377826989,0.389241993,0.404031009,0.423860014,0.448747009,0.478000999,0.510681987,0.544781029,0.577902019,0.608349979,0.634685993,0.656314015,0.673003018,0.685019016,0.693059027,0.698737979,0.70252198,0.704825997,0.706151009,0.705955982,0.704155028,0.701225996,0.697537005,0.693471015,0.68877399,0.683993995,0.679233015,0.674279988,0.669459999,0.664999008,0.661032975,0.657697976,0.654671013,0.652402997,0.65051502,0.648715019,0.647135019,0.645527005,0.644016028,0.642172992,0.63992399,0.637143016,0.633423984,0.628968,0.623763979,0.618009985,0.611572027,0.604977012,0.598506987,0.592166007,0.585799992,0.579791009,0.574268997,0.569032013,0.564449012,0.560379028
WheatWholePerten0149,Perten_DA7200,wheat,Wheat,UK,2011,14.63000011,14.72000027,0.264652014,0.266526997,0.269618005,0.273411989,0.277429014,0.281397998,0.284799993,0.286855012,0.287755013,0.287584007,0.286536992,0.284961999,0.283082008,0.280743986,0.278044999,0.275092989,0.271968007,0.268734992,0.265579999,0.262558013,0.259696007,0.256814987,0.253930003,0.251138002,0.248490006,0.246074006,0.243901998,0.241981,0.240388006,0.239127994,0.238254994,0.237642005,0.237229005,0.237272993,0.238114998,0.240576997,0.245795995,0.254671991,0.266820997,0.281105995,0.296557009,0.311807007,0.325807989,0.338075012,0.348601997,0.357988,0.366733015,0.374799013,0.381301999,0.385390014,0.386970013,0.386014998,0.382661998,0.377016008,0.369697988,0.362094998,0.354999989,0.348940998,0.344022989,0.34007901,0.336993992,0.334710985,0.332904011,0.331393987,0.330009997,0.328438014,0.326617003,0.324699014,0.323128998,0.322272986,0.322382003,0.323651999,0.326359004,0.330716997,0.336762995,0.344554007,0.354135007,0.365301997,0.37745899,0.389885008,0.402249992,0.414413989,0.425610006,0.435452014,0.444411993,0.453482002,0.464511991,0.47863701,0.497099996,0.519551992,0.544399977,0.570317984,0.595645011,0.618591011,0.638433993,0.654725015,0.667544007,0.677091003,0.683767974,0.688040972,0.690989018,0.692897975,0.694133997,0.694678009,0.694339991,0.693104982,0.691242993,0.689064026,0.68660301,0.683722019,0.680648983,0.677632988,0.674520016,0.671436012,0.668493986,0.665753007,0.663416982,0.661238015,0.65951997,0.65804702,0.656484008,0.654992998,0.653630018,0.652301014,0.65091002,0.649294019,0.647257984,0.644771993,0.641750991,0.638292015,0.634343982,0.630056977,0.625620008,0.621336997,0.617021024,0.61262399,0.608509004,0.604651988,0.600956023,0.597873986,0.594919026
WheatWholePerten0150,Perten_DA7250,wheat,Wheat,Norway,2014,13.5,14.60000038,0.234695405,0.238563404,0.244075403,0.25082311,0.258310288,0.265832692,0.272441685,0.277160794,0.279867798,0.280739814,0.280196488,0.278887808,0.2769804,0.274373889,0.271287412,0.267644912,0.263739288,0.259682,0.255708307,0.251875103,0.248176098,0.244475305,0.240828201,0.2371687,0.233781397,0.230791494,0.228056297,0.225814998,0.223969296,0.2225499,0.221650705,0.221219003,0.221277505,0.221835598,0.223571405,0.227689207,0.235904396,0.249520704,0.267787993,0.28890121,0.311510712,0.333896905,0.354768515,0.373298705,0.389076203,0.403122395,0.416418314,0.428760707,0.438691497,0.445048004,0.447759986,0.44728139,0.443237096,0.435661703,0.425536692,0.4148947,0.405119389,0.396771103,0.3899768,0.384783894,0.380868495,0.377907515,0.375718415,0.373900086,0.372219086,0.370250791,0.367814094,0.365074486,0.362692505,0.36132741,0.36120081,0.362787992,0.366291404,0.371914595,0.379881203,0.390254796,0.403281391,0.418345988,0.434766889,0.45175001,0.468705803,0.485145509,0.500255883,0.513510108,0.525425971,0.537075281,0.550239325,0.567366183,0.589715421,0.616220176,0.645182073,0.675044477,0.703365207,0.72848171,0.749471426,0.766216219,0.778967917,0.788065374,0.79430747,0.798606277,0.801388919,0.803129375,0.804287672,0.804852605,0.8047961,0.803968191,0.8027668,0.800953925,0.799034894,0.796671093,0.794399917,0.791809022,0.789077818,0.786468506,0.783822417,0.781386018,0.779286087,0.777598679,0.776015997,0.774589181,0.773358405,0.772297323,0.771381319,0.770285428,0.768961072,0.767515779,0.765630901,0.763378024,0.760610819,0.756897628,0.752778411,0.748286903,0.743770123,0.739180803,0.734354377,0.729484379,0.724828184,0.720387995,0.716294587,0.712668419,0.708910227
