ID,Spectrometer,Cereal,Variety,Country,Year,Moisture,Protein,950,955,960,965,970,975,980,985,990,995,1000,1005,1010,1015,1020,1025,1030,1035,1040,1045,1050,1055,1060,1065,1070,1075,1080,1085,1090,1095,1100,1105,1110,1115,1120,1125,1130,1135,1140,1145,1150,1155,1160,1165,1170,1175,1180,1185,1190,1195,1200,1205,1210,1215,1220,1225,1230,1235,1240,1245,1250,1255,1260,1265,1270,1275,1280,1285,1290,1295,1300,1305,1310,1315,1320,1325,1330,1335,1340,1345,1350,1355,1360,1365,1370,1375,1380,1385,1390,1395,1400,1405,1410,1415,1420,1425,1430,1435,1440,1445,1450,1455,1460,1465,1470,1475,1480,1485,1490,1495,1500,1505,1510,1515,1520,1525,1530,1535,1540,1545,1550,1555,1560,1565,1570,1575,1580,1585,1590,1595,1600,1605,1610,1615,1620,1625,1630,1635,1640,1645,1650
BarleyWholePerten0001,Perten_DA7200,barley,Unknown,Slovenia,2004,11.10000038,14.10000038,0.145606995,0.146704003,0.148420006,0.151003003,0.153931007,0.156854004,0.159347996,0.160706997,0.161274001,0.160977006,0.160293996,0.159131005,0.157925993,0.156192005,0.154312,0.152115002,0.149904996,0.147802994,0.145685002,0.143509999,0.141411007,0.139412001,0.137300998,0.135252997,0.133251995,0.131593004,0.129949004,0.128526002,0.127265006,0.126313001,0.125534996,0.125031993,0.124893002,0.125156,0.126054004,0.128252998,0.132486001,0.138977006,0.147357002,0.156830996,0.167063996,0.177147001,0.186661005,0.19483,0.201769993,0.208035007,0.213829994,0.219125003,0.223297,0.226104006,0.227496997,0.227647007,0.226321995,0.223671004,0.219803006,0.215461999,0.211106002,0.207396001,0.204313994,0.201780006,0.199696004,0.198191002,0.197209999,0.196237996,0.195372999,0.194287002,0.193022996,0.191558003,0.190363005,0.189533994,0.189437002,0.189969003,0.191396996,0.193774,0.197228998,0.201929003,0.207617998,0.214348003,0.221751005,0.229551002,0.237315998,0.244966999,0.251899988,0.257764012,0.262953997,0.267619014,0.273220003,0.280429989,0.289907008,0.301169992,0.31437701,0.32861799,0.343270987,0.357820004,0.370570988,0.381563008,0.390284985,0.396670997,0.401142001,0.404269993,0.406091005,0.407247007,0.408143014,0.408688009,0.408329994,0.40724501,0.406049997,0.404069006,0.402291,0.400178999,0.397913009,0.396111012,0.393691987,0.390960991,0.388550997,0.386483014,0.384609014,0.38321799,0.381650001,0.380715996,0.379711002,0.378340989,0.377250999,0.376174003,0.375178993,0.373856008,0.372593999,0.370662987,0.368611008,0.366232008,0.363251001,0.36046201,0.357459992,0.354988009,0.352192015,0.349501997,0.34701401,0.344718993,0.343124002,0.341753006,0.340617001
BarleyWholePerten0002,Perten_DA7200,barley,Unknown,Slovenia,2004,14,10.69999981,0.145392001,0.146918997,0.148931995,0.151502997,0.15411,0.156470999,0.158443004,0.159352005,0.159490004,0.158856005,0.157828003,0.156348005,0.154898003,0.152921006,0.150845006,0.148479,0.146191999,0.143974006,0.141763002,0.139526993,0.137379006,0.135404006,0.133379996,0.131457999,0.129543006,0.127942994,0.126399994,0.125094995,0.123975001,0.123131998,0.122492999,0.122116998,0.122092001,0.122367002,0.123259999,0.125367999,0.129390001,0.135646999,0.143892005,0.153433994,0.163773,0.173727006,0.182669997,0.190054998,0.196144,0.201575995,0.206636995,0.211305007,0.215057999,0.217690006,0.218990997,0.219086006,0.217812002,0.215180993,0.211435005,0.207316995,0.203130007,0.199551001,0.196575001,0.194089994,0.191984996,0.190412998,0.189276993,0.188131005,0.187140003,0.186012,0.184836999,0.183585003,0.182660997,0.182148993,0.182373002,0.183284998,0.185167998,0.188014999,0.191874996,0.196979001,0.203008995,0.209984005,0.217501,0.225226,0.232767999,0.240132004,0.246842995,0.252620995,0.2579,0.263085008,0.269667,0.278443992,0.29006201,0.303932995,0.319995999,0.336903006,0.353866994,0.370218009,0.384267986,0.396099001,0.405335993,0.411971986,0.416512996,0.419517994,0.421056002,0.421905994,0.422417015,0.422551006,0.421581,0.419696003,0.417591006,0.414629996,0.411724001,0.408582985,0.405378014,0.402691007,0.399385005,0.39577201,0.392556012,0.389777988,0.387279004,0.385354012,0.383246005,0.381875992,0.380519003,0.378695011,0.377112001,0.375645012,0.374273002,0.372487009,0.370795995,0.368427008,0.365958989,0.363211989,0.359683991,0.356287986,0.352694005,0.349783987,0.346561998,0.343472987,0.340615004,0.337889999,0.335936993,0.334414005,0.333332986
BarleyWholePerten0003,Perten_DA7200,barley,Unknown,Slovenia,2004,13.19999981,11.5,0.141222,0.142730996,0.144703001,0.147183999,0.149740994,0.152097002,0.154044002,0.154947996,0.155112997,0.154521003,0.153548002,0.152113006,0.150619,0.148611993,0.146507993,0.144197002,0.141877994,0.139602006,0.137356997,0.135130003,0.132961005,0.130989,0.128920004,0.126949996,0.125015006,0.123341002,0.121766999,0.120480001,0.119346999,0.118479997,0.117838003,0.117473997,0.117453001,0.117761999,0.118715003,0.120930001,0.125046,0.131385997,0.139741004,0.149379,0.159752995,0.169754997,0.178790003,0.186267003,0.192458004,0.197984994,0.203090996,0.207789004,0.211545005,0.214148998,0.215443,0.215549007,0.214325994,0.211809993,0.208150998,0.204088002,0.199947998,0.196412996,0.193462998,0.190982997,0.188887999,0.187292993,0.186193004,0.185103998,0.184136003,0.183023006,0.181844994,0.180591002,0.179644004,0.179114997,0.179353997,0.180244997,0.182090998,0.184891,0.188754007,0.193859994,0.199874997,0.206853002,0.214366004,0.222117007,0.22969,0.237054005,0.243796006,0.249592006,0.254844993,0.259884,0.266281992,0.274850994,0.286184996,0.299690992,0.315351009,0.331988007,0.348699004,0.364921004,0.378975987,0.390859008,0.400148988,0.40683201,0.411449999,0.414507002,0.416126013,0.417066008,0.417703003,0.417861998,0.416949004,0.415152013,0.413114011,0.410232008,0.407368988,0.404316992,0.401174992,0.39852199,0.395238012,0.391689986,0.388554007,0.385794014,0.383318991,0.381433994,0.379314005,0.377945989,0.376623988,0.374855012,0.373297989,0.371825993,0.370517999,0.368759006,0.367035002,0.364690989,0.362316996,0.359613001,0.356184989,0.352874994,0.349314004,0.346381009,0.343171001,0.340095997,0.337246001,0.334630996,0.332810998,0.331371009,0.330430001
BarleyWholePerten0004,Perten_DA7200,barley,Unknown,Slovenia,2004,14.10000038,12.19999981,0.154174998,0.155566007,0.157386005,0.159759998,0.162104994,0.16415,0.165896997,0.166587994,0.166568995,0.165855005,0.164903,0.163435996,0.162049994,0.160185993,0.158300996,0.156165004,0.154073,0.152121007,0.150140002,0.148124993,0.146182999,0.144391,0.142514005,0.140696004,0.138885006,0.137391001,0.135927007,0.134753004,0.133744001,0.132949993,0.132291004,0.131891996,0.131818995,0.132005006,0.132753,0.134597004,0.138209999,0.143838003,0.151276007,0.159904003,0.169266,0.178304002,0.186473995,0.193186,0.198746994,0.203749999,0.208422005,0.212715,0.216123998,0.218428001,0.219476998,0.219424993,0.218048006,0.215440005,0.211772993,0.207735002,0.203651995,0.200176999,0.197295994,0.194842994,0.192754,0.191172004,0.190036997,0.188920006,0.187972993,0.186901003,0.185764998,0.184530005,0.183599994,0.183080003,0.183293,0.184093997,0.185791999,0.188433006,0.192095995,0.196943998,0.202658996,0.209278002,0.216413006,0.223813996,0.231144995,0.238342002,0.244894996,0.250479996,0.255564988,0.260616988,0.267248988,0.27601701,0.287562013,0.301335007,0.317113012,0.333692998,0.350235999,0.366160005,0.379721999,0.391047001,0.399791986,0.405997008,0.410216004,0.412995011,0.414402008,0.415206999,0.415683001,0.415773004,0.414802998,0.412959009,0.410935998,0.408066005,0.405312002,0.402305991,0.399199009,0.396573007,0.393334001,0.389750987,0.386599988,0.383893013,0.381406993,0.379500002,0.37735799,0.37597099,0.374615014,0.372747004,0.371167988,0.369673997,0.368315011,0.366508007,0.364753991,0.362390012,0.359892994,0.357107997,0.35355401,0.350149989,0.346596003,0.343618989,0.340267003,0.33712399,0.334161997,0.331346005,0.329376996,0.327883989,0.326819003
BarleyWholePerten0005,Perten_DA7200,barley,Unknown,Slovenia,2004,16,12.39999962,0.157634005,0.159581006,0.161883995,0.164615005,0.167224005,0.169465005,0.171373993,0.17216,0.172147006,0.171404004,0.170329005,0.168698996,0.167104006,0.165024996,0.162931994,0.160570994,0.158261001,0.156091005,0.153919995,0.151729003,0.149664998,0.147733003,0.145705,0.143775001,0.141864002,0.140327007,0.138846993,0.137706995,0.136758998,0.136079997,0.135571003,0.135325998,0.135409996,0.135827005,0.136871994,0.139130995,0.143417001,0.150010005,0.158649996,0.16855,0.179100007,0.189078003,0.197956994,0.205181003,0.211100996,0.216379002,0.221276999,0.225752994,0.229285002,0.231668994,0.23274,0.232647002,0.231212005,0.228544995,0.224803999,0.220717996,0.216608003,0.213153005,0.210301995,0.207865,0.205797002,0.204225004,0.203122005,0.202048004,0.201187998,0.200214997,0.199221999,0.198190004,0.197518006,0.197289005,0.197845995,0.199056998,0.201224998,0.204372004,0.208578005,0.214006007,0.220277995,0.227417007,0.235007003,0.242752999,0.250295997,0.257674009,0.264409989,0.270236999,0.275707007,0.281345993,0.288812995,0.298667997,0.311585993,0.326781988,0.343923003,0.361566991,0.378890991,0.395374,0.409242988,0.42079401,0.429726988,0.436049014,0.440416008,0.443365991,0.444846004,0.445652992,0.446161002,0.446171999,0.445053995,0.442992002,0.440757006,0.437563002,0.434504986,0.431239009,0.427848995,0.425016999,0.421501994,0.417686999,0.414326996,0.411363006,0.408641011,0.406515002,0.404163003,0.402604014,0.401012003,0.39892,0.397100002,0.395413995,0.393857002,0.391887009,0.39002201,0.387573987,0.385015994,0.382133991,0.378513008,0.375079006,0.371517003,0.36857,0.365229994,0.362096995,0.359191001,0.356384993,0.354391992,0.352869988,0.351705015
BarleyWholePerten0006,Perten_DA7200,barley,Unknown,Slovenia,2004,16.20000076,14.60000038,0.167097002,0.168596,0.170433998,0.172714993,0.174822003,0.176608995,0.178099006,0.178538993,0.178280994,0.177305996,0.176098004,0.174419999,0.172784999,0.170713008,0.168644995,0.166305006,0.164041996,0.161908001,0.159742996,0.157585993,0.155543,0.153641,0.151633993,0.149711996,0.147793993,0.146268994,0.144800007,0.143637002,0.142672002,0.141927004,0.141357005,0.141068995,0.141096994,0.141406,0.142314002,0.144382998,0.148381993,0.154548004,0.162631005,0.171876997,0.181747004,0.191076994,0.199379996,0.206129998,0.211657003,0.216561005,0.221101999,0.225215003,0.228419006,0.230526,0.231389999,0.231186003,0.229719997,0.227083996,0.223435998,0.219478995,0.215494007,0.212129995,0.209338993,0.206922993,0.204852,0.203297004,0.202208996,0.201141,0.200283006,0.199330002,0.198373005,0.197350994,0.196689993,0.196454004,0.196987003,0.198155001,0.200243995,0.203286007,0.207369998,0.212641001,0.218728006,0.225661993,0.233034998,0.240557998,0.247920007,0.255115002,0.261658013,0.267284989,0.272588015,0.278093994,0.285481006,0.295226991,0.307931989,0.322836995,0.339558005,0.356669992,0.373369008,0.389156997,0.402348995,0.413262993,0.421622008,0.427540988,0.431589991,0.434280992,0.435597986,0.436315,0.436747015,0.43669799,0.435537994,0.433438987,0.431199014,0.428066999,0.425054014,0.421831012,0.418502003,0.415688992,0.412236989,0.408432007,0.405072987,0.402161986,0.399457008,0.397329003,0.394980013,0.393366009,0.391730011,0.389622003,0.387775987,0.386052996,0.384490013,0.382555991,0.380706996,0.378282994,0.375743002,0.372925013,0.369383007,0.366021007,0.362506002,0.359611005,0.356384009,0.353318989,0.35047099,0.347772986,0.345865995,0.344386995,0.343318999
BarleyWholePerten0007,Perten_DA7200,barley,Unknown,Slovenia,2004,17.79999924,13.5,0.172688007,0.174641997,0.176988006,0.179647997,0.182047993,0.184084997,0.185761005,0.186318994,0.186059997,0.184988007,0.183623001,0.181702003,0.179807007,0.177442998,0.175095007,0.172463998,0.169885993,0.167487994,0.165104002,0.162694007,0.160402,0.158318996,0.156158999,0.154091001,0.152036995,0.150406003,0.148912996,0.147781,0.146882996,0.146275997,0.145838007,0.145698994,0.145940006,0.146528006,0.147768006,0.150313005,0.155052006,0.162322998,0.171805993,0.182575002,0.193852007,0.204313994,0.213456005,0.220786005,0.226754993,0.232050002,0.23691,0.241290003,0.244723007,0.247018993,0.248005003,0.247861996,0.246377006,0.243696004,0.240013003,0.236015007,0.231969997,0.228589997,0.225803003,0.223395005,0.221329004,0.219776005,0.218723998,0.217691004,0.216910005,0.216047004,0.215200007,0.214333996,0.213870004,0.213868007,0.214707002,0.216235995,0.218792006,0.222367004,0.227008998,0.232879996,0.239542007,0.247005999,0.254842997,0.26275301,0.270404995,0.277864009,0.28461501,0.290398985,0.295937002,0.30182299,0.309799999,0.320226014,0.333768994,0.349541992,0.367029995,0.384669006,0.401688993,0.417704999,0.430967003,0.441899002,0.450302988,0.456223995,0.460254014,0.462962002,0.464269012,0.464933991,0.465297014,0.465178996,0.463878006,0.461578995,0.459129006,0.455662012,0.452354997,0.448864013,0.445273995,0.442326993,0.438677013,0.434704006,0.431203991,0.42809999,0.425217986,0.422926009,0.420410007,0.418664008,0.416904986,0.414649993,0.412638009,0.410728008,0.409004003,0.406937003,0.405079991,0.402633995,0.400114,0.397267014,0.393739998,0.390406996,0.386940986,0.384171993,0.381031007,0.378026009,0.375225991,0.372550011,0.370739996,0.369300991,0.368331999
BarleyWholePerten0008,Perten_DA7200,barley,Unknown,Slovenia,2004,19.5,13.80000019,0.189796999,0.191943005,0.194251999,0.196764007,0.198952004,0.200675994,0.202060998,0.202443004,0.202154994,0.201031998,0.199592993,0.197677001,0.195841,0.193424001,0.191019997,0.188391,0.185826004,0.183394998,0.181036994,0.178702995,0.176401004,0.174247995,0.172016993,0.169977993,0.168024004,0.166519001,0.165073007,0.163935006,0.162988007,0.162364006,0.161911994,0.161730006,0.161902994,0.162386,0.163452998,0.165819004,0.170276001,0.177189007,0.186234996,0.196424007,0.207037002,0.216714993,0.225050002,0.231656,0.236985996,0.241711006,0.246015996,0.249969006,0.252983004,0.254945993,0.255667001,0.255326003,0.253762007,0.25108701,0.247446001,0.243555993,0.239596993,0.236247003,0.233478993,0.231088996,0.228993997,0.227422997,0.226330996,0.225211993,0.224331006,0.223436996,0.222601995,0.221763998,0.221361995,0.221431002,0.222338006,0.223874003,0.226411998,0.229936004,0.234458,0.240164995,0.246600002,0.253775001,0.261274993,0.268792003,0.275968999,0.282932013,0.289283991,0.29491201,0.300467014,0.306479007,0.314700991,0.325621992,0.339612007,0.355758995,0.373609006,0.391499013,0.408578008,0.42445901,0.437505007,0.448197991,0.456339985,0.462013006,0.465820015,0.468347997,0.469390988,0.469803006,0.469971001,0.469595999,0.468014985,0.46547401,0.46271199,0.459021986,0.455462992,0.451680988,0.44787699,0.44470501,0.44085899,0.436742008,0.433052987,0.429753006,0.426705986,0.424178988,0.421460003,0.419580013,0.417620003,0.415228993,0.413096994,0.411056995,0.409177989,0.407005012,0.405032992,0.402469009,0.399852991,0.39695999,0.393379003,0.389999002,0.386518002,0.383729011,0.380528003,0.377507001,0.37471801,0.37202999,0.370088011,0.368445993,0.367318004
BarleyWholePerten0009,Perten_DA7200,barley,Unknown,Slovenia,2004,16.79999924,12.10000038,0.162315995,0.164216995,0.166500002,0.169193,0.171715006,0.173844993,0.175584003,0.176246002,0.176165998,0.175264999,0.174079001,0.172417,0.170809999,0.168680996,0.166550994,0.164156005,0.161761001,0.159454003,0.157223001,0.155033007,0.152882993,0.150860995,0.148775995,0.146844,0.144944996,0.143432006,0.141983002,0.140820995,0.139841005,0.139156997,0.138666004,0.138451994,0.138557002,0.138963997,0.139987007,0.142263994,0.146540001,0.153130993,0.161792994,0.171727002,0.182312995,0.192298994,0.201061994,0.208133996,0.213923007,0.219101995,0.223878995,0.228292003,0.231729999,0.234033003,0.235052005,0.234959006,0.233548001,0.230887994,0.227161005,0.223110005,0.219001994,0.215536997,0.212687001,0.210256994,0.208176002,0.206625,0.205544993,0.204465002,0.203578994,0.202618003,0.201643005,0.200638995,0.200016007,0.199837998,0.200443998,0.201692,0.203939006,0.207197994,0.211477995,0.216982007,0.223306,0.230490997,0.238104999,0.245856002,0.253398001,0.260755986,0.267482996,0.273288995,0.278759003,0.284440994,0.292073011,0.302190006,0.315376997,0.330909014,0.348414004,0.366335988,0.383882999,0.400465012,0.414355993,0.425853998,0.434713006,0.440993011,0.445297003,0.448199004,0.449580997,0.450302005,0.450787991,0.450776994,0.449557006,0.447405011,0.445046008,0.441760004,0.438578993,0.43513,0.431629986,0.42868799,0.425081015,0.42117399,0.417649001,0.414573014,0.411781997,0.409538001,0.407092989,0.405469,0.403791994,0.401636988,0.399758995,0.397969008,0.396299988,0.394275993,0.392414004,0.389930993,0.387333989,0.384460986,0.380816996,0.377353996,0.373733014,0.370766014,0.367453992,0.364293009,0.361434996,0.358642995,0.356617987,0.355019987,0.354113996
BarleyWholePerten0010,Perten_DA7200,barley,Unknown,Slovenia,2004,15.80000019,12.19999981,0.198012993,0.199236006,0.200675994,0.202534005,0.204257995,0.205762997,0.207111999,0.207715005,0.207754001,0.206943005,0.205771998,0.204187006,0.202662006,0.200563997,0.198498994,0.196202993,0.194024995,0.191926003,0.189906001,0.187778994,0.185778007,0.183871999,0.181936994,0.180093005,0.178232998,0.176715002,0.175292999,0.174094006,0.172931999,0.172033995,0.171289995,0.170886993,0.170754001,0.170889005,0.171427995,0.172932997,0.176036999,0.181064993,0.187935993,0.196031004,0.204870001,0.213406995,0.221175,0.227543995,0.232757002,0.237375006,0.241625994,0.245479003,0.248539001,0.250506997,0.251307011,0.251069009,0.249636993,0.247060999,0.243476003,0.239610001,0.235581994,0.232194006,0.229350999,0.226924002,0.224773005,0.223179996,0.222030997,0.220769003,0.219733,0.218619004,0.217565998,0.216438994,0.215644002,0.215202004,0.215473995,0.216287002,0.218017995,0.220613003,0.224179998,0.228890002,0.234436005,0.240838006,0.247656003,0.254684001,0.26146701,0.268160999,0.274197996,0.279498011,0.284453005,0.289445996,0.296038002,0.304892004,0.316662997,0.33059299,0.346459001,0.36284399,0.378978998,0.394237995,0.407312006,0.418103993,0.426486999,0.432574987,0.436650991,0.439413011,0.440643013,0.441260994,0.441561997,0.441581994,0.440504998,0.438540012,0.436248988,0.433156997,0.43027401,0.426932007,0.423588991,0.420749009,0.417533994,0.413764,0.410411,0.407445997,0.404655993,0.402458996,0.400090993,0.398523986,0.396919012,0.394912988,0.393032014,0.391258001,0.389586002,0.387544006,0.38578701,0.383435011,0.380995005,0.378333986,0.374886006,0.371571988,0.368059993,0.365278006,0.362080008,0.359135985,0.356391013,0.353702009,0.351862997,0.350293994,0.349260002
BarleyWholePerten0011,Perten_DA7200,barley,Unknown,Sweden,2006,17.20000076,11.39999962,0.109660998,0.112176999,0.115162998,0.118428998,0.12173,0.124857001,0.127349004,0.129023999,0.129809007,0.129766002,0.129076004,0.127990007,0.126551002,0.124877997,0.122991003,0.12094,0.118813999,0.116682999,0.114638999,0.112710998,0.110872999,0.109070003,0.107304998,0.105665997,0.104122996,0.102766998,0.101604,0.100593999,0.099830002,0.099344,0.099081002,0.099060997,0.099311002,0.100002997,0.101346001,0.103950001,0.108580999,0.115759,0.125144005,0.136051998,0.147585005,0.158659995,0.168448001,0.176642999,0.183333993,0.189103007,0.194498003,0.199472994,0.203676,0.206722006,0.208508,0.209022,0.208168998,0.205807,0.202242002,0.198200002,0.194272995,0.190785006,0.187836006,0.185435996,0.183560997,0.182137996,0.181035996,0.180151001,0.179308996,0.178420007,0.177432999,0.176514998,0.175871,0.175676003,0.176225007,0.177612007,0.179913998,0.183255002,0.187739,0.193361998,0.200048,0.207524002,0.215398997,0.223394007,0.231215,0.238835007,0.245941997,0.252308995,0.258150011,0.264198005,0.271631002,0.281275988,0.293577999,0.308349997,0.324829996,0.342191994,0.359286994,0.375223011,0.389432013,0.40150401,0.411190003,0.418433994,0.423429012,0.426750004,0.428994,0.430422008,0.431270987,0.431589007,0.431089014,0.42968601,0.427552015,0.424926013,0.421990991,0.418853015,0.415513009,0.412167013,0.408903986,0.405660003,0.402563989,0.399706006,0.397309989,0.395170003,0.393382013,0.391801,0.390255004,0.388821989,0.387360007,0.385885,0.384499013,0.382988006,0.381332994,0.379429996,0.377218008,0.374568999,0.371589989,0.368478,0.365386993,0.362383008,0.359432995,0.356694013,0.354216993,0.351929992,0.349869996,0.348111987,0.346493989
BarleyWholePerten0012,Perten_DA7200,barley,Unknown,Sweden,2006,16.39999962,10.89999962,0.115548,0.117518999,0.120058999,0.122841999,0.125764996,0.128588006,0.130841002,0.132275,0.132934004,0.132810995,0.132111996,0.131035,0.129640997,0.127979994,0.126155004,0.124182001,0.122130998,0.120058,0.118116997,0.116309002,0.114494003,0.112737998,0.111036003,0.109435998,0.107918002,0.106555998,0.105334997,0.104232997,0.103405997,0.102784999,0.102348998,0.102150999,0.102182999,0.102627002,0.103681997,0.105912998,0.109957002,0.11631,0.124738,0.134660006,0.145267993,0.155612007,0.164856002,0.172677994,0.179128006,0.184747994,0.190025002,0.194897994,0.199024007,0.202010006,0.203749999,0.204184994,0.203245997,0.200786993,0.197121993,0.192984998,0.188945994,0.185341001,0.182301998,0.179829001,0.177880004,0.176381007,0.175205007,0.174214006,0.173277006,0.172284007,0.171170995,0.170102999,0.169318005,0.168962002,0.169320002,0.170488998,0.172558993,0.175679997,0.179929003,0.185323998,0.191836,0.199195996,0.207048997,0.215119004,0.223121002,0.230979994,0.238352999,0.244953007,0.250939995,0.257099986,0.264692992,0.274549007,0.287234008,0.30262199,0.319963008,0.338369995,0.356640995,0.373728991,0.389091998,0.402139008,0.412609994,0.420437008,0.425859988,0.429417998,0.431838006,0.433369994,0.434302986,0.434706003,0.434287995,0.432902992,0.430790991,0.428171992,0.425191999,0.422019005,0.418673009,0.415338993,0.411947995,0.408618003,0.405407012,0.40248701,0.399993986,0.397808999,0.395983994,0.394448012,0.392928988,0.391474992,0.390006989,0.388567001,0.387142003,0.385636985,0.383893997,0.381864995,0.379538,0.376697004,0.373483986,0.370081008,0.366679013,0.363380998,0.360181004,0.357176989,0.354449987,0.351882011,0.34959501,0.347627997,0.34601599
BarleyWholePerten0013,Perten_DA7200,barley,Unknown,Sweden,2006,17,13.39999962,0.148258001,0.150169,0.152578995,0.155159995,0.157827005,0.160355002,0.162332997,0.163595006,0.164086998,0.163830996,0.163029999,0.161847994,0.160391003,0.158681005,0.156746998,0.154685006,0.152503997,0.150296003,0.148206994,0.146252006,0.144300997,0.142427996,0.140612006,0.138868004,0.137245998,0.135790005,0.134481996,0.133338004,0.132456005,0.131823003,0.131384,0.131163999,0.131201997,0.131651998,0.132709995,0.134960994,0.139151007,0.145747006,0.154492006,0.164725006,0.175601006,0.186129004,0.195567995,0.203541994,0.210123003,0.215827003,0.221158996,0.226023004,0.230052993,0.232877001,0.234403998,0.234596998,0.233408004,0.230717003,0.226788998,0.222444996,0.218277007,0.214552,0.211447999,0.208912998,0.206897005,0.205365002,0.204161003,0.203183994,0.202270001,0.201315001,0.200266004,0.199251995,0.198524997,0.198255003,0.198718995,0.200018004,0.202242002,0.205524996,0.209944993,0.215516001,0.222167999,0.229591996,0.237430006,0.245443001,0.253313005,0.260993987,0.268119991,0.274493009,0.280360013,0.286523014,0.294101,0.303820014,0.316091001,0.330716997,0.346857011,0.363711,0.380205989,0.395428002,0.408937007,0.420394003,0.429558009,0.436464995,0.441303998,0.444541007,0.446723998,0.448116005,0.448931009,0.449241012,0.448808014,0.447531998,0.445574999,0.443190992,0.440486014,0.437644005,0.434599012,0.431549996,0.428526014,0.425505996,0.422654003,0.420040995,0.417768002,0.415746987,0.414065003,0.412616015,0.411125988,0.409781992,0.408468992,0.407137007,0.405822009,0.404419005,0.40287599,0.401046008,0.398938,0.396441996,0.393675,0.390744001,0.387791991,0.384943992,0.382142991,0.379566997,0.377283007,0.375068009,0.373048991,0.371327013,0.369830996
BarleyWholePerten0014,Perten_DA7200,barley,Unknown,Sweden,2006,20.20000076,10.60000038,0.131152004,0.133242995,0.135702997,0.138220996,0.140600994,0.142735004,0.144334003,0.145199001,0.145337001,0.144802004,0.143748,0.142359003,0.140634,0.138640001,0.136535004,0.134362996,0.132065997,0.129782006,0.127625004,0.125595003,0.123594999,0.121711001,0.119925998,0.118228003,0.116667002,0.115304001,0.114084996,0.113025002,0.112236999,0.111699998,0.111346997,0.111239001,0.11135,0.111832,0.112907,0.115175001,0.119361997,0.125981003,0.134801999,0.145105004,0.155903995,0.166132003,0.174992994,0.182301998,0.188191995,0.193267003,0.198035002,0.202397004,0.206028,0.208592996,0.210023001,0.210254997,0.209217995,0.206763998,0.203183994,0.199185997,0.195351005,0.191952005,0.189088002,0.186765,0.184896007,0.183431,0.182274997,0.181327999,0.180451006,0.179594994,0.178740993,0.178026006,0.177650005,0.177752003,0.178562999,0.180200994,0.182769001,0.186342001,0.191016004,0.196775004,0.203514993,0.210930005,0.218669996,0.226478994,0.234091997,0.241511002,0.248438999,0.254761994,0.260780007,0.267464012,0.276118994,0.287414014,0.30173099,0.318821997,0.337476999,0.356667012,0.375202,0.392073005,0.40685299,0.419272006,0.429167002,0.436562002,0.441695988,0.445087999,0.447311014,0.448668987,0.449339986,0.449348003,0.448415011,0.446440995,0.443695992,0.440387994,0.436742008,0.432931989,0.428925008,0.42493701,0.421047986,0.417192996,0.413522989,0.410154015,0.407225013,0.404554009,0.402220994,0.400162995,0.398139,0.396250993,0.394374996,0.392542988,0.390780002,0.388916999,0.386895001,0.384678006,0.382247001,0.379400015,0.376246005,0.372958988,0.369646996,0.366474003,0.363370001,0.360460997,0.357834995,0.355399013,0.353231013,0.351345003,0.349741012
BarleyWholePerten0015,Perten_DA7200,barley,Unknown,Sweden,2006,18.89999962,13.10000038,0.136345998,0.138776004,0.141541004,0.144446999,0.147241995,0.149854004,0.151879996,0.153173998,0.153692007,0.153455004,0.152661994,0.151537001,0.150068,0.14835,0.146430001,0.144369006,0.142205,0.140062004,0.138014004,0.136098996,0.134219006,0.132401004,0.130654007,0.129004002,0.127477005,0.126173005,0.125008002,0.123999998,0.123292998,0.122821003,0.122521997,0.122483,0.122711003,0.123328,0.124544002,0.126990005,0.131409004,0.138318002,0.147397995,0.157948002,0.169027999,0.179608002,0.188952997,0.196759999,0.203093007,0.208536997,0.213618994,0.218264997,0.222106993,0.224791005,0.226273999,0.226508007,0.225422993,0.222868994,0.219168007,0.215059996,0.211106002,0.207591996,0.204673007,0.202262998,0.200362995,0.198918998,0.197788,0.196889997,0.196062997,0.195224002,0.194325,0.193529993,0.193038002,0.193017006,0.193725005,0.195272997,0.197718993,0.201216996,0.205826998,0.211541995,0.218248993,0.225674003,0.233456001,0.241341993,0.249047995,0.256556004,0.263511002,0.269791007,0.275624991,0.281942993,0.289920986,0.300217003,0.313172996,0.328550011,0.345389009,0.362821996,0.379700989,0.395164013,0.408798993,0.420316994,0.429508001,0.436398,0.441184998,0.444348991,0.446437001,0.447777987,0.448502988,0.44867,0.448006988,0.446467012,0.444196999,0.441444993,0.438387007,0.435167015,0.431780011,0.42840901,0.425076008,0.421765,0.418669999,0.415785015,0.413260996,0.411009014,0.409141004,0.407460004,0.405786008,0.404219002,0.402725995,0.401219994,0.399760008,0.398169994,0.396477014,0.394531012,0.392325997,0.389753997,0.386866987,0.383872986,0.380843014,0.37795499,0.375167996,0.372595996,0.370187014,0.367953986,0.365947992,0.364244014,0.362810999
BarleyWholePerten0016,Perten_DA7200,barley,Unknown,Sweden,2006,12.80000019,10.5,0.098462001,0.100729004,0.103765003,0.107473001,0.111584,0.115694001,0.119149998,0.121532999,0.122838996,0.123158,0.122709997,0.121767998,0.120439,0.118764997,0.116897002,0.114845,0.112649001,0.110473,0.108396001,0.106440999,0.104537003,0.102670997,0.100827999,0.099036999,0.097354002,0.095834002,0.094448999,0.093220003,0.092271999,0.091580004,0.091127001,0.090960003,0.091116004,0.091764003,0.093176,0.096037,0.101111002,0.108866997,0.118941002,0.130568996,0.142976001,0.155119002,0.166149005,0.175606996,0.183544993,0.190522999,0.197101995,0.203164995,0.208303005,0.212053001,0.214314997,0.215039,0.214183003,0.211586997,0.207609996,0.203070998,0.198603004,0.194607005,0.191288993,0.188644007,0.186618,0.185174003,0.184064999,0.183142006,0.182219997,0.181131005,0.179866999,0.178580001,0.177524,0.176903993,0.177026004,0.178002,0.179949001,0.183044002,0.187378004,0.192990005,0.199853003,0.207670003,0.216088995,0.224787995,0.233426005,0.241791993,0.249484003,0.256233007,0.262194008,0.267967999,0.274509013,0.282703996,0.293033987,0.305404991,0.319278002,0.334035009,0.348764002,0.362718999,0.375337988,0.386218995,0.395049006,0.401672006,0.406313986,0.409500003,0.411718994,0.413259,0.414301008,0.41494301,0.414965987,0.414308012,0.413062006,0.411496997,0.409675986,0.407707989,0.405548006,0.403400004,0.401225001,0.399026007,0.396990001,0.395150006,0.393586993,0.392253012,0.391245991,0.390448988,0.389642,0.388900995,0.388182998,0.387447,0.386718988,0.385847002,0.384799987,0.383500993,0.381960988,0.379942,0.377642006,0.375171006,0.372671008,0.370214999,0.367846012,0.36570701,0.36371401,0.361838996,0.360190004,0.358832985,0.35769099
BarleyWholePerten0017,Perten_DA7200,barley,Unknown,Sweden,2006,13.39999962,12.19999981,0.098649003,0.101497002,0.105158001,0.109407,0.113968998,0.118476003,0.122230001,0.124886997,0.126367003,0.126799002,0.126433998,0.125550002,0.124245003,0.122587003,0.120696999,0.118603997,0.116320998,0.114037,0.111856997,0.109816,0.107823998,0.105857998,0.103912003,0.102067001,0.100317001,0.098756999,0.097351,0.096171998,0.095287003,0.094676003,0.094361998,0.094356,0.094724,0.095647998,0.097434998,0.100795001,0.106576003,0.115223996,0.126256004,0.138892993,0.152270004,0.165325001,0.177112997,0.187184006,0.195585996,0.202949002,0.209796995,0.216076002,0.221320003,0.225097001,0.227347001,0.228030995,0.227098003,0.224423006,0.22033,0.215636,0.211028993,0.206910998,0.203453004,0.200688005,0.198562995,0.197005004,0.195857003,0.194948003,0.194053993,0.193020001,0.191786006,0.190521002,0.189501002,0.188966006,0.189246997,0.190433994,0.19269,0.196155995,0.200917006,0.207045004,0.214484006,0.222936004,0.231977999,0.241322994,0.250571996,0.259526014,0.267791987,0.275106996,0.281522006,0.287759006,0.294984996,0.304123998,0.315692991,0.329546005,0.345023006,0.361494988,0.377936006,0.393445998,0.407433987,0.419423014,0.429051012,0.436298996,0.441338986,0.444729,0.447122991,0.448785007,0.449892014,0.450580001,0.450545996,0.449681014,0.448202014,0.446354002,0.444173008,0.441825986,0.439285994,0.436677992,0.434022993,0.431403995,0.428927004,0.426665992,0.424748987,0.423099011,0.421768993,0.42069,0.419625014,0.418637991,0.417650998,0.416651994,0.415731013,0.414682001,0.413442999,0.411913991,0.410075009,0.407775015,0.405101001,0.402285993,0.399369001,0.396582007,0.393936008,0.391534001,0.389319986,0.387272,0.38547501,0.383994013,0.38280201
BarleyWholePerten0018,Perten_DA7200,barley,Unknown,Sweden,2006,16.60000038,10.89999962,0.158043996,0.159352005,0.161065996,0.163041994,0.165065005,0.166980997,0.168463007,0.169293001,0.169508994,0.169066995,0.168081,0.166832998,0.165355995,0.163601995,0.161686003,0.159735993,0.157668993,0.155607998,0.153683007,0.151831001,0.149994999,0.148213998,0.146482006,0.144831002,0.143258005,0.141801,0.140448004,0.139228001,0.138203993,0.137399003,0.136718005,0.136212006,0.135941997,0.136001006,0.136566997,0.138077006,0.141176999,0.146301001,0.153290004,0.161668003,0.170750007,0.179618001,0.187583998,0.194282994,0.199760005,0.204496995,0.208976999,0.213145003,0.216655001,0.219118998,0.220446006,0.220568001,0.219416007,0.216848999,0.213144004,0.209016994,0.205026001,0.201459006,0.198431,0.195926994,0.193917006,0.192314997,0.191023007,0.189925998,0.188848004,0.187716007,0.186541006,0.185415998,0.184527993,0.184056997,0.184240997,0.185176998,0.186960995,0.189723998,0.193525001,0.198394001,0.204285994,0.210956007,0.218067005,0.225376993,0.232659996,0.239811003,0.246484995,0.252460003,0.257923007,0.263704985,0.270909011,0.280218989,0.292151988,0.306589007,0.322726995,0.33977899,0.356620997,0.372258008,0.386186987,0.398052007,0.407494009,0.414546996,0.419395,0.422589004,0.424703002,0.426019996,0.426735997,0.426957011,0.426407009,0.424941987,0.422794014,0.420204014,0.417306989,0.414234996,0.410981,0.407745987,0.404520989,0.401320994,0.398268014,0.39547801,0.393038988,0.390882999,0.389070988,0.387486011,0.385948986,0.384483993,0.383028001,0.381606996,0.380236,0.378702015,0.376969993,0.375041992,0.372790009,0.370121002,0.367137015,0.36401099,0.360814005,0.357744992,0.354775012,0.351999015,0.349445999,0.347088009,0.344965011,0.343104988,0.341479003
BarleyWholePerten0019,Perten_DA7200,barley,Unknown,Sweden,2006,13.60000038,12.60000038,0.090117998,0.092696004,0.096035004,0.099907003,0.104028001,0.108073004,0.111489996,0.113886997,0.115179002,0.115575001,0.115209997,0.114381,0.113159001,0.111602999,0.109843001,0.107841,0.105700001,0.103565,0.101542004,0.099615999,0.097714,0.095863,0.094036996,0.092269003,0.090599999,0.089143001,0.087856002,0.086733997,0.085894004,0.085350998,0.085061997,0.085049003,0.085385002,0.086253002,0.087944001,0.091100998,0.096522003,0.104648002,0.114975996,0.126744002,0.139202997,0.151345998,0.162331998,0.171713993,0.179502994,0.186276004,0.192585006,0.198360995,0.203171998,0.206628993,0.208692998,0.209346995,0.208514005,0.206025004,0.202206999,0.197842002,0.193572998,0.189748004,0.186535001,0.183971003,0.181969002,0.180492997,0.179416001,0.178571999,0.177748993,0.176807001,0.175669,0.174509004,0.173593,0.173146993,0.173454002,0.174609006,0.176762998,0.180043995,0.184531003,0.190259993,0.197220996,0.205126002,0.213580996,0.222319007,0.230941996,0.239308998,0.24707,0.253908992,0.259950012,0.265850991,0.272783995,0.281592995,0.292782009,0.306246996,0.321357012,0.337469012,0.353626996,0.368923992,0.382806003,0.394739986,0.404385001,0.411648005,0.416720003,0.420150012,0.422553003,0.424201995,0.425325006,0.425996989,0.425940007,0.425042987,0.423501015,0.421543002,0.419263005,0.416810006,0.414171994,0.41149199,0.408813,0.406134993,0.403598994,0.401299,0.399370998,0.397662997,0.396313012,0.395186991,0.394055992,0.393034011,0.392022014,0.391025007,0.390037,0.388915002,0.387625009,0.386070013,0.384227008,0.381891012,0.379211009,0.376385987,0.373497993,0.370728999,0.368081987,0.365626007,0.363424987,0.361371994,0.359622985,0.358090013,0.356839001
BarleyWholePerten0020,Perten_DA7200,barley,Unknown,Sweden,2006,13,14.80000019,0.110174,0.112457,0.115460999,0.119113997,0.123104997,0.127097994,0.130447,0.132798001,0.134081006,0.134434,0.134057999,0.133261994,0.132091999,0.130572006,0.128799006,0.126767993,0.124614999,0.122432999,0.120362997,0.118399002,0.116449997,0.114487998,0.112589002,0.110757001,0.109020002,0.107410997,0.10599,0.104758002,0.103817001,0.103115998,0.102706,0.102562003,0.102790996,0.103533,0.105088003,0.108144999,0.113505997,0.121629,0.131977007,0.143713996,0.156112,0.168307006,0.179516003,0.189200997,0.197301999,0.204401001,0.211009994,0.217008993,0.221953005,0.225412995,0.227399007,0.227974996,0.227022007,0.224358007,0.220300004,0.215673,0.211147994,0.207065001,0.203637004,0.200853005,0.198693007,0.197077006,0.195908994,0.195006996,0.194137007,0.193103999,0.191836998,0.190522999,0.189423993,0.188804001,0.188930005,0.189922005,0.191928998,0.195091993,0.199533001,0.205257997,0.212230995,0.220217004,0.228851005,0.237797007,0.246740997,0.255423993,0.263404995,0.270411998,0.276553005,0.282460004,0.289252996,0.297780991,0.308517993,0.321341991,0.335687012,0.351042986,0.366421014,0.381007999,0.394302011,0.405779004,0.415057987,0.422044992,0.426961988,0.430325002,0.432657003,0.434264004,0.435458988,0.436170012,0.436206996,0.435543001,0.434231997,0.43254,0.430622011,0.428451002,0.426086992,0.423669994,0.421222001,0.418758988,0.416355997,0.414234996,0.412506014,0.410939992,0.409675002,0.408666015,0.407676011,0.406778991,0.405856013,0.404945999,0.404038996,0.403014988,0.401838005,0.400417,0.398649991,0.396358013,0.393772006,0.39100799,0.38824001,0.385598987,0.38300699,0.380611002,0.378396004,0.37639001,0.374597013,0.373044998,0.371621013
BarleyWholePerten0021,Perten_DA7200,barley,Unknown,Sweden,2006,15,15.30000019,0.140062004,0.141454995,0.143391997,0.145630002,0.148099005,0.150482997,0.152384996,0.153577,0.154011995,0.153715,0.152905002,0.151804,0.150393993,0.148734003,0.146860004,0.144792005,0.142625004,0.140469,0.138429999,0.136469007,0.134519994,0.132633999,0.130783007,0.129021004,0.127338007,0.125841007,0.124468997,0.123231001,0.122284003,0.121551,0.121025004,0.120760001,0.120757997,0.121160001,0.122240998,0.124525003,0.128705993,0.135203004,0.143666998,0.153411999,0.163744003,0.173820004,0.182928994,0.190724999,0.197162002,0.202717006,0.207865998,0.212536007,0.216356993,0.219025001,0.220498994,0.220809996,0.219833002,0.217461005,0.213991001,0.21006,0.206260994,0.20284,0.199927002,0.197512999,0.195610002,0.194157004,0.193057001,0.192195997,0.191358,0.190448001,0.189385995,0.188326001,0.187497005,0.187098995,0.187349007,0.188400999,0.190321997,0.193242997,0.197236002,0.202350006,0.208508998,0.215452001,0.222868994,0.230526,0.238112003,0.245495006,0.252330005,0.258367002,0.263687998,0.269039005,0.275552988,0.283885986,0.294467986,0.307271004,0.321630001,0.336968005,0.352418989,0.36708799,0.380376995,0.391808003,0.401024997,0.407923013,0.412723005,0.415935993,0.418065995,0.41940999,0.42028299,0.420657992,0.420314014,0.419167996,0.417320013,0.415102005,0.412589014,0.409868985,0.407011986,0.404103994,0.401178002,0.398303002,0.39557901,0.393121988,0.391018003,0.389156014,0.387618989,0.386316001,0.385022998,0.383845002,0.382663012,0.381484985,0.380259007,0.378957003,0.377508998,0.375887007,0.373939008,0.371477991,0.368752986,0.365938991,0.36303401,0.36026901,0.357616007,0.355167002,0.352836996,0.350827009,0.349038005,0.347503007,0.346053988
BarleyWholePerten0022,Perten_DA7200,barley,Unknown,Sweden,2006,14.30000019,14.39999962,0.103133,0.106259003,0.110122003,0.114439003,0.118911997,0.123306997,0.126965001,0.129547,0.130998999,0.131448999,0.131139994,0.130360007,0.129164994,0.127611995,0.125817001,0.123783998,0.121593997,0.119373001,0.117292002,0.115301997,0.113328002,0.111400999,0.109498002,0.107651003,0.105965003,0.104461998,0.103137001,0.102031998,0.101240002,0.100739002,0.100511,0.100582004,0.10103,0.101988003,0.103771001,0.107123002,0.112912998,0.121560998,0.132553995,0.145041004,0.158095002,0.170699999,0.182038993,0.191683993,0.199645996,0.20657,0.213007003,0.218835995,0.223658994,0.227074996,0.229038999,0.229628995,0.228724003,0.226202995,0.222330004,0.217923001,0.213630006,0.209749997,0.206488997,0.203867003,0.201810002,0.200316995,0.199221999,0.198394001,0.197591007,0.196675003,0.195579007,0.194466993,0.193595007,0.193226993,0.193624005,0.194914997,0.197216004,0.200654998,0.205320001,0.211264998,0.218406007,0.226417005,0.234950006,0.243690997,0.252285987,0.260623992,0.268319994,0.275106013,0.281093001,0.287036985,0.294041008,0.302904993,0.314054996,0.327342987,0.342069,0.357546985,0.372851998,0.387199014,0.400068998,0.41110599,0.420013994,0.426699996,0.431434989,0.434662998,0.436904013,0.438459992,0.439599991,0.44025901,0.440187007,0.439357996,0.437914014,0.436057001,0.433934987,0.431580991,0.429046005,0.426474005,0.423851997,0.421247006,0.418769985,0.416527003,0.414662987,0.412975013,0.411610991,0.410481006,0.409336001,0.408326,0.407283992,0.40624401,0.405198991,0.404109001,0.402913004,0.401439995,0.399652004,0.397395015,0.394836009,0.392147988,0.389414996,0.386788994,0.384281009,0.381962001,0.379788011,0.377876997,0.376127005,0.374603003,0.373295009
BarleyWholePerten0023,Perten_DA7200,barley,Unknown,Sweden,2006,13.89999962,12.30000019,0.139572993,0.141534999,0.144194007,0.147267997,0.150646001,0.154009998,0.156816006,0.158700004,0.159627006,0.159743995,0.159198999,0.158281997,0.156969994,0.155368999,0.153587997,0.151587993,0.149461001,0.147376999,0.145425007,0.143506005,0.141659007,0.139863998,0.138117001,0.136419997,0.134835005,0.133414,0.132137999,0.131001994,0.130135998,0.129539996,0.129176006,0.129035994,0.129212007,0.129825994,0.131161004,0.133798003,0.138459995,0.145625994,0.154981002,0.165871993,0.177487001,0.188869998,0.199218005,0.208097994,0.215487003,0.221963003,0.228049994,0.233631998,0.238337994,0.241740003,0.243754,0.244369,0.243504003,0.241014004,0.237198994,0.232868001,0.228637993,0.224813998,0.221619993,0.219050005,0.217086002,0.215604007,0.214502007,0.213629007,0.212785006,0.211797997,0.210638002,0.209484994,0.208590999,0.208139002,0.208389998,0.209518999,0.211603999,0.214738995,0.219102994,0.224684,0.231443003,0.239096001,0.247315005,0.255766004,0.264164001,0.272320986,0.279852003,0.286466986,0.292326003,0.298105001,0.304906994,0.313477993,0.324322999,0.337291986,0.351751,0.367094994,0.382429987,0.396889001,0.409960985,0.421216011,0.430303007,0.437058002,0.441785008,0.445012987,0.447223008,0.448706001,0.449752986,0.450336009,0.450212985,0.449375987,0.447871,0.446006,0.443883002,0.441531003,0.438988,0.436401993,0.433761001,0.431116998,0.42858699,0.426342011,0.424450994,0.422764003,0.42137599,0.420278013,0.419171989,0.418179005,0.417185009,0.416159987,0.415109992,0.414021999,0.412755013,0.411265999,0.409460008,0.407137007,0.404518992,0.401773989,0.398966998,0.396299988,0.393721014,0.391294003,0.389061004,0.387111008,0.385378987,0.383810014,0.382477999
BarleyWholePerten0024,Perten_DA7200,barley,Unknown,Sweden,2006,15.60000038,12.69999981,0.098573998,0.102355003,0.106812,0.111562997,0.116405003,0.121055,0.124837004,0.127483994,0.128977999,0.129442006,0.129038006,0.12816,0.126835004,0.125115007,0.123152003,0.120949999,0.118615001,0.116255,0.114041001,0.111939997,0.109899998,0.107896,0.105935,0.104102999,0.102398001,0.100890003,0.099610999,0.098554999,0.097842,0.097456001,0.097370997,0.097554997,0.098105997,0.099187002,0.101130001,0.104696997,0.110786997,0.119903997,0.131610006,0.144923002,0.158816993,0.172088996,0.183836997,0.193698004,0.201781005,0.208770007,0.215250999,0.221135005,0.22608,0.229655996,0.231748998,0.232418001,0.231546998,0.228964999,0.225033,0.220584005,0.216233,0.212320998,0.209059,0.206439003,0.204444006,0.202959001,0.201872006,0.201032996,0.200221002,0.199332997,0.198315993,0.197323993,0.196621999,0.196472004,0.197105005,0.198680997,0.201316997,0.205129996,0.210226998,0.216629997,0.224199995,0.232609004,0.241472006,0.250481993,0.259294987,0.267816991,0.275694996,0.282705009,0.288989991,0.295365006,0.303088009,0.312945008,0.325388998,0.340220988,0.356593013,0.37370199,0.390397996,0.405853003,0.419607997,0.431300014,0.440651,0.447638989,0.452551991,0.455862999,0.458104998,0.459616989,0.460667014,0.461156994,0.46084401,0.459728003,0.457845986,0.455545008,0.452944994,0.450143993,0.447174996,0.444148988,0.441145003,0.438176006,0.435314,0.432751,0.430601001,0.428644002,0.427029014,0.425648004,0.424286008,0.423081011,0.421837002,0.420628995,0.41938901,0.418103993,0.416756004,0.415098012,0.413116008,0.410708994,0.408012003,0.405176997,0.402269006,0.399502993,0.396833986,0.394338012,0.392019004,0.389959008,0.388099998,0.386530012,0.385039002
BarleyWholePerten0025,Perten_DA7200,barley,Unknown,Sweden,2006,14.60000038,10.30000019,0.098497003,0.101319999,0.104800001,0.108713999,0.112892002,0.116940998,0.120293997,0.122597002,0.123832002,0.124078997,0.123544999,0.122547999,0.121119998,0.119369999,0.117389001,0.115227997,0.112974003,0.110691004,0.108533002,0.106504999,0.104534999,0.102615997,0.100726999,0.098913997,0.097266004,0.095748,0.094434001,0.093308002,0.092499003,0.091946997,0.091654003,0.091666997,0.091985002,0.092788003,0.094403997,0.097478002,0.102836996,0.110997997,0.121574,0.133738995,0.146583006,0.15896,0.169983,0.179289997,0.186982006,0.193689004,0.199947998,0.205679998,0.210547,0.214067996,0.216169,0.216832995,0.215978995,0.213475004,0.209673002,0.205317006,0.201109007,0.197311997,0.194163993,0.191671997,0.189754993,0.188346997,0.187289,0.186441004,0.185608,0.184661999,0.183592007,0.182542995,0.181739003,0.181419998,0.181821004,0.183117002,0.185402006,0.188795,0.193386003,0.199226007,0.206223995,0.214074999,0.222411007,0.230897993,0.239260003,0.247332007,0.254777014,0.261350989,0.267197013,0.273054004,0.279978007,0.288727999,0.299766004,0.312950999,0.327582002,0.342920989,0.358020991,0.372085005,0.384680003,0.395438999,0.404125989,0.410623997,0.415187001,0.41830799,0.420464993,0.421903998,0.422904015,0.423426986,0.423218012,0.422295004,0.420709997,0.418772996,0.416588992,0.414207012,0.411731005,0.409258008,0.406738997,0.404251009,0.401843995,0.399764001,0.398021013,0.396443993,0.395170003,0.394098014,0.393077999,0.392179996,0.391220987,0.390291005,0.389317006,0.388242006,0.387030006,0.385625988,0.383967996,0.381857008,0.379492998,0.376942009,0.374388009,0.371933997,0.369545996,0.367312014,0.365285009,0.363471001,0.361773014,0.360365987,0.359041005
BarleyWholePerten0026,Perten_DA7200,barley,Unknown,Sweden,2006,11.60000038,13.60000038,0.103349,0.105595,0.108700998,0.112520002,0.116832003,0.121275,0.125012994,0.127580002,0.128979996,0.129433006,0.129099995,0.128307998,0.127119005,0.125568003,0.123745002,0.121714003,0.119528003,0.117344998,0.115275003,0.113302,0.111335002,0.109411001,0.107495002,0.105627,0.103840001,0.102193996,0.100735001,0.099409998,0.098374002,0.097594999,0.097093001,0.096909002,0.097066,0.09781,0.099427998,0.102574997,0.108037002,0.116255999,0.126663998,0.138436005,0.150929004,0.163259,0.174601004,0.184465006,0.192794994,0.200121999,0.206972003,0.213238001,0.218454003,0.222169995,0.224381998,0.225112006,0.224244997,0.221660003,0.217649996,0.213033006,0.208464995,0.204266995,0.200737998,0.197897002,0.195702002,0.194112003,0.192927003,0.191999003,0.191057995,0.189942002,0.188564003,0.187105,0.185827002,0.184985995,0.184924007,0.185735002,0.187564999,0.190556005,0.19483,0.200452,0.207418993,0.215520993,0.224354997,0.233600006,0.242835,0.251805991,0.260071993,0.26730299,0.27353099,0.27936101,0.285914987,0.294147998,0.304652989,0.317286015,0.331604987,0.347195,0.36312601,0.378470004,0.392565012,0.404832989,0.414718002,0.422093004,0.427143991,0.430608004,0.43305099,0.43472299,0.435882986,0.436598003,0.436639994,0.435945004,0.434673011,0.433010995,0.431084007,0.428943992,0.426566988,0.424151987,0.421658009,0.419135988,0.416743994,0.414591998,0.412842006,0.411363989,0.410136014,0.409191996,0.408302009,0.40743801,0.406628996,0.405790001,0.404942989,0.403923005,0.402799994,0.401365995,0.399540991,0.397213996,0.394580007,0.391755998,0.38884601,0.386050999,0.383358985,0.380919993,0.378684014,0.376693994,0.374967992,0.373555005,0.372364998
BarleyWholePerten0027,Perten_DA7200,barley,Unknown,Denmark,0,15.30000019,12.0425024,0.258211315,0.258376777,0.25912112,0.260140628,0.261264563,0.262130112,0.262817234,0.262877643,0.262350947,0.261358529,0.259917676,0.258302778,0.256469101,0.254441738,0.252349943,0.25011158,0.247877717,0.245652884,0.243428543,0.241242006,0.239207283,0.237218335,0.235115066,0.233140975,0.231096014,0.229296461,0.227660611,0.226097763,0.224636897,0.223415539,0.22231929,0.221387148,0.220504656,0.220035389,0.220098898,0.220835432,0.22276938,0.226511732,0.23205629,0.238556311,0.2455827,0.252443552,0.258493125,0.263346672,0.266917348,0.26994127,0.272915423,0.275823116,0.277986407,0.279281884,0.279869169,0.279538661,0.278284431,0.275916785,0.272584468,0.268957079,0.265363246,0.262069345,0.259198248,0.2567451,0.254728019,0.252981663,0.251433045,0.250070185,0.248784229,0.247411341,0.245939285,0.244567856,0.24339065,0.242478445,0.242220089,0.242517546,0.243384168,0.245278597,0.247981563,0.251523256,0.255955517,0.261032343,0.266574681,0.272432059,0.278200358,0.283815354,0.289107561,0.293565959,0.297256202,0.300909728,0.306137383,0.313088357,0.322621405,0.335048378,0.349274427,0.364855409,0.380799621,0.395892918,0.409392834,0.420693517,0.429528028,0.435839444,0.439896315,0.442155421,0.443419933,0.444105655,0.444297016,0.44396019,0.442910671,0.440983743,0.438420862,0.435162157,0.431803316,0.428297848,0.424398452,0.42056492,0.41685465,0.413069725,0.409489989,0.406189412,0.403275132,0.400932074,0.398758471,0.396763265,0.394735754,0.392698497,0.390870303,0.389093548,0.38713181,0.38529712,0.383313209,0.38095966,0.378258467,0.374959439,0.371549934,0.367958039,0.364239276,0.360796154,0.357401758,0.35426119,0.351339132,0.348815978,0.34658432,0.344734639,0.343302369
BarleyWholePerten0028,Perten_DA7200,barley,Unknown,Denmark,0,13.5,11.21387291,0.229743615,0.230547309,0.232274354,0.234430224,0.236880511,0.239304006,0.241317958,0.242219016,0.242404401,0.24181889,0.240640745,0.238973692,0.23712112,0.234956682,0.232652679,0.230267018,0.227658093,0.225136608,0.222694665,0.220252678,0.218056589,0.215897262,0.21360521,0.211348102,0.209161133,0.207299829,0.20555836,0.203914568,0.202534914,0.201407224,0.200455025,0.199721605,0.199186936,0.199157432,0.199913621,0.201613113,0.205080509,0.211117536,0.21955581,0.229227036,0.239710093,0.250045747,0.259241998,0.26687479,0.272861809,0.278084666,0.283197582,0.288144797,0.292013258,0.294590175,0.296093732,0.296196193,0.294783711,0.291871637,0.287727267,0.283076495,0.278483242,0.274376839,0.270947576,0.26806137,0.265831262,0.264001668,0.262415886,0.261093557,0.259808809,0.258408934,0.25676775,0.25521934,0.253919542,0.252999991,0.252931058,0.253582388,0.25500685,0.257701814,0.261576206,0.266592205,0.272729576,0.279790372,0.287457168,0.295467287,0.303554595,0.311376154,0.31856823,0.324663937,0.329624027,0.334399551,0.340668768,0.34864822,0.359259725,0.372669905,0.387829155,0.404150307,0.420752049,0.436494887,0.450668633,0.462574244,0.471934885,0.478809685,0.483387113,0.486083567,0.487697035,0.488738835,0.489291728,0.489447147,0.488908172,0.48752135,0.485443652,0.482826471,0.480101764,0.477145672,0.473758906,0.470341295,0.466951817,0.463607103,0.460501522,0.457593739,0.455136389,0.453152746,0.451391637,0.449848831,0.448181719,0.44650498,0.445093542,0.443724722,0.442140728,0.440594941,0.438995957,0.436757207,0.434331507,0.431272984,0.42802605,0.424422115,0.420714319,0.417258591,0.413714141,0.41072315,0.407796651,0.405000329,0.402770937,0.401016891,0.399472207
BarleyWholePerten0029,Perten_DA7200,barley,Unknown,Croatia,0,9.930000305,12.07949352,0.107855365,0.10911306,0.111012742,0.1134452,0.116088606,0.118801102,0.121002883,0.122312106,0.122885183,0.122725382,0.121958002,0.120896086,0.119660065,0.118160576,0.116419919,0.114471428,0.112405337,0.110377148,0.108420357,0.106541291,0.10480243,0.103129573,0.101412237,0.099629074,0.097929806,0.096435808,0.095038727,0.093744643,0.092621878,0.091746911,0.091180079,0.090876348,0.090753131,0.090961359,0.09184324,0.093924254,0.097760089,0.103681967,0.11152143,0.120760113,0.130755648,0.140696332,0.149886712,0.15791215,0.164686084,0.170599699,0.176223427,0.181507453,0.185890287,0.188898593,0.190611482,0.19105196,0.190063402,0.187642247,0.183978394,0.179694325,0.175534219,0.171853095,0.168679148,0.166143537,0.164210737,0.16273652,0.161573976,0.16060321,0.159754291,0.15887703,0.157701224,0.156406134,0.155358821,0.15468061,0.154621184,0.155323863,0.156892866,0.159502536,0.163248301,0.168138132,0.174186423,0.181128576,0.188776806,0.196880549,0.205117941,0.213200748,0.220610008,0.227050722,0.232601002,0.238021523,0.244325399,0.252445638,0.263143629,0.276480854,0.291790903,0.308695018,0.326065421,0.34251377,0.357508689,0.370370626,0.380735546,0.388231486,0.393548578,0.397317857,0.399653912,0.400919169,0.401702225,0.402399868,0.402240425,0.401206136,0.39940849,0.397049248,0.394428015,0.391810775,0.389157921,0.386347115,0.383370608,0.380197197,0.377473861,0.374795735,0.372317612,0.370414287,0.369051665,0.367823869,0.366437256,0.365092218,0.363491476,0.362127245,0.360796869,0.35933882,0.357759476,0.355907112,0.353503704,0.35033223,0.346996248,0.34350881,0.340141177,0.336727619,0.333329231,0.330253094,0.327315718,0.32465604,0.322340936,0.320527583,0.318590969
BarleyWholePerten0030,Perten_DA7200,barley,Unknown,Croatia,0,10.22000027,13.2100687,0.108008824,0.109829038,0.112260081,0.115218937,0.118362106,0.121460281,0.124015555,0.125628457,0.126416609,0.126438856,0.125803292,0.124835357,0.123658627,0.122155517,0.120370328,0.118382774,0.116272666,0.11418619,0.112194412,0.110291302,0.108509548,0.106777392,0.105004899,0.103190862,0.101488277,0.100012638,0.098630548,0.097370036,0.096349932,0.095610991,0.095171422,0.09500102,0.095032528,0.095433421,0.096561663,0.098966464,0.103277393,0.109886959,0.118572518,0.128729209,0.139582187,0.150203824,0.159911886,0.168304309,0.175308302,0.181361571,0.187074885,0.192398235,0.196797252,0.199820235,0.2015194,0.201963961,0.20100002,0.198600948,0.194982454,0.190738291,0.186635554,0.183038175,0.179923683,0.177431345,0.175546393,0.174127311,0.173023596,0.172115341,0.171331793,0.170534432,0.169452131,0.168261752,0.167337671,0.166807637,0.166914806,0.167819962,0.169655025,0.17254664,0.176565826,0.181742623,0.18808043,0.195255399,0.203045666,0.211182445,0.219309077,0.227183119,0.234390467,0.240696475,0.246207222,0.251665473,0.257973939,0.266042262,0.27663821,0.289681613,0.304382235,0.32037887,0.336637467,0.35185051,0.365590483,0.37727201,0.386620402,0.393351466,0.398118138,0.401493013,0.403563768,0.404668987,0.405359924,0.405955017,0.405697107,0.404652149,0.402912706,0.400621176,0.398125678,0.395732075,0.393347591,0.390757918,0.387929946,0.384906918,0.382357806,0.379860371,0.377522677,0.37573275,0.374510616,0.373392612,0.372062206,0.370758832,0.369224101,0.36794129,0.366714031,0.365414709,0.363985598,0.362284988,0.360082835,0.357139498,0.354043096,0.350835711,0.347814739,0.344770491,0.341754377,0.339034557,0.336345434,0.333832979,0.331694245,0.330076903,0.328188688
BarleyWholePerten0031,Perten_DA7200,barley,Unknown,Croatia,0,10.81999969,11.57210064,0.098244011,0.100174002,0.102665305,0.105619803,0.108741567,0.111804768,0.114328705,0.115958564,0.116774328,0.116811872,0.116192475,0.115208149,0.113977283,0.112444989,0.110663891,0.108661547,0.106533878,0.104461432,0.102473408,0.100560784,0.098784223,0.09707123,0.09534955,0.093589589,0.091881886,0.09037739,0.089009181,0.087782562,0.086789995,0.086070932,0.085614935,0.08540158,0.085406832,0.085782453,0.08686322,0.089218222,0.093465276,0.09995272,0.108489633,0.118534416,0.129318714,0.139865369,0.149434283,0.157620102,0.164394289,0.170263588,0.175850675,0.18107295,0.185421139,0.18846859,0.19023931,0.190777361,0.189921394,0.187636614,0.184121236,0.179973498,0.175953031,0.172411025,0.16935122,0.166904315,0.165040985,0.16363278,0.162512884,0.161570489,0.160763785,0.159950033,0.158878937,0.157718316,0.156821638,0.156327859,0.156467944,0.157387942,0.159222722,0.162086263,0.166063353,0.17121686,0.177511334,0.184626132,0.192378789,0.200498998,0.208633304,0.216543928,0.223812982,0.230172589,0.235694736,0.241172373,0.247620344,0.255996853,0.267093331,0.280887425,0.296620399,0.313855052,0.331415802,0.347922802,0.362888932,0.375642061,0.385861129,0.393252641,0.39850241,0.402202368,0.404426664,0.405588448,0.406311542,0.406917214,0.4065938,0.405343562,0.4032965,0.400630921,0.397734046,0.394935429,0.392124295,0.389115006,0.385900974,0.382518649,0.37961477,0.376761138,0.374123693,0.372094423,0.370647252,0.369346857,0.367880136,0.366435647,0.364735514,0.363286793,0.361896873,0.360444725,0.358841658,0.35692516,0.354516625,0.351368874,0.348033279,0.344549656,0.341252118,0.337927818,0.334641427,0.331718445,0.328831285,0.326136798,0.323933125,0.322290003,0.32032159
BarleyWholePerten0032,Perten_DA7200,barley,Unknown,Croatia,0,11.48999977,13.15105629,0.094216108,0.095439225,0.09716513,0.099322163,0.101675086,0.104010798,0.105893895,0.106995851,0.107400104,0.107142173,0.106285654,0.105118737,0.103750855,0.102064036,0.100106292,0.09796644,0.095734313,0.093539178,0.091444269,0.089455061,0.08758644,0.085765116,0.083949491,0.082138836,0.080402955,0.078869343,0.07750047,0.076290213,0.075310238,0.074604251,0.074175373,0.073994167,0.074019685,0.074431241,0.075581104,0.077988461,0.082251161,0.088751733,0.097269423,0.107224837,0.117884778,0.128340602,0.137866974,0.146029502,0.152795106,0.158634454,0.16414392,0.169281215,0.17355068,0.176531926,0.178256348,0.178801894,0.17802766,0.175876528,0.172535449,0.16857107,0.164736286,0.161377877,0.158464909,0.156118304,0.154326245,0.152988732,0.151964888,0.151125699,0.150419697,0.149703801,0.148741424,0.147710964,0.146939337,0.14657113,0.146858752,0.147937134,0.149910733,0.152914792,0.157029197,0.162266687,0.16860199,0.175729498,0.183415383,0.191377625,0.199317575,0.207018733,0.214073211,0.22026208,0.225677773,0.231063813,0.237400532,0.245593414,0.256357431,0.26956895,0.284392774,0.300425947,0.316642553,0.331804305,0.345487386,0.357155472,0.366551399,0.373396367,0.378369838,0.38195163,0.384149998,0.385389566,0.386235118,0.386926472,0.386728197,0.38566798,0.383861095,0.381505907,0.378946841,0.376446068,0.373928607,0.371211857,0.368215919,0.36504975,0.362356633,0.359673649,0.357183099,0.35525611,0.35385111,0.352575272,0.351160169,0.34975937,0.34811163,0.346734226,0.345436573,0.344121099,0.342676938,0.340925902,0.338752002,0.335923076,0.33290413,0.329771072,0.326868117,0.323875576,0.320877075,0.318213046,0.315508485,0.312958151,0.310906768,0.309436917,0.307665438
BarleyWholePerten0033,Perten_DA7200,barley,Unknown,Croatia,0,11.27999973,11.84625816,0.083493561,0.085248746,0.087599762,0.090453237,0.093452208,0.096407004,0.098726064,0.100100353,0.100681447,0.100470439,0.099672392,0.098618798,0.097413927,0.095988393,0.094382882,0.092599556,0.090669721,0.08874765,0.086929128,0.085199766,0.083579034,0.082046293,0.080494404,0.078850798,0.077270031,0.075933352,0.074753732,0.073668584,0.072723188,0.072046354,0.071704619,0.071635701,0.071778022,0.072269507,0.073413655,0.075706273,0.079756856,0.085941702,0.094062053,0.103598855,0.113801956,0.123756401,0.132796764,0.140504167,0.146838933,0.152347371,0.157636121,0.162613422,0.166781724,0.169688642,0.171377182,0.171892345,0.171075359,0.168909013,0.165554613,0.161625713,0.157819003,0.154427022,0.151504606,0.149156123,0.147379071,0.146063492,0.14500767,0.14414832,0.143446446,0.142725468,0.141757801,0.140690938,0.139895305,0.139507562,0.139680281,0.14060244,0.142442495,0.145283625,0.149198487,0.154206321,0.160291255,0.167211652,0.174756452,0.182666883,0.190687597,0.19855465,0.205755398,0.21199058,0.217343003,0.222710908,0.229230285,0.237641975,0.248512954,0.261977524,0.277349711,0.294035047,0.310867488,0.326616883,0.34083581,0.352843285,0.36237666,0.369218439,0.373989463,0.377241612,0.379186988,0.380251139,0.380859792,0.381336004,0.381002992,0.379771024,0.377731651,0.375196278,0.37248522,0.369754881,0.366968334,0.364069521,0.361050338,0.357833982,0.355087876,0.35247761,0.350031316,0.348057598,0.346591204,0.345318019,0.343900621,0.342493713,0.340880066,0.339537531,0.33823216,0.336759985,0.335124672,0.333261013,0.330992997,0.328023076,0.324850202,0.321551442,0.318425328,0.315208137,0.311933637,0.309007317,0.306203127,0.303710014,0.301589847,0.299912781,0.298220813
BarleyWholePerten0034,Perten_DA7200,barley,Unknown,Croatia,0,8.220000267,15.31924248,0.10598173,0.106616102,0.107963383,0.110013887,0.112484969,0.115201347,0.117323011,0.118512742,0.118983083,0.118638784,0.117669165,0.116394468,0.114968143,0.113383606,0.111625671,0.109668098,0.107598983,0.10557808,0.10364306,0.101752937,0.099937677,0.09816806,0.096355923,0.094486237,0.092707276,0.091146298,0.089737833,0.088439524,0.087268934,0.086295672,0.085618362,0.085277505,0.085198589,0.085523389,0.086550832,0.088784687,0.092852972,0.099058472,0.107092857,0.116368011,0.126253083,0.136074886,0.145273462,0.153389216,0.160239786,0.166223407,0.171956524,0.177294076,0.181626916,0.184533596,0.186173782,0.186661512,0.185796395,0.183541685,0.180050001,0.175881714,0.171819046,0.168204382,0.165023938,0.16240868,0.160388827,0.158909336,0.157788694,0.156900555,0.156149522,0.155315131,0.154150173,0.152815834,0.15169026,0.150936082,0.150773123,0.151376694,0.152870223,0.155389652,0.159035459,0.163847685,0.169880152,0.176882818,0.18464908,0.192935318,0.20144546,0.209800497,0.217391849,0.223895088,0.229323253,0.234502301,0.240488619,0.248035401,0.257789165,0.269873202,0.283699065,0.299011439,0.314864337,0.329997391,0.343928665,0.355902493,0.365494937,0.372356534,0.377185494,0.380600154,0.38267082,0.383803368,0.384568542,0.385306239,0.385255873,0.384393036,0.382855117,0.380838275,0.378594935,0.376356065,0.374027222,0.371457994,0.368743658,0.365845144,0.363358349,0.36090225,0.358649075,0.356946558,0.35566479,0.354534864,0.353329659,0.352179229,0.350731343,0.349499643,0.348436981,0.347274989,0.345872372,0.344127387,0.34192431,0.33909139,0.336073935,0.332818925,0.32965523,0.326462418,0.323319495,0.320618004,0.318157733,0.315941393,0.313898146,0.312315941,0.310936183
BarleyWholePerten0035,Perten_DA7200,barley,Unknown,Croatia,0,14.72999954,8.865955353,0.071967088,0.073350802,0.075538121,0.077962756,0.0804592,0.082822122,0.084750943,0.085953578,0.086347811,0.086009324,0.085087434,0.083854243,0.082375556,0.080640815,0.078694724,0.076718152,0.07468684,0.072630554,0.070708245,0.068902522,0.067227192,0.065498151,0.063860036,0.062226899,0.060689107,0.059400536,0.05826674,0.057306461,0.056561329,0.056048539,0.055756591,0.055617813,0.055691905,0.056170423,0.057195105,0.059277482,0.063101575,0.069189645,0.077359766,0.087026715,0.097486459,0.107712701,0.116570674,0.124010176,0.130228326,0.135451764,0.140501767,0.145313874,0.1494506,0.152417272,0.154138371,0.154667705,0.153934702,0.151690215,0.14822197,0.144293368,0.14056024,0.13725172,0.134437263,0.132244825,0.130558044,0.129262343,0.128224358,0.1274364,0.126749203,0.125968084,0.125037149,0.124177754,0.123602435,0.123472266,0.123983257,0.125224546,0.127346382,0.130427882,0.134589836,0.139943913,0.146365389,0.153574288,0.161318943,0.169311285,0.177192807,0.184862271,0.192154646,0.198716492,0.204462037,0.210215256,0.217623353,0.227730304,0.241192445,0.257988781,0.277166605,0.297814429,0.318612397,0.338112116,0.355592042,0.370357394,0.382199645,0.390996039,0.397102326,0.401192337,0.403729945,0.405332595,0.406381369,0.406864137,0.406250775,0.404551804,0.401963443,0.39863795,0.395058304,0.39127472,0.387411356,0.383416981,0.379380673,0.375326097,0.371464372,0.367967993,0.364955306,0.362392664,0.360245764,0.358178496,0.356176049,0.35429278,0.352397621,0.350491196,0.348516822,0.346624136,0.344584823,0.342128426,0.339130729,0.335532576,0.331644088,0.327612221,0.323641717,0.319720745,0.315965861,0.312448531,0.309198558,0.306272328,0.303639084,0.301529914,0.299983978
BarleyWholePerten0036,Perten_DA7200,barley,Unknown,Croatia,0,8.460000038,10.76032352,0.061781928,0.06335891,0.065952852,0.06924022,0.07316222,0.077268459,0.080780044,0.083198048,0.084555253,0.084948897,0.084627792,0.083878279,0.082772419,0.081359245,0.079745926,0.077966742,0.076039799,0.074104525,0.072302282,0.070578262,0.068935461,0.067307577,0.065635912,0.063941874,0.062343612,0.060899969,0.059622366,0.058537871,0.057631541,0.056930739,0.05649063,0.056251373,0.056267735,0.056776337,0.058002275,0.06044203,0.064896986,0.071812227,0.080794208,0.091154479,0.102335185,0.113552973,0.123722397,0.132593647,0.140241206,0.146777943,0.153083324,0.159026742,0.164091125,0.167705149,0.169846267,0.170625627,0.169959709,0.167680055,0.164009258,0.159711525,0.155544058,0.151809573,0.148640826,0.146174222,0.144348636,0.14301382,0.142007917,0.141236067,0.140494242,0.139548183,0.13828288,0.136941239,0.135751829,0.135010541,0.134917706,0.135556981,0.137121454,0.139696404,0.143451929,0.148481041,0.154768884,0.162080586,0.170160681,0.178760037,0.187368229,0.195788279,0.203637213,0.210367158,0.215919659,0.220850334,0.226493031,0.233792499,0.243512467,0.255617738,0.26958102,0.285201311,0.301405042,0.317173064,0.33191824,0.344597191,0.35485962,0.362429142,0.367630512,0.37113443,0.37338087,0.374886572,0.376021266,0.376735717,0.376635969,0.375889361,0.374455243,0.372599781,0.370545864,0.36829555,0.366038442,0.363506466,0.360954016,0.358246863,0.355623245,0.353186607,0.351222247,0.349647611,0.348446816,0.347352982,0.346258104,0.345265806,0.344202638,0.34312886,0.342015594,0.340913266,0.339648813,0.337961465,0.33586213,0.333049178,0.330066323,0.326912791,0.323736966,0.320686042,0.317692757,0.314886928,0.312317818,0.310079545,0.308038861,0.306379676,0.30524382
BarleyWholePerten0037,Perten_DA7200,barley,Unknown,Croatia,0,9.390000343,12.04061317,0.072630458,0.074075788,0.076503575,0.079506628,0.08300741,0.086550504,0.089576379,0.091705054,0.09276364,0.09302818,0.092642397,0.091825888,0.090722375,0.089284472,0.087638296,0.085777812,0.083825797,0.081873342,0.079980165,0.078244269,0.07652396,0.074852295,0.073153876,0.071459971,0.06981314,0.068311326,0.067029804,0.065898597,0.064989701,0.064298406,0.063867912,0.063644148,0.063657127,0.064120427,0.065228254,0.067517065,0.071845226,0.078568213,0.087355845,0.097495988,0.108393118,0.119314551,0.129198641,0.137849003,0.145262539,0.151582316,0.157642007,0.163299739,0.168073162,0.171408027,0.173319876,0.173895389,0.173120365,0.170755044,0.16703862,0.162815273,0.158694431,0.155039489,0.151992574,0.149589986,0.147816509,0.146494478,0.14552699,0.144781694,0.144099027,0.143259257,0.142075747,0.14085938,0.139795095,0.139176235,0.139212191,0.139977679,0.141690061,0.144355297,0.148200482,0.153251663,0.159515426,0.166796327,0.174694479,0.183086619,0.191508934,0.19972299,0.207344025,0.21391964,0.219492555,0.224579975,0.230465457,0.238134116,0.248296008,0.260904223,0.275385916,0.291415006,0.307887107,0.323823512,0.338500738,0.351068139,0.361261219,0.368808866,0.373964876,0.377458036,0.379740924,0.381296724,0.382359862,0.383031637,0.382851183,0.382032514,0.380527139,0.378585368,0.376520842,0.374225527,0.371803969,0.369157732,0.366532207,0.363701165,0.361080796,0.358703196,0.356740534,0.355119497,0.353812665,0.352589995,0.351326495,0.350242645,0.349103659,0.347917974,0.346788377,0.345655292,0.344311744,0.342571557,0.340415716,0.3376396,0.334615916,0.331437588,0.328234673,0.325243086,0.32224825,0.319444686,0.316863716,0.314474791,0.312383682,0.310746163,0.30948168
BarleyWholePerten0038,Perten_DA7200,barley,Unknown,Croatia,0,10.40999985,12.35628986,0.073394612,0.074974276,0.077442415,0.080507219,0.083929464,0.087348588,0.090312794,0.092400402,0.093521662,0.093774878,0.093358882,0.092550412,0.09139666,0.090011716,0.088387221,0.086592086,0.084703371,0.082767032,0.080950961,0.079246573,0.077529423,0.075841293,0.074161805,0.072480932,0.070884042,0.069508851,0.068292722,0.067237884,0.066434935,0.06583751,0.065462619,0.065298826,0.065380968,0.065975323,0.067202486,0.069620885,0.074058563,0.080855861,0.089709893,0.099891923,0.110840872,0.121743888,0.1315258,0.140034363,0.147302896,0.153417885,0.159258708,0.164719224,0.169254601,0.172421634,0.174300686,0.174892724,0.174137026,0.171885163,0.168315575,0.164259166,0.160343379,0.156908408,0.154025331,0.151747003,0.150042221,0.148789227,0.147863776,0.147176266,0.146550864,0.145754129,0.144684672,0.143559456,0.142615423,0.142134681,0.14234829,0.143233866,0.145012379,0.147807658,0.151708826,0.156746343,0.162858114,0.169941917,0.177606389,0.185565352,0.193509117,0.20123513,0.208439022,0.214700818,0.219973654,0.224815175,0.23054561,0.238010272,0.247876138,0.26015681,0.274120331,0.289395183,0.30493328,0.319806457,0.333459765,0.345315188,0.354927629,0.362182945,0.367284417,0.370687991,0.3729541,0.37449038,0.375515521,0.376214117,0.37609154,0.375202775,0.373713553,0.37179637,0.369609028,0.367247999,0.364789993,0.362150908,0.359401703,0.356586337,0.353914142,0.351491451,0.349487662,0.347839892,0.346492261,0.345218867,0.343941003,0.342734158,0.341528922,0.340311736,0.33919844,0.338021934,0.336653233,0.33501026,0.332897008,0.330239534,0.327359408,0.324344784,0.321406037,0.318460852,0.31547913,0.31284377,0.310329765,0.308097363,0.306084186,0.304433405,0.303224653
BarleyWholePerten0039,Perten_DA7200,barley,Unknown,Croatia,0,10.61999989,13.05661201,0.153206959,0.153752402,0.155051991,0.156617314,0.158312872,0.160154671,0.16164279,0.162346304,0.16236119,0.161811665,0.160881192,0.159532324,0.158041984,0.156376928,0.15450196,0.152461141,0.150420159,0.148385242,0.146432415,0.144615859,0.142792419,0.14096573,0.139205843,0.137383252,0.135672718,0.134156644,0.132806793,0.131606132,0.130610064,0.129879683,0.12930496,0.128944024,0.128873721,0.129292935,0.13019976,0.131965041,0.13520819,0.140388131,0.147257879,0.15532437,0.16404821,0.172653616,0.180552647,0.187196985,0.192683369,0.197419927,0.201919526,0.206177011,0.209724337,0.212152287,0.213537917,0.213823915,0.21310243,0.211013973,0.207830399,0.20417726,0.200553164,0.197344735,0.194586173,0.192326859,0.190535992,0.189150646,0.188095242,0.187313378,0.186530873,0.185527235,0.184397861,0.183247715,0.182293043,0.181698337,0.181732103,0.182401866,0.183872476,0.186237007,0.189590603,0.194029868,0.19945541,0.20576787,0.21260801,0.21973969,0.226827145,0.233768135,0.240184903,0.24577035,0.250519425,0.254999518,0.260452032,0.267797768,0.277462453,0.2894198,0.303157508,0.318130434,0.333325923,0.347717911,0.360811502,0.371950656,0.380861044,0.387463808,0.391823113,0.394623578,0.396455258,0.397642344,0.398288488,0.398511261,0.398125917,0.396986425,0.395220488,0.39299795,0.390592992,0.388056904,0.385312408,0.382344127,0.379284918,0.376171112,0.373320043,0.370727122,0.368422866,0.366473049,0.364849299,0.3635014,0.362024456,0.360563248,0.359095097,0.357665896,0.356280536,0.354902029,0.353340566,0.351479381,0.349222541,0.346529126,0.343522608,0.340240151,0.337015331,0.333836764,0.330803275,0.328013033,0.325392634,0.322959125,0.320835918,0.319142252,0.318087757
BarleyWholePerten0040,Perten_DA7200,barley,Unknown,Croatia,0,12.57999992,10.92427349,0.134597674,0.136011884,0.138201147,0.140709356,0.143444881,0.146255046,0.148620442,0.150033802,0.150601685,0.150413334,0.149665892,0.148454368,0.146953553,0.145229653,0.143281922,0.141158909,0.138986364,0.136797532,0.134630114,0.132548869,0.130563498,0.12863496,0.126657084,0.124784872,0.123042084,0.121427722,0.119963735,0.118674837,0.117671922,0.116826341,0.116196252,0.115846425,0.115727112,0.116008543,0.11689233,0.118957385,0.122849584,0.129110754,0.137359038,0.14700374,0.15740265,0.167546243,0.176614747,0.184169576,0.19032307,0.195631892,0.200719342,0.205406755,0.209250271,0.211810768,0.213132322,0.213184178,0.211906046,0.209200993,0.205243379,0.200846478,0.196731255,0.193050996,0.189983502,0.187454239,0.185481563,0.183925748,0.182699859,0.181623519,0.180590883,0.179429561,0.178142637,0.176814795,0.17574212,0.175054595,0.175078496,0.175844714,0.177528247,0.180184692,0.183925524,0.188779011,0.194757775,0.201484859,0.20883216,0.21637772,0.223903582,0.231168658,0.23798345,0.243894503,0.248966143,0.253866673,0.260007799,0.268247396,0.279289037,0.29303512,0.30867514,0.325568467,0.342638284,0.358701021,0.373238653,0.385518044,0.395419329,0.402673274,0.407605469,0.410726845,0.41265294,0.413816303,0.414543837,0.414698631,0.414000094,0.412562788,0.41034615,0.40774402,0.404785752,0.401561707,0.398202509,0.394819588,0.391343921,0.387942821,0.384610474,0.381638587,0.378980041,0.376728267,0.374764174,0.373020291,0.371246874,0.369506836,0.367811501,0.366289705,0.364568472,0.362842083,0.360924095,0.358724326,0.356010705,0.352952451,0.349665672,0.346206307,0.342720687,0.339370281,0.336136788,0.333241135,0.330478132,0.327916026,0.325620741,0.323750228,0.322592586
BarleyWholePerten0041,Perten_DA7200,barley,Unknown,Croatia,0,13.75,13.40289879,0.223724484,0.223792359,0.224408507,0.225299463,0.226241171,0.227075994,0.227783948,0.227957144,0.227543011,0.226647392,0.225448147,0.22392273,0.222314313,0.22050795,0.218554378,0.216502622,0.214354739,0.212187573,0.210059941,0.207974419,0.205942437,0.203966081,0.201935679,0.19999671,0.198111966,0.196342588,0.194617644,0.193053961,0.191649333,0.19032909,0.189135566,0.188129827,0.187264726,0.186627507,0.186399207,0.186920762,0.188685313,0.192041352,0.196870446,0.202790991,0.209496826,0.216128618,0.222154141,0.22718145,0.231173694,0.234597594,0.23785986,0.240927026,0.243331492,0.244691789,0.245078132,0.244467214,0.242855117,0.240065709,0.236250117,0.232093856,0.228127956,0.224539444,0.221460387,0.218833789,0.216608778,0.214766055,0.213190779,0.21176824,0.210387901,0.208898217,0.207337037,0.205701917,0.204344854,0.203273058,0.202799439,0.202950984,0.203867391,0.20560573,0.208180428,0.211750954,0.216269583,0.221506938,0.227259219,0.233264491,0.239331901,0.245289132,0.250885397,0.25576219,0.259893686,0.2639516,0.269372076,0.276806742,0.286888212,0.299556792,0.314046294,0.329714119,0.345498085,0.360366255,0.373698652,0.384983569,0.394030154,0.400677055,0.405194372,0.408003449,0.409682453,0.410682142,0.41123277,0.4111453,0.410331011,0.408748508,0.406393319,0.40365389,0.400586397,0.397269458,0.39380151,0.390360683,0.386821866,0.383218437,0.379797667,0.376668632,0.373872459,0.371520668,0.369356901,0.367417902,0.365499079,0.363566428,0.36168766,0.359843999,0.358038455,0.356224269,0.354251981,0.35190779,0.349182785,0.346073121,0.342712522,0.339219272,0.335729331,0.332391381,0.329121709,0.326146334,0.323265076,0.320714057,0.318361521,0.316454321,0.315061361
BarleyWholePerten0042,Perten_DA7200,barley,Unknown,Croatia,0,12.02000046,14.06001377,0.107318781,0.108612016,0.110755727,0.113309965,0.116174005,0.1189624,0.121301882,0.122708537,0.123277456,0.12307252,0.122350395,0.121302307,0.119924083,0.118396603,0.116586305,0.114682891,0.112685844,0.11066927,0.10874024,0.106833272,0.105042383,0.103332698,0.101623543,0.099897839,0.098308154,0.09682928,0.095486105,0.094352655,0.093441002,0.092796221,0.092356265,0.092143498,0.092165627,0.09266901,0.093757823,0.096064992,0.100195348,0.106537379,0.114696354,0.123955838,0.133869961,0.143513516,0.152135193,0.159320876,0.165168211,0.170186833,0.175002605,0.179504618,0.183175042,0.185638949,0.186941609,0.187120587,0.186149478,0.183822706,0.180330873,0.176412329,0.172607213,0.169205189,0.166367516,0.164019316,0.162092418,0.160638347,0.159509614,0.158621848,0.157776028,0.156834856,0.155637145,0.154374898,0.15331994,0.152716667,0.152706385,0.153406099,0.154946357,0.157353386,0.160743535,0.165215522,0.170710549,0.177065417,0.184038103,0.191328868,0.198572516,0.205589235,0.21221906,0.217871994,0.222610563,0.226942182,0.232307896,0.239483476,0.248875782,0.260650545,0.273939431,0.288310081,0.302942246,0.31682992,0.329490989,0.340263754,0.348908782,0.355217367,0.359399706,0.362054825,0.363615453,0.364613384,0.365253478,0.365469456,0.364943713,0.363734603,0.361853212,0.359645039,0.357174337,0.354486466,0.351655066,0.348718673,0.345690161,0.34258768,0.33969146,0.337014288,0.334703803,0.332775831,0.331020355,0.329433322,0.327767372,0.326319963,0.324824393,0.323394328,0.32203877,0.320657641,0.319100112,0.317210287,0.314884305,0.312190265,0.309244216,0.306149393,0.303014755,0.299985975,0.297129393,0.294418871,0.291997612,0.289747685,0.287874639,0.286372542,0.2853311
BarleyWholePerten0043,Perten_DA7200,barley,Unknown,Sweden,2011,21,10.5,0.177540004,0.179859996,0.182888001,0.185858995,0.188556999,0.190917,0.192681,0.193504006,0.193433002,0.192675993,0.191256002,0.189357996,0.187142,0.184671,0.182037994,0.179233998,0.176366001,0.173556,0.170826003,0.168182001,0.165656999,0.163331002,0.161065996,0.158853993,0.156861007,0.155157998,0.153661996,0.152429998,0.151445001,0.150773004,0.150411993,0.150255993,0.150327995,0.150683999,0.151773006,0.154143006,0.158712,0.166298002,0.176700994,0.188898996,0.201532006,0.213275999,0.223215997,0.231128007,0.237373993,0.242660999,0.247715995,0.252505988,0.256471992,0.259205014,0.260558009,0.260538012,0.25910899,0.25613901,0.252030999,0.247543007,0.243258998,0.239454001,0.236284003,0.233651996,0.231576994,0.229936004,0.228557006,0.227442995,0.226484001,0.225492001,0.224471003,0.223551005,0.223003998,0.223057002,0.223927006,0.225711003,0.228520006,0.232422993,0.237525001,0.243781999,0.251067996,0.259070009,0.267441988,0.275839001,0.283841997,0.291471005,0.298655003,0.305141002,0.311215997,0.317891985,0.326972991,0.339194,0.355165988,0.374767005,0.396153003,0.417865008,0.438493013,0.456896991,0.472667992,0.485695988,0.495898008,0.503413975,0.508418977,0.511489987,0.513298988,0.514209986,0.51454097,0.514194012,0.51277101,0.510110974,0.506568015,0.502479017,0.498124987,0.493542999,0.488891006,0.484171003,0.479438007,0.474848002,0.470431,0.466392011,0.462826014,0.459526986,0.456555009,0.453871995,0.451223999,0.448617011,0.446009994,0.443529993,0.441141009,0.438748002,0.436363995,0.433679998,0.430534005,0.427109003,0.423438996,0.419593006,0.415749997,0.412007988,0.408374995,0.404875994,0.401526004,0.398523986,0.395774007,0.393516004,0.391770005
BarleyWholePerten0044,Perten_DA7200,barley,Unknown,Sweden,2011,25.5,10.10000038,0.159783006,0.163679004,0.168155998,0.172077,0.175335005,0.178044006,0.180025995,0.180926994,0.180777997,0.179795995,0.178108007,0.175885007,0.173339993,0.170548007,0.167567998,0.164398998,0.161160007,0.157988995,0.154964998,0.152079999,0.149375007,0.146872997,0.144523993,0.142298996,0.140374005,0.138803005,0.137529001,0.136583,0.135998994,0.135802999,0.135956004,0.136340007,0.136962995,0.137925997,0.139695004,0.142947003,0.148801997,0.158246994,0.170978993,0.185597003,0.200284004,0.213410005,0.224124998,0.232464001,0.238950998,0.244397998,0.249586999,0.254559994,0.258753985,0.261658996,0.263134986,0.263177007,0.261765987,0.258823007,0.254702985,0.250209004,0.245959997,0.242183998,0.239040002,0.236423001,0.234358996,0.232750997,0.231435999,0.230403006,0.229591996,0.228836998,0.228174001,0.227746993,0.227813005,0.228579998,0.230231002,0.232875004,0.236644998,0.241630003,0.247869,0.255295992,0.26375401,0.272855014,0.282209009,0.291390002,0.300089002,0.308297992,0.316096991,0.323363006,0.330545992,0.338871986,0.350515008,0.366209,0.386382997,0.410423994,0.435862005,0.460844994,0.483900994,0.503929019,0.520815015,0.534568012,0.545310974,0.55321002,0.558483005,0.561744988,0.563624024,0.564553022,0.564792991,0.564089,0.562116981,0.558790028,0.554499984,0.549584985,0.54430002,0.538802028,0.53322202,0.527615011,0.521993995,0.516471028,0.511138022,0.50623399,0.501856983,0.497727007,0.493928999,0.490458012,0.487060994,0.483783007,0.480563015,0.477503985,0.474555999,0.47161901,0.468686014,0.465496004,0.46192199,0.458081991,0.453956991,0.449741989,0.445535988,0.441426992,0.437440991,0.433625013,0.429996997,0.426699013,0.423646987,0.421074003,0.419140011
BarleyWholePerten0045,Perten_DA7200,barley,Unknown,Sweden,2011,25,8.5,0.192217007,0.194275007,0.196797997,0.198957995,0.200708002,0.202105001,0.202975005,0.203090996,0.202467993,0.201287001,0.199598,0.197543994,0.195247993,0.192760006,0.190110996,0.187397003,0.184645996,0.181978002,0.179394007,0.176916003,0.174524993,0.172325999,0.170247003,0.168215007,0.166371003,0.164772004,0.163366005,0.162184,0.161247,0.160558999,0.160101995,0.159811005,0.159693003,0.159802005,0.160492003,0.162223995,0.165770993,0.171954006,0.180684999,0.191071004,0.201730996,0.211406007,0.219322994,0.225390002,0.230005994,0.233842999,0.237566993,0.241189003,0.244242996,0.246307001,0.247250006,0.247040004,0.245623007,0.242908001,0.239178002,0.235112995,0.231249005,0.227807999,0.224888995,0.222421005,0.220394999,0.218742997,0.217336997,0.216159001,0.215112999,0.214101002,0.213179007,0.212465003,0.212125003,0.212357,0.213340998,0.215123996,0.217805997,0.221484006,0.226216003,0.231961995,0.238624007,0.245830998,0.253315985,0.260724992,0.267753005,0.274432004,0.280779004,0.286650002,0.292380989,0.299088001,0.308687002,0.321646988,0.338351011,0.358568996,0.38022399,0.401749998,0.421788991,0.439328015,0.45411399,0.466208994,0.475564987,0.482356012,0.486786991,0.489365995,0.490781009,0.491338998,0.491313994,0.490550995,0.488656998,0.485518992,0.481532008,0.476987988,0.472128987,0.467076004,0.462024003,0.456919998,0.451819986,0.446832001,0.442016006,0.43761301,0.433703005,0.430029005,0.426647008,0.423548996,0.420506001,0.417540997,0.414622992,0.411796004,0.409083009,0.406370014,0.403611004,0.400709987,0.397403002,0.393895,0.390150994,0.386285991,0.382414013,0.378666014,0.375048995,0.371551007,0.368221998,0.36520201,0.362441987,0.360154003,0.358404011
BarleyWholePerten0046,Perten_DA7200,barley,Unknown,Sweden,2011,20.70000076,8.699999809,0.175281003,0.176726997,0.178785995,0.180754006,0.182580993,0.184138,0.185255006,0.185645998,0.185377002,0.184532002,0.183209002,0.181482002,0.179565996,0.177469,0.175207004,0.172828004,0.170433,0.168073997,0.165794998,0.163577005,0.161446005,0.159418002,0.157473996,0.155555993,0.153779,0.152218998,0.150808007,0.149577007,0.148540005,0.147714004,0.147100002,0.146616995,0.146327004,0.146303996,0.146834001,0.148291007,0.151335999,0.156609997,0.164091006,0.173103005,0.182662994,0.191717997,0.199459001,0.205550998,0.210270003,0.214229003,0.218059003,0.221772,0.224892005,0.227016002,0.228028998,0.227901995,0.226586998,0.223939002,0.220254004,0.216208994,0.212317005,0.208862007,0.205939993,0.203476995,0.201491997,0.199860007,0.198458999,0.197289005,0.196228996,0.195100993,0.193970993,0.192938998,0.192213997,0.191965997,0.192388997,0.193544999,0.195562005,0.198486999,0.202420995,0.207384005,0.213266,0.219813004,0.226775006,0.233786002,0.240554005,0.247048006,0.253206998,0.258772999,0.263904005,0.269454986,0.277240008,0.287880987,0.301997006,0.31962201,0.339121014,0.359322012,0.378807992,0.396324009,0.411451012,0.423927009,0.433620989,0.44065699,0.445264995,0.44799,0.449510992,0.450192988,0.450336993,0.449849993,0.448338002,0.445650011,0.442113996,0.438044995,0.433701992,0.429129005,0.424585998,0.42000699,0.415412992,0.410851002,0.406486005,0.402509004,0.399066001,0.395861,0.392971009,0.39032501,0.387742013,0.385178,0.382645994,0.38023001,0.377857,0.375515014,0.373098999,0.370409995,0.367291987,0.363945991,0.360311002,0.356510013,0.352690995,0.349014998,0.345468998,0.342018008,0.338735998,0.335756987,0.333104998,0.330958992,0.329347998
BarleyWholePerten0047,Perten_DA7200,barley,Unknown,Sweden,2011,19.70000076,9.399999619,0.223535001,0.224378005,0.225786001,0.227192998,0.228455007,0.229577005,0.230344996,0.230432004,0.229908004,0.228915006,0.227477998,0.225686997,0.223729,0.221573994,0.219281003,0.216925994,0.214514002,0.212115005,0.209800005,0.207522005,0.205307007,0.203217,0.201202005,0.199159995,0.197228,0.195481002,0.193867996,0.192396,0.191100001,0.189968005,0.189021006,0.188189998,0.187533006,0.187102005,0.187175006,0.188051,0.190347001,0.194640994,0.200950995,0.208745003,0.217133999,0.225152001,0.232019007,0.237434,0.241632998,0.245123997,0.248483002,0.251682013,0.254330993,0.256063998,0.256765991,0.256397992,0.254918993,0.252261013,0.248657003,0.244694993,0.240874007,0.237376005,0.234359995,0.231778994,0.229669005,0.227890998,0.226339996,0.224970996,0.223695993,0.222384006,0.221007004,0.219727993,0.218725994,0.218180999,0.218284994,0.219097003,0.220733002,0.223270997,0.226783007,0.231280997,0.236724004,0.242822006,0.249332994,0.255959988,0.262355,0.26848799,0.274298996,0.279507011,0.284184009,0.289198011,0.296256989,0.305952996,0.318926007,0.33533001,0.353682011,0.372812003,0.391402006,0.40822199,0.422841013,0.434962004,0.444391996,0.451166004,0.455509007,0.458023012,0.459372014,0.459939003,0.460049003,0.459538996,0.458052993,0.455433011,0.451922,0.447946996,0.443657994,0.439206988,0.434744,0.430236995,0.425673991,0.421220988,0.416952014,0.413053006,0.409667999,0.406524003,0.403708994,0.401147991,0.398640007,0.396174014,0.393682987,0.391301006,0.388983011,0.386671007,0.384330988,0.38173601,0.378704995,0.375355005,0.37174201,0.368010998,0.364244998,0.360581994,0.357033014,0.353639007,0.350421995,0.347517997,0.344909996,0.342763007,0.341149986
BarleyWholePerten0048,Perten_DA7200,barley,Unknown,Sweden,2011,24.5,8.600000382,0.196263999,0.198341996,0.200866997,0.203172997,0.205085993,0.206635997,0.207589001,0.207799003,0.207288995,0.206176996,0.204576999,0.202549994,0.200314,0.197903007,0.195297003,0.192635998,0.189960003,0.187325999,0.184799999,0.182345003,0.180007994,0.177840993,0.175775006,0.173760995,0.171920002,0.170343995,0.168970004,0.167807996,0.166871995,0.166212007,0.165762007,0.165464997,0.165350005,0.165500999,0.166216999,0.167978004,0.171535,0.177683994,0.186336994,0.196617007,0.207216993,0.216836005,0.224698007,0.230715007,0.235330001,0.239161998,0.242850006,0.246398002,0.249385998,0.251426011,0.252346009,0.252157986,0.250773013,0.248153999,0.244571999,0.240661994,0.236911997,0.233513996,0.230655,0.228229001,0.226248995,0.224617004,0.223213002,0.222037002,0.221013993,0.220012993,0.219061002,0.218299002,0.217906997,0.218070999,0.218972996,0.220648006,0.223236993,0.226788998,0.231371999,0.236972004,0.243453994,0.250499994,0.257838994,0.265121013,0.272000015,0.278510988,0.284695,0.290412009,0.295935005,0.302291989,0.311318994,0.323605001,0.339560002,0.359003007,0.379956007,0.400963992,0.420670003,0.438062996,0.452829987,0.464908987,0.474278003,0.481059998,0.485486001,0.488074988,0.489455998,0.490011007,0.489984989,0.489205003,0.487338007,0.484227002,0.480244994,0.475744993,0.470928013,0.465938002,0.460914999,0.455870003,0.450816989,0.445912987,0.441139996,0.436776996,0.432947993,0.429363012,0.426064014,0.423031002,0.42008099,0.417174012,0.414330989,0.411635995,0.408980995,0.406343997,0.403746992,0.400920004,0.397682995,0.394201011,0.390498996,0.386741996,0.382946014,0.379283994,0.375743985,0.372334987,0.369073987,0.366129011,0.363498986,0.361290008,0.359640002
BarleyWholePerten0049,Perten_DA7200,barley,Unknown,Sweden,2011,22.20000076,9.199999809,0.140744999,0.143806994,0.147597998,0.151133999,0.154282004,0.157011002,0.159122005,0.160235003,0.160346001,0.159640998,0.158279002,0.156406999,0.154201999,0.151749,0.149104998,0.146316007,0.143461004,0.140634999,0.137912005,0.13527,0.132770002,0.130468994,0.128316,0.126197994,0.124311999,0.122732997,0.121417001,0.120361999,0.119621001,0.119204,0.119115003,0.119263001,0.119622,0.120343,0.121831,0.124620996,0.129718006,0.137973994,0.149103001,0.161997005,0.175175995,0.187258005,0.197346002,0.205283001,0.211493999,0.216775999,0.221780002,0.226546004,0.230544001,0.233349994,0.234793007,0.234901995,0.233643994,0.230893001,0.227022007,0.222810999,0.218777001,0.215179995,0.212211996,0.209763005,0.207861006,0.206367999,0.205119997,0.204134002,0.203316003,0.202437997,0.201605007,0.200921997,0.200622007,0.200950995,0.202080995,0.204072997,0.207077995,0.211156994,0.216415003,0.222780004,0.230140001,0.238151997,0.246482,0.254750997,0.262636989,0.270148993,0.277209014,0.283618987,0.289692998,0.296436012,0.305785,0.318405002,0.334823996,0.354894012,0.376644999,0.398568988,0.419263989,0.437622994,0.453289986,0.466230989,0.476393014,0.483889997,0.488938987,0.492053986,0.493882,0.494827986,0.495139003,0.494697005,0.493111998,0.490272999,0.486557007,0.482262999,0.47773999,0.472961009,0.468169004,0.463288993,0.458404988,0.453667015,0.449032009,0.444855988,0.441213012,0.437824994,0.43472001,0.431881994,0.429060996,0.426312,0.423691988,0.421166986,0.418731004,0.416290999,0.413774014,0.411042005,0.407929987,0.404513001,0.40089199,0.397114009,0.393382013,0.389719009,0.38618201,0.382793993,0.37953499,0.376554996,0.373898,0.371675998,0.370018989
BarleyWholePerten0050,Perten_DA7200,barley,Unknown,Sweden,2011,18.70000076,11.70000076,0.202379003,0.203896001,0.206231996,0.208693996,0.211089999,0.213276997,0.215005994,0.215875,0.215834007,0.215109006,0.213722006,0.211906001,0.209810004,0.207488999,0.204931006,0.202217996,0.199422002,0.196659997,0.194011003,0.191411004,0.188870996,0.186522007,0.184267998,0.182016,0.179947004,0.178132996,0.176532,0.175146997,0.174009994,0.173175007,0.172599003,0.172250003,0.172132,0.172325999,0.173262,0.175401002,0.179629996,0.186746001,0.196541995,0.208104,0.220222995,0.231682003,0.241603002,0.249667004,0.256128013,0.261646986,0.266856015,0.271741003,0.275757998,0.278490007,0.279799998,0.279783011,0.278329015,0.275388986,0.271279007,0.266779989,0.262490988,0.258648992,0.255457997,0.252811015,0.250739992,0.249136001,0.247801006,0.246704996,0.245739996,0.244648993,0.243493006,0.242385,0.241616994,0.241407007,0.241988003,0.243416995,0.245857999,0.249384001,0.254078001,0.259903014,0.266840011,0.274498999,0.282564014,0.290681005,0.298514992,0.306012988,0.312996,0.319144011,0.324647009,0.330381006,0.338090003,0.348306,0.361622989,0.378140003,0.396219999,0.414781004,0.432588011,0.448617011,0.46241501,0.473852992,0.48278299,0.489336997,0.493708015,0.496360987,0.497929007,0.498771012,0.499112994,0.498935014,0.497844994,0.495730013,0.492868006,0.489533991,0.485967994,0.482160986,0.478386015,0.474498987,0.47061801,0.466807008,0.463070005,0.459693015,0.45678699,0.454129994,0.451732993,0.449523002,0.447353005,0.445198,0.443105012,0.441098005,0.439143986,0.437220991,0.435243994,0.433023006,0.430370003,0.42739901,0.424214006,0.420937002,0.417636007,0.414429992,0.411316007,0.408273011,0.405331999,0.402678013,0.400377005,0.398485005,0.397101998
BarleyWholePerten0051,Perten_DA7200,barley,Unknown,US,2009,12.35900021,13.21870041,0.176125303,0.178168297,0.181614995,0.186421305,0.192222402,0.198217094,0.203785107,0.207591906,0.209800795,0.2104664,0.209646002,0.208353296,0.206151307,0.203357607,0.200461701,0.196851194,0.193182007,0.189359203,0.185635105,0.182147905,0.178589404,0.175474107,0.1720559,0.168729007,0.165688694,0.162776396,0.160375699,0.158113599,0.156395793,0.155059904,0.154177606,0.153696895,0.153485805,0.153974801,0.1554057,0.1589946,0.166131005,0.178002,0.194000796,0.212824196,0.233617693,0.254806399,0.275097698,0.293386996,0.309021413,0.323261589,0.33677879,0.349667311,0.360422313,0.367719889,0.37175101,0.372148812,0.36904791,0.362280905,0.352665186,0.342422605,0.332713813,0.324618787,0.318105996,0.312995613,0.309467912,0.306666195,0.304727405,0.303085595,0.301393211,0.299534202,0.297137409,0.294833094,0.292548388,0.29128629,0.291171789,0.29245159,0.295684815,0.300747395,0.308204502,0.317997187,0.330280691,0.344878703,0.360681713,0.3775976,0.394672602,0.411749512,0.427802801,0.441836506,0.454633802,0.466791004,0.480502188,0.497693211,0.520254076,0.54819423,0.579638004,0.61446017,0.649366975,0.682457507,0.711291015,0.735594094,0.754914105,0.768888116,0.779766202,0.787027121,0.792337775,0.795825899,0.798542082,0.800513327,0.800770998,0.800670683,0.799047411,0.797667086,0.795446575,0.792912781,0.790154576,0.786773324,0.783961117,0.780372918,0.77775228,0.774566174,0.772561371,0.770054519,0.768072128,0.766703785,0.764788985,0.763886094,0.76225698,0.761338115,0.759703279,0.757479608,0.755753398,0.752104282,0.748807073,0.744083881,0.739359677,0.733811379,0.728310585,0.723356426,0.717183828,0.71276319,0.706896126,0.70238322,0.697271228,0.692900419,0.689480126
BarleyWholePerten0052,Perten_DA7200,barley,Unknown,US,2009,12.68700027,16.06863022,0.186510697,0.189178094,0.193516702,0.199308693,0.205918595,0.212788895,0.218993798,0.223578706,0.226279497,0.227245703,0.226979494,0.225867599,0.224057794,0.221731097,0.218881995,0.215617403,0.2118821,0.208138704,0.204483599,0.200907901,0.197512999,0.194125205,0.190734595,0.187369406,0.184215993,0.181416795,0.178895399,0.176713303,0.174981698,0.173701897,0.172979295,0.1725097,0.172457695,0.173028499,0.174735606,0.178701103,0.1864416,0.199222505,0.216214702,0.235974893,0.257393301,0.279220492,0.300525188,0.319856286,0.336647898,0.351853997,0.366162211,0.379779995,0.390820205,0.398130596,0.401705712,0.401640713,0.398009986,0.390432805,0.380034596,0.369048208,0.358796388,0.35016349,0.343254685,0.337917805,0.334070593,0.331192613,0.329142302,0.327541888,0.3259345,0.324108988,0.321697891,0.319163591,0.316832691,0.315467209,0.315242201,0.316535503,0.319719195,0.325077295,0.332753301,0.342906088,0.355651498,0.370705098,0.387403488,0.405101806,0.423240602,0.441325903,0.458153188,0.47299701,0.486453712,0.499383509,0.51360178,0.531689823,0.555121303,0.583838701,0.616111279,0.651329994,0.686553001,0.719204128,0.747556508,0.770770788,0.789097011,0.802259624,0.812189519,0.819128215,0.824127197,0.827445984,0.829966724,0.831908584,0.832193017,0.832237005,0.831202328,0.830090523,0.828493893,0.826390624,0.823965311,0.821086288,0.818499625,0.815624476,0.813027084,0.810158074,0.808496773,0.80592221,0.80401361,0.802464187,0.801199973,0.799741983,0.798208475,0.797364414,0.79592979,0.794191301,0.791627228,0.788757026,0.785266519,0.780983388,0.776399016,0.771100581,0.766051829,0.760916829,0.755354822,0.750709891,0.74514699,0.740477324,0.735551894,0.731260479,0.727873385
BarleyWholePerten0053,Perten_DA7200,barley,Unknown,US,2009,12.13399982,11.70419025,0.155824393,0.157986403,0.161969498,0.167283505,0.173443198,0.180117905,0.185980007,0.190157101,0.192405596,0.193143502,0.192712605,0.191394195,0.1893958,0.186949402,0.184125304,0.180943698,0.177561104,0.174145699,0.170870498,0.167684704,0.164635107,0.161693707,0.158719301,0.1557675,0.1529264,0.150290906,0.1480214,0.145950005,0.144250199,0.142936304,0.141957894,0.141367003,0.141100407,0.141377404,0.142630607,0.145697594,0.152077898,0.162763596,0.177357107,0.194621503,0.213633403,0.233099699,0.251663894,0.26845029,0.282792985,0.296011388,0.308779597,0.321110606,0.331570804,0.338886499,0.342852712,0.343382686,0.340567589,0.334064692,0.324847907,0.31493789,0.305548191,0.297628194,0.291245014,0.286350906,0.282937586,0.280328512,0.278408498,0.276750892,0.275054187,0.273100615,0.270680994,0.268177003,0.265952498,0.264413714,0.263902903,0.264868707,0.267403305,0.271920413,0.278566092,0.287414104,0.298657507,0.312071502,0.32707721,0.342958897,0.35928151,0.375654012,0.390906602,0.404394686,0.416474015,0.428067893,0.440849692,0.456900388,0.478016913,0.504252672,0.534680128,0.568715274,0.604075372,0.638387919,0.669027388,0.695065916,0.71579212,0.731086373,0.742310524,0.750101626,0.755452275,0.758602679,0.761330724,0.762916386,0.763178229,0.762651324,0.761107683,0.759091318,0.75687778,0.753943622,0.750671685,0.747341812,0.743911922,0.740410924,0.737343609,0.734266281,0.731917381,0.729366601,0.727458179,0.72623229,0.724669814,0.723579526,0.722110987,0.720962584,0.719658971,0.717337489,0.715056181,0.711343825,0.707460582,0.702601016,0.697258771,0.691188276,0.685209215,0.679439604,0.673215628,0.667812526,0.661346972,0.656368673,0.651241481,0.646681726,0.642977476
BarleyWholePerten0054,Perten_DA7200,barley,Unknown,US,2009,11.80500031,13.83298016,0.183505595,0.185660601,0.189541206,0.194739804,0.2010452,0.207775503,0.213792607,0.218280196,0.220702902,0.221688107,0.221400902,0.220087305,0.218206495,0.215747699,0.212900296,0.209521905,0.205959395,0.202361494,0.198821306,0.1954602,0.192064896,0.188884407,0.1855952,0.182237804,0.179124907,0.176274195,0.173825905,0.171652794,0.169801906,0.168409407,0.167433694,0.166778803,0.166500598,0.166793495,0.168171898,0.1715336,0.178605795,0.190291897,0.206138402,0.224738002,0.245098904,0.266085297,0.286370486,0.304879993,0.320920587,0.335512787,0.349559397,0.36273551,0.373699904,0.381269813,0.385131687,0.385461301,0.382228911,0.3751463,0.365227193,0.354593188,0.344699889,0.336185694,0.329459101,0.324269891,0.320464313,0.317765802,0.315807313,0.314106286,0.312412888,0.310439289,0.307937294,0.305297285,0.302863002,0.301182896,0.3007496,0.301795304,0.304565609,0.309489995,0.316675395,0.326262802,0.338259906,0.352627695,0.36854291,0.385468602,0.402880698,0.420182109,0.43640691,0.450648189,0.463469386,0.475612193,0.488840789,0.505415916,0.527108371,0.553816199,0.584331274,0.617928922,0.652302682,0.68503499,0.713819504,0.737851024,0.756795883,0.770863175,0.781173706,0.78863591,0.793605328,0.79702872,0.799580514,0.801263928,0.801769316,0.801741898,0.800757825,0.799487889,0.79754138,0.795637012,0.793194294,0.790415287,0.787811399,0.784891486,0.782221794,0.779562116,0.77766031,0.775307715,0.773632705,0.77251941,0.771135211,0.769896686,0.768568099,0.76775682,0.766340196,0.764543474,0.76248008,0.759381175,0.756006777,0.751511991,0.747301281,0.74206388,0.736869574,0.731450319,0.726269424,0.721215308,0.716199219,0.711084008,0.706495702,0.701525509,0.698746622
BarleyWholePerten0055,Perten_DA7200,barley,Unknown,US,2009,11.92000008,11.84377956,0.169558704,0.172134906,0.176297307,0.181835607,0.188382104,0.195287406,0.201617494,0.205939293,0.208392993,0.209191501,0.208842203,0.207530797,0.205387995,0.202843398,0.199967399,0.196617201,0.193146795,0.1895549,0.186098799,0.182787806,0.179550499,0.176493198,0.173301995,0.170110896,0.167111501,0.164350599,0.162008405,0.159865096,0.158123493,0.1567045,0.155775696,0.155149505,0.154842407,0.155151904,0.156468198,0.159750506,0.166435003,0.177809507,0.193354905,0.211749002,0.232065707,0.252857596,0.272777498,0.290688008,0.306131214,0.320284098,0.333930314,0.346985608,0.3579835,0.365689486,0.369836509,0.370326102,0.367375493,0.36038959,0.350596994,0.340047896,0.330155194,0.321693987,0.314946592,0.309780896,0.305992603,0.303282499,0.301292986,0.299506813,0.297819108,0.295755208,0.293258905,0.290627301,0.288263887,0.286676496,0.286286414,0.287340313,0.290160388,0.295056403,0.302252889,0.311829299,0.323825687,0.338163912,0.353975207,0.370846301,0.388156414,0.405428588,0.421596706,0.435895413,0.448732793,0.461116999,0.474723488,0.491864711,0.514366388,0.542153776,0.574457884,0.61013943,0.647065878,0.682637513,0.71400708,0.740725279,0.761575282,0.777377188,0.78869623,0.796678484,0.802115619,0.805665612,0.808332384,0.809823811,0.810288727,0.809898913,0.808607101,0.80652678,0.804126501,0.801462591,0.798334181,0.795002878,0.791703999,0.788289905,0.78508693,0.78204298,0.779797375,0.777254999,0.775254786,0.773966491,0.772355616,0.771232486,0.769680679,0.768658817,0.76690191,0.765034974,0.762490273,0.75900662,0.755112171,0.749721229,0.745039523,0.738643527,0.73289299,0.726635993,0.720661521,0.715277374,0.709166408,0.703489184,0.698205113,0.693254709,0.689373016
BarleyWholePerten0056,Perten_DA7200,barley,Unknown,US,2009,11.70199966,11.67296982,0.162828594,0.164968893,0.168624595,0.173750803,0.179711893,0.186036497,0.191765294,0.195764095,0.198156104,0.198910207,0.198506698,0.197256297,0.195297897,0.192919895,0.190181702,0.187070102,0.183703199,0.180348694,0.1770778,0.173895106,0.170852304,0.167854697,0.164912999,0.161904901,0.158989996,0.156302199,0.154019207,0.151978597,0.150270402,0.148914993,0.147962093,0.1472767,0.146904007,0.147124097,0.148284793,0.151308596,0.157607302,0.168192595,0.182720095,0.1999861,0.218995094,0.238523707,0.257296085,0.274251014,0.288833112,0.302194595,0.315128893,0.327436298,0.337854594,0.345229507,0.349204689,0.349781394,0.346978605,0.34055379,0.331363887,0.321397394,0.312099695,0.304130107,0.297847897,0.292997301,0.289569914,0.287014693,0.285045087,0.283449411,0.28172639,0.279809386,0.277410388,0.274886191,0.272567987,0.271028906,0.270543486,0.27151531,0.274102897,0.278535694,0.285196185,0.29408291,0.305300593,0.318623394,0.333353013,0.349101901,0.365217507,0.381337792,0.396351486,0.409629405,0.421453714,0.43281579,0.445227295,0.460741103,0.481366605,0.506902874,0.536465883,0.569178224,0.603419721,0.636356175,0.665890515,0.690909624,0.710820019,0.725772977,0.73677969,0.74450779,0.749553502,0.752986491,0.755693197,0.757230818,0.758008421,0.757398188,0.756174088,0.754410625,0.752070308,0.749589026,0.746325016,0.743556023,0.74000603,0.736973286,0.733935475,0.731076896,0.729193211,0.726342917,0.724651277,0.723183513,0.721971989,0.720762789,0.719423175,0.71849829,0.716787875,0.714930475,0.71262002,0.70898968,0.705509722,0.700759888,0.695861697,0.69040668,0.684845686,0.679279625,0.673507214,0.668221593,0.662510574,0.657749593,0.652567804,0.648194671,0.644143581
BarleyWholePerten0057,Perten_DA7200,barley,Unknown,US,0,8.793999672,14.19423962,0.091108203,0.09241797,0.095074117,0.099018857,0.103911102,0.108991697,0.113137603,0.115696698,0.116880402,0.1169765,0.116355099,0.1151243,0.113614202,0.111753397,0.1094689,0.106892802,0.104177803,0.101421498,0.098818012,0.096363939,0.093733251,0.091150276,0.08853592,0.085873596,0.083386406,0.081135497,0.079040773,0.077149823,0.075491384,0.074178077,0.073158287,0.072484873,0.072207227,0.072547063,0.073872633,0.076978423,0.082970694,0.092328318,0.104142599,0.1171676,0.131076098,0.145243302,0.158988401,0.171527296,0.182408407,0.192176595,0.201578394,0.210425705,0.217538104,0.221843496,0.224318102,0.224734396,0.222802296,0.218594506,0.212369993,0.205408707,0.198858902,0.193102002,0.188225702,0.184421003,0.181536406,0.179480597,0.178043097,0.176956102,0.175877094,0.174474597,0.172632396,0.170473903,0.168430597,0.166868001,0.166050807,0.166256905,0.167685807,0.170383498,0.174582198,0.180411696,0.188079193,0.197592393,0.208380297,0.220129803,0.232475206,0.244591594,0.255617291,0.265078187,0.273228198,0.280568212,0.287955105,0.297242791,0.309527814,0.324380606,0.341762602,0.361695707,0.383247197,0.40453431,0.424456894,0.441825509,0.455587387,0.465745509,0.472939611,0.477784813,0.480870485,0.483089596,0.484590799,0.485097498,0.484959304,0.484468788,0.483289987,0.482141703,0.480745405,0.478746593,0.476467311,0.473842114,0.471527696,0.469026715,0.466571301,0.464504898,0.462722808,0.460924298,0.459483087,0.458447188,0.457456201,0.45662269,0.455790997,0.455491304,0.454619497,0.453518391,0.451774001,0.449200392,0.44620499,0.442772389,0.439094514,0.43524611,0.431081414,0.42686519,0.422870308,0.419307113,0.41585201,0.412607998,0.409630597,0.407003999,0.404442191
BarleyWholePerten0058,Perten_DA7200,barley,Unknown,Sweden,2011,21.29611015,9.5,0.34632501,0.34702,0.348396003,0.349909991,0.351309001,0.352559,0.353338987,0.353525996,0.353015989,0.351942986,0.350315005,0.348235995,0.345964015,0.343621999,0.341053009,0.338344991,0.335557997,0.332942992,0.330348998,0.327785999,0.325177997,0.322705001,0.320556998,0.318507999,0.316558987,0.314765006,0.313044012,0.311681002,0.310505986,0.30943799,0.308611989,0.308003992,0.307680011,0.307642996,0.308167994,0.309448004,0.312507987,0.318213999,0.325998008,0.335292012,0.345174015,0.354212999,0.361654013,0.367516011,0.371975005,0.375813007,0.379429013,0.382858008,0.385820001,0.387719005,0.388420999,0.388025999,0.38656801,0.383926988,0.380153,0.376019001,0.372114003,0.368595988,0.365521014,0.362913013,0.360875011,0.359205991,0.357710004,0.356335014,0.355078012,0.353834987,0.352620006,0.351527005,0.350701988,0.350373,0.350652993,0.351776987,0.35373801,0.356667012,0.360511005,0.365424991,0.371257007,0.377838999,0.38470301,0.391577005,0.39873001,0.405880004,0.412535995,0.417769015,0.421887994,0.426600993,0.434561998,0.444433987,0.456696987,0.472528011,0.489551008,0.506848991,0.523128986,0.537853003,0.550921023,0.561671019,0.570065975,0.576146007,0.580088019,0.582551003,0.583769977,0.584416986,0.584958971,0.584900022,0.583764017,0.581463993,0.578607023,0.575308025,0.572182,0.568790972,0.56507802,0.561357975,0.557749987,0.554176986,0.55063802,0.547672987,0.544941008,0.54260999,0.540627003,0.538803995,0.537037015,0.535103977,0.533302009,0.531674981,0.530242026,0.528626025,0.526971996,0.524931014,0.522370994,0.519595981,0.516725004,0.513679028,0.510528028,0.507242978,0.504079998,0.501307011,0.498984993,0.496686995,0.494796008,0.493362993,0.492469013
BarleyWholePerten0059,Perten_DA7200,barley,Unknown,Sweden,2011,17.48667908,9.699999809,0.360413998,0.360525012,0.361283004,0.362266004,0.363186002,0.364075989,0.364650995,0.36461699,0.364028007,0.362904012,0.361398011,0.359544992,0.357531011,0.355489999,0.353273004,0.350899011,0.348396003,0.346031994,0.343742013,0.341432989,0.339163989,0.336917996,0.334735006,0.332672,0.330669999,0.328797996,0.327087998,0.32563901,0.324304998,0.323065013,0.32190001,0.320953012,0.320315987,0.319866002,0.319875002,0.320670992,0.322905988,0.327201009,0.333160013,0.340276003,0.348004997,0.355392993,0.361683995,0.366777986,0.370676994,0.373944998,0.377157003,0.380126,0.382587999,0.38420701,0.384759009,0.384303004,0.382829994,0.380277991,0.376686007,0.372657001,0.368786007,0.365267009,0.362210006,0.359530985,0.357398003,0.355627,0.354010999,0.352503002,0.351244986,0.349878013,0.348432005,0.34701699,0.345863015,0.345086992,0.344826996,0.345279992,0.346491993,0.348475993,0.351312012,0.355084986,0.359690994,0.365238994,0.371084988,0.376937985,0.382726997,0.388325006,0.393822998,0.398460001,0.402520001,0.406572998,0.411949009,0.419564992,0.429807991,0.442662001,0.457152009,0.472689986,0.487980008,0.50256902,0.515699029,0.526916027,0.535767019,0.542174995,0.546269,0.548772991,0.550239027,0.551096022,0.551802993,0.551809013,0.550930023,0.549072027,0.54668498,0.543816984,0.540979028,0.537945986,0.534663022,0.531235993,0.527930021,0.524487972,0.521124005,0.518388987,0.51593101,0.513872027,0.512058973,0.510428011,0.508899987,0.507153988,0.50574398,0.50424999,0.502923012,0.501383007,0.499799013,0.497969002,0.495521009,0.492790997,0.489930004,0.486898005,0.483904004,0.480746001,0.477584988,0.474815995,0.472458988,0.470268011,0.468374014,0.466695011,0.465454996
BarleyWholePerten0060,Perten_DA7200,barley,Unknown,Sweden,2011,19.83670044,11.5,0.419822991,0.419483006,0.419800013,0.420401007,0.420892,0.421456993,0.421588004,0.42128399,0.42050001,0.419234008,0.417531997,0.415591002,0.413482994,0.411330015,0.408895999,0.40643999,0.403907001,0.401623994,0.399307013,0.396988004,0.394594997,0.392367005,0.390347004,0.388395011,0.386519015,0.384755999,0.383049995,0.381641001,0.380474001,0.379377991,0.378443003,0.377685994,0.377312005,0.377193004,0.377595007,0.378450006,0.380688012,0.385105014,0.390985996,0.398050994,0.405508012,0.412263006,0.417769015,0.422125012,0.425381005,0.428113014,0.430741012,0.433241993,0.43521899,0.436405987,0.436666995,0.436102003,0.434677988,0.432408989,0.429219008,0.425684989,0.422410011,0.419380993,0.416707993,0.414371014,0.412586004,0.411119014,0.409772992,0.408558995,0.407418013,0.406230003,0.405048996,0.403934985,0.403021991,0.402456999,0.402336001,0.402967006,0.404282987,0.406401008,0.409213007,0.412856013,0.417387992,0.422518998,0.427956015,0.43363601,0.439891011,0.446424007,0.452405006,0.456364989,0.459013999,0.462199986,0.469177991,0.476711988,0.485639006,0.498302013,0.511933029,0.525790989,0.538802028,0.550710022,0.56139499,0.570192993,0.577018023,0.58178401,0.584787011,0.586571991,0.587261975,0.587504029,0.587710977,0.587547004,0.586391985,0.584161997,0.581555009,0.578704,0.575866997,0.573019028,0.569805026,0.566579998,0.563513994,0.560375989,0.557421982,0.555031002,0.552752972,0.550828993,0.549211979,0.547698975,0.546261013,0.544652998,0.543348014,0.541961014,0.540777028,0.539525986,0.53808099,0.536318004,0.534322977,0.532000005,0.52966702,0.527131975,0.524591982,0.521883011,0.519248009,0.516960025,0.515166998,0.513435006,0.511961997,0.510914981,0.510535002
BarleyWholePerten0061,Perten_DA7200,barley,Unknown,Sweden,2011,22.82356071,10.19999981,0.357347995,0.358422995,0.360000014,0.361577004,0.362953007,0.364066005,0.364693999,0.364775002,0.364271998,0.363211989,0.361636996,0.359699994,0.357609004,0.355475009,0.353103995,0.350623995,0.348026991,0.345578998,0.343219012,0.340819001,0.338467002,0.336192995,0.334143013,0.332224011,0.330375999,0.328709006,0.327172995,0.325928986,0.324930012,0.324043006,0.323318005,0.322728992,0.322447985,0.322387993,0.322833002,0.324034005,0.326867014,0.332138985,0.33938399,0.347889006,0.35679999,0.364901006,0.371596009,0.376814991,0.380764008,0.384041011,0.387068987,0.389970005,0.392417997,0.393987,0.394463986,0.393934012,0.392482013,0.390006989,0.386595011,0.382809013,0.379236996,0.376019001,0.373149991,0.37064299,0.368710995,0.367018014,0.365532011,0.364208996,0.363029003,0.361965001,0.36085099,0.359887004,0.359210014,0.359008014,0.359320015,0.360486001,0.362417013,0.36520201,0.368815005,0.373338997,0.378715009,0.384745985,0.390911013,0.397015989,0.403007001,0.408868015,0.414485991,0.419200003,0.423471004,0.428332001,0.435405999,0.445089012,0.457700998,0.473233998,0.490226001,0.507350981,0.523586988,0.538504005,0.551501989,0.562219977,0.570636988,0.576956987,0.580983996,0.583537996,0.58494401,0.585807979,0.586273015,0.586254001,0.585070014,0.582731009,0.579864979,0.576494992,0.573240995,0.569639981,0.565789998,0.561887026,0.558035016,0.554172993,0.550418019,0.547239006,0.544330001,0.541818976,0.539545,0.537519991,0.535510004,0.533365011,0.531461,0.52966702,0.527957022,0.526202977,0.52441901,0.522274017,0.519804001,0.516902983,0.513925016,0.510890007,0.507731974,0.504472017,0.501296997,0.498560995,0.496134013,0.493930996,0.49199301,0.490244001,0.489161015
BarleyWholePerten0062,Perten_DA7200,barley,Unknown,Sweden,2011,21.46511078,10.60000038,0.355666012,0.356142998,0.357127011,0.358148009,0.359001994,0.359634996,0.359813005,0.359483004,0.358662009,0.357299,0.355535001,0.353408992,0.351215005,0.349004,0.346561998,0.344025999,0.341394991,0.338921011,0.336502999,0.33405,0.331710011,0.329373986,0.327214986,0.325156003,0.323202997,0.321442992,0.319810987,0.318462998,0.317301989,0.316246986,0.315344989,0.314615011,0.314166009,0.313941002,0.314168006,0.315210015,0.317811012,0.322640985,0.329293013,0.337038994,0.345245987,0.352780014,0.358913004,0.363620013,0.367157996,0.370104998,0.372931004,0.375546992,0.377719998,0.379155994,0.37955299,0.378968,0.377548009,0.37508899,0.371717006,0.368003011,0.364454001,0.361173004,0.358314008,0.355821014,0.353758991,0.352068991,0.350603998,0.349207997,0.347981989,0.346841991,0.345645011,0.344612986,0.343885988,0.343495995,0.343668014,0.344581008,0.346269995,0.348758996,0.352010012,0.356148988,0.361021996,0.366775006,0.372680008,0.378369004,0.383890986,0.389223993,0.394373,0.398903012,0.403044999,0.407472014,0.413709015,0.422309011,0.433773011,0.44787699,0.463429987,0.47942701,0.494691998,0.508722007,0.521210015,0.531579971,0.53964901,0.545391977,0.549048007,0.551258981,0.552260995,0.552834988,0.553231001,0.552919984,0.551657975,0.549422026,0.546661973,0.54341203,0.540206015,0.536916018,0.533234,0.529519975,0.525997996,0.522376001,0.518953979,0.515985012,0.51343298,0.511075974,0.508966029,0.50720799,0.505532026,0.503583014,0.50187701,0.500232995,0.498685986,0.497007012,0.495415986,0.493436992,0.491037011,0.488373995,0.485417992,0.482562006,0.479660004,0.476547986,0.47348699,0.470860004,0.468625009,0.466594994,0.464729011,0.463256002,0.462256014
BarleyWholePerten0063,Perten_DA7200,barley,Unknown,Sweden,2011,17.60066986,11,0.361135989,0.361741006,0.36292699,0.364450008,0.365884006,0.367246985,0.368137002,0.368371993,0.368030012,0.367145985,0.365750998,0.363997012,0.362071008,0.360166997,0.357955992,0.355601996,0.353166014,0.350843996,0.348545998,0.346282005,0.344027013,0.341800004,0.339700997,0.337673992,0.335676998,0.333907008,0.33228001,0.330852985,0.329591006,0.328399986,0.327347994,0.326512992,0.325960994,0.325610995,0.325758994,0.326680988,0.329104006,0.333790988,0.340243012,0.347874999,0.356175989,0.364091009,0.370918006,0.376397014,0.380638987,0.384277999,0.387757987,0.391012996,0.393709987,0.395480007,0.395940989,0.395397991,0.393828988,0.391009003,0.387140006,0.382845014,0.378735989,0.375025004,0.371836007,0.369038999,0.366791993,0.364968002,0.363362014,0.361837,0.360480994,0.359102994,0.357668012,0.356274009,0.355129987,0.354355007,0.354101002,0.354617,0.355931997,0.358112991,0.361207008,0.365152001,0.370085001,0.375955999,0.382153988,0.388363004,0.394556999,0.400601,0.406399012,0.411199004,0.415367991,0.419533998,0.425309986,0.433102995,0.443502009,0.45659101,0.471284986,0.486797988,0.501938999,0.516219974,0.528909028,0.539712012,0.54817301,0.554224014,0.558091998,0.560519993,0.561878979,0.562565029,0.563108981,0.563039005,0.562156975,0.560369015,0.557986021,0.555188,0.552577972,0.549714983,0.546508014,0.543277979,0.540123999,0.536994994,0.533806026,0.531206012,0.528934002,0.527006984,0.525286019,0.523809016,0.522481024,0.520814002,0.519508004,0.518142998,0.516959012,0.515510023,0.513961971,0.512063026,0.509898007,0.507247984,0.504411995,0.501576006,0.498614013,0.495593995,0.492588013,0.489845991,0.487594008,0.485469997,0.483570993,0.482102007,0.480953008
BarleyWholePerten0064,Perten_DA7200,barley,Unknown,Sweden,2011,18.04915047,12.5,0.443645001,0.444049001,0.445062995,0.446238011,0.447344989,0.448496997,0.449126005,0.449252993,0.448812991,0.447807014,0.446426988,0.444687992,0.442820013,0.440824002,0.438569993,0.436277002,0.433813006,0.431416988,0.429132015,0.426764995,0.424443007,0.422141999,0.419963986,0.417941004,0.415895999,0.414074004,0.412405014,0.410941005,0.409660995,0.408425003,0.407391995,0.406545013,0.40596199,0.405544013,0.405591995,0.406477004,0.408841997,0.413464993,0.419842988,0.42732501,0.435472012,0.443192989,0.449835002,0.455262989,0.459439009,0.462938011,0.46627,0.46933499,0.471792996,0.473354012,0.473728001,0.473147005,0.471565008,0.468856007,0.465099007,0.460949987,0.456986994,0.453449011,0.450394988,0.447706014,0.445535004,0.443767995,0.442167997,0.440710008,0.439393997,0.438080996,0.436666995,0.435297996,0.43422401,0.433495998,0.433274001,0.43383199,0.435164988,0.43730399,0.440292001,0.444142014,0.448884994,0.454465985,0.460341007,0.466051996,0.471623987,0.477043003,0.482234001,0.486734986,0.490828991,0.494856,0.500176013,0.507777989,0.518011987,0.530628026,0.544834971,0.559700012,0.574248016,0.587796986,0.599851012,0.610086024,0.618039012,0.623916984,0.627699971,0.630084992,0.631492972,0.632278025,0.632875025,0.632826984,0.631946981,0.630069017,0.627812982,0.625069022,0.622305989,0.619432986,0.616225004,0.612994015,0.609840989,0.606589973,0.603435993,0.600796998,0.598375022,0.596346021,0.594578028,0.592936993,0.591481984,0.589671016,0.588303983,0.586827993,0.585595012,0.584140003,0.582553029,0.580726028,0.578653991,0.576035023,0.573266983,0.570650995,0.567883015,0.565063,0.562210977,0.559612989,0.557484984,0.555509985,0.553623974,0.552159011,0.551002979
BarleyWholePerten0065,Perten_DA7200,barley,Unknown,Sweden,2011,18.26936913,11.30000019,0.386534005,0.387100995,0.388247013,0.389555991,0.390785009,0.392013997,0.392760992,0.392901003,0.392466992,0.391490012,0.390098989,0.388301998,0.386364013,0.384328991,0.382102996,0.379723996,0.377213001,0.374774009,0.37243101,0.370018989,0.367695004,0.365379989,0.363186002,0.361182004,0.35916701,0.357345998,0.355737001,0.354299992,0.353100002,0.351971,0.350989997,0.350212991,0.349714994,0.349400997,0.349572986,0.350620002,0.353246987,0.358244002,0.365141004,0.373178005,0.381857008,0.390109986,0.397257,0.40306899,0.407573998,0.411404014,0.415046006,0.418410987,0.421128005,0.422890991,0.423390001,0.422838986,0.421218991,0.418388993,0.414485008,0.410198987,0.406111002,0.402458012,0.399293989,0.396555007,0.394356996,0.392576009,0.390969008,0.389526993,0.388235986,0.386990011,0.385585994,0.384265989,0.383284003,0.382676989,0.382587999,0.383352995,0.384916008,0.387382001,0.390742004,0.394977987,0.400193989,0.406300992,0.412660003,0.41891399,0.424984008,0.430882007,0.436533988,0.441514999,0.446108013,0.450697005,0.456734985,0.465285003,0.476720989,0.490671009,0.506174028,0.522378027,0.538142026,0.552770019,0.565771997,0.576765001,0.585376978,0.591733992,0.595910013,0.598573983,0.600193024,0.601153016,0.601849973,0.601885974,0.601069987,0.599201024,0.596844018,0.594035029,0.591103017,0.588033974,0.584639013,0.581174016,0.577803016,0.57437098,0.571030021,0.568175018,0.565608025,0.563377976,0.561442971,0.559656024,0.558021009,0.556080997,0.554525971,0.552973986,0.551644981,0.550068975,0.548434019,0.546424985,0.544164002,0.541437984,0.538444996,0.535642028,0.532585025,0.529560983,0.526479006,0.523712993,0.52146101,0.519288003,0.517247021,0.515630007,0.514261007
BarleyWholePerten0066,Perten_DA72xx,barley,Unknown,US,0,9.659999847,12.76290035,0.162193403,0.163061306,0.164748102,0.167145103,0.170010403,0.173046798,0.175523102,0.177138701,0.177763298,0.177613601,0.1766994,0.175438702,0.173782304,0.171930999,0.169816896,0.167538002,0.165064007,0.162658498,0.160299003,0.1579808,0.155758396,0.153611198,0.151381195,0.149236307,0.147245199,0.145418301,0.143618405,0.142028004,0.140661597,0.139658704,0.138925403,0.138383895,0.138061598,0.138125897,0.139090598,0.141205505,0.145441502,0.152437598,0.161661401,0.172207296,0.183558896,0.194727898,0.204939798,0.213668793,0.220836401,0.2271806,0.233073995,0.238699094,0.243373901,0.2465754,0.248175204,0.248480305,0.2473353,0.244374305,0.240119904,0.235393703,0.230808795,0.226725102,0.223174304,0.220539004,0.218509495,0.216858,0.215568304,0.214466706,0.213509902,0.212305099,0.210861102,0.209316894,0.207905203,0.207135201,0.207057595,0.2076585,0.209254697,0.211984098,0.215798795,0.220835,0.227157995,0.234719098,0.242871702,0.251478493,0.259863108,0.267965794,0.275360197,0.281682909,0.286904603,0.291679412,0.297490597,0.305192411,0.31526351,0.327775598,0.341842294,0.357014507,0.372118712,0.386334091,0.399016589,0.409925699,0.418334812,0.424304307,0.428246886,0.430698097,0.432340801,0.433414608,0.43413651,0.434407294,0.434025914,0.432837904,0.431096613,0.429032207,0.42691341,0.42457661,0.421999902,0.419436306,0.416734606,0.414093286,0.411461711,0.409051299,0.406935692,0.405366093,0.403954893,0.402536213,0.40119651,0.399975389,0.398793012,0.397629589,0.396408796,0.39514181,0.393654615,0.391991794,0.389817715,0.387288898,0.384548307,0.381341487,0.378313303,0.375359207,0.372558296,0.369895488,0.367265999,0.365032911,0.363147914,0.3615596,0.360379905
BarleyWholePerten0067,Perten_DA72xx,barley,Unknown,US,0,9.510000229,13.83578014,0.144064605,0.145265698,0.147261202,0.150194302,0.153791502,0.157659993,0.160931304,0.163117394,0.164211407,0.164487898,0.164014995,0.163105398,0.161847994,0.160335004,0.158537597,0.1565433,0.154384494,0.152200699,0.1501095,0.148012593,0.145928904,0.143930599,0.141990706,0.140007004,0.138098195,0.136375099,0.134701595,0.133229896,0.1319547,0.131005094,0.1303242,0.129834697,0.129558995,0.129784301,0.130794093,0.133087501,0.137490898,0.144615099,0.153773397,0.1640331,0.175146207,0.186335996,0.196790099,0.205927894,0.213551804,0.220427603,0.226823106,0.232877106,0.237827897,0.241181895,0.242895603,0.243232593,0.242084503,0.239191294,0.234797493,0.2298778,0.225159898,0.220926404,0.217330605,0.214638203,0.212555304,0.210901797,0.209633604,0.208639801,0.207724199,0.206503496,0.205045506,0.203382105,0.201816604,0.200846404,0.2005243,0.200922102,0.202289507,0.204728797,0.208351106,0.213182598,0.219363406,0.226859406,0.235171497,0.244038403,0.252968192,0.2616418,0.269637913,0.276319712,0.281697393,0.286431193,0.292025,0.299326688,0.308935493,0.320948094,0.334570289,0.34955731,0.364906699,0.379517704,0.392794013,0.404125094,0.412931502,0.419198602,0.423207313,0.425848991,0.427647203,0.428690791,0.429383099,0.429655492,0.429493815,0.428522915,0.42712149,0.425362915,0.423652887,0.421569586,0.41936329,0.416971088,0.414474189,0.412038893,0.409588009,0.407338589,0.405400813,0.403956205,0.402711511,0.401438505,0.400265604,0.399234206,0.398257613,0.397176415,0.396061897,0.394864291,0.393569589,0.391974986,0.389910489,0.387507707,0.384822488,0.38165769,0.378651887,0.375674307,0.372908592,0.370252788,0.367694587,0.365499288,0.363604188,0.362071991,0.360887498
BarleyWholePerten0068,Perten_DA72xx,barley,Unknown,US,0,7.75,15.03522968,0.151079893,0.152291596,0.154304996,0.157074794,0.160550505,0.164188296,0.167275399,0.169385403,0.170465305,0.170730099,0.170323506,0.169567004,0.168498695,0.167191595,0.165619806,0.163873896,0.161952093,0.160067305,0.158295095,0.156469807,0.154647499,0.152999297,0.151318401,0.149646893,0.148031995,0.146573201,0.1451682,0.143978298,0.142896399,0.142154604,0.141653404,0.141300499,0.141164199,0.141449094,0.142433196,0.144529596,0.148476899,0.154850498,0.163124993,0.1724305,0.182538405,0.192787394,0.202425197,0.210938796,0.218061999,0.224574,0.230662301,0.236473799,0.241215304,0.244525403,0.246215001,0.246559903,0.245477095,0.242714405,0.238548294,0.233843401,0.2293282,0.225306705,0.221915707,0.219361395,0.217425004,0.215893105,0.214734703,0.213795498,0.213000506,0.211893901,0.210523307,0.208968103,0.207521707,0.206666395,0.206371099,0.206711605,0.207984805,0.210279703,0.213640094,0.218132198,0.223942205,0.231033906,0.239014506,0.247596398,0.256219298,0.264680207,0.272507787,0.279058486,0.2843422,0.289023191,0.294528186,0.301744998,0.311255902,0.323183894,0.336792886,0.351938605,0.367583007,0.382695913,0.396458089,0.408247799,0.417477608,0.423908591,0.428041607,0.430713385,0.432480007,0.433514088,0.434191287,0.434452891,0.434215903,0.433184207,0.431659907,0.429840088,0.428084701,0.42599389,0.423652113,0.42124331,0.418675512,0.416173011,0.413593113,0.411350101,0.409416497,0.407953888,0.406659812,0.4053711,0.404155612,0.403136194,0.402185202,0.401110888,0.399976105,0.398713589,0.397328794,0.395683289,0.393481404,0.390934497,0.388147891,0.384865493,0.381790191,0.378714293,0.375781894,0.373037905,0.370390713,0.368055493,0.366058707,0.364400893,0.363288909
BarleyWholePerten0069,Perten_DA72xx,barley,Unknown,US,0,7.940000057,15.2943697,0.154657707,0.155596003,0.157360703,0.159879804,0.163107798,0.1665245,0.169393897,0.171280101,0.1722648,0.172463194,0.171996296,0.171198994,0.1701065,0.168785706,0.167167604,0.165443897,0.163554907,0.161676899,0.159879893,0.158091307,0.156320095,0.154608801,0.1529084,0.151271194,0.149703696,0.148202896,0.146808997,0.145620406,0.144537404,0.143742994,0.143201098,0.1428352,0.142649397,0.142863795,0.143781796,0.145743206,0.149522007,0.155618802,0.163513199,0.172433496,0.182139203,0.191993997,0.201317206,0.209494606,0.2163634,0.222602695,0.228437007,0.233980298,0.238580495,0.241684496,0.243278593,0.243603006,0.242541999,0.239891604,0.235878304,0.231357396,0.227050707,0.223159999,0.219875604,0.217436701,0.215573296,0.214062199,0.212964207,0.212058902,0.211255804,0.210207,0.208851099,0.207359701,0.205937699,0.205064297,0.204728097,0.205056503,0.206298605,0.208486199,0.211678296,0.216004401,0.221562207,0.228412703,0.236056507,0.244275093,0.252584606,0.260740399,0.268240303,0.274517506,0.279543489,0.283966392,0.289238006,0.296085805,0.305117488,0.316500694,0.329495788,0.343918204,0.358759612,0.373056293,0.386190593,0.397402197,0.406129897,0.412253588,0.416231006,0.418781102,0.420475394,0.421461105,0.422107011,0.422378093,0.422152311,0.42113179,0.419713408,0.417979389,0.416195691,0.414194793,0.411939204,0.409588009,0.407142699,0.404739499,0.40230751,0.400107414,0.398230106,0.396735609,0.395517498,0.394309312,0.393135905,0.392129302,0.391169012,0.390130907,0.389033586,0.387853086,0.386448085,0.384912908,0.38283819,0.380408108,0.377708912,0.374562293,0.371605605,0.36867559,0.365870297,0.36323601,0.360731512,0.358507603,0.356659412,0.355078399,0.353914589
BarleyWholePerten0070,Perten_DA72xx,barley,Unknown,US,0,6.699999809,13.08681965,0.150398701,0.150627196,0.151723102,0.153774202,0.156561703,0.159663498,0.162190899,0.163806304,0.164474502,0.164326996,0.163519204,0.162277699,0.160696998,0.158918694,0.156885907,0.154677898,0.152244806,0.149889305,0.147610202,0.1452889,0.143067598,0.140934601,0.138728693,0.136644006,0.134559795,0.132539496,0.1307071,0.129013404,0.127385795,0.126212299,0.125282303,0.124433599,0.123939298,0.123939604,0.124812797,0.126902998,0.131054699,0.137764797,0.146454006,0.156342998,0.1671125,0.177933097,0.188115194,0.197021097,0.204440504,0.211083099,0.217312902,0.223214597,0.228118599,0.231551796,0.233407497,0.233959705,0.233076796,0.230475307,0.226532504,0.221973598,0.217514604,0.213368803,0.209740102,0.206955895,0.204772294,0.203029603,0.201703697,0.200612098,0.199596494,0.198289305,0.196617305,0.194769904,0.192988902,0.191769704,0.191275507,0.191484407,0.192668706,0.194914594,0.198354393,0.203042507,0.209119707,0.216649696,0.225037694,0.234077498,0.243204698,0.252061695,0.260212213,0.267129213,0.272554308,0.277133703,0.282389194,0.289522708,0.299201101,0.311438501,0.325753987,0.341964394,0.358922809,0.375697494,0.391355693,0.405005813,0.41570881,0.423290312,0.428380907,0.431724697,0.434007704,0.43563959,0.436841786,0.437608898,0.437669814,0.436850995,0.435474008,0.433528602,0.431445986,0.429044098,0.426267296,0.423369497,0.420313686,0.41717121,0.414004594,0.411328495,0.408975691,0.407115609,0.405585915,0.403995097,0.402653486,0.401393414,0.400118202,0.398775488,0.397515088,0.396195114,0.394629598,0.392692,0.390134513,0.387003899,0.383567303,0.379614711,0.375853807,0.37220031,0.368687987,0.365597308,0.3626059,0.359969497,0.3577452,0.3559376,0.354675293
BarleyWholePerten0071,Perten_DA72xx,barley,Unknown,US,0,7.320000172,13.12040997,0.134176806,0.134709299,0.136050299,0.138182998,0.141073197,0.144236505,0.146851599,0.148580596,0.149313301,0.1493458,0.148692504,0.147709996,0.146323398,0.144757003,0.143006399,0.140997797,0.138773501,0.136678994,0.134656206,0.132659197,0.130646899,0.128740296,0.126792505,0.124885596,0.123035803,0.1212501,0.119622901,0.118144304,0.116764002,0.115785897,0.114951097,0.114232697,0.113837503,0.113915503,0.114823699,0.116868302,0.120816402,0.127163395,0.135315999,0.144578293,0.154672995,0.164786607,0.174299404,0.182601303,0.189452305,0.195539504,0.201258794,0.206756696,0.211343899,0.214544401,0.216274396,0.216834396,0.215990603,0.2134974,0.209661007,0.205263197,0.2009895,0.197096899,0.193676397,0.191067398,0.189045996,0.187417194,0.186149895,0.185087606,0.184138596,0.182937205,0.1814221,0.179716095,0.178105295,0.177012906,0.176577807,0.176802799,0.177953705,0.180081397,0.183317795,0.187686294,0.1933783,0.200369701,0.208189696,0.216609806,0.225076407,0.233242199,0.240814298,0.247184604,0.252189696,0.256517112,0.261587709,0.2684156,0.277641892,0.289203793,0.302660108,0.317740589,0.333491713,0.34896639,0.363288403,0.375791699,0.385593087,0.39253819,0.397157699,0.400256991,0.4022277,0.403533399,0.404627413,0.405187488,0.405099005,0.404182106,0.402681202,0.400730312,0.398690701,0.396377802,0.393653989,0.390977293,0.388182312,0.385305196,0.382402688,0.379839689,0.377631992,0.375883907,0.374470115,0.373057008,0.371751189,0.370600194,0.369438589,0.368197709,0.366953403,0.365700305,0.364217103,0.362394005,0.359986514,0.357113093,0.354064792,0.350438386,0.346928597,0.343580097,0.340390801,0.337498099,0.334713191,0.332311809,0.330171615,0.328494012,0.327239394
BarleyWholePerten0072,Perten_DA72xx,barley,Unknown,US,0,6.559999943,13.55949974,0.147605494,0.148062706,0.149418607,0.151882306,0.155274093,0.158996999,0.162193596,0.164234206,0.165141001,0.165164098,0.164455801,0.1633057,0.161756799,0.160006404,0.157944799,0.155606598,0.153095901,0.150657296,0.148306698,0.145963997,0.143704802,0.1415115,0.139250502,0.137048304,0.134875402,0.132818505,0.130894199,0.129148603,0.127539694,0.126311004,0.125294894,0.124460504,0.123957403,0.124019302,0.124938801,0.127211005,0.131699204,0.138893202,0.148245305,0.158830598,0.170300901,0.181792006,0.192748994,0.202462196,0.210504606,0.217821702,0.2247096,0.231266797,0.236689597,0.240466103,0.242420107,0.242969394,0.241857693,0.238832593,0.234334394,0.229230404,0.224224493,0.2197368,0.215817004,0.212826699,0.210515499,0.2087138,0.207341194,0.2061719,0.205080599,0.203711197,0.201996505,0.200046405,0.198153302,0.196859896,0.196259603,0.196412593,0.197613597,0.199959397,0.203484997,0.208350003,0.214724302,0.222586095,0.231362701,0.2409105,0.250569493,0.259983987,0.268539012,0.275752604,0.281490088,0.286422014,0.291962892,0.299289405,0.309081614,0.321216285,0.335331589,0.351247788,0.36774829,0.384053201,0.399150908,0.4122352,0.422485501,0.429759711,0.434585899,0.437821597,0.439928591,0.4412826,0.442335397,0.442942411,0.442899913,0.4420591,0.440762609,0.438973099,0.437119693,0.435067594,0.432579309,0.4300327,0.427436888,0.424797386,0.422032505,0.419679701,0.417591393,0.416046292,0.414705306,0.413354009,0.412134111,0.411199212,0.410142213,0.409073502,0.407993287,0.406845689,0.405404389,0.403645396,0.401255488,0.398452789,0.395386189,0.391774714,0.388404012,0.385061801,0.381817788,0.378831089,0.376078486,0.373595804,0.3714526,0.36971131,0.368521512
BarleyWholePerten0073,Perten_DA72xx,barley,Unknown,US,0,6.889999867,13.29609966,0.134990007,0.135742307,0.137299404,0.139819205,0.143156096,0.146769896,0.149868399,0.151905805,0.152804494,0.152829394,0.152179599,0.151094094,0.149628297,0.1479581,0.145942807,0.143758103,0.141328797,0.138998404,0.136729404,0.134476498,0.132277399,0.130138397,0.127978206,0.125919893,0.123813197,0.121802002,0.119973101,0.118294597,0.116736703,0.115603298,0.1146902,0.113935202,0.113516003,0.1136254,0.114663303,0.117000103,0.121513501,0.128732801,0.1380409,0.148481399,0.159769893,0.171004906,0.181498393,0.190733194,0.198347196,0.205177605,0.211566299,0.217594802,0.222657293,0.226138696,0.227974698,0.228479296,0.227510005,0.224754304,0.220620304,0.215912506,0.211282104,0.207051098,0.203390405,0.200565606,0.198347196,0.196627304,0.195309505,0.194215894,0.193225399,0.191907406,0.190313399,0.188528597,0.1867899,0.185630307,0.185170397,0.185430601,0.186693698,0.189015493,0.192544103,0.197319195,0.203523293,0.211069003,0.219502494,0.228571102,0.237664998,0.246431202,0.254454404,0.261215508,0.266638607,0.271354407,0.276693404,0.283833504,0.29337579,0.305205792,0.318949103,0.334355503,0.350258797,0.365895003,0.380271286,0.392730415,0.402519912,0.409403712,0.413861811,0.416825414,0.418767095,0.420033395,0.420988798,0.421445906,0.421257585,0.420194,0.418666095,0.416724712,0.414691389,0.412439287,0.409844905,0.407204688,0.404455006,0.401684314,0.398929805,0.396457702,0.394303888,0.3926467,0.391312808,0.389890909,0.388643891,0.387572408,0.386419296,0.385306507,0.384127587,0.382911801,0.381442785,0.379683495,0.377356499,0.374529094,0.371557206,0.36803931,0.364690512,0.361533403,0.358430207,0.355548888,0.352931202,0.3506262,0.348606914,0.347011894,0.345889598
BarleyWholePerten0074,Perten_DA72xx,barley,Unknown,US,0,6.369999886,13.92716026,0.148573503,0.149039,0.150329098,0.152660698,0.155774295,0.1592962,0.162276104,0.164184094,0.165015101,0.165065199,0.164322093,0.163165107,0.161627099,0.159875602,0.157894194,0.155640498,0.153188497,0.150824904,0.148503706,0.146222606,0.143959999,0.141826004,0.139614895,0.137430802,0.135338798,0.133305803,0.131384298,0.129679397,0.128074899,0.126839399,0.125838697,0.124983199,0.124419101,0.1244049,0.125237495,0.127330005,0.131586298,0.138492301,0.147395104,0.157484502,0.168502793,0.179594904,0.190157294,0.199553698,0.207422793,0.214473501,0.221088395,0.227408201,0.232662201,0.236307994,0.238178596,0.238649204,0.237575606,0.234590605,0.230223298,0.225244701,0.220376506,0.215922505,0.2120713,0.209100395,0.206789106,0.204982504,0.203556895,0.202372804,0.201279298,0.199904695,0.1981709,0.196192399,0.194295704,0.192980006,0.192387804,0.192489699,0.193622902,0.195849896,0.1993099,0.204075798,0.210310102,0.218058407,0.226768807,0.236233294,0.245834693,0.255156905,0.263661295,0.270844996,0.27652669,0.281443507,0.28689909,0.294237793,0.30411461,0.316391707,0.330827206,0.347140104,0.364271998,0.381247312,0.397025287,0.410665393,0.421287507,0.428766489,0.4337008,0.436939806,0.439054191,0.440336108,0.441390187,0.441938698,0.441759914,0.440763414,0.439299792,0.437375993,0.435351789,0.433165491,0.430510789,0.427805513,0.424953491,0.422050804,0.419161409,0.4166722,0.4145118,0.412733108,0.411327004,0.409917802,0.408639193,0.407481104,0.406355202,0.405243486,0.404023498,0.402794987,0.401242197,0.399336487,0.396805614,0.39376691,0.390572012,0.386790991,0.383185595,0.379712105,0.376411498,0.373327106,0.370380402,0.367800415,0.365608096,0.363816589,0.362455189
BarleyWholePerten0075,Perten_DA72xx,barley,Unknown,US,0,7.010000229,11.44209003,0.110281602,0.111259803,0.113347299,0.1164487,0.120384701,0.124633603,0.128310606,0.130768895,0.132001802,0.132319495,0.131884202,0.130943507,0.1295899,0.127983406,0.126187101,0.124090999,0.1218528,0.119657502,0.117524996,0.115387999,0.113342397,0.111414202,0.109399803,0.107432902,0.1055011,0.103651799,0.101940803,0.100380004,0.098916352,0.097880088,0.097044677,0.096392907,0.096055843,0.096271157,0.097368442,0.099742979,0.1042758,0.1114356,0.120712303,0.131295502,0.142789304,0.154279798,0.164974898,0.174223095,0.1817635,0.1886006,0.195110798,0.201371998,0.206708804,0.210534602,0.212684006,0.213556305,0.212856501,0.210200906,0.205969393,0.201086402,0.196340397,0.192030206,0.188345999,0.185546204,0.1833812,0.181698397,0.180329695,0.179262102,0.178243995,0.176940903,0.175325707,0.173525199,0.171801001,0.170649096,0.170221403,0.170455098,0.171641395,0.173931599,0.177425802,0.182165295,0.188260198,0.195789605,0.204198003,0.213263795,0.222398907,0.231268302,0.239423201,0.246275902,0.251725406,0.256405205,0.26173529,0.2687774,0.278160691,0.28981331,0.303366095,0.318755806,0.334861904,0.350706488,0.365417898,0.378221393,0.388183504,0.395256013,0.400028914,0.403111488,0.405217707,0.406608999,0.407669008,0.408364296,0.40832299,0.407411605,0.406063199,0.404250503,0.402303308,0.4001849,0.397703707,0.395175487,0.392578304,0.389932096,0.387196899,0.384860486,0.382804096,0.381217688,0.379919797,0.378601998,0.37750271,0.376491696,0.375519902,0.374476492,0.373327613,0.372167707,0.370779306,0.369109213,0.3668091,0.364016891,0.36100179,0.357473701,0.354112387,0.350850195,0.347714692,0.3447918,0.342061788,0.339633286,0.337652594,0.335987687,0.334731698
BarleyWholePerten0076,Perten_DA7200,barley,Unknown,Slovenia,2004,10.5,13.5,0.139305994,0.140377998,0.142095998,0.144695997,0.147652999,0.150518,0.152974993,0.154361993,0.154894993,0.154576004,0.153841004,0.152641997,0.1514,0.149634004,0.147772998,0.145535007,0.143318996,0.141156003,0.139033005,0.136851996,0.134718001,0.132725999,0.130640999,0.128626004,0.126614004,0.124922998,0.123230003,0.121748999,0.120494999,0.119507998,0.118701004,0.118210003,0.118087001,0.118311003,0.119208001,0.121381998,0.125566006,0.132084996,0.140459001,0.149914995,0.160111994,0.170157,0.179591999,0.187722996,0.194617003,0.200849995,0.206588,0.211812004,0.216004998,0.218896002,0.220326006,0.220512003,0.219237,0.216613993,0.212754995,0.208443999,0.204119995,0.200429007,0.197331995,0.194759995,0.192654997,0.191135004,0.190079004,0.189082995,0.188222006,0.187101007,0.185820997,0.184322998,0.183053002,0.182168007,0.182059005,0.182540998,0.183920994,0.186287001,0.189725995,0.194377005,0.200021997,0.206764996,0.214120999,0.221891999,0.229671001,0.237358004,0.244348005,0.250144988,0.255205005,0.259799987,0.265332997,0.272403985,0.281704992,0.292793989,0.305875987,0.320021987,0.334650993,0.349195004,0.361995995,0.373053014,0.381832004,0.388278008,0.392785996,0.395956993,0.397762001,0.398885012,0.399753988,0.400294989,0.399944991,0.398862988,0.397637993,0.395608008,0.393808007,0.391701013,0.389398009,0.387585014,0.385168999,0.382400006,0.379893005,0.377745003,0.375892997,0.374624997,0.373026997,0.372060001,0.371100992,0.369654,0.368469,0.367466986,0.366566002,0.365276009,0.363994986,0.362105012,0.359991998,0.357508987,0.354535997,0.351734996,0.348683,0.346179992,0.343304008,0.340537012,0.338007003,0.335678011,0.33404699,0.332729012,0.331703991
BarleyWholePerten0077,Perten_DA7200,barley,Unknown,Slovenia,2004,10.89999962,10.89999962,0.143851996,0.144901007,0.146623001,0.149129003,0.151859999,0.154484004,0.156776995,0.157912999,0.158246994,0.157759994,0.156895995,0.155613005,0.154262006,0.152374998,0.150404006,0.148159996,0.145979002,0.143860996,0.141733006,0.139621005,0.137566,0.135644004,0.133606002,0.131650001,0.129714996,0.128089994,0.126490995,0.125092,0.123879999,0.122915998,0.122137003,0.121629,0.121471003,0.121653996,0.122451998,0.124493003,0.128471002,0.134582996,0.142591,0.151819006,0.161933005,0.171844006,0.180958003,0.188669995,0.195162997,0.201029003,0.206547007,0.211698994,0.215855002,0.218797997,0.220341995,0.220611006,0.219437003,0.216826007,0.212929994,0.208554998,0.204110995,0.200286999,0.197093993,0.194426,0.192234993,0.190604001,0.189436004,0.188262001,0.187208995,0.185963005,0.184597999,0.183101997,0.181877002,0.181017995,0.180914998,0.181426004,0.182891995,0.185347006,0.188895002,0.193728998,0.199579999,0.206487,0.214078993,0.222029999,0.229956001,0.237767994,0.244850993,0.250858009,0.256168991,0.260982007,0.266894013,0.274639994,0.284877986,0.297138989,0.311536998,0.327114999,0.343107998,0.358958006,0.372895986,0.384784997,0.394149989,0.400871009,0.405454993,0.408524007,0.410171002,0.411206007,0.411942005,0.412285,0.411666989,0.410281986,0.408722013,0.406370014,0.404127002,0.401526988,0.398853988,0.396638006,0.393839002,0.390634,0.387798995,0.385416001,0.383248001,0.381660998,0.379887998,0.378834993,0.377754003,0.376295,0.375111997,0.373955011,0.372837007,0.371309996,0.369825006,0.367628008,0.365334988,0.362706989,0.359227985,0.355958998,0.352521002,0.349655986,0.34643501,0.343351007,0.340593994,0.33792299,0.336071014,0.334668011,0.333739996
BarleyWholePerten0078,Perten_DA7200,barley,Unknown,Slovenia,2004,11.10000038,9.699999809,0.140934005,0.142100006,0.143931001,0.146520004,0.149334997,0.152105004,0.154519007,0.155709997,0.156085998,0.155661002,0.154877007,0.153612003,0.152275994,0.150411993,0.148451999,0.146246001,0.144075006,0.141982004,0.139879003,0.137784004,0.135765001,0.133871004,0.131860003,0.129941002,0.128041998,0.126441002,0.124866001,0.123490997,0.122285999,0.121339001,0.120554,0.120067999,0.119896002,0.120058,0.120852999,0.122891001,0.126818001,0.132886007,0.140854001,0.150058001,0.160154,0.170055002,0.179129005,0.186764002,0.193171993,0.198969007,0.204441994,0.209564,0.213718996,0.216694996,0.218309999,0.218656004,0.217548996,0.214990005,0.211147994,0.206807002,0.202370003,0.198546007,0.195379004,0.192759007,0.190595999,0.188972995,0.187793002,0.186623007,0.185562,0.184303001,0.182928994,0.181444004,0.180221006,0.179377005,0.179267004,0.179762006,0.181217,0.183635995,0.187145993,0.191951007,0.19777,0.204616994,0.212142006,0.220027,0.227853,0.235557005,0.242584005,0.248585999,0.253906012,0.258706987,0.264593989,0.272395015,0.282723993,0.295103014,0.309684992,0.325504988,0.341760993,0.357896,0.372096002,0.384211004,0.393754005,0.40061301,0.405276001,0.408403993,0.410082996,0.411101013,0.411817014,0.412164003,0.411504,0.410064012,0.408425987,0.405993998,0.403667003,0.400990009,0.398221999,0.395933986,0.393043011,0.389748007,0.386853993,0.384404004,0.382167012,0.380508006,0.378728002,0.37765199,0.376572013,0.375108987,0.373907,0.372694999,0.371526986,0.369991988,0.368423015,0.366192997,0.363871992,0.361236006,0.357751995,0.354391992,0.350852013,0.347896993,0.344642997,0.341497988,0.338674992,0.335974991,0.334075004,0.332605004,0.331687003
BarleyWholePerten0079,Perten_DA7200,barley,Unknown,Slovenia,2004,11.10000038,9.800000191,0.136323005,0.137467995,0.139158994,0.141596004,0.144262001,0.146876007,0.149143994,0.150261,0.150582999,0.150143996,0.149336994,0.148109004,0.146788999,0.144945994,0.143029004,0.140855998,0.138723999,0.136627004,0.134519994,0.132462993,0.130463004,0.128576994,0.126589999,0.124697998,0.122823,0.121238001,0.119668998,0.118314996,0.117164001,0.116218999,0.115447,0.114952996,0.114753999,0.114900999,0.115647003,0.117602997,0.121404998,0.127271995,0.134999007,0.143962994,0.153844997,0.163542002,0.172445998,0.179968998,0.186274007,0.191982999,0.197357997,0.202387005,0.206468999,0.209391996,0.210979998,0.211300001,0.210196003,0.207664996,0.203856006,0.199570999,0.195189998,0.191420004,0.188296005,0.185698003,0.183565006,0.181964994,0.180809006,0.179642007,0.178596005,0.177369997,0.175997004,0.174518004,0.173296005,0.172451004,0.172335997,0.172814995,0.174226999,0.176596999,0.180058003,0.184768006,0.190484002,0.197210997,0.204601005,0.212363005,0.220115006,0.227740005,0.234669,0.240557,0.245754004,0.250485003,0.256296009,0.263935,0.274062008,0.286276996,0.300648004,0.316215009,0.332224995,0.348127991,0.362138987,0.374136001,0.383567989,0.390352011,0.395002991,0.398090988,0.399767011,0.400804997,0.401526988,0.401876003,0.401255995,0.399866015,0.398234993,0.395853996,0.393563002,0.390899986,0.388161987,0.385865003,0.383011997,0.379777998,0.376935989,0.374507994,0.372305006,0.370694995,0.368923992,0.36786899,0.36680001,0.365328997,0.36413601,0.36294499,0.361815989,0.36027801,0.358749986,0.356530994,0.354205012,0.351581007,0.348152012,0.344850004,0.341367006,0.338436991,0.335166007,0.332046986,0.329203993,0.326528996,0.324642986,0.323179007,0.322270006
BarleyWholePerten0080,Perten_DA7200,barley,Unknown,Slovenia,2004,13.10000038,11.89999962,0.163697004,0.164951995,0.166610003,0.168871,0.171132997,0.173184007,0.174899995,0.175602004,0.175617993,0.174882993,0.173878998,0.172442004,0.171074003,0.169195995,0.167309001,0.165188,0.163091004,0.161037996,0.159033999,0.157066003,0.155100003,0.153252006,0.15129,0.149443001,0.147614002,0.146100998,0.144615993,0.143363997,0.142267004,0.141403005,0.140689001,0.140246004,0.140121996,0.140283003,0.140981004,0.142794997,0.146336004,0.151844993,0.159131005,0.167560995,0.176774994,0.185709,0.193809003,0.200498998,0.206064999,0.211118996,0.215830997,0.220210999,0.223645002,0.225976005,0.227053002,0.227035001,0.225707993,0.223114997,0.219416007,0.215338007,0.211192995,0.207651004,0.204716995,0.202215001,0.200075999,0.198458001,0.197316006,0.196171999,0.195149005,0.194010004,0.192798004,0.191470996,0.190443993,0.189815,0.189895004,0.190559,0.192142993,0.194658995,0.198172003,0.202877,0.208471,0.215029001,0.222167,0.229587004,0.236919001,0.244117007,0.250669986,0.256258994,0.261337012,0.266250998,0.272569001,0.280979008,0.29211399,0.305381,0.320733011,0.337027013,0.353455991,0.369347006,0.383029014,0.394531995,0.403409988,0.409711987,0.414032012,0.416884989,0.418282002,0.419052988,0.419597,0.419725001,0.418826014,0.417080998,0.415131003,0.412393987,0.409732014,0.406814009,0.403825015,0.401340008,0.39822799,0.394726008,0.39160201,0.388936013,0.386519998,0.384633005,0.382524997,0.381249994,0.379987001,0.378241003,0.376749009,0.375319988,0.373993993,0.372233003,0.370546997,0.368214011,0.365745008,0.363023013,0.359465003,0.355989993,0.352400005,0.349456996,0.346159011,0.343017012,0.340142995,0.337336987,0.335303992,0.333712012,0.332762986
BarleyWholePerten0081,Perten_DA7200,barley,Unknown,Slovenia,2004,16,14.89999962,0.174180999,0.175560996,0.177223995,0.179352999,0.181364998,0.183068007,0.184498996,0.184965998,0.184762999,0.183824003,0.182622001,0.180995002,0.179458007,0.177432001,0.175411999,0.173142001,0.170922995,0.168723002,0.166582003,0.164472997,0.162426993,0.160502002,0.158427998,0.156516001,0.154666007,0.153187007,0.15174,0.150561005,0.149537996,0.148791999,0.148220003,0.147898004,0.147911996,0.148214996,0.149057999,0.151062995,0.154907003,0.160885006,0.168714002,0.177664995,0.187319994,0.196527004,0.204734996,0.211438999,0.216992006,0.221964002,0.226506993,0.230658993,0.233833998,0.235898003,0.236708999,0.236466005,0.234979004,0.232306004,0.228625998,0.224631995,0.220595002,0.217205003,0.214392006,0.211965993,0.209858,0.208292007,0.207219005,0.206156999,0.205277994,0.204307005,0.203311995,0.202252999,0.201543003,0.201251,0.201710999,0.202770993,0.204800993,0.207800001,0.211795002,0.216961995,0.222939998,0.229785994,0.237109006,0.244595006,0.251902014,0.259065002,0.265569001,0.271164,0.276432008,0.281854987,0.289101005,0.298716009,0.311235994,0.325951994,0.342537999,0.359531999,0.376194,0.391975999,0.405212998,0.416209996,0.42465499,0.430651993,0.434801012,0.437611014,0.43897599,0.439700007,0.440203995,0.440221012,0.439112008,0.437132001,0.434951007,0.431906015,0.428968996,0.425781995,0.422504008,0.419773996,0.416411012,0.412694007,0.409337014,0.406428993,0.403759986,0.401587993,0.399197012,0.397630006,0.396037996,0.393981993,0.392174989,0.39043799,0.388864994,0.386940002,0.385140985,0.382735014,0.380214989,0.377449006,0.373934001,0.370537013,0.367033988,0.364165008,0.360944986,0.357894003,0.355100989,0.352385014,0.350418001,0.34889099,0.347887009
BarleyWholePerten0082,Perten_DA7200,barley,Unknown,Sweden,2006,11.80000019,10.80000019,0.098338999,0.100722,0.103981003,0.107974999,0.112545997,0.117146,0.121018998,0.123751998,0.125369996,0.125916004,0.125695005,0.124926001,0.123765998,0.122225002,0.120485999,0.118519999,0.116416,0.114295997,0.112296999,0.110394001,0.108517997,0.106660999,0.104851,0.103073999,0.101375997,0.099826001,0.098442003,0.097184002,0.096208997,0.095458999,0.094976999,0.094769001,0.094911002,0.095562004,0.097010002,0.099933997,0.105129004,0.113020003,0.123207003,0.134932995,0.147480995,0.159842998,0.171191007,0.180995002,0.189232007,0.196501002,0.203407005,0.209784001,0.215177998,0.219105005,0.221512005,0.222340003,0.221524999,0.218841001,0.214659005,0.209832996,0.205117002,0.200873002,0.197361007,0.194555998,0.192440003,0.190901995,0.189747006,0.188788995,0.187842995,0.186704993,0.185340002,0.183902994,0.182696998,0.181911007,0.181852996,0.182648003,0.184447005,0.187382996,0.191591993,0.197127998,0.203980997,0.211881995,0.220493004,0.229499996,0.238539994,0.247357994,0.255466014,0.262582004,0.268824995,0.274751991,0.281369001,0.28965199,0.30013001,0.312747002,0.327122003,0.34276399,0.358705014,0.373950005,0.387959987,0.400148004,0.41000399,0.417475998,0.422711015,0.426290989,0.428824991,0.430611014,0.431787014,0.432559013,0.43265599,0.432045996,0.430839002,0.429284006,0.427403987,0.425372988,0.423083007,0.420785993,0.418442011,0.416054994,0.41376701,0.411695004,0.409954995,0.408479005,0.407366008,0.406464011,0.40557,0.404790014,0.404040009,0.403234989,0.402467996,0.40151,0.400384009,0.398957014,0.397201002,0.394932985,0.39231199,0.389530987,0.386714995,0.383989006,0.381339014,0.378892988,0.376662999,0.374561012,0.37272501,0.371134996,0.369796991
BarleyWholePerten0083,Perten_DA7200,barley,Unknown,Sweden,2006,11.80000019,11.80000019,0.172339007,0.172958002,0.174073994,0.175656006,0.177523002,0.179513007,0.181140006,0.182108998,0.182466999,0.182214007,0.181520999,0.180592999,0.179423004,0.178023994,0.176468998,0.174766004,0.173004001,0.171223,0.169544995,0.167926997,0.166308001,0.164726004,0.163145006,0.161586002,0.160093993,0.158711001,0.157360002,0.156059995,0.154952005,0.153990001,0.153162003,0.152502999,0.152043,0.151913002,0.152246997,0.153467998,0.156064004,0.160334006,0.166075006,0.172920004,0.180475995,0.188177005,0.195444003,0.201796994,0.207103998,0.211754993,0.216183007,0.220311999,0.223731995,0.226089001,0.227392003,0.227577001,0.226545006,0.224150002,0.220562995,0.216453999,0.212418005,0.208743006,0.205590993,0.202939004,0.200769007,0.199046999,0.197668001,0.196456,0.195243999,0.193910003,0.192393005,0.190812007,0.189383,0.188270003,0.187719002,0.187831998,0.188688994,0.190426007,0.193162993,0.196937993,0.201785997,0.207527995,0.213937998,0.220802993,0.227781996,0.234693006,0.241099998,0.246655002,0.251433015,0.255993992,0.261227012,0.267926008,0.276603997,0.287322015,0.299778998,0.313726008,0.32842201,0.342979997,0.356593996,0.368533999,0.378192991,0.385345012,0.390219003,0.393393993,0.395451009,0.39673999,0.397477001,0.397823006,0.397531003,0.396476001,0.394831002,0.392809987,0.390489996,0.387973994,0.38526699,0.382530987,0.379732013,0.376938999,0.37428999,0.371872991,0.369868994,0.368124008,0.366750002,0.365601003,0.364504993,0.363393009,0.362300992,0.361144006,0.360085011,0.358841002,0.357376993,0.355634004,0.353545994,0.350962013,0.348035991,0.344963998,0.341859996,0.338869005,0.335958004,0.333281994,0.330879986,0.328631997,0.326649994,0.324968994,0.323608995
BarleyWholePerten0084,Perten_DA7200,barley,Unknown,Sweden,2006,11.19999981,13.60000038,0.107101999,0.109164998,0.112144001,0.115845002,0.120090999,0.124426,0.128105,0.130634993,0.132025003,0.13245,0.132131994,0.131327003,0.130132005,0.128582999,0.126794994,0.124755003,0.122589,0.120393999,0.118316002,0.116356,0.114405997,0.112470999,0.110567004,0.108733997,0.106925003,0.105286002,0.103816003,0.102496997,0.101438999,0.100652002,0.100102,0.099868,0.100019999,0.100712001,0.102247998,0.105299003,0.110647,0.118685,0.128883004,0.140476003,0.152824998,0.165055007,0.176367,0.186215997,0.194539994,0.201866999,0.208725005,0.214980006,0.220184997,0.223921001,0.226128995,0.226839006,0.225976005,0.223373994,0.219341993,0.214671001,0.210062996,0.205873996,0.202327997,0.199457005,0.197246,0.195613995,0.194417998,0.193445996,0.192495003,0.191337004,0.189905003,0.188382,0.187084004,0.186221004,0.186101005,0.186863005,0.188639,0.191575006,0.195819005,0.201409996,0.208349004,0.216391996,0.225202993,0.234455004,0.243718997,0.252741993,0.261022002,0.268220007,0.274462014,0.280306995,0.286803991,0.294955999,0.305350989,0.317909986,0.332215011,0.347779006,0.363734007,0.379153997,0.393415004,0.405797005,0.415778011,0.423276007,0.428463996,0.431946993,0.434359014,0.436026007,0.437195003,0.437909991,0.437981993,0.437289,0.436033011,0.434377998,0.432401002,0.430260986,0.427882999,0.425471008,0.423000991,0.420480996,0.41811201,0.415978998,0.414231002,0.412734002,0.41159901,0.410679996,0.409779012,0.408926994,0.408105999,0.407224,0.406387001,0.405429006,0.404249013,0.402738988,0.400931001,0.398618013,0.395938993,0.393041015,0.390139997,0.387295991,0.384620994,0.382200003,0.379994988,0.377941996,0.376183003,0.374743998,0.37360701
BarleyWholePerten0085,Perten_DA7200,barley,Unknown,Sweden,2006,13.10000038,15.80000019,0.137160003,0.138624996,0.140698001,0.143262997,0.146151006,0.149026007,0.151397005,0.152985007,0.153767005,0.153727993,0.153109998,0.152144,0.150909007,0.149378002,0.147641003,0.145735994,0.143711999,0.141629994,0.139671996,0.137786999,0.135907993,0.134076998,0.132266,0.130508006,0.128855005,0.127324998,0.125894994,0.124642998,0.123625003,0.122837998,0.122281,0.121950001,0.121913999,0.122322001,0.123372003,0.125695005,0.129989997,0.136603996,0.145154998,0.154998004,0.165536001,0.175975993,0.185634002,0.194049001,0.201144993,0.207322002,0.213081002,0.218298003,0.222555995,0.225474998,0.227102995,0.227408007,0.226331994,0.223711997,0.219834998,0.215474993,0.211220995,0.207402006,0.204160005,0.201474994,0.199342996,0.197735995,0.196521998,0.195543006,0.194608003,0.193550006,0.192312002,0.190993995,0.189881995,0.189192995,0.189191997,0.189995006,0.191708997,0.194473997,0.198394001,0.203488007,0.209778994,0.217014998,0.224866003,0.233086005,0.241318002,0.249380007,0.256832987,0.263359994,0.269107014,0.274755001,0.281320006,0.289687991,0.300339997,0.313178003,0.327706993,0.343421012,0.359324992,0.374467999,0.388274014,0.400222987,0.409878999,0.41712299,0.42215699,0.425559014,0.427902013,0.429448992,0.430397987,0.430988997,0.430844992,0.429895014,0.428319007,0.426367998,0.424120992,0.421691001,0.419016987,0.416325986,0.413621008,0.410898,0.40833199,0.406006992,0.404036999,0.402312011,0.40092501,0.399800986,0.398662001,0.397558987,0.396450996,0.395366013,0.394315004,0.393108994,0.391719997,0.390022993,0.388025999,0.385594994,0.382779986,0.379806012,0.376854003,0.373948008,0.371127009,0.368541986,0.366160005,0.363967001,0.362004995,0.360275,0.358891994
BarleyWholePerten0086,Perten_DA7200,barley,Unknown,Sweden,2006,17,10.39999962,0.145431995,0.146934003,0.148846,0.150975004,0.153144002,0.155156001,0.156696007,0.157592997,0.15783,0.157432005,0.156513006,0.155303001,0.153853998,0.152107999,0.150226995,0.148251995,0.146191001,0.144125998,0.142171994,0.140331,0.138479993,0.136705995,0.135015994,0.133358002,0.131779999,0.130389005,0.129093006,0.127875,0.126897007,0.126133993,0.125543997,0.125139996,0.124961004,0.125101998,0.125763997,0.127434,0.130733997,0.136088997,0.143290997,0.151868999,0.161088005,0.170017004,0.177993998,0.184694007,0.190128997,0.194787994,0.199192002,0.203269005,0.206700996,0.209123001,0.210436001,0.210616007,0.209526002,0.207067996,0.203489006,0.199478,0.195602998,0.192135006,0.189215004,0.186814994,0.184846997,0.183289006,0.182049006,0.180984005,0.179977998,0.178917006,0.177793995,0.176716,0.175908998,0.175497994,0.175720006,0.176676005,0.178471997,0.181181997,0.184906006,0.189675003,0.195418999,0.201885998,0.208785996,0.215869993,0.222882003,0.229757994,0.236179993,0.241936997,0.247206003,0.252775997,0.259728015,0.268759996,0.280360013,0.29439801,0.310167015,0.326965004,0.343721986,0.359474987,0.373587996,0.385616005,0.395278007,0.402471989,0.407413006,0.410672993,0.412804991,0.414115012,0.41476801,0.414967001,0.414364994,0.412851989,0.410614997,0.407929987,0.404915005,0.401726991,0.398380011,0.395036995,0.391671002,0.38835299,0.385203004,0.382342011,0.379886001,0.377682,0.375806004,0.374199987,0.37261799,0.371120989,0.369630992,0.368111014,0.366652995,0.365083009,0.363308013,0.361297011,0.359023005,0.356243998,0.353168011,0.350001991,0.346798003,0.34364301,0.340636998,0.337839007,0.335278004,0.332852006,0.330720991,0.328862995,0.327282012
BarleyWholePerten0087,Perten_DA7200,barley,Unknown,Sweden,2006,11.69999981,13,0.101393998,0.103037998,0.105493002,0.108595997,0.112126,0.115736,0.118803002,0.120888002,0.122040004,0.122340001,0.121964999,0.121174999,0.120072998,0.118647002,0.117005996,0.115160003,0.113208003,0.111204997,0.109356999,0.107573003,0.105783999,0.104050003,0.102330998,0.100651003,0.099072002,0.097613998,0.096303999,0.095091,0.094116002,0.093382001,0.092894003,0.092644997,0.092703,0.093235999,0.094503999,0.097048998,0.101636,0.108634003,0.117624998,0.127985999,0.139116004,0.150212005,0.160523996,0.169520006,0.177105993,0.183795005,0.190112993,0.195941001,0.200789005,0.204245001,0.206324995,0.206971005,0.206107006,0.203549996,0.199586004,0.195032999,0.190586001,0.186607003,0.183276996,0.180575997,0.178494006,0.176965997,0.175842002,0.174923003,0.174022004,0.172962993,0.171687007,0.170317993,0.169134006,0.168363005,0.168303996,0.169018999,0.170671001,0.1734,0.177301005,0.182432994,0.188837007,0.196260005,0.204370007,0.212913007,0.221530005,0.229972005,0.237770006,0.244608998,0.25058499,0.256307006,0.262777001,0.270886987,0.281190008,0.293619007,0.307837009,0.323318988,0.339165002,0.354440004,0.368487001,0.380697012,0.390606999,0.398061007,0.403259009,0.406814992,0.409285009,0.410979986,0.412117004,0.412838012,0.412865996,0.412185013,0.410932988,0.409321994,0.407398999,0.405301988,0.402949989,0.400581986,0.398128986,0.395691991,0.393353999,0.391220003,0.389468998,0.388013005,0.386848003,0.385946989,0.385037988,0.384178013,0.383361995,0.382506996,0.381648004,0.380667001,0.379453003,0.377914012,0.376100987,0.373773992,0.371062011,0.368185997,0.365296006,0.362497985,0.359762996,0.357237995,0.354968011,0.352804989,0.350892007,0.349263996,0.347847015
BarleyWholePerten0088,Perten_DA7200,barley,Unknown,Sweden,2006,13.80000019,11.69999981,0.179321006,0.180190995,0.181437001,0.183055997,0.184873,0.186755002,0.188205004,0.189035997,0.189272001,0.188925996,0.188109994,0.187014997,0.185720995,0.184189007,0.182411,0.180570006,0.178626999,0.176642999,0.174786001,0.172989994,0.171179995,0.169410005,0.167659,0.165986002,0.164351001,0.162821993,0.161364004,0.159988001,0.158769995,0.157739997,0.156859994,0.156169996,0.155684993,0.155536994,0.155854002,0.157091007,0.159785003,0.164343998,0.170507997,0.177903995,0.186003,0.194175005,0.201775998,0.208385006,0.213891,0.218683004,0.223232001,0.227467001,0.230924994,0.233266994,0.234468997,0.234519005,0.233284995,0.230588004,0.226716995,0.222407997,0.218198001,0.214394003,0.211161003,0.208465993,0.206267998,0.204503998,0.203067005,0.201848,0.200651005,0.199353993,0.197906002,0.196415007,0.195118994,0.194193006,0.193867996,0.194224,0.195381001,0.197497994,0.200647995,0.204868004,0.210164994,0.216333002,0.223110005,0.230276004,0.237535998,0.244745001,0.251442999,0.257364988,0.262591004,0.267791987,0.274008006,0.282012999,0.292356014,0.305047005,0.319581002,0.335500002,0.351774991,0.367437989,0.381808996,0.394302011,0.404404014,0.412012994,0.417308986,0.420868009,0.423281997,0.424867004,0.425808996,0.426301986,0.426057011,0.425000995,0.423280001,0.421131998,0.418648005,0.415991008,0.413111001,0.410169989,0.407168001,0.404172003,0.401338011,0.398748994,0.396530986,0.394612998,0.393023014,0.391689003,0.390336007,0.389077008,0.38785401,0.386622012,0.385419011,0.384056002,0.382454991,0.380580992,0.378363997,0.375669003,0.372608006,0.369421005,0.366145998,0.363025993,0.359961003,0.357095987,0.354458988,0.352046013,0.349842012,0.347936004,0.346332997
BarleyWholePerten0089,Perten_DA7200,barley,Unknown,Sweden,2006,12.39999962,12.39999962,0.143480003,0.144279003,0.145539999,0.147218004,0.149158999,0.151181996,0.152804002,0.153776005,0.154084995,0.153767005,0.153105006,0.152143002,0.150885999,0.149414003,0.147817001,0.146086007,0.144289002,0.14249,0.140809998,0.139206007,0.137608007,0.136026993,0.134470001,0.132967994,0.131559998,0.130206004,0.128901005,0.127636001,0.12658,0.125681996,0.124936,0.124361999,0.124013998,0.123972997,0.124404997,0.125753,0.128468007,0.132887006,0.138816997,0.145879,0.153610006,0.161419004,0.168659002,0.174925,0.180153996,0.184762999,0.189146996,0.193203002,0.196599007,0.198993996,0.200287998,0.200519994,0.199628994,0.197440997,0.194137007,0.190381005,0.186695993,0.183293998,0.180364996,0.177916005,0.175944999,0.174377993,0.173132002,0.172062993,0.170993,0.169790998,0.168420002,0.167031005,0.165799007,0.164905995,0.164541006,0.164865002,0.165924996,0.167833,0.170704007,0.174591005,0.179498002,0.185276002,0.191652,0.198401004,0.205276996,0.212078005,0.218392998,0.223924995,0.228689,0.233291999,0.238711998,0.245667994,0.254756004,0.265980005,0.279022992,0.293545991,0.308701009,0.323596001,0.337437987,0.349550009,0.359366,0.366643995,0.371656001,0.374978989,0.377137989,0.378479987,0.37933299,0.379716992,0.379422009,0.378385991,0.37668401,0.374632001,0.372262001,0.369645,0.366831988,0.363995999,0.361088008,0.358181,0.35542199,0.352964014,0.350892007,0.349081993,0.347608,0.346377999,0.345167995,0.344071001,0.342940003,0.341821015,0.340662986,0.339368999,0.33791101,0.336169004,0.334037006,0.331357002,0.328355998,0.325233012,0.322088987,0.31903401,0.316080004,0.313344985,0.310804009,0.308535993,0.306553006,0.304836988,0.30330199
BarleyWholePerten0090,Perten_DA7200,barley,Unknown,Sweden,2006,13.10000038,13.69999981,0.097305998,0.099250004,0.101829998,0.104887001,0.108315997,0.111721002,0.114574999,0.116520003,0.117559001,0.117776997,0.117343999,0.116558999,0.115428999,0.113992997,0.112333,0.110509999,0.108547002,0.106583998,0.104736,0.102976002,0.101245999,0.099526003,0.097842999,0.096221998,0.094669998,0.093292996,0.092044003,0.090938002,0.090085998,0.089479998,0.089091003,0.088950001,0.089120001,0.089736998,0.091054998,0.093689002,0.098316997,0.105288997,0.114248999,0.124531999,0.135492995,0.146305993,0.156234995,0.164790005,0.171918005,0.178120002,0.183915004,0.189216003,0.193591997,0.196685001,0.198495999,0.199062005,0.198247999,0.195868,0.192249999,0.188104004,0.184052005,0.180381,0.177286997,0.174755007,0.172810003,0.171324998,0.170218006,0.169366002,0.168525994,0.167555004,0.166400001,0.165205002,0.164205998,0.163619995,0.163706005,0.164596006,0.166397005,0.169220001,0.173161,0.178269997,0.184538007,0.191712007,0.199489996,0.207596004,0.215689004,0.223602995,0.230911002,0.237287998,0.242807001,0.248162001,0.254424006,0.262331009,0.27233699,0.284404993,0.298043996,0.312795013,0.327807009,0.342222989,0.355448008,0.366937995,0.376237005,0.383186013,0.388060987,0.391364992,0.393575013,0.394993007,0.395981997,0.396519989,0.396344006,0.395451009,0.393925995,0.392030001,0.389849007,0.387472987,0.384956986,0.382380009,0.379750997,0.377144992,0.374660999,0.372438014,0.370584011,0.368934006,0.367612004,0.366537988,0.365440011,0.364479989,0.363537997,0.362572014,0.361568987,0.360435009,0.359194011,0.357701004,0.355834007,0.353498012,0.350867003,0.348118007,0.345311999,0.342624009,0.340016991,0.337606013,0.33533901,0.333287001,0.331465989,0.329948008,0.328534007
BarleyWholePerten0091,Perten_DA7200,barley,Unknown,Sweden,2006,16.20000076,11.19999981,0.109649003,0.111854002,0.114703998,0.117872,0.121147998,0.124232002,0.126744002,0.128380999,0.129077002,0.128941,0.128215998,0.127027005,0.125443995,0.123591997,0.121555999,0.119374998,0.117092997,0.114827,0.112680003,0.110651001,0.108657002,0.106739998,0.104888998,0.103129998,0.101507999,0.100027002,0.098710001,0.097571999,0.096740998,0.096156001,0.095825002,0.095765002,0.095997997,0.096681997,0.098090001,0.100813001,0.105630003,0.113036998,0.122691996,0.133910999,0.145824999,0.157272995,0.167370006,0.175848007,0.182774007,0.188775003,0.194407001,0.199570999,0.203958005,0.207173005,0.209080994,0.209683001,0.208887994,0.206560001,0.203015998,0.198980004,0.195037007,0.191448003,0.188436002,0.185993001,0.184103996,0.182660997,0.181553006,0.180666998,0.179807007,0.178875998,0.177846,0.176863998,0.176163003,0.175966993,0.176475003,0.177840993,0.180179998,0.183565006,0.188116998,0.193856999,0.200693995,0.208297998,0.216387004,0.224627003,0.232737005,0.240628004,0.247960001,0.254473001,0.260309011,0.266234011,0.273485988,0.282842994,0.294795007,0.309228003,0.325351,0.34247601,0.35966,0.375914007,0.390549004,0.403070986,0.41317299,0.420715988,0.425954998,0.429446012,0.431757003,0.433212996,0.434165001,0.434570998,0.434174001,0.432852,0.430743992,0.428223997,0.425356001,0.422244012,0.418963999,0.415670008,0.412371993,0.409081012,0.40595299,0.403147996,0.400765002,0.398616999,0.396811992,0.395305991,0.393812001,0.39239201,0.391050994,0.389694989,0.388325989,0.38687101,0.385268986,0.383437008,0.381282985,0.378576011,0.375526011,0.372354001,0.369132996,0.366064996,0.363108009,0.360318989,0.357731998,0.355430007,0.353403002,0.35166201,0.35009101
BarleyWholePerten0092,Perten_DA7200,barley,Unknown,Sweden,2006,17.20000076,10.19999981,0.111446001,0.113962002,0.116974004,0.120169997,0.123401001,0.126469001,0.128931999,0.130475998,0.131153002,0.131001994,0.130174995,0.128950998,0.127344996,0.125470996,0.123391002,0.121154003,0.118858002,0.116558999,0.114403002,0.112346999,0.110376999,0.108448997,0.106573999,0.104842,0.10323,0.101798996,0.100553997,0.099483997,0.098696999,0.098168001,0.097875997,0.097838,0.098073997,0.098728001,0.100070998,0.10272,0.107433997,0.114789002,0.124461003,0.135710001,0.147584006,0.158891007,0.168863997,0.177167997,0.183956996,0.189857006,0.195353001,0.200391993,0.204692006,0.207810998,0.209583998,0.210042,0.209116995,0.206659004,0.203033999,0.198958993,0.195028007,0.191503003,0.188546002,0.186183006,0.184334993,0.182951003,0.181903005,0.181052998,0.180242002,0.179377005,0.178452998,0.177615002,0.177065998,0.176998004,0.177652001,0.179171994,0.181618005,0.185135007,0.189803004,0.195601001,0.202458993,0.210088998,0.218112007,0.226226002,0.234202996,0.241983995,0.249210998,0.255659998,0.261554986,0.267737001,0.275413007,0.285236001,0.297710002,0.312671006,0.329180002,0.346489012,0.363559008,0.379460007,0.393624991,0.405665994,0.415320993,0.422574014,0.427623987,0.430992991,0.433216989,0.434601009,0.435467005,0.435768992,0.435234994,0.433867008,0.431699008,0.429129988,0.426239014,0.423115999,0.419867009,0.416608989,0.413349003,0.410151988,0.407121986,0.40437901,0.402043998,0.399892986,0.398110002,0.396591008,0.395063013,0.393673003,0.392320007,0.390942991,0.389541,0.388062,0.386492997,0.384672999,0.382546008,0.379952997,0.377097994,0.374101996,0.371039987,0.368162006,0.365341991,0.362668008,0.360217989,0.357998014,0.355971992,0.354205996,0.352658004
BarleyWholePerten0093,Perten_DA7200,barley,Unknown,Sweden,2006,15.80000019,14.60000038,0.129759997,0.131101996,0.132995993,0.135187998,0.137536004,0.139769003,0.141524002,0.142557994,0.142893001,0.142505005,0.141586006,0.140349001,0.138818994,0.136999995,0.135029003,0.132915005,0.130696997,0.128471002,0.126374006,0.124361001,0.122378998,0.120433003,0.118564002,0.116755001,0.115070999,0.113551997,0.112209998,0.110990003,0.110042997,0.109343,0.108856,0.108607002,0.108617,0.109050997,0.110111997,0.112403996,0.116599999,0.123124003,0.131657004,0.141517997,0.151957005,0.162064999,0.17114,0.178864002,0.185201004,0.190703005,0.195814997,0.200431004,0.204260007,0.206953004,0.208449006,0.208747998,0.207793996,0.205441997,0.201987997,0.198143005,0.194400996,0.191010997,0.188180998,0.185866997,0.184031993,0.18265,0.181620002,0.180794001,0.179987997,0.179125994,0.178142995,0.177180007,0.176483005,0.176212996,0.176585004,0.177747995,0.179778993,0.182781994,0.186856002,0.192027003,0.198214993,0.205157995,0.212570995,0.220173001,0.227674007,0.234986007,0.241779,0.247820005,0.253277987,0.258848995,0.265666008,0.274461001,0.28568399,0.299236,0.314460009,0.330673993,0.346933991,0.362293989,0.376138002,0.387982994,0.397552997,0.404718012,0.409676999,0.412995011,0.415210992,0.416583002,0.417499006,0.417870998,0.417450994,0.416233987,0.414297998,0.411949009,0.409281999,0.406421989,0.403398007,0.400364995,0.397262007,0.394259989,0.391406,0.38883701,0.386624008,0.384676009,0.383056998,0.381644011,0.380273014,0.379023999,0.377759993,0.376536995,0.375225991,0.373852015,0.372336,0.370579004,0.368487001,0.365938991,0.363092005,0.360105991,0.357122004,0.354263008,0.351473004,0.348832011,0.346426994,0.344267994,0.342334986,0.340649009,0.339231014
BarleyWholePerten0094,Perten_DA7200,barley,Unknown,Sweden,2006,12.39999962,12.69999981,0.103084996,0.105852,0.109466001,0.113738999,0.118463002,0.123195998,0.127132997,0.129890993,0.131481007,0.132018998,0.131715998,0.130902007,0.129699007,0.128132001,0.126270995,0.124186002,0.121942997,0.119693004,0.117578998,0.115537003,0.113540001,0.111561999,0.109627999,0.107734002,0.105974004,0.104331002,0.102858,0.101602003,0.100622997,0.099910997,0.099486999,0.099357002,0.099610999,0.100413002,0.102093004,0.105339997,0.111008003,0.119528003,0.130429,0.142902002,0.156149,0.169106007,0.180902004,0.191036001,0.199493006,0.206921995,0.213879004,0.220257998,0.225609005,0.229462996,0.231759995,0.232541993,0.231714994,0.229047999,0.224897996,0.220136002,0.215471,0.211218,0.207628995,0.204767004,0.202573001,0.200930998,0.199727997,0.198759005,0.197796002,0.196676001,0.195344001,0.193938002,0.192757994,0.192076996,0.192158997,0.193138003,0.195182994,0.198404998,0.202959001,0.208886996,0.216133997,0.224433005,0.233408004,0.242704004,0.251993001,0.261020988,0.269329995,0.276600987,0.282905012,0.288931012,0.295810014,0.304430008,0.315351993,0.328447998,0.343174994,0.358990997,0.374947012,0.390143007,0.403991014,0.415980011,0.425693989,0.432940006,0.438039005,0.441475987,0.443866015,0.445528001,0.446732014,0.447463006,0.447497994,0.44680801,0.445425004,0.443693012,0.441711992,0.439527005,0.43709001,0.434583992,0.432065994,0.429536998,0.427076995,0.424923986,0.423150003,0.421544999,0.420302004,0.41931501,0.418312997,0.417457998,0.416552007,0.415641993,0.414674997,0.413664997,0.412497997,0.411036015,0.409242004,0.406892002,0.404224008,0.401331991,0.398393989,0.395698994,0.393083006,0.390561998,0.388222992,0.386200011,0.384371012,0.382809997,0.381511003
BarleyWholePerten0095,Perten_DA7200,barley,Unknown,Sweden,2006,17.20000076,14.69999981,0.116962001,0.120292999,0.124219,0.128246993,0.132183999,0.135860995,0.138824001,0.140764996,0.141635001,0.141602993,0.140893996,0.139722005,0.138126999,0.136217997,0.134090006,0.131739005,0.129253998,0.126752004,0.124395996,0.122138999,0.119979002,0.117880002,0.115827002,0.113872998,0.112112001,0.110547997,0.109174997,0.108061001,0.107341997,0.106913,0.106774002,0.106927,0.107417002,0.108382002,0.110174999,0.113534004,0.119341001,0.128157005,0.139507994,0.152358994,0.165663004,0.178222001,0.189208001,0.198351994,0.205797002,0.212142006,0.218008995,0.223320007,0.227678001,0.230735004,0.232430995,0.232794002,0.231768996,0.229203001,0.225415006,0.221160993,0.217079997,0.213395998,0.210291997,0.207758993,0.205779001,0.204297006,0.203191996,0.202344999,0.201597005,0.20081,0.199920997,0.199129999,0.198641002,0.198694006,0.199508995,0.201276004,0.204077005,0.207977995,0.213102996,0.219439,0.226827994,0.234950006,0.243421003,0.251915991,0.26017499,0.268119991,0.275478005,0.282029986,0.288004011,0.294321001,0.302172005,0.312112987,0.324564993,0.339275986,0.355185986,0.371473998,0.387086004,0.401293993,0.413747013,0.424228013,0.43264699,0.438901007,0.443251014,0.446179003,0.448130995,0.449396014,0.450213999,0.450479001,0.449943006,0.448612005,0.446595013,0.444139004,0.441428006,0.438515991,0.435467005,0.432415009,0.429361999,0.426364005,0.423507989,0.420908004,0.418693006,0.416651994,0.414887011,0.413379014,0.411944002,0.410582006,0.409186006,0.407844007,0.406536996,0.405146003,0.403721005,0.402112991,0.400200993,0.397857994,0.395294011,0.392652005,0.389966011,0.387457997,0.384999007,0.382667005,0.380528003,0.378627002,0.376906991,0.375386,0.374107003
BarleyWholePerten0096,Perten_DA7200,barley,Unknown,Sweden,2006,13.80000019,16.89999962,0.105656996,0.108675003,0.112378001,0.116541997,0.120976001,0.12534,0.128953993,0.131555006,0.133016005,0.133533001,0.133306995,0.132646993,0.131588996,0.130189002,0.128456995,0.126463994,0.124292001,0.122074999,0.119975001,0.117996998,0.116037004,0.114069,0.112131,0.110287003,0.108546004,0.106999002,0.105622001,0.104468003,0.103629001,0.103118002,0.10289,0.102963999,0.103390001,0.104355,0.106224999,0.109704003,0.11564,0.124430999,0.135496005,0.147916004,0.160897002,0.173522994,0.185019001,0.194904998,0.203096002,0.210196003,0.216736004,0.222615004,0.227390006,0.230698004,0.232543007,0.233063996,0.232095003,0.229466006,0.225491002,0.221002996,0.216629997,0.212696001,0.209377006,0.206689,0.204578996,0.203042001,0.201934993,0.201119006,0.200351,0.199467003,0.198367,0.197225004,0.196309999,0.195893005,0.196227998,0.197466001,0.199708998,0.203116,0.207760006,0.21367,0.220817998,0.228908002,0.23759,0.246492997,0.255304009,0.263864011,0.271708012,0.278634995,0.284734011,0.29065901,0.297648996,0.306470007,0.317535996,0.33068201,0.345283002,0.360742986,0.376051009,0.390415996,0.403385013,0.414492011,0.423480988,0.430191994,0.434913009,0.438167989,0.440409005,0.441926003,0.443044007,0.443659008,0.443601012,0.442806989,0.441363007,0.439543009,0.437469989,0.435151011,0.432680011,0.430153012,0.427561015,0.424973011,0.422508001,0.420314997,0.418464989,0.416772008,0.415439993,0.414314985,0.413186014,0.412182003,0.411166012,0.410162002,0.409177989,0.408075005,0.406861007,0.405413985,0.403692007,0.401466012,0.398909003,0.39624399,0.393557996,0.391025007,0.388509989,0.386189997,0.384041011,0.382100999,0.380448997,0.379101992,0.377813011
BarleyWholePerten0097,Perten_DA7200,barley,Unknown,Sweden,2006,13.80000019,12.19999981,0.102829002,0.106210001,0.110444002,0.115186997,0.120255999,0.125176996,0.129258007,0.132192001,0.133906007,0.134498999,0.134277999,0.133484006,0.132247001,0.130641997,0.128776997,0.126641005,0.124378003,0.122124001,0.119956002,0.117908001,0.115916997,0.113913,0.111979999,0.110161997,0.10842,0.106867001,0.105518997,0.104376003,0.103537999,0.102987997,0.102725998,0.102766998,0.103162997,0.104121,0.105915003,0.109306999,0.115176,0.124040999,0.135449007,0.148542002,0.162375003,0.175814003,0.187922001,0.198237002,0.206796005,0.214304999,0.221336007,0.227743,0.233126,0.237026006,0.239294007,0.240014002,0.239087001,0.236295,0.232049003,0.227239996,0.222559005,0.218327999,0.214810997,0.212016001,0.209880993,0.208304003,0.207142994,0.206208006,0.205292001,0.204270005,0.203069001,0.201836005,0.200853005,0.200416997,0.200757995,0.202039003,0.204389006,0.207959995,0.212871999,0.219134003,0.226665005,0.235198006,0.244329006,0.253670991,0.262915999,0.271892995,0.280153006,0.287443012,0.293891013,0.300251991,0.307689995,0.317000002,0.328698993,0.342640013,0.358108014,0.374412,0.390498996,0.405546993,0.419037998,0.430579007,0.43985799,0.446781993,0.451671004,0.455009013,0.457298011,0.458889008,0.460036993,0.460685015,0.460620999,0.45984599,0.45837599,0.456542999,0.454468995,0.452156991,0.449690998,0.447156012,0.444626004,0.442088008,0.439619988,0.437485993,0.435712993,0.434074998,0.43276301,0.431704998,0.430637002,0.429699004,0.428739995,0.427801013,0.426815003,0.425758988,0.424578995,0.423087001,0.421308994,0.419043005,0.416451007,0.413718998,0.410941005,0.408279985,0.405663014,0.403241009,0.400970995,0.398939997,0.397127003,0.395552993,0.394158006
BarleyWholePerten0098,Perten_DA7200,barley,Unknown,Sweden,2006,15.60000038,9.899999619,0.110308997,0.112356,0.114995003,0.117968999,0.121021003,0.123981997,0.126376003,0.127912998,0.128560007,0.128496006,0.127786994,0.126662999,0.125157997,0.123448998,0.12156,0.119525999,0.117402002,0.115326002,0.113329001,0.111459002,0.109627001,0.107842997,0.106105,0.104436003,0.102907002,0.101526998,0.100267001,0.099161997,0.098329,0.097714998,0.097319998,0.097140998,0.097245999,0.097778998,0.098949,0.101311997,0.105584003,0.112228997,0.120989002,0.131257996,0.142221004,0.152864993,0.162345007,0.170316994,0.176854998,0.182541996,0.187912002,0.192889005,0.197156996,0.200271994,0.202133998,0.202711999,0.201930001,0.199588001,0.195972994,0.191835001,0.187810004,0.184172005,0.181104004,0.178630993,0.176679999,0.175180003,0.174024999,0.173060998,0.172126994,0.171105996,0.169986993,0.168935999,0.168118998,0.167732,0.168053001,0.169211,0.171268001,0.174348995,0.178572998,0.183947995,0.190422997,0.197759002,0.205590993,0.213658005,0.221639007,0.229470998,0.236812994,0.243364006,0.249243006,0.255270004,0.262656003,0.27226001,0.284635007,0.299713999,0.316734999,0.334993005,0.353273004,0.370523989,0.386049002,0.399390996,0.410113007,0.418137997,0.423694015,0.427448005,0.429922015,0.431546986,0.432563007,0.433017999,0.432583988,0.431234002,0.429082006,0.426402986,0.423404992,0.420179009,0.416741014,0.413257986,0.409765005,0.406352997,0.403097004,0.400177985,0.397661001,0.395471007,0.393660992,0.39209199,0.390579999,0.389108986,0.387719989,0.386307001,0.384876996,0.383293003,0.381653011,0.379658997,0.37726599,0.374372989,0.371136993,0.367756009,0.364333004,0.360960007,0.357717991,0.354725003,0.351960987,0.349516988,0.347279012,0.345328987,0.343578994
BarleyWholePerten0099,Perten_DA7200,barley,Unknown,Sweden,2006,14.89999962,9.5,0.087661997,0.089930996,0.092900001,0.096294001,0.099894002,0.103404999,0.106284998,0.108179003,0.109119996,0.109176002,0.108491004,0.107372001,0.105848998,0.104037002,0.102035999,0.099923998,0.097664997,0.095441997,0.093347997,0.091340996,0.089391999,0.087482996,0.085631996,0.083881997,0.082248002,0.080802001,0.079517998,0.078377999,0.077523001,0.076932997,0.076575004,0.076471999,0.076687001,0.077393003,0.078829996,0.081583999,0.086432003,0.093845002,0.103528999,0.114799999,0.126817003,0.138522998,0.149038002,0.157956004,0.165354997,0.171843007,0.177974001,0.183662996,0.188540995,0.192075998,0.194178999,0.194819003,0.193887994,0.191262007,0.187282994,0.182784006,0.178436995,0.174562007,0.171370998,0.168837994,0.166871995,0.165433005,0.164337993,0.163458005,0.162590995,0.161621004,0.160536006,0.159492999,0.158708006,0.158363998,0.158744007,0.159975007,0.162155002,0.165416002,0.169869006,0.175568,0.182429999,0.190202996,0.198553994,0.207166001,0.215730995,0.224124998,0.231950998,0.238909006,0.245169997,0.251500011,0.259074003,0.268712997,0.281042993,0.296034992,0.312999994,0.331263989,0.349723011,0.367300987,0.383244008,0.39695999,0.407974005,0.416258007,0.422044992,0.425972015,0.428591013,0.430289,0.431373,0.431888998,0.431573004,0.430384994,0.428469986,0.426063001,0.423359007,0.420441985,0.417320013,0.414195001,0.411015004,0.407912999,0.404971987,0.402298003,0.400009006,0.398003012,0.396355003,0.395013005,0.393703997,0.392482013,0.391310006,0.390116006,0.388902009,0.387465,0.385913014,0.384034008,0.381785989,0.379018992,0.375898987,0.372581989,0.369251996,0.366017997,0.362827987,0.359867007,0.357125998,0.354656011,0.352476001,0.350598991,0.348984987
BarleyWholePerten0100,Perten_DA7200,barley,Unknown,Denmark,0,12.89999962,11.48105621,0.206550136,0.20718886,0.208895028,0.210982546,0.213500932,0.215952754,0.217979327,0.219164565,0.219451264,0.21889396,0.217712149,0.216176122,0.214437187,0.212367803,0.210219398,0.207857236,0.205417961,0.202993602,0.200544253,0.198259354,0.196029276,0.1939383,0.191703454,0.189531833,0.18745631,0.18560043,0.18396768,0.18229562,0.180933759,0.179890141,0.179009378,0.178342551,0.177875742,0.177867904,0.178703532,0.180482894,0.184027061,0.190098763,0.198362708,0.207865819,0.218152076,0.228351772,0.237498149,0.245181203,0.25114435,0.256413281,0.261493236,0.26637584,0.270276874,0.272954673,0.274532884,0.274661243,0.273432165,0.270669013,0.26669547,0.262161017,0.257682294,0.253739089,0.250456542,0.247630686,0.245418564,0.243684128,0.242212057,0.240971968,0.239773229,0.238459215,0.236944601,0.23547551,0.234169766,0.233196721,0.233113229,0.233716279,0.235137507,0.237693861,0.241278574,0.24609524,0.252037019,0.258810461,0.266308993,0.274098635,0.281998187,0.289775461,0.296858847,0.30289194,0.307800323,0.312355638,0.318338722,0.325949967,0.336219221,0.349277079,0.364243954,0.380634815,0.397342056,0.41331017,0.42791304,0.440218657,0.449923813,0.457165659,0.461919576,0.464685619,0.466363192,0.467552662,0.468162239,0.468350291,0.467728466,0.466282129,0.464239895,0.461697578,0.458860964,0.455878317,0.452483684,0.449097097,0.445753634,0.442547888,0.43937847,0.436445832,0.434006184,0.432206065,0.430422723,0.428840786,0.427330166,0.425674349,0.424354971,0.422896951,0.421309918,0.419892818,0.418212622,0.415966451,0.413545698,0.410512835,0.407207042,0.40370065,0.400023401,0.396617621,0.393094212,0.389908373,0.387069672,0.38444221,0.38221103,0.380409598,0.378882498
BarleyWholePerten0101,Perten_DA7200,barley,Unknown,Denmark,0,15.60000038,12.91469193,0.192853704,0.193414703,0.19453913,0.196186557,0.197812229,0.199305669,0.200655475,0.201085284,0.20088017,0.200073525,0.198751435,0.197109565,0.195344418,0.193402946,0.191200972,0.188968793,0.186670527,0.184350148,0.182050213,0.179819226,0.177795574,0.175662369,0.17361927,0.17168805,0.169675335,0.167919323,0.166392565,0.164988399,0.163766027,0.162794754,0.16204302,0.161455452,0.161010951,0.160969913,0.161483496,0.162950546,0.165999875,0.17119953,0.178665564,0.187263712,0.196399674,0.205346957,0.213400319,0.220055535,0.225212425,0.22971119,0.234084889,0.23833628,0.241609827,0.243674561,0.24474448,0.244641095,0.243305102,0.240518019,0.236626998,0.232494623,0.228537262,0.224977851,0.221969262,0.219550312,0.217599317,0.215996355,0.214696318,0.213611931,0.212589279,0.211493626,0.210235372,0.209083378,0.208172008,0.207586512,0.207736298,0.208551809,0.210079625,0.212769896,0.216396928,0.220965818,0.226553977,0.23292762,0.239759654,0.246771663,0.253760755,0.26048705,0.266722769,0.2720218,0.276724309,0.281504542,0.287730008,0.295796752,0.306556851,0.320001543,0.334941983,0.350757748,0.366462886,0.380998462,0.3939026,0.404568762,0.412993878,0.419081539,0.423243582,0.425768912,0.427290916,0.42818141,0.428646952,0.428656071,0.427901089,0.426384717,0.424353063,0.421801657,0.41911909,0.41628933,0.413077951,0.409905106,0.406798393,0.403606653,0.400634348,0.397882611,0.39537859,0.393364459,0.391633093,0.389996499,0.388358206,0.386712611,0.385224581,0.383820355,0.382166952,0.380698174,0.379022449,0.376981407,0.374557197,0.371741206,0.368851125,0.365657717,0.362410754,0.359369874,0.356220514,0.353435218,0.350757688,0.348403603,0.34633705,0.344701827,0.343132198
BarleyWholePerten0102,Perten_DA7200,barley,Unknown,Denmark,0,14,14.1860466,0.246706724,0.246338204,0.246465728,0.24693045,0.247404248,0.247807741,0.248132795,0.247854188,0.247154802,0.246009246,0.244665623,0.243138447,0.241432935,0.239626661,0.237711966,0.23571603,0.233761221,0.231807783,0.229702354,0.227788016,0.225994304,0.224206731,0.222326487,0.22052516,0.21871458,0.217000634,0.215459511,0.213985488,0.212606147,0.211449325,0.210406542,0.209449858,0.2086761,0.208205462,0.20827125,0.208834752,0.210488543,0.213608369,0.218117833,0.223410517,0.229250997,0.235170379,0.240524769,0.24485442,0.248015463,0.250663579,0.25334698,0.255980998,0.257914543,0.259058654,0.259611934,0.259341866,0.258200735,0.256017774,0.252866656,0.24936384,0.245851249,0.242611393,0.239819974,0.237382963,0.235398665,0.233651266,0.232073411,0.230788291,0.229520604,0.228194669,0.226728126,0.225320816,0.224099651,0.223148748,0.222805485,0.222925454,0.223556384,0.225179195,0.227589369,0.230765328,0.234844789,0.23961775,0.245059907,0.250825524,0.25650844,0.262110919,0.26738295,0.271873981,0.275551558,0.279115796,0.284095168,0.290967196,0.300575405,0.313016027,0.32747221,0.34349516,0.359953374,0.37568605,0.389901817,0.401733279,0.410896808,0.417466551,0.421645612,0.423913807,0.425256163,0.425920129,0.426198244,0.425952703,0.424843162,0.422935605,0.420302481,0.417065114,0.413753718,0.410168558,0.406291366,0.402408063,0.398485392,0.39462164,0.390871733,0.38740471,0.384504318,0.382077605,0.379903615,0.377862781,0.375850707,0.373887539,0.371875644,0.370035738,0.368061543,0.366207212,0.364271909,0.361727297,0.359020442,0.355584055,0.352037489,0.348160327,0.344335616,0.3408117,0.337227762,0.334156573,0.331286013,0.328761935,0.326715648,0.325109303,0.324022114
BarleyWholePerten0103,Perten_DA7200,barley,Unknown,Denmark,0,16.60000038,11.75059986,0.18497102,0.186252981,0.18836239,0.19050312,0.192817047,0.194799915,0.196465418,0.197189406,0.197155029,0.196419329,0.195120871,0.193500012,0.19164899,0.189475715,0.187254161,0.184907749,0.182487488,0.180065125,0.177660719,0.175354078,0.173248112,0.171189368,0.169110879,0.167039648,0.165100217,0.163348794,0.161828533,0.160515502,0.159421742,0.158549696,0.15788801,0.157524467,0.157238945,0.157377303,0.15826188,0.160119936,0.163704649,0.169858053,0.178324193,0.188019291,0.198317558,0.208203793,0.216735765,0.223629654,0.228967533,0.233512595,0.237900287,0.242143676,0.245485619,0.24770236,0.24898161,0.249023259,0.247770757,0.245204225,0.241531119,0.237392515,0.233464241,0.229949772,0.226977766,0.224513754,0.222611696,0.221041232,0.219674826,0.218598098,0.217566237,0.216461152,0.215336919,0.214248836,0.213444412,0.213079169,0.213468105,0.214506447,0.21640943,0.219464213,0.22353448,0.228639528,0.234711066,0.241444558,0.24862361,0.255981386,0.263137281,0.270069659,0.276615888,0.282161504,0.286973238,0.291967452,0.298846126,0.307790905,0.319616795,0.334362924,0.350767851,0.368098289,0.385222405,0.400892764,0.41473344,0.426172018,0.43507719,0.441671342,0.446007073,0.448579162,0.450050235,0.450999558,0.451336652,0.451138526,0.450172693,0.448255092,0.44564572,0.442524046,0.439235896,0.435680449,0.431949675,0.428278744,0.42457968,0.421005756,0.417607069,0.414402306,0.411631137,0.409374446,0.407311112,0.405499339,0.403525531,0.401644528,0.399990648,0.398285329,0.396433473,0.394678503,0.392906189,0.390625864,0.388139516,0.38516736,0.3819381,0.378609896,0.375194758,0.371930271,0.368766397,0.365902513,0.36323759,0.360788643,0.358675152,0.356825501,0.355490714
BarleyWholePerten0104,Perten_DA7200,barley,Unknown,Denmark,0,14.19999981,12.3543129,0.25946179,0.259369403,0.259927452,0.260688186,0.261782676,0.262660176,0.263330817,0.263385505,0.262799978,0.261754841,0.260347843,0.258696348,0.256875604,0.254815251,0.252723396,0.250536382,0.248275995,0.246041209,0.243790284,0.241608128,0.239627302,0.237582743,0.235492796,0.233438909,0.23147732,0.229648233,0.227951154,0.226411656,0.224948347,0.223713264,0.222595602,0.221666873,0.22078687,0.220231995,0.220294252,0.221041918,0.222908855,0.226646885,0.232120648,0.238490164,0.245505408,0.252465963,0.258728474,0.263903052,0.26781407,0.271198005,0.274519503,0.277829707,0.280240536,0.281658858,0.282277376,0.281882674,0.28047958,0.277884156,0.27427879,0.270393759,0.266585052,0.263156563,0.260189384,0.257677287,0.255659908,0.253912747,0.25237903,0.251051903,0.249736413,0.248360738,0.246936515,0.245502815,0.244237781,0.243296728,0.24297528,0.243223593,0.244097278,0.245942101,0.248651177,0.252257437,0.256770045,0.261964291,0.26770708,0.273791134,0.279881686,0.28587383,0.291411936,0.296031535,0.299898356,0.303754777,0.309147537,0.316094905,0.325609803,0.337834954,0.351766139,0.366969585,0.382283151,0.39659363,0.409386426,0.420036584,0.428396314,0.434547484,0.438492268,0.440746784,0.442073494,0.442833513,0.443070859,0.442900986,0.442011207,0.440368682,0.438085407,0.435325325,0.432421595,0.429341584,0.425886333,0.422454149,0.419203788,0.415887892,0.412659377,0.409701496,0.407129467,0.405015469,0.403075844,0.401355714,0.399628848,0.397838175,0.396257877,0.394635081,0.392964542,0.391318351,0.389479876,0.387295961,0.384877473,0.381890446,0.378623635,0.375313789,0.371836126,0.36856091,0.36531511,0.36232993,0.359628111,0.357124209,0.355008364,0.353260577,0.35180074
BarleyWholePerten0105,Perten_DA7200,barley,Unknown,Denmark,0,16.10000038,12.5148983,0.219924465,0.220496461,0.221779957,0.223281726,0.224907652,0.226314247,0.227468669,0.227794975,0.227432922,0.226552427,0.225187615,0.223495439,0.221664786,0.219649822,0.217499867,0.21516642,0.212888628,0.210597962,0.208221018,0.206058204,0.204011202,0.201943085,0.199920774,0.197910473,0.195968285,0.19421947,0.192614242,0.191147238,0.189906314,0.188923195,0.188064024,0.187340558,0.186824009,0.186638668,0.18699415,0.188196033,0.190893039,0.195719197,0.202610165,0.210673496,0.219276398,0.227618918,0.234875649,0.24075982,0.245260268,0.249162808,0.252996951,0.256623894,0.259446561,0.261253864,0.26215297,0.261950105,0.260587007,0.257945299,0.254381269,0.250439882,0.246553391,0.243090645,0.240208626,0.23774758,0.235829026,0.234220997,0.232802346,0.231616944,0.23050569,0.229336381,0.228053287,0.226869941,0.225875869,0.225266933,0.225387871,0.226086095,0.22750932,0.230025813,0.233486548,0.237822577,0.243172601,0.249170974,0.255613983,0.262210995,0.268803537,0.275138915,0.281002045,0.286120445,0.290534169,0.29504332,0.30123654,0.309402734,0.320215702,0.333878279,0.349073887,0.36518997,0.38124761,0.396076918,0.40911606,0.419811904,0.428234339,0.434266329,0.438126743,0.440422058,0.441681832,0.44233954,0.442597747,0.442393154,0.441387028,0.439609766,0.437100887,0.434049815,0.430968523,0.427753985,0.42408523,0.420572817,0.417110711,0.413663745,0.410404831,0.407476664,0.404883325,0.40267095,0.400748253,0.398946166,0.397101194,0.395432651,0.393688738,0.392088771,0.39035821,0.38864696,0.386878073,0.38463077,0.382156342,0.379210353,0.376155168,0.372849733,0.369417727,0.366349101,0.363272309,0.36049068,0.357801646,0.355379492,0.353347808,0.351660609,0.350291073
BarleyWholePerten0106,Perten_DA7200,barley,Unknown,Croatia,0,13.93999958,12.28212833,0.085703969,0.087650932,0.090024591,0.092719458,0.09545254,0.098025143,0.100096725,0.101365931,0.101879887,0.10167551,0.100881212,0.099794805,0.098473214,0.096824721,0.094929546,0.0928462,0.09067376,0.088544317,0.086490899,0.084545732,0.082749009,0.081024952,0.07930702,0.077598639,0.076000929,0.074603997,0.073355682,0.072288908,0.071477994,0.070969626,0.070749149,0.070766032,0.070999123,0.071618013,0.072968774,0.075603902,0.08016324,0.08703848,0.096000075,0.106429756,0.117521904,0.128267467,0.137905493,0.14607127,0.152783305,0.158532992,0.163938254,0.168981582,0.173160106,0.176044747,0.177680835,0.178122595,0.17723681,0.175016791,0.17166993,0.167766839,0.164006323,0.160707459,0.157836139,0.155501545,0.153719336,0.152394041,0.151382387,0.150558502,0.149885431,0.14924407,0.148375019,0.147465587,0.146878719,0.146720707,0.147245601,0.148611546,0.150904447,0.154235467,0.158685833,0.164267853,0.170925632,0.17833361,0.186241135,0.194380343,0.202438802,0.210199714,0.217355698,0.223714083,0.229350999,0.235154957,0.242210433,0.251421422,0.263526261,0.278348953,0.294842303,0.312470764,0.330179989,0.346580327,0.361229539,0.373635441,0.383557797,0.390739977,0.395858705,0.399515301,0.401751816,0.402900577,0.403604925,0.404203475,0.403828263,0.402469277,0.400298983,0.397513539,0.394437641,0.39139393,0.388385564,0.385209382,0.381796539,0.378216624,0.375153035,0.372145414,0.369294852,0.367033511,0.365375787,0.363838375,0.362079471,0.360375255,0.358488083,0.356893063,0.35540387,0.353849053,0.35215205,0.350174606,0.347711951,0.344530463,0.341207176,0.337775379,0.334518254,0.331195414,0.327921987,0.32501033,0.32207793,0.319328994,0.317039371,0.315354079,0.313514173
BarleyWholePerten0107,Perten_DA7200,barley,Unknown,Croatia,0,9.859999657,11.59307671,0.066463091,0.068743341,0.071667917,0.075166598,0.078961343,0.082764223,0.085959733,0.088127554,0.089322619,0.089613639,0.089192368,0.088352837,0.087220721,0.085786194,0.084091768,0.082163438,0.080062114,0.077963837,0.075977445,0.074088223,0.072330996,0.070694543,0.069066964,0.067382209,0.065757863,0.064300254,0.062950805,0.061753087,0.06083319,0.060247794,0.059981514,0.059973519,0.060185149,0.060833313,0.062280469,0.065097921,0.070008412,0.077393755,0.086933613,0.097955927,0.109643467,0.121034868,0.131360889,0.1402013,0.147551328,0.153938562,0.159996271,0.165644929,0.170378357,0.173743665,0.175763071,0.176501691,0.175820366,0.173691005,0.17027849,0.166200072,0.162229151,0.158709124,0.155656964,0.153211057,0.151378244,0.150045812,0.149047613,0.148255229,0.14756541,0.146802336,0.145769939,0.144644097,0.143763363,0.143299878,0.1434744,0.14444989,0.146372438,0.149366126,0.153516069,0.158860564,0.165413678,0.17287159,0.180968717,0.18943572,0.197983921,0.206291571,0.213850111,0.22036621,0.225860581,0.231202304,0.237474918,0.245399937,0.255628198,0.268288404,0.282668352,0.298312128,0.314200252,0.329160273,0.342793882,0.354450226,0.363813639,0.37059176,0.375416696,0.378822208,0.380894482,0.382035434,0.382782847,0.383456528,0.383301973,0.382285774,0.380565524,0.378361583,0.375951529,0.373569071,0.371154636,0.368578941,0.36582762,0.36289227,0.360432923,0.358067274,0.355860859,0.354129225,0.352884948,0.351822943,0.350692123,0.349608243,0.348240316,0.347117901,0.34607634,0.344891638,0.343495697,0.341820449,0.339773268,0.33713007,0.334294081,0.331275255,0.328401029,0.325413525,0.322420865,0.319832742,0.31739521,0.315208435,0.31332022,0.311889172,0.310437918
BarleyWholePerten0108,Perten_DA7200,barley,Unknown,Croatia,0,11.64000034,9.744227409,0.08124654,0.082398489,0.084260121,0.086422995,0.088879615,0.091303825,0.093289241,0.094544038,0.095005848,0.094726764,0.093968906,0.092887402,0.091579929,0.090085238,0.088395022,0.086635605,0.084799208,0.082964964,0.081238546,0.079638921,0.078122787,0.076595634,0.075056419,0.07353203,0.072085992,0.070795447,0.069693923,0.068715341,0.067902103,0.067301303,0.06686455,0.066596396,0.066499487,0.066818759,0.067645527,0.06941247,0.072792843,0.078151956,0.085310467,0.093769319,0.103009306,0.112200983,0.120303802,0.127178386,0.133011371,0.13797015,0.142762095,0.147353202,0.15128544,0.154110447,0.155768871,0.15626213,0.155542389,0.153473616,0.150215626,0.146453306,0.142819703,0.139568225,0.13679871,0.134597242,0.132904619,0.131588668,0.130573824,0.129765272,0.129013524,0.128132775,0.127084002,0.12602587,0.125163004,0.124732263,0.124881424,0.125673398,0.127264708,0.129747644,0.133294821,0.137920886,0.143583983,0.150088832,0.157199875,0.164652288,0.172089428,0.179331511,0.186200231,0.192236647,0.197357148,0.202217355,0.208230481,0.216296792,0.227022186,0.240453377,0.25593394,0.272913873,0.290332407,0.306989998,0.322162986,0.3350164,0.345253557,0.352725327,0.357797921,0.361118585,0.363112241,0.364312589,0.365156502,0.365556806,0.365027785,0.363697231,0.361571461,0.358894497,0.3560673,0.353067845,0.349998176,0.34676075,0.343529582,0.340140551,0.336994737,0.334099054,0.331660122,0.32957387,0.327887058,0.326310992,0.324812144,0.323413312,0.32193777,0.320488513,0.318949401,0.317419946,0.315733999,0.313671529,0.311128438,0.308016628,0.304670364,0.301127911,0.297555536,0.294106782,0.290751785,0.287668109,0.284817457,0.282299817,0.280009449,0.278166205,0.276860833
BarleyWholePerten0109,Perten_DA7200,barley,Unknown,Croatia,0,10.25,13.12534809,0.089792602,0.091172963,0.093380861,0.096081004,0.099186331,0.102274992,0.104925521,0.106732667,0.107607119,0.107713394,0.107196488,0.106284961,0.105106346,0.10364607,0.101978667,0.100158684,0.098230086,0.096314386,0.094421215,0.092643514,0.090975486,0.089228816,0.087572329,0.085898019,0.084283441,0.082868516,0.081595019,0.080571801,0.079724528,0.079091303,0.078670815,0.078420259,0.078429356,0.078856766,0.079912081,0.08213111,0.086243607,0.092698515,0.101098813,0.110812023,0.121269785,0.131664708,0.140985295,0.149059922,0.155951768,0.161770389,0.16727306,0.172412008,0.176717266,0.179722592,0.181457326,0.182006732,0.181262255,0.179058179,0.175624609,0.171667859,0.167840004,0.16445978,0.161626577,0.159380466,0.157667011,0.156403959,0.155447766,0.154734731,0.154057995,0.153251961,0.152192786,0.151108488,0.150183946,0.149682105,0.14985159,0.150704712,0.152436137,0.155086264,0.158836097,0.163726077,0.169676721,0.176507205,0.183921576,0.191659018,0.199304968,0.206725568,0.213684067,0.219686896,0.224741682,0.229455009,0.234983861,0.242233738,0.251808494,0.263547748,0.276902676,0.291431665,0.30624184,0.320390612,0.333405852,0.344599247,0.353777826,0.360705972,0.365568578,0.368913144,0.371120125,0.372652173,0.373711675,0.374401838,0.374333173,0.37348935,0.372009486,0.37016499,0.368128777,0.365904987,0.363511264,0.360981971,0.358441472,0.355763793,0.353295326,0.35099259,0.349125058,0.347484767,0.346180707,0.344971657,0.343773305,0.342639655,0.341451198,0.340390593,0.339341432,0.338239282,0.337008745,0.335410684,0.333412349,0.330911249,0.328154206,0.325267136,0.322500825,0.319753319,0.317049503,0.314505816,0.312105298,0.309965789,0.307965279,0.306416214,0.305334687
BarleyWholePerten0110,Perten_DA7200,barley,Unknown,Croatia,0,11.18000031,10.96599865,0.185309321,0.185577616,0.186496317,0.187825099,0.189411506,0.191063538,0.192475393,0.193138972,0.193164572,0.192642033,0.191754639,0.190457121,0.188955829,0.187310427,0.18548125,0.183501735,0.181492135,0.179471329,0.177489057,0.17558229,0.173760831,0.17192173,0.170034409,0.168147802,0.16634652,0.164721414,0.163152963,0.161751032,0.160504073,0.159399197,0.158404499,0.157614678,0.156970352,0.15669775,0.15683645,0.157737851,0.159940064,0.163814053,0.169282407,0.17589578,0.183316827,0.19091697,0.197989002,0.204075769,0.20912607,0.213537008,0.21778281,0.221805871,0.225165889,0.227406487,0.228516549,0.228522271,0.227355868,0.224803731,0.221117348,0.21702002,0.21301809,0.209440962,0.206438541,0.203940243,0.201893568,0.200254425,0.198857874,0.197678179,0.19654423,0.195270777,0.193818495,0.192296132,0.190940261,0.189955875,0.189483777,0.189624175,0.19049257,0.192200735,0.194942743,0.198684976,0.203457996,0.209122375,0.215397,0.221995652,0.228776127,0.235467419,0.241669223,0.247093931,0.251666874,0.256007373,0.261222631,0.268165171,0.277518392,0.289363921,0.303169519,0.318685949,0.3347767,0.35032317,0.364955306,0.377648145,0.387999773,0.395757943,0.401173443,0.40470621,0.406989127,0.408415288,0.40928629,0.409653068,0.409285724,0.408097148,0.406246394,0.403964907,0.401416987,0.398690045,0.395653367,0.39249596,0.389324427,0.386023819,0.383004308,0.380230546,0.377830267,0.37573275,0.374050617,0.37254101,0.370967925,0.369608343,0.3681705,0.366756618,0.365258157,0.363743156,0.361998588,0.35991019,0.357455999,0.354494125,0.351177365,0.347553194,0.343999952,0.340488523,0.337189406,0.33392778,0.330927104,0.328158468,0.325623304,0.323712945,0.322255939
BarleyWholePerten0111,Perten_DA7200,barley,Unknown,Croatia,0,12.55000019,12.95597458,0.166964993,0.167839482,0.16922155,0.170931295,0.172916427,0.174800366,0.176306009,0.177104697,0.177164361,0.176565304,0.175571278,0.174191445,0.172561094,0.170835421,0.168880746,0.166782096,0.16462633,0.1624856,0.160408363,0.158395827,0.156532139,0.154626861,0.152687714,0.150779143,0.148989245,0.147381142,0.145897508,0.144591704,0.143466607,0.142573938,0.141878724,0.141392723,0.141094074,0.141264156,0.14195028,0.143515423,0.146656692,0.151799947,0.158785015,0.167071745,0.175988361,0.184882119,0.192909479,0.199659482,0.205212012,0.209994689,0.214510471,0.218782827,0.222363696,0.224785686,0.226070106,0.226220191,0.225182816,0.222745985,0.219168603,0.215114802,0.211141601,0.207644701,0.20466058,0.202199534,0.200190991,0.198623836,0.197331995,0.196332648,0.195408657,0.194300279,0.193079442,0.191849157,0.190784141,0.190166026,0.190175653,0.19085978,0.192337945,0.194767892,0.198280409,0.202845067,0.208494708,0.215043485,0.222065568,0.229381666,0.236720502,0.243875012,0.250502229,0.256317198,0.261327118,0.266185492,0.272177666,0.280176669,0.29071945,0.303796887,0.318627596,0.33467871,0.350953162,0.36631453,0.38028273,0.392215967,0.401671946,0.408571959,0.413381934,0.416405499,0.418236256,0.419407487,0.420014918,0.420193285,0.419681281,0.418315262,0.416205108,0.41370979,0.411071271,0.408209503,0.405156523,0.401914537,0.398667514,0.395395905,0.392387807,0.389544189,0.387125343,0.385028869,0.383178443,0.38162759,0.380021662,0.378566265,0.376980513,0.375460118,0.373890072,0.372361362,0.370699465,0.368699551,0.366295725,0.363434911,0.36019066,0.356823951,0.353473723,0.350173712,0.347086012,0.344069183,0.341351926,0.338736534,0.336445123,0.334608883,0.333338112
BarleyWholePerten0112,Perten_DA7200,barley,Unknown,Croatia,0,10.61999989,13.05661201,0.157186359,0.157836586,0.159118623,0.160825104,0.162719145,0.164651409,0.166215286,0.167031348,0.167146757,0.166598916,0.16563572,0.164320305,0.162840337,0.161138922,0.159256771,0.157286927,0.155288339,0.153262168,0.151225895,0.149319917,0.14747487,0.145668015,0.143861249,0.142089456,0.140429601,0.138872981,0.137413546,0.136186436,0.135100633,0.134183765,0.133465886,0.132960007,0.132699326,0.132797271,0.133431107,0.135093436,0.138374507,0.143537253,0.150309265,0.158205792,0.166818857,0.175299436,0.182940066,0.189344868,0.194495872,0.19893989,0.203213453,0.207227305,0.21049571,0.212624714,0.213726595,0.213773623,0.212724656,0.210449398,0.206990793,0.203125939,0.199403763,0.196038306,0.193122849,0.190704137,0.188758314,0.187227383,0.186000571,0.184986264,0.183976471,0.182861492,0.181557998,0.180180192,0.179043546,0.178300232,0.178192064,0.178697929,0.1799514,0.182150081,0.185256019,0.189378575,0.194448978,0.200393006,0.206968114,0.213843927,0.220668361,0.227326796,0.233575329,0.238965288,0.243485704,0.247638419,0.252863526,0.259958148,0.269380719,0.281133175,0.294641823,0.309367269,0.324399263,0.338635236,0.351415008,0.362297088,0.370866984,0.37703681,0.381058157,0.383492678,0.384904057,0.385819703,0.386355013,0.38642323,0.385736644,0.38440302,0.382382721,0.380074441,0.377566278,0.374720216,0.371793091,0.368677408,0.365502566,0.362288296,0.359234124,0.356467128,0.354091913,0.352095068,0.350331515,0.348689973,0.347125471,0.345469922,0.343828559,0.342248768,0.340742618,0.339157939,0.337545693,0.335445881,0.332977831,0.330015749,0.326827586,0.323493451,0.320212811,0.317073673,0.314039469,0.311377436,0.308692992,0.306326509,0.304409802,0.302889347,0.301745057
BarleyWholePerten0113,Perten_DA7200,barley,Unknown,Croatia,0,12.63000011,13.17385864,0.174741134,0.175165758,0.176263541,0.177687526,0.179317728,0.181004122,0.182302862,0.182997152,0.183018863,0.182429269,0.181431815,0.180099592,0.178606823,0.176883802,0.175031468,0.17300652,0.170968086,0.168860868,0.166795969,0.164785862,0.162858456,0.160983235,0.159032747,0.157110423,0.155331746,0.15362896,0.152022213,0.150602505,0.149330169,0.148221359,0.147273511,0.146467567,0.145914301,0.145602256,0.145810455,0.146848038,0.149380699,0.153761238,0.159741759,0.166882947,0.174670145,0.182429642,0.189447835,0.195395395,0.200261608,0.204464406,0.208535239,0.212302625,0.21530579,0.217167795,0.217906281,0.217542872,0.216032773,0.213276282,0.209469274,0.205359861,0.20138067,0.197829902,0.194819599,0.192348421,0.19024843,0.188603386,0.187239423,0.186043158,0.184886113,0.183588862,0.182121694,0.180571437,0.179255337,0.178338647,0.178029805,0.178341195,0.179393947,0.181260675,0.18405889,0.187877953,0.192641288,0.198261559,0.204489693,0.211088151,0.217697784,0.224190757,0.230288401,0.235491455,0.239891157,0.244053543,0.249350816,0.25644806,0.265814841,0.277646512,0.291294605,0.306227446,0.321589679,0.336303741,0.349680066,0.361086309,0.370185226,0.376853883,0.381302863,0.384033412,0.385590911,0.386542261,0.38710323,0.387157142,0.386512786,0.385140955,0.383024812,0.380556852,0.377901614,0.374913424,0.371902585,0.368671507,0.365454137,0.362147987,0.359088272,0.356276363,0.353822857,0.351710349,0.349889547,0.348203152,0.346535474,0.34484753,0.343157947,0.341612637,0.340029925,0.338398755,0.336662322,0.33448121,0.331798047,0.328736991,0.325388938,0.322010458,0.318510592,0.31526354,0.312102884,0.309120297,0.306267977,0.303721756,0.301431835,0.299784958,0.298363537
BarleyWholePerten0114,Perten_DA7200,barley,Unknown,Croatia,0,11.77000046,13.9068346,0.120615259,0.122332729,0.12516351,0.12835747,0.13186805,0.135385618,0.138277903,0.140142873,0.141036451,0.141039521,0.14037016,0.139294833,0.13790904,0.136267617,0.134366989,0.132277951,0.130119652,0.127898514,0.125722736,0.123643279,0.121658877,0.119770542,0.11776454,0.115871169,0.114130013,0.112533487,0.111059509,0.109849602,0.108886831,0.108158097,0.107690677,0.107511036,0.107655518,0.108241975,0.109597281,0.112249039,0.117098279,0.124472342,0.133950055,0.144670069,0.156089246,0.167193532,0.177142367,0.185565993,0.192340463,0.198209778,0.203801319,0.208999038,0.213148207,0.215911552,0.217286959,0.217441276,0.216189161,0.213409111,0.209315181,0.204822898,0.200498045,0.196646214,0.193424225,0.190871805,0.188762263,0.187194929,0.186013609,0.18504101,0.184112027,0.182985604,0.181665659,0.18029505,0.179163992,0.178548381,0.178622022,0.179494754,0.181258097,0.184068665,0.188015834,0.19311823,0.199359193,0.206544891,0.214344457,0.222519845,0.230526164,0.238276854,0.245470971,0.25166291,0.256904185,0.261793494,0.267738968,0.275636435,0.285879463,0.298525453,0.312698722,0.327842057,0.34298715,0.357192278,0.369916588,0.380633831,0.389202476,0.395472109,0.399630308,0.402267367,0.403863043,0.404889524,0.405668318,0.405867755,0.405398578,0.4042193,0.402407914,0.400169671,0.397818297,0.395107508,0.392436892,0.389481485,0.386566103,0.383570135,0.380797088,0.378175169,0.375947595,0.374037057,0.372404933,0.37083894,0.369356811,0.367832243,0.366349131,0.365008354,0.363647521,0.362243682,0.360824198,0.358906806,0.3565965,0.353876114,0.35098064,0.347977549,0.344910502,0.341961682,0.339138985,0.336540252,0.334021121,0.331800431,0.329965651,0.328548521,0.327400446
BarleyWholePerten0115,Perten_DA7200,barley,Unknown,Sweden,2011,15.80000019,9.399999619,0.226979002,0.227241993,0.228095993,0.229209006,0.230281994,0.231371999,0.232121006,0.232268006,0.231860995,0.231022,0.229728997,0.228091002,0.226324007,0.224393994,0.222290993,0.220096007,0.217877001,0.215682,0.213511005,0.211366996,0.209283993,0.207270995,0.205314994,0.203342006,0.201438993,0.199682996,0.198004007,0.196430996,0.194991007,0.193693996,0.192564994,0.191551,0.190695003,0.190050006,0.189885005,0.190466002,0.192243993,0.195741996,0.200937003,0.207461998,0.214675993,0.221878007,0.228286997,0.233458996,0.237554997,0.240987003,0.244305998,0.247477993,0.250075996,0.251776993,0.252490014,0.252157003,0.250732988,0.248148993,0.244586006,0.240620002,0.236739993,0.233172998,0.230124995,0.227501005,0.225323007,0.223496005,0.221870005,0.220450997,0.219088003,0.217582002,0.215984002,0.214397997,0.213009998,0.212027997,0.211634994,0.211875007,0.212886006,0.214734003,0.217519999,0.221269995,0.225980997,0.231438994,0.237457007,0.243736997,0.249922007,0.25592199,0.261613995,0.266584992,0.270812005,0.27493301,0.280604005,0.288396001,0.299091011,0.312985987,0.329055011,0.346459001,0.364006013,0.380421013,0.39507699,0.40744099,0.417138994,0.424106985,0.428609997,0.431252986,0.432718009,0.433450997,0.433697999,0.433447987,0.432359994,0.430200011,0.427242994,0.423774004,0.420051009,0.416143,0.41218099,0.408154994,0.404080004,0.400023013,0.396117002,0.392601013,0.389600009,0.386889011,0.384489,0.38233,0.380196989,0.378060013,0.375939995,0.373874009,0.37183699,0.369819999,0.367693007,0.36530599,0.362406999,0.359151006,0.355553001,0.351819992,0.34799999,0.344359011,0.340817988,0.337422013,0.334226996,0.331335992,0.328731,0.326611012,0.325134993
BarleyWholePerten0116,Perten_DA7200,barley,Unknown,Sweden,2011,14.69999981,8.600000382,0.186399996,0.186836004,0.187971994,0.189410999,0.191010997,0.192592993,0.193822995,0.194325,0.194221005,0.193541005,0.192410007,0.190924004,0.189237997,0.187362999,0.185332,0.183200002,0.181039006,0.178893,0.176798001,0.174752995,0.172757998,0.170813993,0.168938994,0.167034999,0.165234998,0.163571999,0.162008002,0.160607994,0.159339994,0.158202007,0.157273993,0.156443,0.155809,0.155423999,0.155543998,0.156479999,0.158752993,0.162870005,0.168785006,0.176085994,0.184102997,0.192091003,0.199310005,0.205268994,0.210056007,0.214182004,0.218179002,0.222029999,0.225226,0.227391005,0.228423998,0.228341997,0.227056995,0.224463999,0.220778003,0.216665,0.212683007,0.209075004,0.206017003,0.203456998,0.201414004,0.199757993,0.198296994,0.197032005,0.195824996,0.194461003,0.192968994,0.191459999,0.190151006,0.189233005,0.188886002,0.189209998,0.190288007,0.192232996,0.195123002,0.199018002,0.203913003,0.209604994,0.215911001,0.222521007,0.229083002,0.235492006,0.241531,0.246776,0.251248002,0.255558014,0.261177987,0.268783003,0.279179007,0.292641997,0.308254004,0.325347006,0.34276101,0.359261006,0.374085009,0.386709988,0.396679997,0.403961986,0.408764988,0.411657989,0.413385004,0.414328009,0.41475299,0.414692015,0.413841009,0.411969006,0.409377992,0.406342,0.403008014,0.399466991,0.39587599,0.392228991,0.388521999,0.384862006,0.381309003,0.378082007,0.375348985,0.372905999,0.370759994,0.368865997,0.366975993,0.365108013,0.363254011,0.361436993,0.359654009,0.357805997,0.355870009,0.353583992,0.350813001,0.34770599,0.344289005,0.340682,0.33702901,0.333483011,0.330029011,0.326709986,0.323545009,0.320672989,0.318163991,0.316085994,0.314599007
BarleyWholePerten0117,Perten_DA7200,barley,Unknown,US,2009,11.83300018,14.10958958,0.168218002,0.169506297,0.172313303,0.176280707,0.181072593,0.186281994,0.191015303,0.194188595,0.195784301,0.196036801,0.195150107,0.193654195,0.191393897,0.188817799,0.185985699,0.182690695,0.179192305,0.175610304,0.172184199,0.168903098,0.1656795,0.162612006,0.159471393,0.156347305,0.153433994,0.150688797,0.148411304,0.146254703,0.144483507,0.143197104,0.142283201,0.141684502,0.141374007,0.141667098,0.142958596,0.1460796,0.1524055,0.163020805,0.177210406,0.194064096,0.212490305,0.231321305,0.249474898,0.265713513,0.279702604,0.292336196,0.304427505,0.315916002,0.325462699,0.332062692,0.335431099,0.335749894,0.332943887,0.326718301,0.318054497,0.308727592,0.29994899,0.292498201,0.286462188,0.28174609,0.278373092,0.275852412,0.273966491,0.272391409,0.27090919,0.269167006,0.266982913,0.26471749,0.262566686,0.261251599,0.260997206,0.262102902,0.26481089,0.269301087,0.275900513,0.284659505,0.2956599,0.308718592,0.323068589,0.338368595,0.3539491,0.369383186,0.383987486,0.396789193,0.408241898,0.419204205,0.431411386,0.446895897,0.467050612,0.491975606,0.52034539,0.55151999,0.58335191,0.613409221,0.639867485,0.662309229,0.679750919,0.692939222,0.702304006,0.708990097,0.713582397,0.716424525,0.719036281,0.720286012,0.720769882,0.719935179,0.718759179,0.717051089,0.714700997,0.712292314,0.709284186,0.706237316,0.70306617,0.700042188,0.696906328,0.694051087,0.691982806,0.689552188,0.68776238,0.686171174,0.684803128,0.683615387,0.682276785,0.680933476,0.679430425,0.677618384,0.675319195,0.672390282,0.668639123,0.664394915,0.659799993,0.65452683,0.649755299,0.644296885,0.639199495,0.63450861,0.62927258,0.624798417,0.62004292,0.616326511,0.61264652
BarleyWholePerten0118,Perten_DA7200,barley,Unknown,US,2009,12.54899979,15.70250988,0.191004604,0.193806201,0.198450804,0.204402894,0.211292297,0.218480006,0.225026801,0.229617402,0.232474998,0.233626798,0.233289897,0.232208207,0.230359897,0.227994099,0.225132003,0.221578002,0.217937902,0.214061096,0.210371405,0.206735894,0.203168407,0.199794307,0.1962782,0.192857206,0.189670906,0.186649397,0.184252903,0.181916595,0.1802717,0.178988099,0.178173199,0.177748501,0.177640706,0.178328097,0.180011705,0.183991596,0.191968694,0.205049306,0.222593799,0.242892906,0.264942586,0.287404895,0.3091878,0.329051912,0.346271813,0.361809313,0.376503915,0.390403986,0.401675701,0.409267485,0.413008303,0.412959993,0.409273893,0.401584297,0.390933693,0.379724294,0.369256586,0.360445201,0.353413612,0.347948313,0.344008595,0.341098011,0.33903259,0.337347597,0.3357099,0.333842009,0.33135429,0.328804702,0.32639119,0.32498169,0.324786514,0.326140106,0.329466313,0.334906191,0.342855185,0.353279889,0.366273314,0.381813288,0.398809791,0.416908711,0.435384899,0.453644186,0.470937789,0.485992014,0.499715298,0.512782872,0.527186513,0.545668721,0.569376171,0.598507285,0.631051302,0.666277587,0.701427221,0.733839214,0.76175499,0.784453273,0.802219808,0.815066516,0.824548483,0.831402481,0.836014092,0.839240193,0.841717005,0.843402624,0.8439641,0.843928814,0.842822015,0.841855288,0.840060175,0.838243902,0.836046279,0.833026528,0.830838978,0.827741325,0.825382471,0.822672308,0.821268022,0.818503916,0.816572785,0.815271914,0.813833773,0.812587082,0.811204791,0.810354829,0.809018374,0.807148993,0.804952622,0.801954925,0.798634529,0.794691026,0.790006518,0.784846127,0.779775918,0.77506721,0.769707978,0.76492238,0.759761691,0.755209386,0.750344575,0.746386588,0.743008971
BarleyWholePerten0119,Perten_DA7200,barley,Unknown,US,2009,12.5170002,16.08197975,0.186522707,0.189077407,0.193208799,0.198859796,0.205429807,0.212097496,0.218464196,0.2227467,0.225418404,0.226367503,0.225941196,0.224923506,0.222822204,0.220588803,0.217769504,0.214299798,0.210834995,0.206882402,0.203283206,0.199711606,0.196183398,0.192914099,0.189421505,0.186120406,0.182923406,0.180023804,0.177644894,0.175326794,0.173679501,0.172331601,0.171518505,0.171102196,0.170930207,0.171571896,0.173171893,0.177041307,0.184779495,0.197395399,0.214321494,0.233920604,0.255207896,0.276930302,0.298050791,0.317308992,0.333873898,0.3489649,0.363217801,0.376601785,0.387600809,0.394802094,0.398413599,0.398339391,0.394768089,0.387373686,0.376991391,0.366253287,0.355985493,0.347450197,0.340634614,0.33526361,0.331493497,0.328571707,0.326624006,0.324894697,0.323395014,0.321588904,0.319090009,0.316708088,0.314272791,0.3129237,0.312656611,0.314004004,0.317277104,0.322502703,0.330279887,0.340328097,0.352979511,0.367968112,0.384425491,0.402055591,0.419865787,0.437723607,0.454439998,0.469111711,0.482570797,0.495142907,0.509237588,0.526993811,0.550173223,0.578381777,0.610174477,0.644737482,0.679017901,0.711382628,0.738612473,0.761587203,0.779357493,0.792187393,0.801925778,0.808319688,0.813615322,0.816499472,0.819148421,0.821180821,0.821152329,0.821499884,0.820030212,0.819289029,0.817198396,0.815390289,0.813115478,0.810087681,0.808135629,0.804755986,0.80263108,0.799506187,0.797966778,0.795320809,0.793300211,0.792603076,0.790351272,0.789783895,0.788312316,0.787239075,0.785808027,0.783664525,0.781591773,0.778439403,0.775590777,0.771002173,0.766661882,0.761832118,0.756936908,0.751828671,0.746242583,0.742083311,0.736065388,0.732469082,0.727133513,0.72324872,0.720134914
BarleyWholePerten0120,Perten_DA7200,barley,Unknown,US,2009,12.71800041,15.9127903,0.188417196,0.191007406,0.195448205,0.201166496,0.207727194,0.2145814,0.220807999,0.225243807,0.227854997,0.228802696,0.228451103,0.227304205,0.2253557,0.223012298,0.220087603,0.216687605,0.212981105,0.209170297,0.205497503,0.201865107,0.198306099,0.194966897,0.191569701,0.188142598,0.184977293,0.182043001,0.179552406,0.177360103,0.175612494,0.1743204,0.173574403,0.173098207,0.173079997,0.173626199,0.175302103,0.179252505,0.187052399,0.199939698,0.217003495,0.236889601,0.258397013,0.280339092,0.301607698,0.320858985,0.337581486,0.352632493,0.366939694,0.380432189,0.391401291,0.398661196,0.402218312,0.402188987,0.39853099,0.391059607,0.380765587,0.369844586,0.359610885,0.35104841,0.344147503,0.338822186,0.335076392,0.332189411,0.330143601,0.328530401,0.326884091,0.325090587,0.322704285,0.320237488,0.317894399,0.316491306,0.316325605,0.317659587,0.320959806,0.326305091,0.334015787,0.344212413,0.356989592,0.372042686,0.388630301,0.406259805,0.424203008,0.442029506,0.458817989,0.47355029,0.486773402,0.499635905,0.513727129,0.531764686,0.555093527,0.583591282,0.615707994,0.650269806,0.685124397,0.71690619,0.744785607,0.767468274,0.785036326,0.798153579,0.807492673,0.814448476,0.819111586,0.822357714,0.824696124,0.826396525,0.827097178,0.826554894,0.825755477,0.824443877,0.822728992,0.820582688,0.818178594,0.815334916,0.812860727,0.809862614,0.807069004,0.804438114,0.802782416,0.800027311,0.798036516,0.796667576,0.795111477,0.793920815,0.792613328,0.791576386,0.79001528,0.788185418,0.785898686,0.782813191,0.779541671,0.77517581,0.770743191,0.765419483,0.760694921,0.755508423,0.750150502,0.745369315,0.7402336,0.735623419,0.730803073,0.726831913,0.723106623
BarleyWholePerten0121,Perten_DA7200,barley,Unknown,US,2009,12.26099968,15.85840034,0.192469895,0.194452301,0.198255003,0.203465998,0.209542707,0.216088295,0.221850902,0.225938201,0.228471905,0.229368806,0.228995904,0.227730006,0.225863904,0.2235654,0.220701098,0.217431799,0.213744998,0.210094094,0.206505597,0.202984199,0.199614793,0.196215302,0.192928806,0.189572007,0.186510801,0.183705598,0.181187496,0.179042593,0.177155003,0.175895199,0.175001502,0.174470201,0.174346402,0.174743697,0.176324606,0.179951504,0.187243104,0.199334696,0.215403706,0.234126404,0.254583299,0.275537103,0.295801401,0.314347506,0.330376089,0.344874889,0.358608186,0.371560991,0.382041991,0.389125913,0.392601699,0.392632306,0.389137894,0.381997496,0.372260392,0.361687809,0.351978391,0.343728989,0.336997211,0.331927806,0.32817471,0.325495988,0.323501498,0.321818203,0.320298493,0.318504989,0.316205114,0.313658595,0.311407685,0.309921503,0.309586108,0.310815692,0.313766986,0.318833411,0.326041997,0.335639089,0.347788513,0.362072289,0.378052592,0.394812614,0.412021697,0.429201186,0.445272386,0.4594194,0.472000986,0.48412171,0.497356415,0.514150083,0.536043584,0.562737882,0.593189716,0.625945926,0.659416318,0.690300822,0.717170417,0.739405572,0.756625772,0.769730926,0.778963924,0.785570681,0.790221512,0.793222785,0.796142519,0.797511816,0.798005819,0.797712624,0.796664119,0.795330524,0.793791115,0.791535676,0.788865626,0.786371291,0.783585429,0.78076601,0.778274715,0.775458694,0.773601413,0.771179915,0.769353271,0.767829299,0.766542375,0.765235603,0.76392889,0.763064683,0.761429012,0.759571195,0.757449389,0.754393399,0.75111568,0.747267425,0.742890298,0.737800121,0.7330603,0.72783041,0.722783923,0.71805501,0.712669909,0.708397627,0.704034329,0.699915707,0.69636631
BarleyWholePerten0122,Perten_DA7200,barley,Unknown,US,2009,11.89999962,16.01930046,0.193856597,0.196086496,0.200041995,0.205352306,0.211408302,0.2179607,0.223762006,0.227941394,0.230330497,0.231029704,0.230604693,0.229365394,0.227364793,0.224985704,0.222066701,0.218770206,0.215012297,0.211311907,0.207717404,0.204124495,0.200702205,0.197324604,0.194077805,0.190720499,0.187586606,0.184772804,0.182203293,0.180098295,0.178329706,0.177003905,0.176213399,0.175684899,0.175559104,0.176067099,0.177701399,0.181375697,0.188778803,0.201019898,0.217355505,0.236284405,0.256914109,0.277926892,0.298088402,0.316537887,0.332327604,0.346717,0.360272914,0.373079389,0.383576304,0.390449196,0.393952906,0.393788308,0.390316188,0.383228988,0.373562098,0.363160789,0.353499502,0.345311493,0.338647604,0.333582014,0.329827786,0.327147514,0.325149685,0.323508501,0.321985185,0.320186287,0.317902803,0.315395713,0.313195497,0.311745286,0.311491698,0.312814087,0.315790087,0.320962101,0.328269303,0.338006288,0.350200713,0.364574403,0.38065961,0.397526801,0.414772391,0.431908399,0.447927892,0.462057591,0.474605888,0.486665785,0.500081122,0.516992629,0.538998723,0.565900922,0.596108079,0.62865901,0.661235511,0.691340089,0.717586517,0.738794625,0.755498707,0.767796397,0.776813209,0.783179224,0.787425876,0.790364623,0.792605877,0.794341087,0.794695377,0.794351995,0.793402612,0.791879296,0.790683091,0.788306117,0.785805881,0.78338939,0.780390084,0.777792096,0.775167584,0.772549689,0.770648181,0.768386424,0.76670748,0.765295327,0.763714314,0.762372017,0.761160612,0.760147393,0.758710921,0.756814778,0.754839003,0.751773179,0.748541176,0.744574428,0.740261793,0.735131204,0.730495811,0.725508094,0.720577776,0.716606319,0.710575521,0.706545472,0.702291608,0.698361099,0.695313573
BarleyWholePerten0123,Perten_DA7200,barley,Unknown,US,2009,12.14999962,13.76436996,0.173813,0.174784794,0.177143693,0.180752605,0.185310602,0.190002397,0.194390997,0.197346598,0.198939294,0.199091807,0.198190704,0.196611598,0.194461599,0.191765606,0.188880906,0.185497701,0.182018101,0.178475305,0.175022602,0.171745896,0.168509096,0.165424302,0.162318602,0.159189403,0.156318903,0.153603897,0.151199907,0.149068698,0.147302404,0.145898596,0.144958705,0.144199297,0.143906996,0.144095093,0.145249501,0.1482068,0.154267296,0.164468095,0.178220496,0.194548607,0.212563098,0.231083497,0.248859897,0.26486209,0.278485388,0.290864199,0.302689195,0.313919306,0.323287189,0.32975781,0.333158314,0.333487511,0.330876201,0.32490769,0.316533297,0.307455093,0.298900902,0.291691601,0.2858015,0.281258702,0.277969599,0.275517494,0.273672611,0.272127092,0.270632714,0.268903792,0.266749293,0.26448679,0.262439311,0.261128008,0.260855913,0.261930913,0.264544398,0.268939495,0.275330901,0.28383401,0.294547707,0.30722931,0.321203589,0.335967302,0.351025701,0.366068691,0.38010481,0.392561615,0.40353629,0.414003909,0.4256576,0.440347314,0.45973891,0.483367592,0.510672689,0.54032588,0.57085371,0.599779725,0.625234425,0.646747172,0.663569629,0.676609278,0.685901225,0.692533314,0.697106481,0.700013518,0.70255357,0.70388639,0.704404116,0.703854084,0.702715397,0.700749576,0.698806286,0.696328521,0.693330228,0.690645814,0.687362075,0.684425414,0.681634784,0.678874016,0.67675668,0.674306393,0.672852576,0.671518087,0.670089424,0.668945015,0.667380571,0.666378379,0.664746821,0.663006425,0.661001027,0.657916784,0.654754698,0.650713027,0.646513879,0.641424775,0.636970282,0.63182348,0.627052784,0.622783184,0.617469192,0.613601923,0.609012723,0.605714321,0.602064192
BarleyWholePerten0124,Perten_DA7200,barley,Unknown,US,2009,12.53899956,16.17749977,0.197791904,0.199973702,0.203805193,0.208866701,0.2147993,0.220992595,0.226416394,0.230442196,0.232472405,0.233141795,0.232575998,0.2311932,0.229316697,0.226815596,0.223889798,0.220582306,0.216877103,0.213302001,0.209620401,0.2062428,0.202799901,0.199467704,0.196301699,0.192966104,0.189999104,0.187127098,0.184669897,0.182579398,0.180781797,0.179554403,0.178706393,0.178315699,0.178225994,0.1786993,0.180279493,0.183858797,0.191120997,0.203089297,0.219036505,0.237547502,0.257665306,0.27821371,0.297705412,0.315444112,0.330668896,0.344378412,0.357464612,0.369609386,0.379743695,0.386366487,0.389745802,0.389739007,0.386349112,0.379650891,0.37030071,0.360326409,0.351042688,0.343082309,0.336695105,0.331753194,0.328169614,0.325532585,0.32351929,0.322002798,0.320462614,0.318776488,0.316597194,0.314159513,0.312135011,0.310774893,0.310616404,0.311926305,0.314913601,0.320013791,0.32713449,0.336755008,0.348577499,0.362622887,0.37818861,0.394512385,0.411169112,0.427705497,0.443222702,0.456727088,0.468829393,0.480498195,0.493524611,0.51013428,0.531571925,0.557718813,0.587119222,0.618725181,0.650130987,0.679325819,0.704382479,0.724921882,0.740904093,0.752682626,0.761355281,0.767282009,0.771360278,0.773983896,0.776006103,0.777658105,0.777682126,0.777144015,0.776087105,0.774462581,0.772906005,0.770330608,0.767707527,0.765066087,0.762071788,0.75926578,0.756573618,0.753958225,0.752023697,0.749678373,0.747886777,0.746701598,0.745001018,0.743819475,0.742208779,0.74101609,0.739848018,0.737745583,0.736074328,0.732646585,0.729604423,0.725839794,0.721516907,0.716763914,0.711495578,0.707226872,0.702034116,0.697936297,0.692539513,0.688510001,0.684457302,0.680551291,0.677295983
BarleyWholePerten0125,Perten_DA7200,barley,Unknown,US,2009,11.7670002,11.54216957,0.156989798,0.159162894,0.163113996,0.168245897,0.174323499,0.180785596,0.186437294,0.190404698,0.192657903,0.193319693,0.192799106,0.191425607,0.189426497,0.186967403,0.184165895,0.181018502,0.177615598,0.174180701,0.170888603,0.167756304,0.164761603,0.1618516,0.158886403,0.155978605,0.153214499,0.150604397,0.148310602,0.146287307,0.144612595,0.143303707,0.142444402,0.141808301,0.141497493,0.141797707,0.143006995,0.146048203,0.152296096,0.162872002,0.177216098,0.194250301,0.212972194,0.232101098,0.250306785,0.266650498,0.280670285,0.293487996,0.305960387,0.317902088,0.328072995,0.335147291,0.339013696,0.339568198,0.336734504,0.330383003,0.321399689,0.311708391,0.302577913,0.294802696,0.28855589,0.283789307,0.280361503,0.277866513,0.275913,0.274320096,0.272631586,0.270673007,0.268390805,0.265895814,0.263720512,0.262198895,0.261804104,0.26278159,0.265275002,0.269734591,0.276274413,0.285094887,0.296173006,0.309305012,0.324017912,0.339470804,0.355459213,0.371394903,0.386246413,0.399456799,0.411098808,0.422431886,0.434977591,0.450652003,0.471361011,0.496905893,0.526701212,0.559600174,0.593885005,0.627019525,0.656609178,0.681640923,0.701551378,0.716551006,0.727235615,0.734761596,0.739957511,0.743054688,0.745670795,0.747057796,0.74740243,0.746738195,0.745339513,0.743121624,0.740670204,0.737629414,0.73442483,0.731129706,0.727555275,0.724204481,0.721041083,0.71806097,0.715604127,0.713153184,0.711356878,0.709888995,0.708502114,0.707233787,0.705798388,0.704642713,0.703028619,0.701199412,0.698869884,0.694972515,0.691384971,0.68648231,0.681365728,0.675446272,0.669501126,0.663712919,0.657974601,0.652464688,0.646455407,0.641712189,0.636622012,0.632170618,0.628393889
BarleyWholePerten0126,Perten_DA7200,barley,Unknown,US,2009,11.90999985,13.36246967,0.172182798,0.174374104,0.178318396,0.183549106,0.189747304,0.196385801,0.202221796,0.206435099,0.208955303,0.209759906,0.209316507,0.208129406,0.206137598,0.203779504,0.200991198,0.197701201,0.194250703,0.190813005,0.187373102,0.184140995,0.180939496,0.177830696,0.174731404,0.171533302,0.168637201,0.165854394,0.163475305,0.161371499,0.159647197,0.158311397,0.157348394,0.156721696,0.156387195,0.156718507,0.158063904,0.1612802,0.168022707,0.179275304,0.194488794,0.212498799,0.232168198,0.252377808,0.271808714,0.289418608,0.304665297,0.318447411,0.331826091,0.344451904,0.354992092,0.362360507,0.366135299,0.366555393,0.363528609,0.356760502,0.34729749,0.337008297,0.327439487,0.319256693,0.312750608,0.307770789,0.304084003,0.301457614,0.299552113,0.297853708,0.2962538,0.294279188,0.291860014,0.289349914,0.287002891,0.285475791,0.285070002,0.286103398,0.288770199,0.293534786,0.300460607,0.309711099,0.321312606,0.335162997,0.350401402,0.366679788,0.383387506,0.399944097,0.415532202,0.429206789,0.4415012,0.453278899,0.466071188,0.482343495,0.503537417,0.529733479,0.559867621,0.593061209,0.627455592,0.660163581,0.689288497,0.713685989,0.733135819,0.747468412,0.758005321,0.765501916,0.770533323,0.773862898,0.776528478,0.778146684,0.778452873,0.778262794,0.777022481,0.775307775,0.773149014,0.770807684,0.76802659,0.764912725,0.761977017,0.75881958,0.755895972,0.753279984,0.751039386,0.748527587,0.746685505,0.745365024,0.744004011,0.74271661,0.741500676,0.740391314,0.738869786,0.73701632,0.734512329,0.731461585,0.727903783,0.723317921,0.718544781,0.712965071,0.707458973,0.701831818,0.696497619,0.691244125,0.685746074,0.680718422,0.676024318,0.670976579,0.66794157
BarleyWholePerten0127,Perten_DA7200,barley,Unknown,US,2009,11.57999992,14.49106979,0.183804303,0.185810804,0.189703196,0.194824904,0.200955898,0.207479894,0.213390693,0.217696905,0.220039204,0.220732704,0.220385104,0.219129399,0.217281997,0.214842305,0.212046295,0.208679393,0.205137804,0.201669797,0.198134407,0.194787905,0.191579297,0.188396499,0.185134098,0.181857303,0.178799897,0.175947696,0.173528403,0.171280801,0.169508398,0.168080896,0.167114005,0.166472793,0.166169107,0.166482002,0.167825893,0.171157196,0.178121895,0.189601794,0.205086604,0.223257795,0.243063197,0.263517588,0.2832371,0.301242709,0.316837609,0.33103019,0.344665587,0.357604802,0.368232012,0.375586808,0.379325211,0.379579097,0.376463413,0.369435102,0.359701604,0.3491157,0.339275301,0.330877394,0.324159414,0.318989903,0.315199196,0.312470287,0.310409814,0.30876261,0.307119399,0.305148989,0.302668214,0.300018013,0.297635794,0.295920193,0.295426488,0.2964257,0.299076498,0.303819299,0.310799897,0.320098013,0.331789613,0.345837086,0.361459106,0.378100812,0.395204693,0.41220969,0.428163588,0.442174494,0.454715312,0.466755986,0.479788512,0.496162295,0.517652571,0.543747008,0.57400918,0.607142687,0.641378105,0.673995614,0.70263052,0.726811111,0.745726228,0.759915412,0.770188272,0.777514279,0.78240478,0.785848379,0.788402677,0.789792001,0.790461719,0.790270925,0.78922832,0.787687182,0.785805106,0.783845425,0.781304002,0.778468072,0.775513887,0.772603571,0.769783914,0.767110825,0.765217483,0.76263231,0.760824025,0.759487093,0.758227527,0.756976783,0.755527318,0.754619122,0.753116071,0.751323819,0.749181926,0.746004522,0.742453814,0.737904191,0.733642519,0.727981806,0.723004878,0.717380405,0.712294579,0.707114816,0.701754689,0.696681917,0.691844702,0.687579811,0.683788717
BarleyWholePerten0128,Perten_DA7200,barley,Unknown,US,2009,11.40499973,13.97595978,0.185813904,0.187800795,0.191706404,0.197010398,0.203048199,0.2097698,0.215729594,0.220074207,0.222447902,0.223106697,0.222808301,0.221407697,0.219408706,0.216919094,0.213964194,0.2107324,0.2070961,0.203586802,0.199989095,0.196608201,0.193388894,0.190123498,0.186952397,0.183619499,0.180475995,0.1777132,0.175252706,0.173061997,0.171223402,0.169790596,0.168816596,0.168191493,0.167860404,0.168162897,0.169486299,0.172867,0.179759905,0.191317901,0.206960097,0.225308701,0.245345905,0.265966505,0.285836399,0.303874105,0.319607914,0.333817989,0.347504914,0.3605555,0.371304303,0.378828287,0.382600814,0.3829346,0.379767895,0.372715801,0.36300981,0.352441907,0.342571586,0.334120989,0.327324301,0.32215479,0.318255514,0.315568209,0.313475013,0.311765313,0.310105503,0.308065206,0.305602789,0.302885085,0.300439298,0.298774511,0.298260689,0.299311996,0.301975608,0.3068057,0.313854188,0.323315591,0.335188597,0.349413395,0.365329504,0.382151395,0.399533898,0.416669011,0.432808906,0.44697389,0.45957619,0.471694499,0.484802991,0.501406908,0.523124218,0.5495556,0.580023825,0.61325562,0.647451282,0.679772914,0.708154678,0.731840015,0.750205576,0.764198422,0.773958385,0.78114903,0.785922587,0.789004922,0.791377425,0.792840481,0.793405414,0.792897403,0.792102873,0.790397823,0.788555086,0.786501885,0.783784211,0.781113923,0.778103411,0.775335372,0.772377729,0.770078719,0.767988682,0.765404999,0.763879418,0.762254119,0.761200786,0.759702027,0.758484721,0.757608295,0.756127477,0.75470829,0.751959682,0.749209583,0.745526314,0.741189301,0.736861825,0.731063187,0.726236224,0.720482528,0.715692878,0.710403681,0.705339313,0.700339973,0.69525969,0.691069186,0.687371016
BarleyWholePerten0129,Perten_DA7200,barley,Unknown,US,2009,11.53499985,10.5623703,0.140402302,0.142463893,0.145945504,0.150655404,0.156140506,0.162029102,0.167260602,0.170943901,0.173158899,0.173680693,0.173221096,0.172085598,0.170212001,0.167995393,0.165415794,0.162642196,0.1595442,0.156462997,0.153522298,0.150601596,0.147796795,0.145104706,0.142364696,0.139579505,0.136961505,0.134540603,0.132447898,0.130608797,0.129013196,0.127753899,0.1268024,0.126139298,0.125829205,0.1259996,0.127038002,0.129735604,0.135393307,0.1450001,0.158089995,0.173816398,0.191158399,0.208988801,0.226056904,0.241328195,0.25447461,0.266493589,0.278215885,0.289430797,0.298916489,0.305664301,0.309314787,0.309864909,0.307323188,0.301392287,0.292928994,0.283754289,0.275202513,0.2679286,0.262172192,0.257808209,0.254630387,0.252295613,0.250485212,0.2489447,0.247354999,0.245548397,0.243339703,0.240997002,0.2388978,0.237511307,0.237067401,0.237944603,0.240289807,0.244439796,0.250494689,0.258581489,0.268854111,0.281043887,0.294561505,0.308844894,0.323602587,0.338179112,0.351990998,0.364128709,0.375018597,0.3855263,0.396979898,0.41163379,0.430978894,0.455361992,0.483756214,0.51568228,0.549490929,0.582444072,0.612562895,0.638509929,0.659191728,0.675109386,0.686690927,0.694833279,0.700352073,0.70401299,0.706829011,0.708328128,0.708993077,0.708301187,0.706596613,0.704415381,0.701631308,0.698721886,0.695214808,0.691849411,0.687873304,0.684292913,0.681088686,0.677993178,0.675498486,0.672875226,0.671082079,0.66937989,0.668006122,0.666659772,0.665504873,0.664067805,0.662325323,0.660285294,0.657615721,0.654265821,0.650218904,0.645302415,0.640016377,0.63411659,0.62828052,0.622421503,0.616861999,0.610809207,0.605260015,0.599768817,0.594977081,0.590967178,0.586402297
BarleyWholePerten0130,Perten_DA7200,barley,Unknown,US,2009,11.45499992,11.40888977,0.166781098,0.168830603,0.172525898,0.177492499,0.183570504,0.190164,0.196060896,0.200495601,0.202997193,0.204083607,0.204034001,0.202921704,0.201209605,0.198902905,0.196281299,0.193331495,0.189951301,0.186628103,0.183302507,0.180139095,0.177094698,0.173978597,0.1710089,0.167875707,0.164904803,0.162288204,0.159922704,0.157936901,0.156208098,0.154809997,0.153865904,0.153144807,0.152804703,0.153012902,0.154179007,0.1572005,0.163471997,0.174228296,0.188862905,0.206224904,0.225529701,0.245389,0.264773905,0.282459587,0.297655702,0.311656594,0.325110614,0.33789739,0.348748386,0.356176704,0.360219002,0.360744894,0.357781708,0.351156712,0.341625601,0.331333786,0.321800202,0.313643098,0.307195902,0.302276611,0.298780888,0.296248406,0.294246197,0.292670995,0.29092899,0.288949788,0.286465496,0.283798993,0.281416893,0.279720008,0.279203802,0.280002087,0.282567293,0.287133306,0.293599308,0.302559793,0.313871801,0.327410311,0.3423796,0.358271897,0.374777585,0.391197592,0.406684905,0.420230299,0.432328105,0.443883389,0.456322491,0.471749991,0.492264897,0.517977178,0.547736228,0.580934823,0.615955472,0.649955511,0.680869401,0.706985772,0.728060782,0.744138777,0.755935371,0.764225185,0.770059586,0.774075687,0.776941896,0.779142082,0.780071914,0.779426873,0.778450728,0.777050316,0.775022686,0.772525489,0.769603729,0.766447187,0.763207495,0.760082007,0.757210016,0.754392803,0.752126873,0.749616027,0.747862816,0.746893585,0.745292127,0.744190872,0.742935181,0.741889417,0.740316391,0.738447487,0.736009121,0.732820571,0.729166329,0.724498212,0.719387472,0.713940918,0.70811671,0.702492476,0.696556926,0.69113338,0.685614526,0.680078387,0.675320625,0.670202494,0.666274786
BarleyWholePerten0131,Perten_DA7200,barley,Unknown,US,2009,11.43599987,11.0835104,0.152247101,0.154082105,0.157650903,0.162268102,0.168104097,0.174115703,0.179722607,0.1839692,0.186366394,0.187439606,0.187272698,0.186301202,0.184715807,0.182447806,0.180021599,0.177156299,0.174017996,0.170860201,0.167673707,0.164754003,0.161838204,0.158985198,0.156084299,0.153159395,0.150410906,0.147845894,0.145695597,0.143785298,0.142194107,0.140883699,0.139884502,0.139242798,0.138867095,0.139083594,0.140160993,0.142969504,0.148949504,0.159024298,0.172849596,0.189316407,0.207598105,0.2265504,0.2449947,0.261913091,0.276358008,0.289774597,0.302654713,0.314905703,0.325399786,0.332591087,0.336526513,0.337028891,0.3342188,0.327882588,0.318719208,0.308858812,0.299735308,0.291959792,0.285781503,0.281136394,0.277840793,0.275426686,0.273560405,0.272026509,0.270347595,0.268452287,0.266072989,0.263587505,0.261285693,0.259752899,0.259259105,0.260033786,0.262537003,0.266798914,0.273122311,0.281622112,0.292457193,0.30537501,0.319657892,0.334893495,0.350591004,0.366337001,0.381008089,0.394055605,0.405703187,0.416841805,0.428860009,0.443895787,0.463822812,0.488815188,0.517898202,0.550622582,0.585211813,0.619134784,0.650069892,0.676517427,0.698080301,0.714375913,0.726639271,0.735210002,0.741182029,0.745170176,0.74834621,0.750522971,0.751170516,0.750920177,0.74963069,0.748307884,0.74627912,0.74353689,0.740700722,0.737417221,0.734344184,0.730980396,0.728033781,0.725211918,0.722873271,0.720535874,0.718455792,0.71737498,0.715748787,0.714936614,0.713371515,0.71253562,0.710979402,0.709221721,0.7069484,0.703577578,0.699993908,0.695018888,0.690095484,0.684250474,0.678786993,0.672828913,0.667004705,0.661466777,0.655641913,0.650402308,0.645127773,0.640398681,0.636411011
BarleyWholePerten0132,Perten_DA7200,barley,Unknown,US,2009,11.3920002,12.64107037,0.1798186,0.180276096,0.181639999,0.184012696,0.1869822,0.190180704,0.193231002,0.195375606,0.196356997,0.196351707,0.195617497,0.194296703,0.192557707,0.190452606,0.188117102,0.185541406,0.182655901,0.179824203,0.177022502,0.174353495,0.171777204,0.169165507,0.166601107,0.163913101,0.161396906,0.159065604,0.156977207,0.155068293,0.153457001,0.152079195,0.150984004,0.150005102,0.149328098,0.149047107,0.149368599,0.151038393,0.154974595,0.161995202,0.171714306,0.183497801,0.196799696,0.210713193,0.224619195,0.237392902,0.248333901,0.25836429,0.267914593,0.277052313,0.284624308,0.289736986,0.292287797,0.292366296,0.28992641,0.284715205,0.277388901,0.269440293,0.262049288,0.25577721,0.250721395,0.246782601,0.243833304,0.241585895,0.239809007,0.238364697,0.236819595,0.235129207,0.233057201,0.230816901,0.228797793,0.227431506,0.226811901,0.227242902,0.229027197,0.232204795,0.236978799,0.243454203,0.251790792,0.261718988,0.272747189,0.284582108,0.296817094,0.30915761,0.32069099,0.330881506,0.339849889,0.348500103,0.357912511,0.369857401,0.3858926,0.40601781,0.429517806,0.456142813,0.48456499,0.512599289,0.538680792,0.561181188,0.579881012,0.594519079,0.605564892,0.613604009,0.619125485,0.623005271,0.625755489,0.627742112,0.628473103,0.62797761,0.626773179,0.625149906,0.622992575,0.620318472,0.617323875,0.613977075,0.610808671,0.607382715,0.604314923,0.601260424,0.59875083,0.59635812,0.594420672,0.593017399,0.591323316,0.590024114,0.588614881,0.587417126,0.585693419,0.583873093,0.581377983,0.578485012,0.574941576,0.570479512,0.566017985,0.560926974,0.555914879,0.550608516,0.545537174,0.540537179,0.535829008,0.531099021,0.526813507,0.522619724,0.51951772
BarleyWholePerten0133,Perten_DA7200,barley,Unknown,US,2009,11.76399994,15.27834034,0.208288103,0.209501401,0.211954504,0.215441197,0.219565794,0.224215701,0.228197396,0.231216505,0.2329171,0.233487904,0.233111307,0.232033506,0.230456606,0.228481695,0.226135805,0.223533601,0.220508307,0.217492297,0.214473099,0.211641505,0.2088449,0.206025407,0.203248993,0.200314194,0.197701603,0.195219696,0.193030298,0.191122204,0.189443305,0.188158095,0.187117502,0.186335594,0.1858311,0.185710296,0.186459407,0.188691899,0.193808094,0.202524602,0.214384794,0.228435099,0.244003996,0.260209411,0.276293099,0.29130131,0.304296911,0.316167593,0.327403814,0.337926388,0.346490592,0.352074415,0.35470131,0.354427606,0.351252288,0.3450073,0.336522996,0.3273727,0.319024891,0.311916888,0.306110203,0.301750988,0.298363209,0.295884699,0.293961793,0.292441011,0.290886104,0.289040595,0.286857992,0.284387589,0.28217271,0.280688793,0.280026287,0.280721903,0.282887101,0.286717087,0.29231891,0.299865514,0.309623301,0.321180314,0.334008694,0.347666293,0.361828595,0.376102209,0.3893435,0.40099141,0.411345512,0.421370298,0.432348013,0.44621551,0.464470595,0.487042308,0.512901127,0.541390419,0.57092911,0.599312425,0.62475729,0.646217704,0.663423777,0.676544726,0.686296105,0.69314462,0.697897613,0.70128572,0.703732193,0.705505073,0.706076086,0.705572426,0.704835713,0.703625083,0.702053011,0.699734509,0.697310329,0.69464308,0.69182992,0.688928902,0.686176479,0.683427513,0.681392074,0.678970099,0.677128673,0.675783098,0.674227595,0.673014224,0.671574116,0.670592308,0.66874522,0.667087615,0.664845407,0.662043273,0.658873081,0.654640317,0.650586128,0.645783126,0.641083121,0.636155307,0.631194413,0.626319587,0.62158668,0.617030621,0.612934411,0.608538985,0.605312705
BarleyWholePerten0134,Perten_DA7200,barley,Unknown,Sweden,2011,17.05054092,10.69999981,0.339560986,0.339646012,0.340301007,0.341302991,0.342422992,0.343544006,0.344437003,0.344736993,0.344500989,0.343730003,0.342554003,0.341093004,0.339426011,0.33761701,0.335676998,0.333485991,0.331407994,0.329403013,0.327351987,0.32525301,0.323179007,0.321249992,0.319352001,0.317451,0.315622002,0.313933015,0.312402993,0.311001003,0.309735,0.308607996,0.307693988,0.306798011,0.306127995,0.305590004,0.305364996,0.306055993,0.307898015,0.311558008,0.316949993,0.323496997,0.330648005,0.337736011,0.343943,0.349023014,0.352979004,0.35620299,0.359203994,0.361993998,0.364327997,0.365826011,0.366468012,0.366129011,0.364876986,0.362715006,0.359360009,0.355547011,0.351971,0.348527998,0.345535994,0.343008995,0.340894997,0.339022994,0.337538004,0.336234003,0.334937006,0.333678007,0.332248002,0.330837995,0.329548001,0.328559011,0.328103006,0.328285009,0.329302996,0.330944985,0.333310008,0.336510986,0.340705991,0.345716,0.351022989,0.356234014,0.361384988,0.366344005,0.37113601,0.375654012,0.379539996,0.383103997,0.387371004,0.394208014,0.403710008,0.415078998,0.428380013,0.442900986,0.457821012,0.471857011,0.484540999,0.495278001,0.503637016,0.509822011,0.513953984,0.516267002,0.517629981,0.518411994,0.518944025,0.518841028,0.517934978,0.516300023,0.51403302,0.511395991,0.508581996,0.505653977,0.502480984,0.499253005,0.496037006,0.492698014,0.489468992,0.486543,0.483976007,0.481851995,0.479860008,0.47805199,0.476366997,0.474754006,0.473040998,0.471482009,0.470086008,0.468427002,0.46678099,0.464962006,0.462493002,0.459749997,0.456772,0.453626007,0.450464994,0.447486997,0.444418997,0.441572011,0.439031005,0.436693996,0.434590995,0.433182001,0.432155997
BarleyWholePerten0135,Perten_DA72xx,barley,Unknown,US,0,9.430000305,13.40400028,0.158183098,0.159181297,0.161050096,0.163589194,0.166663796,0.169823498,0.172478601,0.174090505,0.174730897,0.174579307,0.173722804,0.172452495,0.170852795,0.168948904,0.166820303,0.164505705,0.162034303,0.159607202,0.157250494,0.154869095,0.152556807,0.150380805,0.148194104,0.146034494,0.1439711,0.142063797,0.140229106,0.138689607,0.137258902,0.136256695,0.135546595,0.134983495,0.134688705,0.134849295,0.135833696,0.138023302,0.142425194,0.149641499,0.159072995,0.169824004,0.181318402,0.192619205,0.202988803,0.211817801,0.219051793,0.225456402,0.231445,0.237090498,0.241738305,0.244989306,0.246618807,0.246847197,0.245655894,0.242690399,0.238352895,0.2335383,0.228898495,0.224760801,0.221195504,0.218516201,0.216449097,0.214757204,0.213436097,0.212342605,0.211387694,0.210160598,0.208717406,0.207194194,0.205758497,0.204917103,0.204834104,0.205441296,0.207079396,0.209818006,0.213751897,0.218866095,0.225316107,0.232957006,0.241252095,0.249958605,0.258511007,0.266827911,0.274393201,0.280846387,0.286094815,0.290908188,0.296831012,0.304690391,0.314907193,0.327578992,0.341785014,0.357138991,0.372413904,0.386773706,0.399598897,0.410558313,0.419015288,0.425006211,0.428930014,0.431436986,0.433111608,0.434136093,0.43482551,0.435081601,0.434747309,0.433532,0.431867093,0.429757386,0.427628696,0.425329,0.422785401,0.420146287,0.417362392,0.41475001,0.412114292,0.409683406,0.407580614,0.405909807,0.404508203,0.403019309,0.401652694,0.400490314,0.399310798,0.398085386,0.396815807,0.395469695,0.394015908,0.392333299,0.390195489,0.3876459,0.384829909,0.38160491,0.378554702,0.375549495,0.37263611,0.369960606,0.367343694,0.365095288,0.363209486,0.361583799,0.36037901
BarleyWholePerten0136,Perten_DA72xx,barley,Unknown,US,0,9.659999847,12.76290035,0.1386123,0.139821798,0.141875103,0.144844204,0.148489401,0.152504906,0.155843094,0.158029199,0.159096494,0.159341902,0.158777997,0.157870695,0.156521797,0.154869497,0.153044701,0.151011795,0.148750901,0.146555707,0.144456804,0.142299101,0.140189707,0.138200507,0.136218801,0.134230197,0.132325605,0.130559593,0.128875896,0.127363101,0.1260169,0.125015706,0.1243155,0.1237804,0.123468302,0.123669997,0.124716498,0.126973093,0.131376907,0.138464898,0.147625506,0.157964394,0.169116706,0.180287495,0.190635294,0.199599102,0.207039699,0.213719904,0.219982505,0.225912094,0.230819002,0.2342875,0.236077994,0.2365814,0.235566303,0.232788697,0.228546694,0.223724902,0.219079197,0.214888096,0.211299896,0.208675504,0.206622005,0.204968497,0.203709602,0.2026916,0.201749206,0.200536206,0.199028596,0.197364196,0.195772603,0.194784999,0.194437996,0.194809496,0.196148604,0.198553398,0.202100501,0.2068526,0.212935597,0.220356703,0.228598595,0.237350598,0.246138707,0.25475809,0.262645394,0.269212812,0.274340987,0.278919488,0.28442511,0.291520298,0.300843686,0.31262669,0.325967908,0.340711594,0.3558456,0.3703022,0.383526295,0.39489919,0.403738409,0.410005897,0.414056301,0.416758806,0.418579698,0.419634491,0.420359612,0.420661598,0.420465589,0.419472903,0.418017089,0.416235209,0.414439499,0.412405789,0.410158902,0.407765597,0.405266702,0.402834714,0.400340498,0.398103595,0.396187693,0.394712687,0.393533111,0.392250687,0.391049296,0.390048713,0.389070392,0.388006985,0.386962414,0.385791212,0.384399414,0.382938713,0.380927295,0.378477812,0.375744194,0.372585714,0.369608611,0.366684198,0.363855094,0.361195803,0.358647615,0.356487513,0.354614914,0.353074402,0.351898998
BarleyWholePerten0137,Perten_DA72xx,barley,Unknown,US,0,7.75,15.03522968,0.144544303,0.145589501,0.147404894,0.150021806,0.153289601,0.156775802,0.159727603,0.161766306,0.162802696,0.163130507,0.162770301,0.162094593,0.161067694,0.159783602,0.158327594,0.156655997,0.1548118,0.153038502,0.151340604,0.149565995,0.147858396,0.146178305,0.144542903,0.142939195,0.1413991,0.139973193,0.138641805,0.137480006,0.136455298,0.135717005,0.135187998,0.134881094,0.134770304,0.135026097,0.135973305,0.1379724,0.141772702,0.147914097,0.155790001,0.164678097,0.174399495,0.184265301,0.193638906,0.201885194,0.208855793,0.215192795,0.221112207,0.226706401,0.231334105,0.234502107,0.236088798,0.236446396,0.235376895,0.232691094,0.228679404,0.224165902,0.219838098,0.215974003,0.212685302,0.210248098,0.208394498,0.206890702,0.205755994,0.204909101,0.204122201,0.203048304,0.201719895,0.200229004,0.198803604,0.197971895,0.197706506,0.198041901,0.199232295,0.201426804,0.204657897,0.209013596,0.214575395,0.221424207,0.229083195,0.237326399,0.245651603,0.253881395,0.261451513,0.267803699,0.272877187,0.277365089,0.282652915,0.289555192,0.298687697,0.310187906,0.323339492,0.338005602,0.353163511,0.367879212,0.381355286,0.392947406,0.401998907,0.408379912,0.412516087,0.41523841,0.417021602,0.418067604,0.418858707,0.419224113,0.419021785,0.418031514,0.416649401,0.414918602,0.413173288,0.411128104,0.408824503,0.406508595,0.403978109,0.401549012,0.399112701,0.39694339,0.395047098,0.393542588,0.392296702,0.391049594,0.389842093,0.388853312,0.387858093,0.386753589,0.385640204,0.38444069,0.383085012,0.381520689,0.379461706,0.376998395,0.374247909,0.371042997,0.367926598,0.364935905,0.362045914,0.359369099,0.356783301,0.354483813,0.352529109,0.350974888,0.349717796
BarleyWholePerten0138,Perten_DA72xx,barley,Unknown,US,0,9.510000229,13.83578014,0.169049993,0.169836104,0.171376497,0.173646897,0.176381305,0.179297894,0.181700707,0.183187097,0.183689401,0.183536202,0.182677999,0.181428999,0.179849893,0.177976206,0.175903902,0.173693493,0.171256498,0.168917507,0.166593403,0.164302707,0.162039906,0.159890696,0.157774195,0.155648902,0.153674305,0.151867896,0.150083497,0.148524299,0.147193104,0.146191895,0.145457804,0.144908801,0.144579306,0.144665003,0.145535901,0.147559196,0.151708201,0.158523306,0.167442203,0.177615896,0.188576594,0.1994351,0.209410206,0.217964396,0.225021005,0.231356993,0.237174705,0.242634907,0.247156203,0.250248194,0.251704693,0.251960397,0.250727803,0.247865707,0.243651897,0.238938198,0.234472007,0.230447307,0.227008998,0.224483296,0.222482503,0.220857695,0.219598904,0.218532801,0.217598602,0.216488197,0.215075493,0.213572696,0.212163597,0.211389601,0.211292207,0.211920098,0.213480204,0.216098607,0.219873101,0.224781007,0.230933905,0.238300294,0.246291295,0.254739702,0.263007909,0.271124691,0.278599888,0.284872502,0.289883286,0.29452619,0.300320387,0.307881713,0.317772806,0.330189794,0.344004512,0.358921111,0.373889387,0.387995392,0.400700092,0.411531508,0.420072287,0.426183492,0.430124909,0.432826012,0.434581786,0.435606986,0.436356515,0.436647385,0.436402708,0.435352504,0.433736205,0.431791097,0.429800302,0.427569091,0.425054103,0.422449499,0.419801712,0.417258591,0.414637387,0.412263989,0.410189599,0.408589304,0.407216996,0.405760914,0.404368788,0.403179199,0.402086794,0.400906593,0.399604112,0.398369998,0.396981388,0.39535141,0.393288404,0.390833288,0.388063312,0.384885997,0.381880492,0.378939211,0.376098394,0.373432398,0.370864391,0.368589401,0.366692513,0.365093589,0.363889098
BarleyWholePerten0139,Perten_DA72xx,barley,Unknown,US,0,6.96999979,12.44760036,0.227912903,0.225865305,0.224140003,0.222948894,0.222196505,0.2216824,0.221036106,0.219959006,0.218491197,0.216693297,0.214481607,0.212084606,0.209515005,0.206882596,0.204144493,0.201290906,0.198304504,0.195417494,0.192599893,0.189685106,0.186862499,0.184110507,0.181337401,0.178612202,0.175939798,0.173340499,0.170737401,0.168313801,0.165885001,0.163793296,0.161791697,0.159867093,0.158159003,0.156819597,0.156075999,0.156090498,0.157431498,0.160583898,0.165305093,0.171168402,0.178116605,0.185459003,0.192741707,0.199329302,0.204814896,0.209885001,0.214842394,0.219701096,0.223851994,0.226656005,0.228019804,0.228208602,0.226994604,0.224049404,0.219784796,0.214909002,0.210175902,0.205859006,0.202071101,0.199095905,0.196712807,0.194730803,0.193101794,0.191704005,0.190376893,0.188789502,0.186866403,0.184817106,0.182822198,0.181359693,0.180513099,0.180282906,0.180965096,0.182619199,0.185391501,0.189370006,0.194708705,0.201460794,0.209145397,0.217524499,0.226127401,0.2346019,0.242405906,0.249004796,0.254348815,0.258923292,0.2640495,0.270909697,0.280173898,0.291717887,0.305262208,0.32056421,0.33658731,0.352378398,0.366971612,0.379612386,0.389545202,0.396643102,0.401326895,0.404409587,0.406469494,0.407900095,0.409021407,0.4096542,0.409621596,0.408865809,0.407648593,0.405940205,0.404198498,0.402172893,0.399772406,0.397365391,0.394837588,0.392252207,0.389626712,0.387352914,0.385359705,0.383790314,0.38247481,0.381214708,0.380072415,0.379022509,0.378048897,0.376992285,0.375966996,0.374798209,0.373390704,0.371676594,0.369362414,0.366586,0.363581389,0.360064387,0.356639892,0.353366613,0.350099802,0.347094208,0.34423551,0.341719687,0.339484096,0.337676197,0.336284995
BarleyWholePerten0140,Perten_DA72xx,barley,Unknown,US,0,6.71999979,15.13722038,0.224076107,0.223549902,0.223739296,0.224648699,0.226134494,0.2278312,0.229182705,0.229770407,0.229618102,0.228888199,0.227547407,0.225920498,0.224016503,0.221922502,0.219703302,0.217256501,0.214569598,0.212019295,0.209530696,0.207021505,0.204531893,0.202110604,0.199658796,0.197347105,0.194974899,0.192660704,0.190502793,0.188475996,0.186486095,0.184891701,0.183411807,0.182031706,0.180912599,0.180190995,0.180184305,0.181114301,0.183719605,0.188457102,0.194826096,0.202197596,0.210385695,0.218717396,0.226707101,0.233799607,0.239567295,0.244687304,0.249471694,0.254074514,0.257833093,0.260269791,0.261309385,0.261270404,0.259984493,0.257071197,0.253027707,0.248387203,0.243849799,0.239625707,0.235909596,0.232897803,0.2304288,0.228316605,0.2265784,0.225137204,0.223770693,0.222113103,0.2202003,0.218092397,0.216035903,0.214517802,0.213629797,0.213356897,0.214018703,0.215659604,0.218364999,0.222215101,0.2273442,0.233816907,0.241129205,0.249032706,0.257120192,0.265039086,0.272337496,0.278422594,0.283225089,0.287276506,0.292054415,0.298576802,0.307457596,0.318550497,0.331537902,0.346274287,0.361649901,0.376797706,0.390854806,0.403117001,0.412769288,0.419635385,0.424259096,0.427270114,0.429375112,0.430707812,0.431811392,0.432477802,0.432446212,0.431555986,0.430282295,0.428399503,0.426440001,0.424210101,0.421561003,0.418843001,0.41598919,0.413033813,0.410091192,0.407483101,0.405220896,0.403446704,0.401990086,0.400466889,0.399139196,0.397871912,0.396610111,0.395353198,0.394151211,0.392848313,0.391320288,0.389453292,0.386944801,0.384030908,0.380841315,0.377204686,0.373671204,0.370295703,0.367039502,0.364036709,0.361212194,0.358714402,0.356524408,0.35478431,0.353407413
BarleyWholePerten0141,Perten_DA7440,barley,Unknown,Denmark,2016,14.30000019,12.01867008,0.197646305,0.198698998,0.200793207,0.203407303,0.206345797,0.209459499,0.212127194,0.213800997,0.214483306,0.214335695,0.213464797,0.212169603,0.210465193,0.2084236,0.206168607,0.203833595,0.201367199,0.198754296,0.196279407,0.193863496,0.191574693,0.189356998,0.187282607,0.185153604,0.183140695,0.181348905,0.179836899,0.178423405,0.177125603,0.176263705,0.175653607,0.175305396,0.175270796,0.175903499,0.177430704,0.179850593,0.184039399,0.191269293,0.200588107,0.211815193,0.2236377,0.235024795,0.245261893,0.253972799,0.261194289,0.267521501,0.273419797,0.278995514,0.28378281,0.287150413,0.28899011,0.289460003,0.288248807,0.285277486,0.280969113,0.276251912,0.271678001,0.267667502,0.264327109,0.261719108,0.259818286,0.258301914,0.257103205,0.256190807,0.2551727,0.253987402,0.25264141,0.251310796,0.250245094,0.249732703,0.249905601,0.250737995,0.252696186,0.255751699,0.259986609,0.2653943,0.271794885,0.27924189,0.287465602,0.296453595,0.306646407,0.317679286,0.327251494,0.333774,0.33760941,0.341496199,0.350017488,0.358261794,0.367089897,0.381144911,0.396474302,0.412470698,0.428157985,0.4427073,0.456181586,0.467642188,0.477060199,0.484027296,0.48873809,0.491849512,0.493573099,0.494456708,0.495279908,0.4959943,0.496000499,0.494756192,0.492727488,0.490212411,0.487459391,0.484682113,0.481878787,0.478874713,0.475757599,0.47274819,0.46984309,0.467123687,0.46477589,0.462945908,0.461232811,0.459462613,0.457938194,0.456605285,0.455274791,0.453887492,0.452590615,0.451278001,0.449890286,0.448099196,0.4457241,0.442806512,0.439433008,0.436062813,0.432798386,0.429484487,0.426357597,0.423492104,0.420617402,0.418199301,0.416032493,0.414048702,0.412302196
BarleyWholePerten0142,Perten_DA7440,barley,Unknown,Denmark,2016,14.19999981,10.60606003,0.189570606,0.190653294,0.192732602,0.195361197,0.198323906,0.201417103,0.204128593,0.205815002,0.206468001,0.206280395,0.205381498,0.204076797,0.202369303,0.200312406,0.198038295,0.195692197,0.1932486,0.190646395,0.1881807,0.185785696,0.1835289,0.181324199,0.179252595,0.177161098,0.175156504,0.173363596,0.171866804,0.170449004,0.169141397,0.168268502,0.167655602,0.167279497,0.167224199,0.167845905,0.169349104,0.171709195,0.175815001,0.182954699,0.192143694,0.203256801,0.214996293,0.226304799,0.236439407,0.245079801,0.252218515,0.258481592,0.264357507,0.26992771,0.274720788,0.278105408,0.279972702,0.280464202,0.279293299,0.276350886,0.272061706,0.267359704,0.262774795,0.258777589,0.255457997,0.252871394,0.250977099,0.2494791,0.2482941,0.247357905,0.246348798,0.245171502,0.243824899,0.242488205,0.241416693,0.240908101,0.241071805,0.241888702,0.243807197,0.246811405,0.250996888,0.256346613,0.262692213,0.270092905,0.278278112,0.287240714,0.297444612,0.308510602,0.318117589,0.324639797,0.328472495,0.33238411,0.340967089,0.349325389,0.358298689,0.372585386,0.388251305,0.404681295,0.420859695,0.435914904,0.449849486,0.461708397,0.471430093,0.478656292,0.483530909,0.486765087,0.488523096,0.489420891,0.490248203,0.490948886,0.490910411,0.489655197,0.487561613,0.484966189,0.482117415,0.479247004,0.476392895,0.473305613,0.470109791,0.467009187,0.464032412,0.461302787,0.458926797,0.457044691,0.455282986,0.453492314,0.451990485,0.45061031,0.449286401,0.447877109,0.446516693,0.445140392,0.443671107,0.441766292,0.439303696,0.436279714,0.432839602,0.429388195,0.426015705,0.42263481,0.419434786,0.416494995,0.413544715,0.41104421,0.408815801,0.406802893,0.404990912
BarleyWholePerten0143,Perten_DA7440,barley,Unknown,Denmark,2016,14.19999981,10.48950958,0.190750703,0.192121595,0.194526896,0.197481707,0.200783595,0.204152405,0.207127497,0.209014103,0.209827095,0.209728003,0.208881095,0.207570106,0.205856696,0.2037597,0.201458603,0.199076593,0.196575001,0.193907902,0.191376001,0.1889157,0.186580896,0.184328497,0.182198897,0.180024505,0.177966803,0.176164895,0.174633697,0.173198193,0.171894401,0.171020404,0.170424596,0.170092002,0.170057103,0.170716494,0.172272593,0.174757198,0.179119706,0.186691403,0.196447,0.208195701,0.220579103,0.232490897,0.243123099,0.252150089,0.259597212,0.266158402,0.272312701,0.278160095,0.283203811,0.286776096,0.288752496,0.289281398,0.288043201,0.284928709,0.280384213,0.275437295,0.270648688,0.266465992,0.263007611,0.260338485,0.258402288,0.256868005,0.255636513,0.254674405,0.253643215,0.252442092,0.251096189,0.249744207,0.248681203,0.248190299,0.248396307,0.249290004,0.251320213,0.254477799,0.258848995,0.264441788,0.271031708,0.278707594,0.287150204,0.296349496,0.306810796,0.318109691,0.327929705,0.334601998,0.338593096,0.342721999,0.3515867,0.360198408,0.369386911,0.38389051,0.399687201,0.41613701,0.432158589,0.446947396,0.46057561,0.472128987,0.481587499,0.488616288,0.493356288,0.49651891,0.49823159,0.499130398,0.499914795,0.500602126,0.500561118,0.499328196,0.497277409,0.494776309,0.491999507,0.489232212,0.486457288,0.483497292,0.480447888,0.477469415,0.474615306,0.471985489,0.469697088,0.467922986,0.466234714,0.464503586,0.463055015,0.461746812,0.460477501,0.459136099,0.457826287,0.456489086,0.455065012,0.453246713,0.450886995,0.44796449,0.444627702,0.44125241,0.43796429,0.434622914,0.431462586,0.42859,0.425693989,0.423207313,0.420958996,0.418908,0.41706261
BarleyWholePerten0144,Perten_DA7440,barley,Unknown,Denmark,2016,14.19999981,12.1212101,0.203268305,0.204843104,0.207470596,0.210655496,0.2141736,0.217823297,0.220995098,0.223073795,0.224040806,0.224071398,0.223322004,0.222101599,0.220469996,0.218435407,0.216177106,0.213801399,0.211285904,0.208614707,0.206087202,0.2036158,0.201288998,0.199015304,0.196859002,0.1946733,0.192589998,0.190770403,0.189251304,0.187820405,0.186516404,0.185663998,0.185101599,0.184790596,0.1847931,0.185470104,0.187083304,0.189657107,0.194173798,0.201982796,0.212040693,0.224110201,0.236825302,0.249079496,0.260105789,0.2695297,0.277330488,0.284187913,0.29061231,0.296698004,0.301897287,0.305521697,0.307507604,0.307973713,0.306616813,0.303308308,0.298585206,0.293437392,0.288444012,0.284121901,0.280536503,0.277774394,0.275757015,0.274165094,0.272913903,0.271947295,0.270901889,0.269675314,0.268287301,0.266883701,0.265762597,0.265225887,0.265423089,0.266325086,0.268407613,0.271649599,0.276130289,0.281886399,0.28868869,0.296597987,0.305288702,0.314758509,0.325470895,0.336973399,0.346994698,0.353846312,0.358020097,0.36229381,0.371248007,0.3799676,0.3892681,0.40381071,0.419596613,0.435975701,0.451939702,0.466642797,0.48014909,0.491550297,0.500887394,0.507803619,0.512494803,0.515620589,0.517354429,0.518253326,0.519052804,0.519737124,0.519737303,0.518606484,0.516673207,0.514285505,0.511610389,0.508907497,0.506267607,0.50341928,0.500430524,0.497517407,0.494761497,0.49219349,0.489941299,0.488189489,0.486540109,0.484825611,0.483399808,0.482129186,0.480864108,0.479530901,0.478265613,0.476976007,0.475555211,0.4737266,0.47136721,0.468488097,0.465193898,0.461887389,0.458655208,0.455375195,0.452251613,0.449398488,0.44650659,0.444055796,0.441826493,0.439787597,0.437928587
BarleyWholePerten0145,Perten_DA7440,barley,Unknown,Denmark,2016,14.30000019,11.31855011,0.190090701,0.191727907,0.194410101,0.197647795,0.2012133,0.204845697,0.208026007,0.210096493,0.211043596,0.211064905,0.210311607,0.209103599,0.207448795,0.205412298,0.203146204,0.200783804,0.1982878,0.195632502,0.193128094,0.190679893,0.188365698,0.186121196,0.184012696,0.181837499,0.179795295,0.177999407,0.176498905,0.175099105,0.173831701,0.173001602,0.172449306,0.172144204,0.172163501,0.172863394,0.174484298,0.177027494,0.181486294,0.189192504,0.1991366,0.211058393,0.223622605,0.235700294,0.246529207,0.255758405,0.263379186,0.270091087,0.276367307,0.282299012,0.287404299,0.290970415,0.292926401,0.293405086,0.292103887,0.288882494,0.284251601,0.279218912,0.274355888,0.270139009,0.266646385,0.263942689,0.261988699,0.260434598,0.25920549,0.258241206,0.257197201,0.256003201,0.254647791,0.25329259,0.252214193,0.251710415,0.251933008,0.252843797,0.254898697,0.258093596,0.262517214,0.268166691,0.274846792,0.282628298,0.291200101,0.300538808,0.311121315,0.32254079,0.332475603,0.339264602,0.343376607,0.347645789,0.356673002,0.365513206,0.375032097,0.389965892,0.406287998,0.423318297,0.439934313,0.455218405,0.469238102,0.481108189,0.490839988,0.498050213,0.502925813,0.506151795,0.507928312,0.508823872,0.509583771,0.510237396,0.510174871,0.508853316,0.506722927,0.504138589,0.501278102,0.49840349,0.495548099,0.492447913,0.489317089,0.486263603,0.483343899,0.48064059,0.478284299,0.476416409,0.474683791,0.472912312,0.471424907,0.470058292,0.468736798,0.467328012,0.465969086,0.464560986,0.463035911,0.461119711,0.458670288,0.455685914,0.452289999,0.448845208,0.445493609,0.44211039,0.438874602,0.435914904,0.432914197,0.430336088,0.428008586,0.425895602,0.423964411
BarleyWholePerten0146,Perten_DA7440,barley,Unknown,Denmark,2016,16.60000038,13.30935001,0.245907396,0.246883199,0.248561099,0.250464499,0.252369791,0.254400492,0.256073594,0.256868511,0.256867498,0.256281912,0.255174696,0.253802806,0.252179414,0.250261486,0.247981504,0.245726898,0.243480906,0.241068602,0.238808394,0.236683101,0.234653696,0.232670605,0.230847299,0.2290048,0.227180794,0.225615099,0.224305406,0.223090604,0.221942797,0.221172601,0.220662803,0.220362499,0.220282301,0.220853001,0.222282797,0.224325404,0.227624804,0.233393595,0.240898505,0.250295609,0.260082185,0.269232601,0.277071297,0.283620894,0.28891331,0.293443114,0.297644198,0.301599711,0.3049981,0.307361394,0.308589995,0.308709204,0.307486892,0.304928809,0.301401287,0.297545612,0.293721408,0.290383607,0.287544787,0.285177201,0.283439994,0.281976014,0.280760706,0.279819787,0.278841406,0.277747214,0.276544809,0.275440604,0.274637491,0.274372906,0.274707913,0.275621086,0.277500898,0.280374408,0.284258813,0.289112985,0.29481709,0.3012743,0.30829519,0.3161847,0.32556811,0.336024612,0.345009506,0.350353688,0.352598995,0.355211914,0.363988787,0.37161839,0.378972411,0.39206931,0.405762404,0.419413894,0.432327211,0.443985194,0.454779714,0.463684708,0.470949203,0.476243913,0.479639411,0.481592387,0.482177496,0.482152313,0.482298613,0.482415587,0.481792212,0.479872614,0.477205992,0.474090815,0.470758408,0.467490107,0.464294493,0.461043298,0.457756907,0.454504788,0.451369911,0.448554903,0.446146488,0.444048911,0.44206059,0.440067112,0.438314587,0.436721414,0.435175598,0.433543801,0.432033211,0.430514902,0.428899795,0.426974714,0.424657106,0.421934009,0.418869108,0.415761411,0.412853807,0.409974307,0.407297313,0.404928803,0.402471989,0.400321901,0.398428887,0.396727294,0.395232707
BarleyWholePerten0147,Perten_DA7440,barley,Unknown,Denmark,2016,16.70000076,14.04561996,0.243695796,0.244097903,0.245123103,0.246345803,0.247643307,0.249056101,0.250192791,0.2506167,0.250419498,0.249720797,0.248627901,0.247338906,0.245834097,0.244113997,0.242025793,0.239988998,0.237979099,0.235826895,0.233789101,0.231840894,0.229998902,0.228159696,0.226510599,0.22484,0.223178402,0.221705496,0.220469698,0.219304502,0.218161494,0.217365101,0.216838494,0.216478899,0.216323003,0.216804802,0.218083993,0.219814107,0.222547501,0.227364093,0.233533502,0.241346896,0.249556601,0.25734061,0.264099598,0.26977101,0.274280697,0.27809611,0.281645387,0.285010397,0.287961692,0.289968699,0.290996194,0.291176498,0.290199012,0.287986785,0.284905195,0.281448811,0.277989894,0.274958313,0.272336513,0.270108908,0.268442094,0.266991496,0.265787095,0.264890999,0.263950586,0.262872487,0.261667013,0.260539413,0.259678513,0.259339392,0.259497792,0.260168105,0.261718094,0.264145911,0.267464787,0.271670193,0.276622087,0.28232801,0.288656414,0.295908094,0.304748714,0.314781904,0.323370904,0.328307599,0.33006981,0.33202979,0.340112686,0.346940488,0.353348911,0.365469605,0.37827149,0.391343296,0.404073298,0.415906608,0.427026898,0.436289698,0.443898886,0.449420393,0.452916205,0.454929888,0.455558002,0.455572486,0.455784589,0.455983311,0.455400914,0.453542501,0.450887799,0.447755605,0.444465309,0.441147387,0.437855512,0.434449107,0.430974513,0.427549511,0.424232304,0.421245396,0.418685287,0.416465491,0.414412588,0.412325591,0.410494298,0.4087843,0.407126993,0.405429989,0.403823614,0.40223521,0.400575697,0.398574114,0.3961263,0.393220186,0.389943093,0.38662371,0.383531392,0.380461097,0.377625614,0.37511,0.372535288,0.370317489,0.368390292,0.366746008,0.365208805
BarleyWholePerten0148,Perten_DA7440,barley,Unknown,Denmark,2016,17.29999924,15.35671043,0.268422395,0.269211203,0.27063939,0.272202909,0.273750395,0.27540639,0.276746899,0.277359694,0.277412802,0.276995897,0.276125401,0.2750462,0.273795486,0.272297412,0.270452112,0.26865989,0.26687029,0.264943689,0.263096392,0.261400998,0.25981909,0.258250207,0.256834,0.255421788,0.254043788,0.252839208,0.251885593,0.250991911,0.25012219,0.249615893,0.249380097,0.249296695,0.249410898,0.250169486,0.251685113,0.253649294,0.256518006,0.261374891,0.267525107,0.275320292,0.283464998,0.291182101,0.297964305,0.303761601,0.308496594,0.312442899,0.316139191,0.319723487,0.322843403,0.324901611,0.325937092,0.326028496,0.32498309,0.322721601,0.3196145,0.316186398,0.31281811,0.309912503,0.307465613,0.305423886,0.303938806,0.302684188,0.301646203,0.300930888,0.300161511,0.299293399,0.298315615,0.297437489,0.296819687,0.296705395,0.297036707,0.297874987,0.299565703,0.302096009,0.305467099,0.309663296,0.314620704,0.320279211,0.326530308,0.333745092,0.342595398,0.352743298,0.361465007,0.36654979,0.368510604,0.370821506,0.379442006,0.386738896,0.393552303,0.406055808,0.419178188,0.432423204,0.44519189,0.456833392,0.46766001,0.476585299,0.48382929,0.488940001,0.492164791,0.494015515,0.494511604,0.494438499,0.494600713,0.494757712,0.494198412,0.492344886,0.489683598,0.486547709,0.483232588,0.479931504,0.476655692,0.473241806,0.4697586,0.466356903,0.463094086,0.460127711,0.457531005,0.4553051,0.453185201,0.45100081,0.449120402,0.447420895,0.445711494,0.443997711,0.4423877,0.440854609,0.439256102,0.437284797,0.434934408,0.432177305,0.429003686,0.425795496,0.422845513,0.419980705,0.417322189,0.41501841,0.412662208,0.410661489,0.409017086,0.407772988,0.406881809
BarleyWholePerten0149,Perten_DA7440,barley,Unknown,Denmark,2016,14,12.5581398,0.2478977,0.247806907,0.248459697,0.249379605,0.250588894,0.251973987,0.253028214,0.253391802,0.253147304,0.25235039,0.251053989,0.2495545,0.247873798,0.2459196,0.243704394,0.2414767,0.239208803,0.236834303,0.234587103,0.232432798,0.230403796,0.228371799,0.226486206,0.224613905,0.222787306,0.221140206,0.219631597,0.218204394,0.216851294,0.215842307,0.215076596,0.214457393,0.214120701,0.214506105,0.215703994,0.217314199,0.220100403,0.225174293,0.231560007,0.239618704,0.248126194,0.256305099,0.263481289,0.269514501,0.274414897,0.278575689,0.282504797,0.286305785,0.289576113,0.29181841,0.293115199,0.293415606,0.292434514,0.290152103,0.286926597,0.283336103,0.279674798,0.276380509,0.273530394,0.271127403,0.269275397,0.267750114,0.2665039,0.265535504,0.264526188,0.263360411,0.262016207,0.260691911,0.259674192,0.2591483,0.259162009,0.259657115,0.261057198,0.2633726,0.266628712,0.270738095,0.2758497,0.281778306,0.288351893,0.296092093,0.305660993,0.316419691,0.325850189,0.331081986,0.332390785,0.334127992,0.342588812,0.349087805,0.354780287,0.366386414,0.378690392,0.39156419,0.404051513,0.415761411,0.42701909,0.436362296,0.444251299,0.449935913,0.45339489,0.455453187,0.456202209,0.456282914,0.456549794,0.456844509,0.456492007,0.4548195,0.452402502,0.449509412,0.446464092,0.443389595,0.440285206,0.437079907,0.43373099,0.430373788,0.427248389,0.424427301,0.422091603,0.42002669,0.418123692,0.41616869,0.414526612,0.4129273,0.411492914,0.409968913,0.408439994,0.407002002,0.405420393,0.403518587,0.401101887,0.398173988,0.394778192,0.391420901,0.388263911,0.385101914,0.382194489,0.379696399,0.377131403,0.374916494,0.373048991,0.371470004,0.370261014
BarleyWholePerten0150,Perten_DA7440,barley,Unknown,Denmark,2016,14.30000019,12.8354702,0.246129498,0.245964304,0.246417299,0.247203499,0.248278707,0.249537602,0.250505507,0.250816107,0.250533313,0.249684304,0.248345494,0.246832103,0.245195106,0.243253201,0.240970701,0.238721699,0.236466497,0.234108001,0.231863394,0.229713604,0.2276963,0.225658894,0.223792002,0.221940607,0.220114797,0.218463093,0.216951907,0.215526298,0.214176506,0.213161498,0.212370694,0.211723596,0.2113913,0.211768106,0.212936595,0.214502499,0.217241898,0.222184897,0.228416801,0.236315101,0.244715393,0.252810389,0.259949803,0.26600349,0.270922303,0.275133014,0.279088914,0.282894909,0.286190808,0.28843841,0.2897439,0.290032595,0.289045394,0.286713809,0.28345269,0.279826999,0.276144594,0.272833914,0.269985706,0.267608404,0.265769005,0.264244586,0.26301229,0.262049198,0.261062712,0.259880692,0.258560002,0.257225812,0.256213605,0.255687505,0.255690396,0.256151497,0.257554114,0.259840399,0.263059109,0.26713261,0.272232205,0.278154314,0.284705788,0.292464286,0.3020688,0.312882394,0.32233119,0.327531695,0.328798086,0.330464214,0.338943213,0.34535259,0.350872904,0.362277001,0.374276608,0.386824399,0.398945689,0.410285592,0.421153903,0.430185407,0.437808603,0.443286806,0.446621299,0.448569506,0.449290603,0.449333191,0.449525714,0.449774414,0.449424714,0.447778493,0.4454,0.442586899,0.439594299,0.436624914,0.433659911,0.430561602,0.427346289,0.42411679,0.421135008,0.418455094,0.416226387,0.414216697,0.412356794,0.410459489,0.408861488,0.407319307,0.405960888,0.404500008,0.403035611,0.401645601,0.400092304,0.398236394,0.395876288,0.393077791,0.389817804,0.386607587,0.383546591,0.380490392,0.377679288,0.375268996,0.3727777,0.3706173,0.368816793,0.367253989,0.365976602
