ID,Spectrometer,Cereal,Variety,Country,Year,Moisture,Protein,950,955,960,965,970,975,980,985,990,995,1000,1005,1010,1015,1020,1025,1030,1035,1040,1045,1050,1055,1060,1065,1070,1075,1080,1085,1090,1095,1100,1105,1110,1115,1120,1125,1130,1135,1140,1145,1150,1155,1160,1165,1170,1175,1180,1185,1190,1195,1200,1205,1210,1215,1220,1225,1230,1235,1240,1245,1250,1255,1260,1265,1270,1275,1280,1285,1290,1295,1300,1305,1310,1315,1320,1325,1330,1335,1340,1345,1350,1355,1360,1365,1370,1375,1380,1385,1390,1395,1400,1405,1410,1415,1420,1425,1430,1435,1440,1445,1450,1455,1460,1465,1470,1475,1480,1485,1490,1495,1500,1505,1510,1515,1520,1525,1530,1535,1540,1545,1550,1555,1560,1565,1570,1575,1580,1585,1590,1595,1600,1605,1610,1615,1620,1625,1630,1635,1640,1645,1650
CornWholePerten0001,Perten_DA7200,corn,Unknown,US,2006,16.99085045,8.005442619,0.158721998,0.165514901,0.173232898,0.180487901,0.18626,0.191446006,0.194873005,0.197106004,0.197334901,0.197906002,0.196219996,0.194969907,0.192468897,0.190189898,0.187614903,0.184463903,0.181216002,0.177808002,0.175109893,0.171911001,0.169305995,0.166320995,0.1637339,0.161262006,0.159529999,0.157276005,0.155838996,0.154548004,0.154138997,0.153800994,0.153845996,0.153834999,0.154514998,0.155934006,0.157747001,0.161549002,0.168427005,0.180316001,0.195428997,0.213377893,0.231373996,0.249042898,0.263468891,0.275213897,0.284279913,0.293127894,0.301104903,0.309189886,0.315926909,0.320204914,0.322470903,0.321723908,0.319058895,0.313664913,0.30614689,0.298176915,0.291894913,0.286422014,0.282000899,0.279223889,0.277016908,0.275745004,0.273981899,0.273375988,0.271564901,0.270659894,0.269107908,0.267663896,0.266753912,0.266754895,0.268029898,0.270360887,0.274356902,0.278640896,0.285650909,0.29408291,0.3041749,0.315267891,0.327230901,0.339237899,0.351360887,0.362754911,0.373364896,0.383629888,0.391339898,0.401539892,0.412788898,0.429362893,0.450386912,0.477731913,0.508777916,0.540662825,0.573802888,0.603019774,0.62961477,0.650540829,0.668102801,0.679268777,0.689361811,0.694557726,0.698041916,0.701255679,0.701363802,0.70307982,0.700152814,0.69855392,0.693692803,0.689546824,0.683680773,0.677740812,0.673132777,0.666105807,0.661918819,0.655535817,0.651342928,0.645987809,0.642683923,0.638587773,0.635796905,0.633900881,0.629595816,0.628298879,0.625295818,0.624019921,0.620418787,0.617876887,0.614483774,0.610558808,0.606213927,0.599990904,0.595491827,0.58899188,0.583863914,0.577587783,0.572336912,0.568828821,0.561449826,0.558733881,0.553766787,0.551022828,0.548746824
CornWholePerten0002,Perten_DA7200,corn,Unknown,US,2006,8.820590019,9.316634178,0.165290996,0.168887898,0.173753902,0.179276004,0.185321897,0.192653,0.198698893,0.203061,0.204889894,0.206352904,0.2053909,0.204823896,0.203079999,0.201303899,0.19912,0.196475998,0.193581894,0.190393999,0.187828004,0.184790999,0.182303995,0.179380998,0.176878899,0.174154893,0.172054902,0.169376999,0.167336896,0.165342897,0.163997904,0.162538901,0.161590993,0.160448,0.160025999,0.160369903,0.161181003,0.163916007,0.169465005,0.179641902,0.192620993,0.208379999,0.224147901,0.240711898,0.255679905,0.269181907,0.280561894,0.291402012,0.30121389,0.311092913,0.32009089,0.326274991,0.330138892,0.330656886,0.3288939,0.324170888,0.316822887,0.308169901,0.30041489,0.293473899,0.287530899,0.283505887,0.280146003,0.278128892,0.275875896,0.274885893,0.272695988,0.271300912,0.268773913,0.266182989,0.263667911,0.26194489,0.26114589,0.261385888,0.262940913,0.265048891,0.269736886,0.275935888,0.283863902,0.293534905,0.304896891,0.317174912,0.330324888,0.343678892,0.355837911,0.367505908,0.375795901,0.385592014,0.394402891,0.405705899,0.420174897,0.439512789,0.462559909,0.487844795,0.517595828,0.547397792,0.577092886,0.603479922,0.626740873,0.642955899,0.65682888,0.664457798,0.669894695,0.674598813,0.675711811,0.677686811,0.676023781,0.675553799,0.672257781,0.669752777,0.665523827,0.661372781,0.65808481,0.652379811,0.649320781,0.644110799,0.640726805,0.636310816,0.633345783,0.630762816,0.628859818,0.62771982,0.624816895,0.624656916,0.622640789,0.622772813,0.620106816,0.618471921,0.615954876,0.612452805,0.608620822,0.602499902,0.597789824,0.590998828,0.585578919,0.57850188,0.5727579,0.568860829,0.561201811,0.558043778,0.552319884,0.549369812,0.546822786
CornWholePerten0003,Perten_DA7200,corn,Unknown,US,2006,19.40401077,9.12044239,0.171582997,0.173263997,0.175907999,0.179118007,0.181311995,0.183327898,0.184809893,0.185356006,0.184208006,0.183336005,0.181593895,0.178498894,0.176613003,0.173733905,0.171349898,0.167574897,0.164519996,0.160967007,0.158023,0.155088008,0.152379006,0.149437994,0.147138998,0.144605994,0.142812997,0.140562996,0.139718905,0.138105005,0.137929007,0.137512997,0.137420997,0.137832999,0.138084993,0.139388993,0.140648007,0.143793002,0.148967996,0.158487007,0.170819998,0.186277002,0.201847896,0.216828004,0.229598895,0.239431903,0.247378007,0.255140901,0.261795998,0.268482894,0.274264902,0.278046995,0.280117899,0.279687911,0.277544886,0.273002893,0.26720801,0.260738909,0.255614907,0.251342893,0.247501001,0.245565996,0.243490905,0.242451996,0.241048902,0.240606993,0.239260003,0.238759995,0.237387002,0.236498907,0.236150906,0.236203894,0.237545997,0.239757001,0.243386999,0.247174904,0.253305912,0.260539889,0.269174904,0.278320998,0.288515896,0.298842013,0.308802992,0.318205893,0.326897889,0.335147888,0.341780901,0.350607902,0.36037001,0.374065906,0.392305911,0.415421814,0.442772806,0.4699049,0.497496903,0.521873891,0.542523921,0.558882773,0.572047889,0.580423892,0.587175787,0.59152782,0.593707919,0.596897781,0.596013784,0.598305881,0.594436884,0.59400779,0.589721918,0.586501777,0.58213079,0.577261925,0.573716819,0.568118811,0.564737916,0.559084892,0.555766821,0.551198781,0.548042893,0.545330882,0.542156875,0.541202784,0.536204815,0.536039829,0.532739878,0.531492829,0.52915293,0.526520789,0.523839891,0.520330787,0.517594814,0.512604892,0.509047926,0.504209876,0.50027293,0.495539904,0.491531909,0.489112914,0.483346909,0.481419891,0.477598906,0.475794911,0.475945801
CornWholePerten0004,Perten_DA7200,corn,Unknown,US,2006,11.84150028,8.633337021,0.190272898,0.195958898,0.203191996,0.211237907,0.218637899,0.226812899,0.232947901,0.237902001,0.239671007,0.241475999,0.240486905,0.239559904,0.237775907,0.235728905,0.233291,0.230304003,0.227140904,0.223258004,0.220279902,0.216693893,0.213826895,0.210464895,0.207606003,0.204669997,0.202496901,0.199527994,0.197484002,0.195520997,0.194387004,0.193337902,0.192891896,0.192132905,0.192047,0.192967996,0.194276005,0.197685003,0.204243898,0.216104895,0.231403902,0.25006789,0.268935889,0.288627893,0.305963904,0.320932895,0.333499908,0.345281899,0.355705887,0.365941912,0.374904901,0.381008893,0.384946913,0.384950906,0.382650912,0.377482891,0.369611889,0.36064291,0.35281691,0.345922887,0.339899898,0.336029887,0.332872808,0.331105888,0.328832895,0.32810691,0.325888902,0.324486911,0.322118908,0.319860905,0.317765892,0.3164199,0.316405892,0.317542911,0.320312887,0.323500991,0.32968691,0.337661892,0.347425908,0.35876289,0.371573895,0.384939909,0.398795903,0.412390888,0.42471081,0.436807901,0.445404887,0.456291914,0.466262907,0.479865909,0.496860802,0.519778788,0.54653579,0.574617803,0.605763912,0.634774923,0.66263181,0.685688913,0.705321789,0.71858573,0.730466783,0.736651778,0.741334796,0.745763779,0.746444821,0.748638809,0.746639907,0.746431828,0.743065774,0.740550816,0.736646771,0.732121825,0.729019702,0.723256826,0.720335782,0.715046823,0.712033808,0.707462788,0.704584777,0.701567829,0.699505806,0.698433816,0.695000887,0.694663882,0.692420721,0.691730797,0.689035714,0.687063873,0.684569717,0.681284785,0.677765787,0.67203778,0.667642772,0.661597788,0.656754911,0.650305808,0.644794822,0.641102791,0.633948922,0.63070488,0.625832915,0.623173893,0.620678902
CornWholePerten0005,Perten_DA7200,corn,Unknown,US,2006,9.797622681,12.53055,0.162888899,0.162377998,0.162594006,0.164154902,0.166005001,0.169262901,0.172211006,0.174255997,0.174357995,0.174280003,0.173304007,0.170862898,0.169842005,0.167601898,0.165902898,0.162717998,0.160128996,0.157000005,0.154476002,0.151944995,0.1494589,0.146724999,0.144443005,0.141881898,0.139932007,0.137306005,0.136062995,0.133892,0.133098006,0.131769002,0.130852997,0.130429998,0.129847005,0.130418897,0.131107003,0.133576006,0.138328001,0.147119999,0.158510998,0.172325,0.186151996,0.199791998,0.212312907,0.2230739,0.232377902,0.241533905,0.249470994,0.257591903,0.264728904,0.269303888,0.271795988,0.271498889,0.2694709,0.264939904,0.258740902,0.251583904,0.245554894,0.240316004,0.235528901,0.232742906,0.230083004,0.228496894,0.226803899,0.226255894,0.2247179,0.223951906,0.222158894,0.220330894,0.218754903,0.2174799,0.217338905,0.217820898,0.219756901,0.222025901,0.226346001,0.231916904,0.239034906,0.246986896,0.256535888,0.266855896,0.277407914,0.287938893,0.297905892,0.306912899,0.313894898,0.321805894,0.329360902,0.339157909,0.352009893,0.368335903,0.388093889,0.408989787,0.432033896,0.45419091,0.4744519,0.491790891,0.506202877,0.51587081,0.523449898,0.528438926,0.531242788,0.534721911,0.534280896,0.537023783,0.533845782,0.534518778,0.531659782,0.529848874,0.527485788,0.52427882,0.522625923,0.518719912,0.516928911,0.512772799,0.510366917,0.507095814,0.505006909,0.503612876,0.501468897,0.501603782,0.497600913,0.498615891,0.496361911,0.496222913,0.494718909,0.493163914,0.491432905,0.488605887,0.486455888,0.481777906,0.4787229,0.474040896,0.470211893,0.465681911,0.46159789,0.45932889,0.453961909,0.452063888,0.448325813,0.446593911,0.447109789
CornWholePerten0006,Perten_DA7200,corn,Unknown,US,2006,10.48332977,8.098200798,0.131087005,0.134806007,0.140220001,0.145699993,0.150959998,0.156833902,0.161036998,0.163582996,0.164085999,0.164811,0.163908899,0.163063899,0.161305994,0.159575,0.157318994,0.154889897,0.152211994,0.149616003,0.147591904,0.145127997,0.142878994,0.140325993,0.137878999,0.135466993,0.133797005,0.131543994,0.129914001,0.128322005,0.127499998,0.126346007,0.125788003,0.125071004,0.125147998,0.126099005,0.127565995,0.131336004,0.138187006,0.149654001,0.163262993,0.178734899,0.194496006,0.210104004,0.223593906,0.235076904,0.243696898,0.252449989,0.261575908,0.270754904,0.278349906,0.28302601,0.285433888,0.285007894,0.282409906,0.276201904,0.267279893,0.257870913,0.250113905,0.243687004,0.238668904,0.235338897,0.232769996,0.231065005,0.229181901,0.228188902,0.226298899,0.224836007,0.222538903,0.220298901,0.218490899,0.217486903,0.217413902,0.218569994,0.221088901,0.224151999,0.229440898,0.236458004,0.245160997,0.255221009,0.266547889,0.278541893,0.291095913,0.303646892,0.315215886,0.325690895,0.333465904,0.342679888,0.352616906,0.366515905,0.384004891,0.405877888,0.431724787,0.460583895,0.492751896,0.523169816,0.552052915,0.576504827,0.597074926,0.610953808,0.622439921,0.628777802,0.63287878,0.636686802,0.637203872,0.638991773,0.636224926,0.634849906,0.630794823,0.627170801,0.622248828,0.617365897,0.613505781,0.60745579,0.603870928,0.597876906,0.59460181,0.590216816,0.587643802,0.584968925,0.583157778,0.582498789,0.579210818,0.579202771,0.576916874,0.576191783,0.5739429,0.571750879,0.568609893,0.564412773,0.559739828,0.552907825,0.547588825,0.540174782,0.534283817,0.526998878,0.521306872,0.516925812,0.509514928,0.506060779,0.500400901,0.497428894,0.494855911
CornWholePerten0007,Perten_DA7200,corn,Unknown,US,2006,17.39999962,9.32941246,0.183977902,0.191699997,0.200416997,0.208786905,0.215802997,0.222270995,0.226702899,0.229269996,0.229373902,0.229718894,0.227745995,0.226287901,0.223487899,0.220881894,0.217986897,0.214712903,0.210917905,0.207265005,0.204328999,0.200753897,0.197871,0.194535002,0.191764996,0.188991904,0.187152907,0.184767902,0.183296993,0.182097003,0.181711003,0.181341007,0.181782007,0.181863904,0.1825739,0.184386998,0.186606005,0.191346899,0.199901894,0.214198902,0.231991902,0.252195895,0.272025913,0.291049898,0.305975914,0.318082899,0.327537894,0.337173909,0.345913887,0.354394913,0.361161888,0.36510089,0.366776913,0.365157902,0.361456901,0.35529089,0.346868902,0.338643909,0.332176894,0.326560915,0.322219908,0.319460988,0.317294896,0.316096902,0.314359903,0.313814908,0.312079907,0.311121911,0.309464902,0.308063,0.307208896,0.307478011,0.308972895,0.312000901,0.31662789,0.321688891,0.329544902,0.339105904,0.3504619,0.362777889,0.375737906,0.388557911,0.401131898,0.413180888,0.424076915,0.43462491,0.44261089,0.45350489,0.465931892,0.483640909,0.506572902,0.535111904,0.566237927,0.596994817,0.627763927,0.65384078,0.676879883,0.69418782,0.708345771,0.716756821,0.724330783,0.728099883,0.730240822,0.732664824,0.732453823,0.73323983,0.730492771,0.728484929,0.724475682,0.720883906,0.716000021,0.710854888,0.706664681,0.700684786,0.696876824,0.691328824,0.687777817,0.683241785,0.680559874,0.676993787,0.67451179,0.672585785,0.668468893,0.667592824,0.664507926,0.663395822,0.660651684,0.657904804,0.655341804,0.651218772,0.647272825,0.641324818,0.636846781,0.630913913,0.62655592,0.620623887,0.615523815,0.612161875,0.605820775,0.602588892,0.598277688,0.594926775,0.592750907
CornWholePerten0008,Perten_DA7200,corn,Unknown,US,2006,18.79603958,7.84979105,0.159944996,0.166176006,0.174282,0.182191998,0.189106002,0.195280999,0.199937001,0.202992901,0.203760997,0.204352006,0.202959999,0.201533899,0.198743895,0.196165994,0.192998901,0.189918906,0.186143905,0.182475999,0.179637998,0.176194906,0.173161998,0.170150995,0.167443901,0.1647899,0.163167998,0.160820007,0.159244001,0.158014998,0.157637,0.157381997,0.157695994,0.157683998,0.158489004,0.160129994,0.161901996,0.165491894,0.172060996,0.183490902,0.1984929,0.216873899,0.235565007,0.253986895,0.268844903,0.280733913,0.289947987,0.298957914,0.306962013,0.314895988,0.321543902,0.326112896,0.32878691,0.328283906,0.325726897,0.320857912,0.313717902,0.306047887,0.299751908,0.294347912,0.289926887,0.2869789,0.284657896,0.283219904,0.281414896,0.280780911,0.279085904,0.278150886,0.276729912,0.275521904,0.274707913,0.275054902,0.276247889,0.279005885,0.283003897,0.287673891,0.294953913,0.303813905,0.314250886,0.325869888,0.338252902,0.350604892,0.362858892,0.374746889,0.38536489,0.396022886,0.404213011,0.415008903,0.42730391,0.445018888,0.4677248,0.497266889,0.531162798,0.565697789,0.601024926,0.63219893,0.65997082,0.682155788,0.700267792,0.712429822,0.722873926,0.728668928,0.731869817,0.735374808,0.73560679,0.736655712,0.733263791,0.731379926,0.726719797,0.721690774,0.71604681,0.709187925,0.70367378,0.696366787,0.69094491,0.683717787,0.679032803,0.672860801,0.668814778,0.664744675,0.661263824,0.658577681,0.653551877,0.6518718,0.648247898,0.6457268,0.642837822,0.639854789,0.636302888,0.631700873,0.627423883,0.620864928,0.615354776,0.608610928,0.603339911,0.59628582,0.590486825,0.585945785,0.578246772,0.574371815,0.56907779,0.565552771,0.562411785
CornWholePerten0009,Perten_DA7200,corn,Unknown,US,2006,7.925415993,9.315009117,0.151688993,0.154940993,0.159934998,0.166228905,0.173954904,0.183016002,0.190855995,0.195955902,0.198170006,0.199750006,0.199169993,0.198521003,0.196583897,0.194781005,0.192278996,0.189570993,0.186416999,0.183171004,0.180811003,0.177777901,0.175114006,0.172279894,0.169542998,0.166907996,0.164781004,0.161989898,0.159861997,0.157721996,0.156229898,0.154696003,0.153786004,0.152410999,0.151988998,0.152603,0.153441995,0.156594902,0.162854001,0.173831001,0.187829897,0.203887001,0.220149994,0.2368799,0.251626015,0.2649059,0.276261896,0.287515909,0.297991902,0.308573902,0.317511886,0.323462993,0.326974899,0.327247888,0.324800909,0.31960991,0.311863989,0.303067893,0.295527011,0.288562894,0.282769889,0.278622896,0.275512904,0.273553908,0.271376908,0.270312905,0.268324912,0.2666969,0.264159888,0.26136291,0.258635908,0.256765902,0.255675912,0.256087899,0.257604897,0.260031909,0.264744014,0.271192014,0.279650897,0.289882898,0.301901013,0.3149589,0.328937888,0.343162894,0.356087893,0.367935896,0.376482904,0.386093915,0.394944012,0.406865895,0.421799898,0.441478908,0.464841902,0.490888894,0.521153927,0.551353872,0.581031919,0.60745579,0.629455924,0.644531786,0.65702492,0.663878799,0.668428779,0.672584772,0.673197806,0.67508179,0.672729671,0.672194779,0.669030786,0.666578829,0.6633178,0.65918988,0.656288922,0.651128829,0.647807777,0.642728806,0.639387786,0.635192871,0.632599771,0.630081892,0.628394783,0.627615929,0.624076784,0.624297917,0.622532785,0.622068822,0.620490909,0.618780911,0.616513789,0.612583876,0.608724892,0.602551878,0.597528875,0.590947926,0.585153818,0.578338802,0.572102785,0.567762911,0.560168803,0.556638777,0.551277816,0.547357798,0.544612825
CornWholePerten0010,Perten_DA7200,corn,Unknown,US,2006,8.362524033,8.756164551,0.139125004,0.141840994,0.146573007,0.152205005,0.159137994,0.167192996,0.174544901,0.179407999,0.181661904,0.183315903,0.182838902,0.182257995,0.180338904,0.178554907,0.176225007,0.173752904,0.170454904,0.167498007,0.165027902,0.162131995,0.159786999,0.157122001,0.154493004,0.151879996,0.149950996,0.147382006,0.145394996,0.143455997,0.142161995,0.140784994,0.139960006,0.138814002,0.138513997,0.138962999,0.139834002,0.142599002,0.148304999,0.158427,0.171599999,0.186946005,0.202571005,0.218703002,0.233116001,0.245979905,0.256764889,0.267564893,0.277702898,0.287818909,0.296454907,0.302379906,0.305809885,0.306142896,0.30358091,0.298599899,0.290886909,0.282512903,0.275209904,0.2685799,0.263058901,0.259235889,0.256283909,0.254429013,0.2525509,0.251646012,0.249630898,0.248231903,0.245968893,0.2433559,0.241010904,0.239366904,0.238537997,0.238981903,0.240577996,0.243042901,0.247665897,0.253918886,0.262312889,0.272193015,0.283802897,0.296198905,0.30951789,0.323026896,0.335503906,0.347025901,0.355359912,0.364845902,0.373859912,0.385612905,0.400878906,0.420922786,0.444981903,0.47157979,0.502311885,0.533192873,0.563496888,0.590596914,0.613723874,0.630217791,0.643622816,0.651475787,0.656585813,0.6609689,0.662088811,0.66418469,0.662275791,0.661666811,0.658659875,0.656104803,0.652754784,0.648552775,0.64541781,0.640207827,0.636812925,0.631446898,0.62804091,0.623846829,0.621538878,0.618474782,0.616869927,0.615530908,0.612326801,0.612565875,0.610710919,0.609948874,0.608404815,0.606648922,0.604181886,0.600458801,0.596102774,0.590007782,0.584308803,0.577449799,0.571435928,0.564315915,0.557981789,0.552921891,0.545147777,0.540921927,0.535108805,0.531138778,0.52796191
CornWholePerten0011,Perten_DA7200,corn,Unknown,US,2006,14.05391979,9.833024025,0.172371998,0.177252904,0.183567002,0.190697998,0.196955904,0.203648895,0.2086889,0.212470993,0.213907898,0.214797899,0.213945001,0.212222904,0.210751906,0.208467901,0.205908895,0.202994898,0.199787006,0.196461007,0.193707898,0.190593898,0.187852904,0.184918001,0.182289898,0.179617003,0.177735001,0.175294906,0.173676997,0.172246993,0.171431005,0.170729995,0.170689896,0.170294896,0.170566902,0.171847999,0.173471004,0.176969901,0.183771893,0.195131004,0.2098369,0.226585895,0.243774906,0.260785013,0.275212914,0.287002891,0.296325892,0.305327892,0.31345889,0.321558893,0.328119904,0.332524896,0.3348189,0.33432889,0.331668913,0.326889902,0.319703907,0.312050015,0.305576891,0.300029904,0.2954579,0.292333901,0.289809912,0.288316011,0.2865659,0.28568089,0.283975899,0.282886893,0.281223893,0.279280901,0.278105915,0.277764887,0.278196901,0.279947907,0.28289789,0.286881894,0.292695999,0.300592899,0.309879988,0.320423991,0.331785888,0.34352091,0.355294913,0.367154896,0.377950907,0.388315886,0.395691901,0.404409885,0.414270908,0.428541899,0.446735799,0.469754905,0.497480899,0.5254758,0.554801881,0.581896782,0.605974913,0.625696898,0.641721785,0.652310789,0.660937786,0.666312814,0.669125915,0.672220826,0.672430813,0.673527777,0.670898795,0.669389784,0.66581279,0.661791921,0.658409774,0.653161883,0.649267912,0.643652916,0.639300883,0.633759916,0.629679918,0.625529826,0.622374892,0.619359911,0.617205918,0.615374923,0.611308813,0.610506892,0.607875884,0.60629791,0.604608774,0.602299929,0.599885881,0.595672786,0.592122793,0.586212814,0.581332922,0.575568914,0.570929885,0.565144777,0.559757888,0.555984914,0.549432874,0.545927823,0.541205823,0.537986875,0.535762787
CornWholePerten0012,Perten_DA7200,corn,Unknown,US,2006,10.33333015,12.41176987,0.179817006,0.183797896,0.189502999,0.195989907,0.204329997,0.213455901,0.221872896,0.228150904,0.231200904,0.234229907,0.234683007,0.233892903,0.232973903,0.231591001,0.229539901,0.226589903,0.223306894,0.219885901,0.216926903,0.213490903,0.210493907,0.207193896,0.204098001,0.200913906,0.198418006,0.195417896,0.193209902,0.190966994,0.189603895,0.188182905,0.187505901,0.186653003,0.186312899,0.187316999,0.188738897,0.192368895,0.200088903,0.212995902,0.229703903,0.248772904,0.26817289,0.287882894,0.305621892,0.321473897,0.334559888,0.347008914,0.358227909,0.369844914,0.379322887,0.38585189,0.389161915,0.389093906,0.386263907,0.380533904,0.371317893,0.361155897,0.352039903,0.343991906,0.337340891,0.332592011,0.32880789,0.326590896,0.324246913,0.323037893,0.320998907,0.319554895,0.317187995,0.314371914,0.311923891,0.310331911,0.309721887,0.310538888,0.312729895,0.3160429,0.321607888,0.329416901,0.339231908,0.3506639,0.363736898,0.377915889,0.392536908,0.407836914,0.421441913,0.434295893,0.443727791,0.454527795,0.465326905,0.478668898,0.4963108,0.517966807,0.542830885,0.569361925,0.598873913,0.627562881,0.654478788,0.6775558,0.696687877,0.710517824,0.721148789,0.728508771,0.732596815,0.73670578,0.737436712,0.738962829,0.737334788,0.736847818,0.734320819,0.731874883,0.729557812,0.725788772,0.723051786,0.71851778,0.715268791,0.710659921,0.70733881,0.703345776,0.700939775,0.69831878,0.696459711,0.695456803,0.69171083,0.691659808,0.689636827,0.688961685,0.687672913,0.685953915,0.683630824,0.679899812,0.676442802,0.670655727,0.665705919,0.659620822,0.654624879,0.648918927,0.643403828,0.638716877,0.63210088,0.628780782,0.62378192,0.620809794,0.618237913
CornWholePerten0013,Perten_DA7200,corn,Unknown,US,2006,8.640000343,9.581748962,0.119818002,0.122599997,0.126664996,0.132027,0.139186993,0.147414997,0.155302003,0.160591006,0.163350001,0.165727004,0.165608004,0.1651389,0.1638989,0.162358999,0.159997001,0.157504007,0.154592007,0.151654899,0.149349004,0.146421,0.144165993,0.141305,0.138733998,0.136071995,0.134132996,0.13154,0.129596993,0.127763003,0.126239002,0.124975003,0.123948,0.123053998,0.122582004,0.123071,0.123931997,0.126728997,0.132641003,0.142716005,0.155924007,0.171069905,0.186637893,0.202678904,0.217344895,0.230554894,0.241621003,0.252664894,0.262979895,0.273228914,0.281776011,0.287737012,0.291096896,0.291372895,0.289001912,0.284027904,0.276297897,0.268177897,0.260973901,0.254406899,0.248923898,0.245008007,0.241993904,0.240221903,0.238329902,0.237171903,0.235495895,0.234088898,0.231917903,0.229381904,0.227092907,0.225401998,0.224690005,0.225005895,0.226441905,0.229040995,0.233434901,0.239660904,0.247805893,0.257698894,0.268948913,0.281576902,0.294827908,0.308456898,0.320849896,0.332411885,0.340923905,0.350137889,0.358793914,0.370166898,0.385183901,0.404157907,0.427412897,0.452731907,0.4819659,0.511671782,0.540453911,0.566144884,0.587985814,0.603635788,0.615909815,0.624164879,0.628773928,0.633305788,0.634241819,0.636100888,0.634324789,0.633639813,0.631264925,0.628840923,0.626093924,0.622160912,0.619233787,0.614580929,0.611197889,0.606320918,0.602752924,0.598816812,0.59630388,0.593861878,0.592087805,0.591135919,0.587820828,0.587834775,0.585913897,0.585431874,0.584278822,0.582462788,0.580295801,0.576300919,0.572651804,0.566953778,0.561541915,0.555326819,0.549900889,0.543246806,0.537341774,0.532517791,0.525315821,0.521361888,0.516035795,0.512162924,0.509433925
CornWholePerten0014,Perten_DA7200,corn,Unknown,US,2006,9.666666985,10.53036022,0.163688004,0.167201996,0.171630994,0.178074896,0.185874894,0.195007995,0.203614995,0.209650904,0.212964997,0.215537906,0.215980902,0.215236902,0.214085907,0.212792903,0.210352898,0.207535997,0.204306901,0.200821996,0.198103905,0.194722995,0.191816896,0.188704997,0.185649902,0.182734996,0.180365905,0.177369997,0.175166905,0.172968999,0.171540007,0.170031995,0.169181898,0.168228999,0.167805001,0.168461993,0.169609904,0.172869906,0.179917902,0.191872001,0.207117006,0.224811003,0.242760003,0.261125892,0.277789891,0.292767912,0.304954886,0.316741914,0.327544898,0.338409901,0.347310901,0.353480011,0.356973887,0.356966913,0.3545039,0.349287897,0.340937913,0.331953913,0.323800892,0.316650987,0.310473889,0.306387901,0.302972913,0.301040888,0.298958898,0.2978279,0.295863986,0.294344902,0.291970909,0.289166898,0.286619902,0.284925908,0.284328908,0.284883887,0.286732912,0.2896429,0.294630885,0.301838905,0.310822994,0.321502894,0.333501011,0.346734911,0.36053589,0.374493897,0.387181908,0.398887903,0.407240897,0.416557908,0.425757915,0.437413901,0.452745915,0.471770912,0.494426906,0.518341899,0.545110881,0.571429789,0.596432924,0.617527783,0.635354817,0.647842884,0.657795727,0.664426804,0.667995811,0.671695709,0.672030807,0.673455715,0.671644926,0.671120822,0.668671787,0.666344822,0.664221823,0.66074568,0.657996774,0.654169679,0.651311874,0.646945775,0.644008815,0.640847921,0.638285816,0.636396825,0.634922922,0.634253919,0.631015897,0.631350875,0.629740894,0.629006922,0.627919912,0.626212776,0.624353886,0.62101382,0.618039787,0.612820923,0.608552873,0.603280783,0.598871887,0.593688905,0.588497818,0.58471781,0.578624904,0.575419784,0.570721805,0.567921877,0.566053927
CornWholePerten0015,Perten_DA7200,corn,Unknown,US,2006,11.10000038,11.09000015,0.149926007,0.154085994,0.160025001,0.167485893,0.175861999,0.184467003,0.191382006,0.196754903,0.199358001,0.201045007,0.200811997,0.200499997,0.199165002,0.197631002,0.195334896,0.192883,0.189936996,0.187208906,0.184228897,0.181503996,0.178908899,0.176006004,0.173328996,0.170157999,0.167876005,0.165458903,0.163481996,0.161441907,0.160114899,0.158825994,0.158066005,0.157667995,0.1579099,0.158901006,0.160625994,0.164938003,0.172754005,0.184936002,0.200051904,0.217312902,0.235050902,0.252700001,0.2687639,0.283012897,0.295167893,0.30654791,0.317282885,0.327041894,0.335702896,0.341183901,0.344124913,0.343661904,0.341218889,0.335197896,0.327495903,0.31889689,0.310787886,0.303763896,0.298216909,0.293992907,0.290847898,0.288615912,0.286668897,0.285771012,0.284247905,0.282750905,0.28055799,0.278129906,0.275943905,0.274497896,0.274670899,0.274627894,0.276724011,0.280111909,0.285584897,0.292598903,0.30210191,0.3125709,0.325499892,0.338476896,0.352087885,0.365715891,0.377826899,0.388970912,0.398407012,0.408184886,0.417478889,0.430083901,0.445612788,0.464813888,0.487359911,0.512443781,0.540390909,0.56690383,0.592671871,0.614305794,0.63285178,0.646708787,0.657417715,0.664313912,0.66867578,0.671784818,0.672869802,0.674041808,0.672928929,0.672854781,0.669929683,0.668243825,0.667006671,0.662393808,0.659753799,0.654646814,0.6518659,0.648105919,0.645365775,0.641082883,0.638229787,0.6378178,0.634302914,0.633058786,0.631062925,0.6297279,0.628180802,0.626907826,0.625884891,0.622994781,0.621202827,0.617410779,0.61346978,0.60954982,0.603468895,0.598527908,0.592365921,0.587602913,0.582066774,0.577135801,0.573070884,0.568120778,0.56464088,0.560478926,0.559299886
CornWholePerten0016,Perten_DA7200,corn,Unknown,US,2006,13.25,8.50159359,0.092526972,0.095475979,0.099981979,0.104620002,0.109375,0.113995001,0.117504001,0.120002002,0.121247999,0.121473,0.120926999,0.120085001,0.118890002,0.117468,0.115558997,0.113835,0.111760996,0.109454997,0.107166998,0.105207004,0.102853999,0.100593999,0.098556973,0.096405983,0.094739974,0.092730969,0.091220968,0.089563973,0.088371962,0.087687977,0.087308973,0.087221973,0.08746998,0.088152982,0.08963798,0.092433967,0.097709984,0.106328003,0.117454998,0.130536005,0.144204006,0.158282995,0.170685902,0.181306005,0.189216003,0.196212903,0.203600004,0.211226896,0.217959896,0.2224309,0.225109905,0.225869998,0.224611893,0.219692901,0.213132903,0.205014899,0.197918907,0.1918699,0.187143907,0.183772996,0.181174904,0.179149896,0.177604899,0.176486999,0.175312907,0.174369901,0.172874898,0.171675995,0.1708159,0.170369893,0.170497,0.171205893,0.173418,0.176506907,0.181274906,0.186729893,0.194115907,0.202492893,0.211807996,0.221702904,0.231800005,0.241735995,0.251714885,0.260394901,0.268411905,0.277144998,0.28687191,0.299968898,0.316698909,0.336828888,0.360177904,0.387070894,0.415960908,0.442589909,0.467766911,0.487940908,0.505987883,0.518637776,0.528694809,0.534538925,0.538060784,0.540712774,0.541919828,0.543521822,0.54189992,0.539732873,0.536321878,0.533044815,0.529350877,0.523817778,0.520356774,0.515337825,0.510736883,0.506170929,0.502614915,0.498122901,0.494698912,0.490850896,0.488391906,0.486350894,0.483743787,0.482472897,0.479827911,0.478494793,0.476516902,0.474244803,0.471672893,0.467469901,0.464529902,0.459594905,0.454869807,0.449072897,0.443615913,0.438498914,0.432566911,0.427890897,0.422792912,0.419018894,0.414756894,0.411869913,0.409339011
CornWholePerten0017,Perten_DA7200,corn,Unknown,US,2006,14.61666965,7.760844231,0.156008005,0.161273003,0.168634906,0.175977901,0.183492899,0.190373004,0.196081996,0.200428903,0.202546999,0.203506902,0.202946007,0.201843903,0.199956894,0.197699994,0.194619998,0.191936001,0.188698903,0.185393006,0.182108894,0.179383904,0.176257998,0.173126996,0.170174897,0.167185903,0.165033907,0.162219003,0.160362899,0.158577994,0.157415003,0.156574994,0.156231001,0.156091005,0.156458899,0.157420993,0.159491003,0.163370997,0.170745999,0.183054999,0.199154005,0.218521893,0.238387898,0.258549988,0.275626898,0.290250987,0.301337987,0.311269909,0.321380913,0.331530899,0.340696901,0.346848905,0.3504529,0.351105899,0.349130899,0.342143893,0.333562911,0.322806895,0.313548893,0.305664986,0.2995179,0.295280904,0.291975886,0.289455891,0.287333012,0.285817891,0.284188896,0.282961011,0.280894905,0.279494911,0.278523892,0.278340906,0.278758913,0.279978901,0.283577889,0.288317889,0.295661897,0.303587914,0.314382911,0.326302886,0.33918789,0.352551907,0.365911901,0.378638893,0.391449899,0.402410895,0.412832886,0.424590886,0.437468886,0.454957902,0.477172911,0.503311873,0.533049882,0.565013826,0.598246872,0.627372921,0.653817773,0.674794793,0.693410814,0.705952823,0.716117919,0.721905828,0.725414813,0.728171825,0.728931785,0.730580807,0.728586674,0.726376772,0.722617805,0.718959928,0.715298772,0.709135771,0.705468893,0.700061798,0.695329785,0.690277815,0.6864838,0.681767821,0.678087771,0.673968911,0.671378911,0.669289708,0.666359723,0.664920688,0.66205591,0.660552919,0.658509672,0.655960798,0.653146923,0.648717821,0.645457923,0.640161872,0.63515079,0.629230917,0.62339288,0.617997885,0.611703813,0.606881917,0.601104915,0.597083807,0.592189908,0.588735819,0.585447788
CornWholePerten0018,Perten_DA7200,corn,Unknown,US,2006,13.52099991,9.432999611,0.124578998,0.127516002,0.131937996,0.136895999,0.142689899,0.148977995,0.154773995,0.158996001,0.161443993,0.163630903,0.163865998,0.163398996,0.162368998,0.160970002,0.159112006,0.156751007,0.154074997,0.151253,0.149067998,0.146430001,0.144002006,0.141454905,0.138861999,0.136418,0.134589002,0.132411003,0.130961001,0.129673004,0.128836006,0.128015995,0.127711996,0.127359003,0.127433002,0.128286004,0.129431993,0.132188007,0.137881905,0.147424996,0.159963995,0.174696907,0.189990997,0.205652997,0.219608903,0.231840998,0.241780907,0.251221001,0.260009915,0.26867491,0.275642902,0.280342013,0.282956898,0.282901913,0.280650914,0.2760849,0.268919885,0.261412889,0.255041987,0.249575898,0.245143905,0.242219999,0.239864901,0.238553897,0.2369719,0.236115903,0.234728903,0.233632907,0.232111007,0.2303119,0.228914902,0.228262901,0.228558898,0.229849994,0.232111007,0.23545,0.240364999,0.247134894,0.255207986,0.264461994,0.274514914,0.28529191,0.296125889,0.307112902,0.317070901,0.326507896,0.333815903,0.34224999,0.350949913,0.36281091,0.378954887,0.399178892,0.423678905,0.449812889,0.4784109,0.506453872,0.532549799,0.55547291,0.575067818,0.589827776,0.601956904,0.610799909,0.616155922,0.621508777,0.623082817,0.625495911,0.624494791,0.62398392,0.621432781,0.618613899,0.615329921,0.611078918,0.607226789,0.602383912,0.598300874,0.593016803,0.589143872,0.584987879,0.581853926,0.578926802,0.577076912,0.57542181,0.571515918,0.571022809,0.568595886,0.567473888,0.565976918,0.563318789,0.560947776,0.557192922,0.553413928,0.547975779,0.543050885,0.537095785,0.532243788,0.52647388,0.520564914,0.516221881,0.509296775,0.505773902,0.500437915,0.497141898,0.4946329
CornWholePerten0019,Perten_DA7200,corn,Unknown,US,2006,11.99199963,9.845999718,0.138857007,0.142068997,0.147174999,0.152660996,0.158558905,0.164762005,0.169949904,0.173714906,0.175168902,0.176681906,0.176001996,0.174821004,0.173199996,0.171438903,0.169079006,0.166428998,0.163580999,0.160650998,0.158199996,0.155289903,0.152824998,0.149995998,0.147369996,0.144667,0.142664999,0.140295997,0.138492003,0.136884004,0.135839999,0.134580001,0.134077996,0.133448899,0.133293003,0.133966997,0.134946004,0.137702003,0.143358007,0.153154001,0.166061997,0.181082994,0.196481004,0.211932898,0.225590006,0.237299994,0.246651903,0.255661011,0.263998896,0.272524893,0.279510886,0.28419891,0.286674887,0.28647989,0.284157902,0.279404908,0.2719419,0.264001906,0.257095903,0.251064986,0.246183902,0.242794901,0.240099996,0.238361895,0.236617893,0.235572904,0.2339589,0.232834905,0.2310839,0.229256898,0.227667898,0.226797894,0.226796895,0.227979899,0.230205894,0.233329907,0.238335893,0.244992003,0.253191888,0.26264289,0.273085892,0.284177899,0.295585901,0.307007909,0.31752789,0.327477902,0.334911913,0.343570888,0.352747887,0.365093887,0.381478906,0.401924908,0.426050901,0.451614887,0.479557902,0.50638479,0.531316817,0.552134872,0.569952786,0.582261801,0.592244804,0.598894775,0.602633894,0.606416881,0.606752873,0.608362913,0.606289923,0.605530918,0.602363884,0.599480927,0.596100926,0.591823816,0.5883919,0.583439887,0.579811871,0.574962795,0.571628809,0.567395926,0.564528823,0.561912775,0.560062885,0.558490872,0.555102825,0.554705918,0.552457929,0.551523924,0.550038815,0.54792279,0.54566592,0.54179579,0.538429916,0.532610774,0.527899921,0.522017777,0.516899884,0.511437774,0.505794883,0.501826823,0.495364904,0.491612911,0.486376911,0.483434886,0.48089689
CornWholePerten0020,0,corn,Unknown,0,0,11.39999962,10,0.119518504,0.1219505,0.127810299,0.135372996,0.144007698,0.153082296,0.161589697,0.168458,0.173242703,0.175979003,0.176945493,0.176513001,0.175035998,0.172790006,0.169855505,0.166331202,0.162605703,0.158880994,0.155266702,0.151873499,0.148755506,0.145899296,0.143083006,0.140215993,0.137316495,0.134474501,0.131881297,0.129564002,0.127496496,0.125820205,0.124688298,0.124126501,0.124037303,0.124435499,0.125709504,0.1286823,0.134512007,0.144260302,0.157870501,0.174275994,0.192376301,0.210880995,0.2283905,0.244132996,0.257787794,0.269641787,0.280685186,0.291316688,0.300884008,0.308389187,0.313219994,0.31500119,0.313898504,0.30986169,0.3028045,0.294123709,0.285318792,0.277264506,0.270539492,0.265217215,0.261173487,0.258258998,0.256067991,0.254382491,0.253022313,0.251544505,0.249687299,0.247535005,0.245359004,0.243587002,0.242638797,0.242698699,0.243982703,0.246633798,0.250959992,0.257280707,0.265561491,0.27564621,0.2873815,0.300448,0.314211011,0.328104287,0.341595292,0.353923291,0.364832789,0.37488851,0.385072708,0.396811813,0.411450505,0.42991671,0.452160001,0.477956504,0.506512225,0.535976827,0.564800978,0.591078818,0.613805175,0.63241899,0.646417499,0.656214476,0.662842512,0.667286992,0.670087278,0.671716273,0.67226398,0.671809673,0.669978321,0.667325497,0.664452493,0.661195278,0.657482505,0.653375506,0.64948982,0.645503521,0.641330779,0.637415826,0.634015322,0.631095827,0.628561497,0.626550317,0.624849975,0.623410225,0.622081995,0.620877504,0.619542778,0.617874026,0.615899682,0.613281727,0.610124826,0.606688976,0.602810681,0.598119319,0.593261778,0.588552177,0.583602488,0.578593016,0.573490322,0.568643272,0.564246476,0.560143828,0.558195472
CornWholePerten0021,0,corn,Unknown,0,0,11.69999981,9.501698494,0.131511495,0.134074003,0.1402587,0.148267701,0.157408699,0.166924998,0.175764993,0.182905495,0.1879455,0.190850005,0.191910297,0.191530705,0.1899997,0.187614203,0.184469506,0.180701494,0.176738203,0.172764704,0.168895796,0.165285006,0.1619948,0.1589735,0.155996203,0.153008699,0.150005803,0.147019506,0.144288197,0.141873002,0.139706999,0.137952298,0.136776298,0.136168495,0.136042997,0.136458799,0.137773499,0.140820995,0.146853,0.157001495,0.171258003,0.188556299,0.207720205,0.227327302,0.245869502,0.262499988,0.276890487,0.289418995,0.301074714,0.312234998,0.322298288,0.33024469,0.33539781,0.337288708,0.336067498,0.331786513,0.324442208,0.315454006,0.306313813,0.297921002,0.290893495,0.285333514,0.281121314,0.278082013,0.275762707,0.273938209,0.272461206,0.270861208,0.268844187,0.266539514,0.264256209,0.262414485,0.261447489,0.261584997,0.263056994,0.265982509,0.270684511,0.277520001,0.286475003,0.297364205,0.309981287,0.323991507,0.338711709,0.353501499,0.36786601,0.381040812,0.392631501,0.403241187,0.414063513,0.426670492,0.442468494,0.462492287,0.486686289,0.514629006,0.545288682,0.576684773,0.607221007,0.634860992,0.658611774,0.677961826,0.69241482,0.702482224,0.709274173,0.713824272,0.716670811,0.718249679,0.718684495,0.718122184,0.716153503,0.713309228,0.710239828,0.706746221,0.702718496,0.698301017,0.694145322,0.689894676,0.685492814,0.681399822,0.677856028,0.674785674,0.672116995,0.670013011,0.668213189,0.666689813,0.665283978,0.664014816,0.662671685,0.661013007,0.658931971,0.656110823,0.652804673,0.649218977,0.645122826,0.640198827,0.635086775,0.630039811,0.624786973,0.619533181,0.614122987,0.608928323,0.604195774,0.599736512,0.597591519
CornWholePerten0022,0,corn,Unknown,0,0,12.30000019,8.99657917,0.139575005,0.142451704,0.149261504,0.157810494,0.167409301,0.177345201,0.1866377,0.194212303,0.199446499,0.2025152,0.203866795,0.2036383,0.2020652,0.199506998,0.196145296,0.192186698,0.187958002,0.183696702,0.179591,0.175741002,0.172254503,0.169102296,0.165948004,0.162723005,0.159530297,0.1564437,0.153632507,0.151111499,0.1488695,0.147117704,0.145971999,0.145399496,0.145315796,0.145787999,0.147202507,0.150436297,0.156844795,0.167620197,0.182844296,0.201432303,0.222024798,0.243036494,0.262782008,0.280386508,0.295614511,0.308860004,0.321161687,0.332943708,0.343585014,0.352024496,0.357482493,0.359454215,0.35813269,0.35348621,0.345519811,0.335878491,0.326173186,0.31728071,0.309860289,0.304044813,0.299650788,0.296492189,0.294116288,0.29225421,0.290722311,0.289077789,0.287024707,0.284666508,0.282380313,0.280606002,0.279733211,0.280023813,0.281763494,0.285023689,0.29014501,0.297574788,0.30722931,0.318853706,0.332224786,0.346948504,0.362342,0.37775901,0.39270851,0.406476498,0.418700188,0.430014998,0.441658706,0.455240488,0.472211987,0.493618488,0.519262016,0.548533022,0.580131829,0.611904025,0.642325521,0.669432819,0.692431986,0.711020827,0.724780679,0.734288514,0.740737021,0.745128989,0.747871816,0.749328971,0.749684811,0.749175489,0.747290015,0.74451381,0.741577685,0.738251984,0.734323025,0.730001509,0.725968778,0.721848726,0.717652023,0.713759184,0.710332274,0.707283497,0.70459348,0.702467978,0.700690687,0.699198723,0.697744012,0.69633323,0.69481951,0.693171024,0.691188276,0.68839699,0.685106278,0.681538999,0.677445471,0.67249918,0.667417824,0.662409723,0.65709281,0.651726186,0.646224499,0.640964329,0.636101186,0.631482184,0.629283488
CornWholePerten0023,0,corn,Unknown,0,0,13.39999962,8.695150375,0.165583998,0.168452993,0.175017506,0.182953507,0.191510201,0.200059205,0.207733795,0.213485003,0.217042998,0.218497202,0.218376502,0.217375994,0.215751007,0.213556796,0.210762799,0.207546994,0.2041917,0.200808302,0.1975265,0.194407493,0.191653296,0.189335704,0.187153995,0.184854299,0.182355493,0.179782704,0.177303702,0.175116003,0.173376203,0.172113001,0.171275303,0.170945495,0.171114996,0.171875507,0.1736352,0.177164495,0.183611795,0.193936005,0.208372995,0.225942999,0.244937003,0.263843209,0.281331688,0.296541989,0.309511513,0.320835501,0.331387013,0.341450006,0.350434989,0.357268989,0.361269206,0.362426996,0.360781491,0.356343687,0.34950769,0.341526985,0.333633214,0.326564014,0.320814788,0.316556186,0.313386709,0.31107679,0.309566498,0.308319986,0.306975812,0.305545986,0.30406031,0.30243969,0.300993294,0.300188005,0.300366789,0.301734686,0.304525793,0.308926791,0.31502071,0.322955012,0.33278051,0.344326705,0.357163996,0.37091431,0.384889811,0.398735493,0.41193679,0.423895508,0.434869289,0.445444286,0.457257003,0.472150713,0.490994513,0.513801992,0.540213525,0.569389224,0.599546492,0.628652275,0.655455828,0.67859,0.697047472,0.711278498,0.721721172,0.729127228,0.734149277,0.737625003,0.739931822,0.740739822,0.740337491,0.739015818,0.736989677,0.734062493,0.730593324,0.726894498,0.723245502,0.719459474,0.714889228,0.710206688,0.706014276,0.702486813,0.699813008,0.697579503,0.695273519,0.693240821,0.691374481,0.689606726,0.688116014,0.686434984,0.684363484,0.681800485,0.678883016,0.675577819,0.671827972,0.667649329,0.66302067,0.658402324,0.65378648,0.64927882,0.644759774,0.640361726,0.636557221,0.63299948,0.629441321,0.625091493,0.62253648
CornWholePerten0024,0,corn,Unknown,0,0,13.10000038,10.49482155,0.194665507,0.1969648,0.202416003,0.2092392,0.216760993,0.224522799,0.231594503,0.236836299,0.239997298,0.241145298,0.240764007,0.239624202,0.237995699,0.235817507,0.233023703,0.229760006,0.226309493,0.222839698,0.219495297,0.216292203,0.2134078,0.210963205,0.208695799,0.206304997,0.203659296,0.200906202,0.198243201,0.195865497,0.193921,0.192431301,0.191360503,0.190842494,0.190887004,0.191518202,0.193068698,0.196330503,0.202550501,0.212737203,0.227093205,0.244646996,0.263770014,0.28304401,0.301120311,0.316899687,0.330208987,0.341737986,0.35261181,0.363176286,0.372627705,0.379691988,0.383768499,0.385006487,0.383306712,0.378402293,0.37064901,0.361486495,0.352400214,0.344367713,0.337942004,0.33316201,0.329521507,0.32682699,0.325046688,0.323583007,0.322108507,0.320612013,0.318971008,0.317141712,0.315521509,0.314562708,0.314583212,0.315786213,0.318441004,0.322745711,0.328765214,0.336657286,0.346485794,0.35805881,0.370941788,0.384781689,0.398916811,0.412989497,0.426400006,0.438528001,0.449712187,0.460533291,0.472475708,0.48725301,0.505495012,0.526920497,0.551259279,0.577884018,0.605136991,0.631103993,0.654747486,0.675072312,0.691238523,0.703633487,0.712753773,0.719321728,0.723774016,0.726894319,0.729059815,0.729792178,0.729423523,0.728422999,0.726900816,0.724502504,0.721592188,0.718512178,0.71553731,0.712423027,0.708500326,0.704456329,0.700829327,0.697807729,0.695652485,0.693896771,0.691904187,0.690093815,0.688450992,0.686883271,0.685591221,0.68408978,0.682267189,0.680014491,0.677460492,0.674625814,0.671379983,0.66778332,0.663875818,0.659992278,0.656041503,0.65223068,0.648423493,0.644675314,0.641449273,0.638452172,0.635487497,0.631726682,0.629459977
CornWholePerten0025,Perten_DA7200,corn,Unknown,0,2007,9.5,9.005524635,0.285196513,0.286464989,0.28977719,0.294279188,0.299690515,0.305539489,0.310405791,0.313559502,0.315298289,0.315776497,0.31541729,0.314515501,0.313222706,0.311592311,0.309412211,0.307023794,0.304659188,0.302235991,0.299797505,0.29751879,0.295320004,0.292970687,0.290593714,0.288419813,0.2862795,0.284182996,0.282290012,0.280454814,0.278798997,0.277424991,0.276394188,0.275714189,0.275337786,0.275445789,0.276475012,0.279169709,0.284357995,0.292432189,0.303255707,0.316173792,0.330273509,0.34466669,0.358364314,0.370577008,0.381161988,0.390802294,0.400239289,0.409334511,0.416897714,0.422032207,0.424714714,0.424990207,0.422601312,0.417514294,0.410450488,0.40257299,0.394998491,0.388349712,0.38300249,0.378873497,0.375744313,0.373443812,0.371708006,0.370254189,0.36863181,0.366628707,0.364340007,0.361824989,0.359485209,0.357822001,0.356931508,0.357062489,0.358334005,0.36100179,0.365349501,0.371401787,0.379200995,0.388752788,0.399867207,0.412005186,0.424669296,0.437233508,0.448751688,0.458813012,0.467691511,0.47598049,0.485212714,0.49668029,0.511062682,0.528452992,0.549012184,0.573140025,0.599180222,0.625193775,0.649430513,0.670414686,0.687313497,0.699531317,0.70766151,0.713001311,0.716683686,0.718984187,0.720089495,0.720179975,0.719648778,0.718170524,0.715599775,0.71282202,0.709912479,0.706752777,0.70310998,0.69940418,0.69584322,0.692228317,0.688773513,0.685645223,0.683040679,0.680819511,0.679077506,0.677681029,0.676536977,0.675498486,0.674299479,0.672891676,0.671251774,0.669355512,0.667011023,0.664324522,0.660899818,0.656755984,0.652129829,0.647028685,0.641847313,0.636642516,0.631828189,0.62762928,0.624149323,0.620775223,0.616756976,0.613011777,0.611388981
CornWholePerten0026,Perten_DA7200,corn,Unknown,0,2007,10.80000019,10,0.308382988,0.309975207,0.313885689,0.318894506,0.324691504,0.330759794,0.335727006,0.338901013,0.340562493,0.340840489,0.340207011,0.339057505,0.337592512,0.3359375,0.333889514,0.331690013,0.329455793,0.327041,0.32445851,0.321910292,0.319401294,0.316734999,0.314051688,0.311630487,0.309361011,0.30728069,0.305501998,0.303817511,0.302334786,0.301106811,0.300165504,0.29953751,0.299162686,0.299263209,0.300378501,0.303324491,0.309016287,0.317913204,0.329827786,0.343935788,0.359153509,0.37451449,0.388968498,0.401762188,0.412829012,0.422845513,0.432511509,0.441731513,0.44936049,0.454500288,0.457117498,0.457218707,0.454560012,0.4491615,0.441834986,0.43377021,0.426062793,0.419310212,0.413872689,0.409667492,0.406453997,0.404047012,0.402246505,0.400830001,0.399296492,0.39741531,0.395309001,0.39304629,0.391004711,0.38963151,0.389064789,0.389629006,0.391406685,0.394616187,0.399510711,0.40618071,0.414649487,0.424779207,0.436437011,0.449027687,0.461982489,0.474836499,0.486694813,0.497167707,0.506673515,0.515780687,0.526099682,0.539129019,0.555505812,0.575261176,0.598425329,0.62500751,0.653092682,0.680796981,0.706377506,0.72840178,0.746219277,0.759302676,0.768234313,0.774407327,0.778824508,0.781517506,0.782840312,0.783116818,0.782696188,0.781122506,0.778242528,0.77512151,0.771822274,0.768223226,0.764155507,0.759971678,0.755904973,0.751941323,0.748151481,0.744529486,0.741562486,0.739144981,0.737094224,0.735405505,0.734125495,0.732936502,0.731495321,0.7299155,0.728304505,0.726310015,0.723638475,0.720674276,0.717031777,0.712675512,0.707736492,0.702256024,0.696792185,0.691291273,0.686030686,0.6812675,0.677291989,0.673442006,0.668684721,0.664201677,0.66229701
CornWholePerten0027,Perten_DA7200,corn,Unknown,0,2007,27.70000076,9.128630638,0.249209896,0.254864603,0.265758097,0.275511414,0.28359741,0.290144503,0.295211613,0.298310787,0.299354404,0.29864651,0.296576202,0.293665707,0.290241391,0.286097288,0.281343013,0.276263893,0.271106988,0.266198009,0.261538208,0.257018894,0.252830714,0.249045506,0.245455593,0.2420955,0.239265606,0.237238199,0.235859305,0.235079303,0.234954,0.235445902,0.236475006,0.237926707,0.239792705,0.242237195,0.246026799,0.252707094,0.264116108,0.281554312,0.304277301,0.329558313,0.3542445,0.375785112,0.393381089,0.407204211,0.418271214,0.428115994,0.437309295,0.445744902,0.452841491,0.457713008,0.45985049,0.459250391,0.456053913,0.450509906,0.443361998,0.435719788,0.428430915,0.422299892,0.417566001,0.413763613,0.410549998,0.408221513,0.40665251,0.405228913,0.404172212,0.403556705,0.40315029,0.403151095,0.40392521,0.405798793,0.409080088,0.413831115,0.420354486,0.428761303,0.439087212,0.451431215,0.465265393,0.480122,0.495327205,0.510006726,0.523734987,0.536760628,0.54907012,0.561034679,0.573941171,0.589394808,0.609736919,0.636662483,0.669757426,0.706581473,0.743886292,0.778244317,0.807989597,0.832827807,0.852277875,0.867164075,0.878460228,0.886483729,0.891994,0.895653606,0.89762193,0.8985883,0.898676395,0.897237122,0.894008875,0.889450908,0.884130776,0.878003478,0.871848702,0.865644217,0.859168828,0.853035927,0.8465994,0.839831173,0.833541811,0.827611387,0.821934283,0.816583514,0.811438799,0.806911171,0.802707791,0.798168004,0.793609917,0.789350629,0.785154879,0.780912399,0.776837528,0.772669196,0.768312216,0.763468683,0.758119285,0.752858579,0.747878611,0.743307591,0.738661528,0.733857095,0.729148686,0.724593818,0.720522523,0.717034817,0.71543783
CornWholePerten0028,Perten_DA7200,corn,Unknown,0,2007,30.29999924,9.325681686,0.201212004,0.205181196,0.212720305,0.219321907,0.224644303,0.228809401,0.231915698,0.233576804,0.233737797,0.232683793,0.230695501,0.228109494,0.225144699,0.221596196,0.217572898,0.213424698,0.209376901,0.205569804,0.201914102,0.198361501,0.195032701,0.191964701,0.189129606,0.1865073,0.184256405,0.182671294,0.181632504,0.180969402,0.180724397,0.180976898,0.181661204,0.182664096,0.184020698,0.185886696,0.1887739,0.193805903,0.202426001,0.215702996,0.233108297,0.2525042,0.271316201,0.28751269,0.300528586,0.31061101,0.31858319,0.325596988,0.332211494,0.338365108,0.343524814,0.347009987,0.348466605,0.347857893,0.345229507,0.340755194,0.335080385,0.329077303,0.323335499,0.318468601,0.314659208,0.311567694,0.308955014,0.307099193,0.305878609,0.30475539,0.303890914,0.303384692,0.303083092,0.303115904,0.303812504,0.305465013,0.308293194,0.312316895,0.317761391,0.324686706,0.33308661,0.343091488,0.354302108,0.366238385,0.378414989,0.390236199,0.401354015,0.411887914,0.421844006,0.431706786,0.442534208,0.455738008,0.473405689,0.497008085,0.526212692,0.558998883,0.592683971,0.624260485,0.652192295,0.676149488,0.695487678,0.710466206,0.721946716,0.730381727,0.736268282,0.740099907,0.742032528,0.742768228,0.742691219,0.741370797,0.738224208,0.733546317,0.72794801,0.721374512,0.714543402,0.70748651,0.700224698,0.693476319,0.686635971,0.679469526,0.672732174,0.666558623,0.660810113,0.655339718,0.650121808,0.645588875,0.641283929,0.6367383,0.632280529,0.628109515,0.624065518,0.619968295,0.615880728,0.611603975,0.607232809,0.60246098,0.59720999,0.591970086,0.586894274,0.582231522,0.577515125,0.572738588,0.568162024,0.563761115,0.559858799,0.5563972,0.554744124
CornWholePerten0029,Perten_DA7200,corn,Unknown,0,2007,29.39999962,9.348442078,0.226379097,0.2299923,0.236897796,0.242987007,0.247908503,0.251779705,0.254599392,0.255976707,0.255956799,0.25483039,0.252804488,0.250173986,0.247191206,0.243683696,0.239717498,0.235522702,0.231353298,0.227457807,0.223791599,0.220239297,0.216856897,0.213711798,0.210710093,0.207895994,0.205504194,0.203773901,0.202582106,0.201793194,0.201421097,0.201508001,0.202007696,0.202812493,0.203961298,0.205596402,0.208254501,0.213063002,0.221394703,0.234189406,0.250830293,0.269293994,0.287195087,0.302603513,0.315017611,0.324674994,0.3323991,0.33932969,0.345836014,0.351690292,0.356384605,0.359383702,0.36038661,0.359362513,0.356419087,0.351805687,0.346126914,0.340184391,0.33456111,0.329805702,0.326072902,0.323020786,0.32039699,0.318473101,0.317210794,0.316087991,0.315168589,0.314549208,0.31410411,0.313979,0.314522207,0.31599471,0.31858179,0.322345287,0.327504188,0.334104598,0.342180997,0.351844013,0.362643391,0.374157101,0.385912001,0.39730069,0.408038199,0.418281108,0.4278813,0.437163889,0.447393596,0.4601188,0.477317989,0.500262618,0.528663814,0.560644507,0.593589723,0.62462312,0.652236223,0.675922275,0.694846571,0.709513784,0.720790684,0.728972375,0.734677613,0.738417029,0.74030751,0.741066515,0.740934312,0.739378512,0.736046791,0.731294513,0.725762606,0.719345212,0.712631285,0.705701888,0.698627114,0.692048609,0.685219884,0.678124189,0.671549082,0.66539979,0.659668624,0.654387116,0.649320722,0.644789517,0.640500128,0.635970771,0.63163513,0.627673984,0.623732388,0.619619787,0.615451217,0.61115402,0.606832922,0.60217011,0.597064316,0.591905594,0.586898685,0.582338214,0.577705979,0.57297653,0.568435907,0.564083099,0.560264587,0.556895196,0.555278778
CornWholePerten0030,Perten_DA7200,corn,Unknown,0,2007,16.72999954,6.54497385,0.150088996,0.150276005,0.151019499,0.152103797,0.153115198,0.154099405,0.154853001,0.154923499,0.154333994,0.153403297,0.151810795,0.1496723,0.147593498,0.145429298,0.143006697,0.140307993,0.137485296,0.134790003,0.132309005,0.129972801,0.127658501,0.1254282,0.123326697,0.121372998,0.119570501,0.118015297,0.116786704,0.115814298,0.115145303,0.114627697,0.114305303,0.114252001,0.114396803,0.114959501,0.116177999,0.118569002,0.123024501,0.130134001,0.139771193,0.151286006,0.163529202,0.175359994,0.185842499,0.194391996,0.201484904,0.207897902,0.213917404,0.219648406,0.224672407,0.228304699,0.2302275,0.230336994,0.228584498,0.224980995,0.2199765,0.214605495,0.209826693,0.205789894,0.202571601,0.200296402,0.198635697,0.197339699,0.196332395,0.195419699,0.194471195,0.193514496,0.192428902,0.191404894,0.190767005,0.190709993,0.1914175,0.192954198,0.195329905,0.198638499,0.203204006,0.209084407,0.215999603,0.223732695,0.232196003,0.241017193,0.249704197,0.258045107,0.265930086,0.273118705,0.279819995,0.286976904,0.295639694,0.307088107,0.32231459,0.341726214,0.364648193,0.38942489,0.414605111,0.438439608,0.459376186,0.47693491,0.490866214,0.501218379,0.508703589,0.513783276,0.517230928,0.519344926,0.520459414,0.520760715,0.519605577,0.517540872,0.51455462,0.510831118,0.506719589,0.502341211,0.497969687,0.493455589,0.489058912,0.484764904,0.480644405,0.476858407,0.473771393,0.471234411,0.469099909,0.46700111,0.464713186,0.463005394,0.46141389,0.45967409,0.457742691,0.455428898,0.45279941,0.44994539,0.44669959,0.442778111,0.438674688,0.434506893,0.430163086,0.42580089,0.422023714,0.418434888,0.414628714,0.411397398,0.408644408,0.406946689,0.406595886
CornWholePerten0031,Perten_DA7200,corn,Unknown,0,2007,21.05999947,10.28629017,0.158058003,0.161616698,0.1685047,0.174460694,0.179119602,0.182668105,0.184914902,0.185593203,0.185230896,0.184282705,0.182713702,0.180719197,0.178395703,0.175834507,0.173124194,0.170210198,0.167116702,0.164070904,0.161249206,0.158581004,0.155990496,0.153430298,0.151002303,0.148930997,0.147198007,0.145674497,0.144531697,0.143875197,0.143638507,0.143761203,0.144147202,0.144724697,0.145680994,0.147217795,0.149625704,0.153895795,0.161365002,0.172632203,0.186887503,0.202504203,0.217890203,0.231644198,0.242773905,0.251296192,0.258248389,0.264675707,0.270844907,0.276452392,0.28076911,0.283237696,0.283743411,0.28227371,0.27898109,0.274024904,0.268020392,0.262280494,0.257600397,0.253819406,0.250834405,0.248640701,0.247067198,0.245848104,0.244779706,0.243818402,0.242878899,0.241983697,0.241113395,0.240410402,0.240257695,0.240957201,0.242697403,0.245591402,0.249623999,0.254883707,0.2616584,0.269963086,0.279514611,0.289857894,0.300550908,0.311230213,0.321612895,0.33146891,0.340652615,0.349094898,0.357438713,0.367440909,0.38106671,0.399997205,0.425146401,0.456028909,0.490285903,0.52534008,0.5590716,0.58921361,0.614728272,0.635463119,0.65113461,0.662318289,0.67020911,0.675095618,0.677824378,0.679287911,0.679636121,0.678658307,0.675741613,0.671272814,0.665768325,0.65953052,0.652538776,0.645191073,0.637979388,0.630715489,0.623507321,0.616418302,0.609785914,0.603875876,0.598555088,0.593677282,0.589441299,0.585187078,0.580748081,0.57691741,0.57331121,0.569841921,0.566260278,0.56227982,0.558026373,0.553216279,0.54755187,0.541273594,0.534920573,0.528640628,0.522443771,0.516251922,0.510588408,0.505079389,0.4994196,0.494550109,0.490316093,0.486734688,0.485218912
CornWholePerten0032,Perten_DA7200,corn,Unknown,0,2007,31.81999969,9.181578636,0.209937394,0.215154901,0.225332603,0.233957902,0.240240395,0.244635001,0.247272402,0.248066902,0.247519597,0.246186405,0.243940204,0.240917996,0.237442195,0.233627707,0.229584396,0.2253014,0.220739603,0.2162707,0.212163702,0.208218202,0.204505399,0.2010739,0.197920695,0.195369005,0.193401694,0.191757202,0.190633997,0.190264493,0.190653205,0.191645905,0.192914203,0.194377706,0.196429506,0.199141994,0.202647701,0.208123699,0.217363894,0.231570393,0.250338405,0.271649212,0.292697698,0.310919404,0.324837089,0.334828407,0.342494398,0.349099606,0.355129898,0.360698909,0.365290701,0.3683514,0.36962539,0.368845403,0.366264194,0.362075895,0.356490612,0.350668907,0.345672607,0.34153989,0.338272214,0.335910201,0.334183991,0.332758486,0.331556201,0.330572903,0.329662889,0.329013586,0.328709394,0.328848213,0.329828113,0.331947386,0.335420191,0.340387911,0.346601903,0.354094714,0.363406211,0.374421686,0.386602402,0.399511904,0.412486911,0.424910307,0.436670095,0.44756791,0.457734913,0.467385411,0.477441907,0.490401387,0.508554101,0.533437312,0.565429628,0.603152573,0.642781377,0.680261791,0.71322,0.7404598,0.762160778,0.779071271,0.791596592,0.800366581,0.806779981,0.811109006,0.813660026,0.815012097,0.815105915,0.81360662,0.810055912,0.804991603,0.79878062,0.791704774,0.783764482,0.775282979,0.766714275,0.758110821,0.749756575,0.741436303,0.733368814,0.725853086,0.718858421,0.71230191,0.706285775,0.700258613,0.694162488,0.68883729,0.683855772,0.678914726,0.673967123,0.669021487,0.66412878,0.659084797,0.653642297,0.647842586,0.642185271,0.636763811,0.631493092,0.626204372,0.621470094,0.616973102,0.612140715,0.607941926,0.604352593,0.601226628,0.599867821
CornWholePerten0033,Perten_DA7200,corn,Unknown,0,2007,8.510000229,9.749699593,0.1560065,0.158076704,0.163005695,0.169194698,0.176511407,0.1845337,0.191688195,0.196561694,0.199237406,0.200469494,0.200365499,0.1992293,0.197609499,0.195626006,0.193238199,0.190437406,0.187359497,0.184304193,0.181412205,0.178585693,0.175768405,0.172970995,0.170242503,0.167715207,0.165321901,0.16291,0.160688296,0.158840001,0.157327801,0.1561068,0.155095205,0.154278502,0.153986901,0.154477194,0.155970693,0.159398899,0.166144401,0.176877901,0.190867707,0.206673205,0.223163396,0.239441201,0.254485399,0.267609686,0.279029608,0.289546192,0.299664587,0.309221894,0.317292213,0.322981387,0.325947911,0.326086611,0.323561192,0.318461895,0.311130494,0.303006887,0.295457691,0.288769186,0.283228904,0.279058188,0.275989711,0.273679912,0.271883398,0.270335615,0.268719614,0.266882688,0.2646254,0.262091607,0.259843111,0.258285195,0.257678688,0.258188188,0.259859115,0.262900889,0.267691612,0.274397403,0.282997191,0.293266714,0.304862589,0.317528904,0.330858588,0.344065189,0.356457412,0.367293894,0.376513392,0.38537389,0.395198405,0.407484114,0.423499107,0.443593115,0.467242211,0.493847907,0.522832096,0.55248791,0.580746591,0.605980575,0.626693308,0.642339826,0.653707326,0.661275923,0.666081071,0.669204176,0.67083782,0.671104074,0.669964612,0.667961121,0.665288806,0.662144423,0.658725917,0.654889584,0.650693119,0.646308303,0.641844094,0.637277126,0.633036673,0.629337609,0.626214087,0.623722076,0.621936619,0.620112479,0.618054807,0.616690874,0.615552783,0.614299774,0.612890124,0.610901117,0.608152628,0.604545414,0.599980712,0.594546616,0.588694572,0.582779586,0.576912582,0.570893288,0.56529212,0.55985707,0.554015577,0.548723579,0.544257104,0.540621281,0.539077878
CornWholePerten0034,Perten_DA7200,corn,Unknown,0,2007,8.25,8.828337669,0.122075498,0.123680003,0.127744705,0.133302704,0.140081301,0.147297502,0.153603494,0.158043504,0.160678297,0.161943004,0.161937699,0.161012501,0.159540504,0.157713205,0.155603796,0.153157204,0.150427505,0.147761196,0.145282194,0.142829895,0.140424505,0.137957007,0.135434493,0.133145496,0.131026298,0.128867298,0.126855001,0.125185505,0.123783998,0.122551203,0.121495001,0.120681003,0.120362297,0.120678797,0.121802703,0.124628,0.130352005,0.139518797,0.151638001,0.165551901,0.180166706,0.194599703,0.207923397,0.219556004,0.229794994,0.239434496,0.248847902,0.257773191,0.265346587,0.270758212,0.273724109,0.274094611,0.271858901,0.267161399,0.260520607,0.253218204,0.246431902,0.240499407,0.235606894,0.231873393,0.2291421,0.227141902,0.225609601,0.224251702,0.222811699,0.221210405,0.219245195,0.216987699,0.214912996,0.213401198,0.212736398,0.213105097,0.214474395,0.216998398,0.221088901,0.2268904,0.234365702,0.243412599,0.253786415,0.265143186,0.277145386,0.289209187,0.300586909,0.310529113,0.319033086,0.327122897,0.335922211,0.346825689,0.360972613,0.378887713,0.400352687,0.424891114,0.451948285,0.479762912,0.506422579,0.530623078,0.550898612,0.566498101,0.577841282,0.585266113,0.590032399,0.593243897,0.595063627,0.59560281,0.594616413,0.592730105,0.590388417,0.587550402,0.58422941,0.580600083,0.576751113,0.572648883,0.568503916,0.564295828,0.56031853,0.556844294,0.553928614,0.551492274,0.549657285,0.54792428,0.546149373,0.544993877,0.543978095,0.54281652,0.541409314,0.539557278,0.537065327,0.533649802,0.529200912,0.523908913,0.518248081,0.51239562,0.506465077,0.500386417,0.494747102,0.489332587,0.483724386,0.478788912,0.47442621,0.4707084,0.469139904
CornWholePerten0035,Perten_DA7200,corn,Unknown,0,2007,11.25,8.856339455,0.145675495,0.147487998,0.151804194,0.157051697,0.162893206,0.169212699,0.175029904,0.1791839,0.181726396,0.183164507,0.183349997,0.182548702,0.181323707,0.179627404,0.177454203,0.174995199,0.172260195,0.169499695,0.166891202,0.164213002,0.161505997,0.158867195,0.156227499,0.153736398,0.151486903,0.149391398,0.147551701,0.146069199,0.144877493,0.143931702,0.143233001,0.142769799,0.142786205,0.143489495,0.1450077,0.148208201,0.154419497,0.164309502,0.177444696,0.192745403,0.209135205,0.225479394,0.240524501,0.253409207,0.264098406,0.27348271,0.28257671,0.291547686,0.299431711,0.30514589,0.308306396,0.308938086,0.307044894,0.302254111,0.294741899,0.286043108,0.277798891,0.27070719,0.265048087,0.260845691,0.257812589,0.255565405,0.253802389,0.252304196,0.25083071,0.249283403,0.2475079,0.245588705,0.243974999,0.243046999,0.243072197,0.244155198,0.246270105,0.249568701,0.254495889,0.261183411,0.26941821,0.279007912,0.289613396,0.300896913,0.312612414,0.324290186,0.335399389,0.345314413,0.354111612,0.363042712,0.373244911,0.385884196,0.401828706,0.420999408,0.442769915,0.466541588,0.49160111,0.516231597,0.53859061,0.557821274,0.573526919,0.585640371,0.594646573,0.600801289,0.604860604,0.607490122,0.608885229,0.60923928,0.608392119,0.606864929,0.604803622,0.602213621,0.59931159,0.596094608,0.592615426,0.58897078,0.585344613,0.581692278,0.578291774,0.575369299,0.572896481,0.570864976,0.569307983,0.567543626,0.5656268,0.564336777,0.563129306,0.562040091,0.560952127,0.559213817,0.556768298,0.553658426,0.549917579,0.545531213,0.540792584,0.536075413,0.531404913,0.526476085,0.521733582,0.517165303,0.512472391,0.508239389,0.504488885,0.501445711,0.500210404
CornWholePerten0036,Perten_DA7200,corn,Unknown,0,2007,12.57999992,10.67261982,0.118050501,0.119919203,0.124140203,0.129028499,0.134146199,0.139061704,0.143275693,0.146388203,0.148249,0.149040505,0.149014995,0.148447499,0.147459194,0.146079496,0.144376501,0.1424018,0.140250295,0.138044506,0.135820299,0.133544296,0.131234005,0.128934205,0.126621202,0.124360703,0.122381702,0.120689303,0.119180799,0.117854998,0.116832703,0.116211303,0.115924299,0.115929,0.116383702,0.117494702,0.119608298,0.123493299,0.1300845,0.139854297,0.152359799,0.166687995,0.181857199,0.196951494,0.211047694,0.2230784,0.232797697,0.241410404,0.250080109,0.258693188,0.266120106,0.271377415,0.274411708,0.275253385,0.273388088,0.268224895,0.260346115,0.251491189,0.243205994,0.236235201,0.230686203,0.226422697,0.223199204,0.220737398,0.218964204,0.217717007,0.216534197,0.215212703,0.213726893,0.212201193,0.211003199,0.210551396,0.210864395,0.211858898,0.214002997,0.217568502,0.222588003,0.229146004,0.237185702,0.246642694,0.257279187,0.268561393,0.280203193,0.29187569,0.303035915,0.313463688,0.323435694,0.33372739,0.345463902,0.360034913,0.378147394,0.399759889,0.424717188,0.452747613,0.482630193,0.512112021,0.539354622,0.563177109,0.583068371,0.598877788,0.61064899,0.618744612,0.623945892,0.627181172,0.629028916,0.629706085,0.629154623,0.627381086,0.624567926,0.621526122,0.617883086,0.613098025,0.60801512,0.603021085,0.598514617,0.594389617,0.59007591,0.585682273,0.58230257,0.57966733,0.576780081,0.57435441,0.572283328,0.570266783,0.568441093,0.566578805,0.564293325,0.561508894,0.558527589,0.55479908,0.550380826,0.545323074,0.53938812,0.533222079,0.527022421,0.521033287,0.515271127,0.509846389,0.504785895,0.499794692,0.49533841,0.491733909,0.490144402
CornWholePerten0037,Perten_DA7200,corn,Unknown,0,2007,9.25,8.826446533,0.115570501,0.117638998,0.122596003,0.128948703,0.136226997,0.143540993,0.149767205,0.154231802,0.156856701,0.158002704,0.158080995,0.157454506,0.156256497,0.154578507,0.152564004,0.150257006,0.147754207,0.145222202,0.142743006,0.140325993,0.1379565,0.135606498,0.1332158,0.130811006,0.128613204,0.1266343,0.124773003,0.123047002,0.121565297,0.120429002,0.119631499,0.119140498,0.119099297,0.119767502,0.121557497,0.125254795,0.131766707,0.141528904,0.154003501,0.168132201,0.182970002,0.197751001,0.211711705,0.224216402,0.235211104,0.245255604,0.25481239,0.263758391,0.271358192,0.276738912,0.279569686,0.279913396,0.277774394,0.273106188,0.266599894,0.259421408,0.252483904,0.246397197,0.241397202,0.237538502,0.234715998,0.232623205,0.231076703,0.229871407,0.228535205,0.226837695,0.224803403,0.222619906,0.2206444,0.219342098,0.218818694,0.219007194,0.220391497,0.223289907,0.227755904,0.233923703,0.241820499,0.251415402,0.262476713,0.274408907,0.286744207,0.298903495,0.310160399,0.320240587,0.329274714,0.337789714,0.346825689,0.357944906,0.372268111,0.390136212,0.411519408,0.436297715,0.463714898,0.491977215,0.519175112,0.543553829,0.563978374,0.580006897,0.591711879,0.599624872,0.604639888,0.607686877,0.609392107,0.610048592,0.609698713,0.608405411,0.606256604,0.604027093,0.601323426,0.59749341,0.593332589,0.58918792,0.585407376,0.58189559,0.578165114,0.574426711,0.571686626,0.569669604,0.567490101,0.56572938,0.564275801,0.562921286,0.561667919,0.560307622,0.558511078,0.556144416,0.553550422,0.550142586,0.545981407,0.541133583,0.53528142,0.529128611,0.5230636,0.517346323,0.511871398,0.506624401,0.501604915,0.49666059,0.492205411,0.488627404,0.48710689
CornWholePerten0038,Perten_DA7200,corn,Unknown,0,2007,8.970000267,9.787981987,0.138471499,0.141027197,0.147173703,0.1551487,0.164371699,0.173729494,0.181852803,0.187823206,0.191456899,0.193210602,0.1936322,0.193113193,0.191876501,0.1899492,0.187497199,0.184828907,0.181927204,0.178828001,0.175853401,0.173041403,0.170162901,0.167218193,0.164240003,0.161336899,0.158573493,0.155861795,0.153375298,0.151150197,0.149210706,0.147684693,0.146543503,0.145786703,0.145573795,0.146225706,0.1482272,0.152451694,0.160171002,0.171932802,0.186992005,0.204077706,0.222183198,0.2403979,0.2574974,0.27267319,0.285909712,0.297927886,0.309384197,0.320086211,0.329090893,0.335398704,0.338742703,0.339256614,0.336705715,0.331174612,0.323613614,0.315058112,0.306705713,0.299394399,0.293495387,0.289133608,0.285933912,0.283514589,0.281653404,0.280068189,0.278474391,0.2765719,0.274192691,0.271704406,0.269518912,0.267843902,0.266819388,0.266877711,0.268537909,0.271972686,0.277130693,0.284035713,0.293099403,0.304223388,0.316900909,0.330671907,0.344768912,0.358528405,0.371260107,0.382238686,0.391759694,0.400616407,0.40982461,0.421180397,0.435874909,0.454161406,0.476141393,0.501578629,0.52902472,0.556432903,0.582126319,0.604808271,0.623625875,0.638071716,0.648518086,0.655574083,0.660117626,0.66300261,0.664842784,0.665889323,0.66556263,0.664113522,0.662219822,0.660242021,0.657762826,0.654619515,0.651482403,0.648138285,0.644528627,0.641141474,0.637964785,0.634841025,0.631923974,0.629419625,0.627690911,0.626467586,0.625368774,0.624378622,0.623290598,0.622329712,0.621191919,0.619508624,0.617188871,0.614262104,0.610917628,0.606842876,0.602107585,0.596981108,0.591751277,0.586513877,0.581326127,0.576395989,0.571778119,0.567593873,0.563736081,0.560363412,0.558866322
CornWholePerten0039,Perten_DA7200,corn,Unknown,0,2007,12.84000015,8.754015923,0.154434905,0.156772405,0.162094399,0.1682937,0.174899399,0.181442201,0.187123001,0.191228896,0.193680197,0.194830701,0.194724903,0.193677202,0.192185,0.190320402,0.187977195,0.185267404,0.182347998,0.179413796,0.176614001,0.173807204,0.170950204,0.168072403,0.165243194,0.1626513,0.160299301,0.158101007,0.156195,0.154690698,0.153520495,0.152647197,0.152085006,0.151775703,0.151947498,0.152797505,0.154492796,0.158034205,0.164838404,0.1756102,0.189925894,0.206692696,0.224670693,0.242491707,0.258752197,0.272521585,0.283862114,0.293768108,0.303286403,0.31267789,0.320965111,0.327023715,0.330477089,0.33122319,0.329244405,0.324170411,0.316098392,0.306684613,0.297764212,0.290113986,0.284019202,0.27950421,0.276237398,0.273793906,0.271873087,0.270193398,0.268514395,0.26682651,0.265004695,0.263099194,0.261529714,0.260700613,0.260908902,0.262300402,0.264821887,0.268642187,0.274249911,0.281775385,0.290970415,0.301529914,0.313124687,0.325358897,0.337925613,0.350408107,0.362318397,0.373029888,0.382665187,0.39267841,0.404301912,0.418832094,0.4373869,0.459800899,0.485095888,0.512635112,0.54148078,0.569475114,0.594722807,0.616329372,0.633728623,0.646938622,0.656813622,0.663563073,0.667958975,0.67091912,0.672465026,0.672756314,0.671877801,0.67020911,0.667662323,0.664403975,0.660723805,0.656713128,0.652561128,0.648225486,0.643878877,0.639588296,0.635522783,0.631847382,0.628740072,0.626143873,0.623967826,0.621669829,0.619312108,0.617650926,0.616138578,0.61459142,0.612966418,0.610937119,0.608303785,0.604931593,0.600807488,0.595839799,0.590450108,0.584937573,0.57935679,0.573741376,0.568407118,0.563226104,0.557988823,0.553179324,0.548874319,0.545437813,0.54405278
CornWholePerten0040,Perten_DA7200,corn,Unknown,0,2007,13.77000046,9.699999809,0.158148393,0.164798901,0.173137203,0.182417899,0.191635594,0.200419694,0.207756504,0.213079095,0.216261104,0.217327297,0.217365801,0.216260999,0.214285106,0.211891607,0.2090832,0.206029996,0.202558205,0.199003398,0.195476502,0.192100599,0.1888358,0.1856796,0.182475507,0.179461598,0.176662207,0.174244806,0.172078595,0.170410603,0.169130102,0.168335497,0.168043405,0.168240994,0.168768898,0.169971407,0.172329903,0.177102298,0.185740307,0.199635893,0.217630997,0.238322407,0.260135114,0.28082791,0.299349695,0.315171391,0.328536511,0.340422094,0.351737887,0.362309694,0.3711074,0.377119899,0.3800385,0.379696101,0.376347095,0.370195687,0.3617917,0.353007793,0.344918311,0.337998509,0.332391411,0.328260392,0.325381011,0.323295087,0.321802914,0.320517808,0.319369286,0.317921788,0.31625399,0.314374596,0.312866688,0.312290013,0.312824398,0.31468451,0.318314612,0.32379061,0.331213206,0.340686202,0.352220595,0.36542061,0.379638702,0.394327313,0.408817411,0.42297101,0.436166287,0.447966486,0.458714306,0.469779998,0.482596815,0.499389797,0.521528125,0.548435926,0.578669429,0.611029685,0.643385291,0.673520207,0.700210512,0.722452819,0.740108907,0.753212988,0.762741685,0.769144118,0.773267686,0.775953174,0.777666807,0.778564692,0.777986527,0.775863528,0.772824228,0.769150674,0.765353978,0.760650218,0.756462872,0.751959026,0.747331202,0.743012488,0.738766372,0.7346735,0.731510699,0.728488982,0.725901187,0.723755479,0.721961618,0.720212579,0.718659401,0.716728926,0.714636982,0.712129176,0.709725499,0.706164479,0.701820672,0.697086215,0.691940486,0.686485112,0.680913389,0.675144911,0.669067502,0.663339078,0.658188701,0.653236091,0.648881078,0.644854128,0.641415298
CornWholePerten0041,Perten_DA7200,corn,Unknown,0,2007,14.19999981,9.109999657,0.158030599,0.1636412,0.171617001,0.180015504,0.188592702,0.196802095,0.203367099,0.208363697,0.211216196,0.212182701,0.212162107,0.210837796,0.209051907,0.206494495,0.203759506,0.200730294,0.197249502,0.193911195,0.190534204,0.187360704,0.184233293,0.181034803,0.178041801,0.175008804,0.172402501,0.169964507,0.1679198,0.166345507,0.164990202,0.164254397,0.1639366,0.164000303,0.164583102,0.165519804,0.167787805,0.172228202,0.180519804,0.193669498,0.210732907,0.230509698,0.251242697,0.27091369,0.28845349,0.303200096,0.315640092,0.326547205,0.337023407,0.347008109,0.355335206,0.361168891,0.36397171,0.363896608,0.360907495,0.35502851,0.346986085,0.338514805,0.330736399,0.323947191,0.318586886,0.314750493,0.311893493,0.309985399,0.308382988,0.307221413,0.306061715,0.304623514,0.303041309,0.301301688,0.300041705,0.299493313,0.299957991,0.301894099,0.305197686,0.31045419,0.317434907,0.326393187,0.337276787,0.349576503,0.362924814,0.376621008,0.3902013,0.403426409,0.415809095,0.426787704,0.436873287,0.447213888,0.459585697,0.475385696,0.496120513,0.521125972,0.549563825,0.579538822,0.610127091,0.638541877,0.663716793,0.685133576,0.701672077,0.71439898,0.72333169,0.729385674,0.733366191,0.735804617,0.737506986,0.738022924,0.73746419,0.735702872,0.732055426,0.728710175,0.724761725,0.72062999,0.716069281,0.711783588,0.707515717,0.703042626,0.699152887,0.695213914,0.69211781,0.689352095,0.686719596,0.684738874,0.68282193,0.681147873,0.6794734,0.677921712,0.675875187,0.673680782,0.671310127,0.667907119,0.664153278,0.659501672,0.65470928,0.649340689,0.644229829,0.639025688,0.633117676,0.628239512,0.62306428,0.618691504,0.614318311,0.610945582,0.607778192
CornWholePerten0042,Perten_DA7200,corn,Unknown,0,2007,14.86999989,8.819999695,0.153098807,0.159292907,0.166994795,0.175552204,0.183899403,0.191718698,0.198361397,0.202904806,0.205781207,0.206675097,0.206585497,0.205325797,0.203396693,0.201038897,0.198214203,0.195231497,0.191921905,0.188473597,0.185295299,0.1820499,0.179093793,0.175984204,0.173003107,0.170170203,0.167591602,0.165308803,0.163375497,0.161820099,0.160704598,0.160031304,0.159933999,0.160081103,0.160667196,0.161795601,0.164026797,0.168565005,0.176708594,0.189658597,0.2066686,0.226182193,0.246804297,0.266196787,0.283419609,0.297953188,0.309954405,0.320626199,0.330717087,0.340464503,0.34857741,0.354277313,0.357096791,0.356924713,0.354180515,0.348421097,0.34056589,0.3323811,0.32458809,0.318170011,0.312951595,0.309216887,0.306549609,0.304564089,0.303084314,0.301875711,0.300771385,0.29949379,0.297945291,0.296416104,0.295191586,0.294907093,0.295584798,0.297601193,0.301110894,0.306280702,0.313458204,0.322306812,0.333166212,0.345386595,0.358466089,0.371936202,0.385114908,0.398106307,0.410111189,0.420765698,0.430887014,0.4411107,0.453816414,0.469808996,0.491026491,0.516609311,0.545285225,0.575896025,0.606327713,0.634972692,0.65983659,0.680981576,0.697743714,0.709985375,0.719061077,0.724930883,0.729124427,0.731386185,0.733001173,0.733775318,0.732679009,0.731131315,0.727320015,0.723820627,0.719696283,0.715317428,0.710777581,0.706009328,0.701965213,0.697055519,0.692927003,0.689110279,0.685624182,0.682916522,0.679919183,0.678106606,0.675851584,0.674046397,0.67232722,0.670382619,0.668522775,0.665744782,0.663600326,0.660086572,0.656272888,0.651452184,0.646503806,0.641457975,0.635728777,0.630828381,0.624760985,0.619924724,0.614780605,0.610335529,0.606286526,0.60213542,0.599541724
CornWholePerten0043,Perten_DA7200,corn,Unknown,0,2007,14.51000023,8.899999619,0.155983105,0.162039504,0.169723794,0.178115502,0.186482504,0.194463,0.201071799,0.205733195,0.208615005,0.209491894,0.209437102,0.208288997,0.206424996,0.204198197,0.2013506,0.198407501,0.195228398,0.191862702,0.188698202,0.185482904,0.182495207,0.179444298,0.176508501,0.173731402,0.171010003,0.168810099,0.166838601,0.165243298,0.164210603,0.163426995,0.163238302,0.1634783,0.164017305,0.165196702,0.167359605,0.171873197,0.180015802,0.192923099,0.209826306,0.229154497,0.249612793,0.268895805,0.286097795,0.300622404,0.312669903,0.323414803,0.333595008,0.343426913,0.351610899,0.357209712,0.360098004,0.359959602,0.357197911,0.351428092,0.343529493,0.335268498,0.327415586,0.320999712,0.315775693,0.311972201,0.309295386,0.307300687,0.305863112,0.304643005,0.303613305,0.302301198,0.300759912,0.299272597,0.297949195,0.297562301,0.298103005,0.300003797,0.303464413,0.308626413,0.315715998,0.324447691,0.335250288,0.347446799,0.3605057,0.374173403,0.387380302,0.400495201,0.412657499,0.423518688,0.433678687,0.443844289,0.45645389,0.472455502,0.493705005,0.519239783,0.548156023,0.579058588,0.610078871,0.639419198,0.66504699,0.686995029,0.704360485,0.717189789,0.726862311,0.732834876,0.737256527,0.739872694,0.741606474,0.742374122,0.741339624,0.739795327,0.736035109,0.732508481,0.728514612,0.723807573,0.719370484,0.714627981,0.710461915,0.705613315,0.701372087,0.697570086,0.69405818,0.691378713,0.688339174,0.686530709,0.684409678,0.682636082,0.680992425,0.678986788,0.677304387,0.674494386,0.672342122,0.668610215,0.664808989,0.660260677,0.654984295,0.649850309,0.644063473,0.638979197,0.632777512,0.627751172,0.62262851,0.617734373,0.61374259,0.609297872,0.606890321
CornWholePerten0044,Perten_DA7200,corn,Unknown,0,2007,15.14999962,8.899999619,0.142328203,0.148642898,0.156303495,0.164492697,0.172632396,0.180209905,0.186696604,0.191100106,0.193783999,0.194738895,0.194496095,0.193319202,0.191385195,0.189120799,0.186407298,0.183324501,0.180184007,0.1768426,0.1736774,0.170527399,0.167615801,0.164677307,0.1617807,0.158981904,0.156392202,0.154190898,0.152412698,0.150851905,0.149811104,0.149205193,0.149074197,0.149337694,0.149931207,0.151075304,0.153255299,0.157643601,0.165671498,0.178342193,0.194965899,0.213909105,0.233840197,0.252637386,0.269242615,0.283281386,0.295058191,0.305523992,0.315473795,0.32476899,0.332676411,0.338113904,0.340742886,0.340496212,0.337604404,0.332066089,0.324517608,0.316805899,0.309483409,0.303373009,0.298466295,0.294792414,0.292296708,0.290469408,0.289092809,0.287965596,0.286949188,0.285735101,0.284223586,0.282866389,0.281769514,0.281431407,0.282157213,0.284116298,0.28759709,0.292715907,0.29971841,0.308506608,0.319039494,0.331104785,0.343935311,0.357148886,0.370193511,0.382876605,0.394740701,0.405303687,0.415237814,0.425375909,0.437819898,0.453888595,0.475041688,0.500700176,0.529592812,0.560391188,0.591184616,0.619726419,0.644864976,0.665929973,0.682912529,0.69541508,0.704463124,0.710534573,0.714493215,0.717182398,0.718648613,0.719267011,0.718336523,0.716311216,0.712965727,0.709207594,0.705079019,0.700699627,0.696325779,0.691634178,0.686972022,0.682354689,0.678013384,0.674326122,0.670933723,0.668124616,0.665508091,0.663281977,0.661282182,0.659252703,0.657671094,0.655614376,0.653718412,0.65133059,0.648669481,0.645123124,0.641139925,0.636430621,0.631301999,0.62604171,0.620301127,0.614861786,0.609315813,0.603891075,0.599085212,0.59441042,0.590269685,0.586207986,0.583261073
CornWholePerten0045,Perten_DA7200,corn,Unknown,0,2007,12.97999954,8.869999886,0.1452723,0.150964201,0.158365607,0.166810706,0.175457507,0.183677703,0.190768302,0.195728794,0.198774099,0.199851602,0.199886307,0.198879406,0.197052896,0.194708094,0.192071304,0.189112097,0.185926706,0.182507604,0.179335699,0.176290795,0.173251599,0.170270205,0.167313904,0.164448798,0.161717296,0.159336597,0.157375202,0.155657694,0.154388398,0.153475598,0.153117403,0.153193295,0.153595597,0.154615104,0.156708002,0.161041901,0.169132799,0.181835994,0.198485807,0.217600301,0.237744406,0.257071614,0.274487406,0.289326191,0.301726192,0.312785715,0.323415697,0.333454788,0.341992706,0.347883999,0.350775093,0.350794703,0.347814798,0.342064112,0.334067106,0.325683802,0.317801595,0.311069906,0.305738896,0.30179131,0.299014002,0.29704991,0.295571894,0.294342399,0.293142706,0.291723788,0.289943188,0.288144589,0.286689192,0.285931796,0.286206991,0.287837386,0.290949494,0.295765013,0.302487195,0.311086595,0.321584314,0.333850801,0.34704119,0.360811204,0.374512613,0.387937814,0.400513798,0.411447614,0.421578288,0.431602895,0.443315506,0.45851931,0.47841841,0.502583385,0.530431271,0.560565174,0.591524899,0.620927513,0.647254825,0.669667721,0.687724173,0.701318681,0.711116195,0.717891395,0.72232312,0.725362599,0.727023423,0.727704525,0.727020502,0.725292385,0.72240752,0.719004214,0.715135515,0.711190283,0.706914187,0.702474177,0.698406816,0.693893611,0.689786792,0.686141729,0.683198094,0.680543184,0.678274214,0.67637682,0.674883008,0.673166573,0.671760321,0.669901311,0.668190897,0.666116417,0.66365087,0.660476625,0.656482101,0.651820302,0.646637976,0.64125371,0.635356903,0.629673719,0.623957872,0.618817389,0.613727272,0.609117925,0.604764104,0.600730717,0.597704887
CornWholePerten0046,Perten_DA7200,corn,Unknown,0,2007,12.14000034,9.029999733,0.135113195,0.140402302,0.147301301,0.155199096,0.163456604,0.171381906,0.178132102,0.182922706,0.185631499,0.186831698,0.186841697,0.185881198,0.184287205,0.182099998,0.179659098,0.176780894,0.173791394,0.170686707,0.167647004,0.164851293,0.161908299,0.159067199,0.156268001,0.153534606,0.150982499,0.148616895,0.146730602,0.145056501,0.143731102,0.142907396,0.142476693,0.142457798,0.142782196,0.143672407,0.145607606,0.149661899,0.157335907,0.169288904,0.184982598,0.202895597,0.221942693,0.240383506,0.25695771,0.271113902,0.283023804,0.293545693,0.303850412,0.313409209,0.321692199,0.327389211,0.330185413,0.330275506,0.327567607,0.322140694,0.314377815,0.306269795,0.298695594,0.292166501,0.287030399,0.283214986,0.280445308,0.278588891,0.277066201,0.275865912,0.274702013,0.273314804,0.27151081,0.269734711,0.268274814,0.26742959,0.267667711,0.268980205,0.271816492,0.276298612,0.282511205,0.290617913,0.300435305,0.312019914,0.324540585,0.337717712,0.350887209,0.363701493,0.375695914,0.386216104,0.395816803,0.405303598,0.416178495,0.430202097,0.448574692,0.470967591,0.496640593,0.524780691,0.553882897,0.581701994,0.606767118,0.628178418,0.645432115,0.658483684,0.667772889,0.674193084,0.67832458,0.681197405,0.682728171,0.68330121,0.682790518,0.681069017,0.678548873,0.675260484,0.671860874,0.66822201,0.664131224,0.660117686,0.656058729,0.652001202,0.648131788,0.644860625,0.642069399,0.639708519,0.637623727,0.635756016,0.634390414,0.632885218,0.631648481,0.630099118,0.628602982,0.626652479,0.624360323,0.621352315,0.617451787,0.612904728,0.6080181,0.602889776,0.597487509,0.592218816,0.58697772,0.581607521,0.577082217,0.572573125,0.568444371,0.564894378,0.561814487
CornWholePerten0047,Perten_DA7200,corn,Unknown,0,2007,14.35999966,8.75,0.134593606,0.140373498,0.147773907,0.155611605,0.163581595,0.170956105,0.177053601,0.181520298,0.183998793,0.184927896,0.184716001,0.183588907,0.181842804,0.179446802,0.176863998,0.173937902,0.170855999,0.167699099,0.164554805,0.161700606,0.1588047,0.155895904,0.153149396,0.1504471,0.148053005,0.145703897,0.1438898,0.142495707,0.141371697,0.140792593,0.140597597,0.140790299,0.141320005,0.142389596,0.144532502,0.148702905,0.156463996,0.168555498,0.184492096,0.202665195,0.221736506,0.239942893,0.255962402,0.269505411,0.280791104,0.290654212,0.3002671,0.309208691,0.31680581,0.322097391,0.324562311,0.324645311,0.321903199,0.31666711,0.309437811,0.301817387,0.294845402,0.288833708,0.284087688,0.280523986,0.278057098,0.2763291,0.274896801,0.273849487,0.272750109,0.271574587,0.270100802,0.268648505,0.267645508,0.267266512,0.267887205,0.269687504,0.272939891,0.277861893,0.284380913,0.29280591,0.302803814,0.314297915,0.326594591,0.339258999,0.351853609,0.36398229,0.375331491,0.38541919,0.394775093,0.404409587,0.415983588,0.431164086,0.45091781,0.474996388,0.502242625,0.53118062,0.560506225,0.587546706,0.611659586,0.631842315,0.64782989,0.660003424,0.668480814,0.674473226,0.678158283,0.680782318,0.68213141,0.682475507,0.681783617,0.679789126,0.676661074,0.672969401,0.669060886,0.664986491,0.660472274,0.65606159,0.651672483,0.647500575,0.64327842,0.639671624,0.636604786,0.63391608,0.631523311,0.629151225,0.627548575,0.62575078,0.624068201,0.622313917,0.620271683,0.618390024,0.615692914,0.612627626,0.609023571,0.604421079,0.599722624,0.594443023,0.589354813,0.584109187,0.578981519,0.57390821,0.569439471,0.565192103,0.561071813,0.557781816,0.554435015
CornWholePerten0048,Perten_DA7200,corn,Unknown,0,2007,13.92000008,9.170000076,0.131359607,0.136940002,0.144260198,0.151871905,0.159886703,0.167160198,0.173557803,0.177993402,0.180465698,0.181420207,0.1813474,0.180260196,0.178510994,0.176153302,0.173651904,0.170751199,0.167820901,0.164632395,0.161651895,0.158795193,0.155938894,0.153176904,0.1505353,0.147831097,0.145448893,0.143205896,0.141393796,0.139894903,0.1387752,0.138127595,0.137786895,0.137986407,0.138400897,0.139413193,0.1414987,0.145559296,0.153098196,0.164863795,0.180416703,0.198262706,0.216976896,0.2349004,0.250681013,0.2640661,0.275231212,0.284950495,0.294445008,0.303309709,0.310911804,0.316291213,0.318877012,0.318979412,0.316296399,0.311150402,0.303963512,0.296464801,0.289452195,0.283438802,0.278688014,0.275147796,0.27265659,0.270880193,0.269470215,0.268397093,0.267320305,0.266124189,0.264600992,0.263109297,0.262045413,0.261515886,0.262071699,0.263700903,0.266731113,0.271444589,0.277779609,0.285890192,0.295668691,0.306910187,0.318998903,0.331458002,0.343916208,0.355935603,0.367306888,0.37724191,0.386387587,0.395626992,0.406809896,0.421306104,0.440154403,0.463246197,0.48941341,0.517311513,0.545598984,0.571958304,0.595308781,0.614783227,0.630396724,0.642265081,0.650304973,0.65613538,0.659772694,0.662020922,0.663205028,0.663662195,0.662826717,0.660714686,0.657819688,0.654290676,0.650631189,0.646571696,0.642345011,0.638126195,0.633893192,0.629857898,0.625665486,0.622255623,0.619294524,0.616795123,0.614699483,0.612485528,0.610962272,0.609182596,0.607661307,0.605901599,0.603987575,0.601967871,0.599455118,0.596598029,0.592869997,0.588616073,0.583821893,0.578865111,0.573857009,0.568630517,0.563749373,0.558723211,0.554320276,0.550227821,0.546278477,0.542660475,0.539311528
CornWholePerten0049,Perten_DA7200,corn,Unknown,0,2007,13.64999962,8.920000076,0.125922203,0.131339595,0.138431802,0.146099895,0.153763697,0.161009595,0.167214796,0.171515599,0.173958302,0.174861699,0.174641997,0.173529297,0.171771795,0.169577107,0.1670793,0.164328203,0.161249802,0.158165097,0.155263007,0.152344495,0.149571598,0.146808699,0.144118398,0.141509801,0.139020994,0.136856794,0.1350514,0.133516207,0.132435501,0.131781802,0.131493896,0.131629005,0.132085502,0.133129701,0.135198101,0.139340207,0.146908596,0.158759296,0.174270004,0.192060605,0.210880399,0.228777304,0.244721293,0.258181691,0.269347906,0.279273301,0.288824111,0.297974497,0.305695713,0.311127514,0.313818902,0.3138583,0.311302006,0.305911988,0.2984384,0.290637791,0.283336788,0.277097195,0.272179902,0.268523991,0.2658889,0.264084011,0.262650609,0.261476487,0.260392606,0.259149194,0.257617295,0.256074011,0.254944414,0.254397601,0.254849404,0.256576687,0.259714514,0.264420599,0.27084291,0.2790263,0.28892839,0.300343305,0.31266731,0.325456202,0.338228911,0.350582093,0.3621898,0.372516215,0.382083505,0.391751111,0.403241485,0.418438405,0.438141197,0.462155402,0.48964259,0.519295812,0.549402475,0.578026712,0.603536487,0.62509352,0.642384112,0.655422986,0.664654374,0.670853078,0.675240696,0.677722573,0.679067612,0.679687083,0.679050028,0.676893771,0.673740923,0.670034707,0.666119516,0.661810219,0.657319725,0.652695119,0.648192287,0.643546224,0.639321625,0.635386884,0.632203281,0.629389286,0.626958072,0.624867618,0.622968912,0.621277213,0.619460106,0.617629826,0.615712822,0.613273382,0.610753119,0.607388675,0.603337824,0.59872222,0.593604922,0.587993681,0.582534611,0.576913416,0.571505725,0.566244423,0.561268091,0.556707382,0.552378476,0.548651993,0.54540962
CornWholePerten0050,Perten_DA7200,corn,Unknown,Croatia,2011,12.47999954,8.710000038,0.098069191,0.104481302,0.112633102,0.121482499,0.130472601,0.1391121,0.146522194,0.151944295,0.155307904,0.1567996,0.156990603,0.156247899,0.154722095,0.152683705,0.150181696,0.147268906,0.144125298,0.140895307,0.137791604,0.1347868,0.131859794,0.1289386,0.126048401,0.123233303,0.1206365,0.118402898,0.116570704,0.1151146,0.114110999,0.113605999,0.113497302,0.113801599,0.114424802,0.115754403,0.118277296,0.123034202,0.131727204,0.145402297,0.163272604,0.183759302,0.205369204,0.226246104,0.244720593,0.260882706,0.274969608,0.287267506,0.298993588,0.309921801,0.319108605,0.325374007,0.328474611,0.328471005,0.325332791,0.31909579,0.310728014,0.301840305,0.293612301,0.286581993,0.281025589,0.276939601,0.274027586,0.272042811,0.270571113,0.269435912,0.268373907,0.267098606,0.265504599,0.263807893,0.262472987,0.261947811,0.262524396,0.264469504,0.268026888,0.27339989,0.280862987,0.2903997,0.302005291,0.315243006,0.329651386,0.34471789,0.359631211,0.374233514,0.38788119,0.400204986,0.411635906,0.423070401,0.436386406,0.453723609,0.476465702,0.504302919,0.536002219,0.570577622,0.605720818,0.638805211,0.668458581,0.693411827,0.713475823,0.72887218,0.739909589,0.747527182,0.752594113,0.755887687,0.757864595,0.758885086,0.758296013,0.756360173,0.753275812,0.74942559,0.745250523,0.740706086,0.736136317,0.731179178,0.726349711,0.721509397,0.716886222,0.712673187,0.708885729,0.705601394,0.702918112,0.700599074,0.698377073,0.69648838,0.694383919,0.692317188,0.690081477,0.687589407,0.684612572,0.681061685,0.676422179,0.671070576,0.665377677,0.659040809,0.652662873,0.646470428,0.640451908,0.634485483,0.628806174,0.623547673,0.618525088,0.614201129,0.61054039
CornWholePerten0051,Perten_DA7200,corn,Unknown,Croatia,2011,19.12000084,6.769999981,0.08445403,0.092550322,0.101755299,0.110404097,0.1181724,0.125065297,0.130615696,0.1343676,0.136235297,0.136580005,0.135700002,0.133987397,0.131712794,0.128956899,0.125800207,0.1224434,0.118939802,0.115404099,0.112053201,0.108943,0.106022403,0.103149898,0.100455597,0.097956702,0.095696941,0.093962424,0.092698,0.091846287,0.091574751,0.091800869,0.092490293,0.093516678,0.094865397,0.096813843,0.099825449,0.105069302,0.114237398,0.128409207,0.146998003,0.168143198,0.189773694,0.2095633,0.225824297,0.239192501,0.250391305,0.2598539,0.268901289,0.277518392,0.28499949,0.290190905,0.292827994,0.292896807,0.290464997,0.285384595,0.278515905,0.271246195,0.264559507,0.258874297,0.254292607,0.250881702,0.248391196,0.246595696,0.245284602,0.244271904,0.243483707,0.242760599,0.242009997,0.241477296,0.241478801,0.242367193,0.244403601,0.247737497,0.252580792,0.259184897,0.267668903,0.277922005,0.289844811,0.302934706,0.316569299,0.330168694,0.343227595,0.355704606,0.367434293,0.378427506,0.389295787,0.401363105,0.416913599,0.437679201,0.464367509,0.496127695,0.530388117,0.565087915,0.597994208,0.627158225,0.651901007,0.672020078,0.68778801,0.699346423,0.707387984,0.712819517,0.716016591,0.71778661,0.71857661,0.718233228,0.716161072,0.71280098,0.708050907,0.70254761,0.696836829,0.690681815,0.684479475,0.678283691,0.672381282,0.666445375,0.66084218,0.655592084,0.650904179,0.646728814,0.642933905,0.639507413,0.636420488,0.633517921,0.630403698,0.627362371,0.624296904,0.62092489,0.617456615,0.613448083,0.608807623,0.603609204,0.59821111,0.592452586,0.586850107,0.581322014,0.575799584,0.570488989,0.565642178,0.560987771,0.556602478,0.552939475,0.549705207
CornWholePerten0052,Perten_DA7200,corn,Unknown,Croatia,2011,16.48999977,8.199999809,0.100833498,0.108282097,0.117022403,0.125698298,0.133843601,0.141226798,0.147387698,0.151602894,0.154004201,0.154723495,0.154182896,0.152796701,0.150779903,0.148284301,0.145386696,0.142197698,0.138895601,0.135525599,0.132313594,0.1292741,0.126390904,0.123563603,0.120835401,0.118238397,0.115891203,0.114001401,0.112489998,0.1114254,0.110908598,0.110865504,0.111284196,0.112043403,0.113120101,0.114869297,0.117723502,0.122860298,0.131872207,0.145734504,0.163681001,0.183945403,0.204897896,0.224419504,0.240862101,0.254628807,0.266388893,0.276402712,0.285786092,0.294464707,0.301808,0.306869686,0.309306413,0.309155703,0.306557,0.301546514,0.294874191,0.287873,0.281331807,0.275696695,0.271105588,0.267669499,0.265168995,0.263375491,0.262055904,0.261060089,0.260241211,0.259377986,0.25838539,0.257450312,0.256991208,0.257381886,0.258836597,0.26157999,0.265830308,0.271787196,0.279649586,0.289353788,0.300820798,0.313530088,0.327030093,0.340679795,0.353870213,0.366541803,0.378364205,0.389252305,0.399563193,0.410498291,0.424304992,0.442786992,0.466876894,0.496080607,0.528327406,0.561738312,0.594258428,0.623624325,0.648936629,0.669701994,0.685877383,0.697835326,0.706190288,0.711790204,0.715209127,0.717222989,0.718188405,0.717980504,0.716277301,0.713086784,0.708682716,0.703531623,0.698076785,0.692712307,0.686901093,0.681089401,0.675528109,0.670009077,0.664925098,0.660107374,0.655988872,0.65219909,0.648884714,0.64605099,0.643289328,0.640704513,0.637948811,0.635484278,0.632599413,0.62971139,0.626490593,0.6227597,0.618493319,0.613645971,0.608380914,0.602944374,0.597447276,0.592091322,0.586929917,0.581823885,0.577005804,0.572520077,0.568399787,0.564648271,0.561643481
CornWholePerten0053,Perten_DA7200,corn,Unknown,Croatia,2011,10.93999958,8.170000076,0.076846577,0.081699401,0.088150963,0.095345236,0.103023201,0.110549301,0.117050998,0.121799603,0.124707602,0.126096293,0.126265302,0.125676498,0.124501303,0.122790903,0.1206626,0.1182658,0.1156841,0.113004804,0.110438101,0.1080129,0.105663598,0.1032812,0.1009169,0.098573051,0.096378937,0.094562084,0.093024522,0.091741718,0.090822719,0.090240903,0.090050288,0.090123907,0.090525672,0.091555983,0.093537688,0.097450443,0.104563102,0.115693897,0.130216599,0.146942705,0.164732397,0.182128906,0.197671205,0.211282596,0.223175794,0.233634904,0.243668705,0.253053993,0.261062294,0.266634405,0.269485503,0.269726306,0.267394394,0.262438089,0.255635202,0.248315707,0.241444096,0.235548496,0.230824605,0.2273992,0.225005597,0.223354802,0.222130299,0.221179202,0.220282793,0.219146296,0.217675403,0.216112003,0.214817599,0.214158103,0.214407697,0.215723395,0.218351796,0.222521007,0.228419602,0.236126095,0.245585799,0.25641939,0.268346906,0.280863315,0.293395788,0.305688202,0.317158401,0.327380389,0.336546212,0.345378608,0.355417103,0.368273586,0.3849805,0.405532092,0.429112494,0.455043614,0.481887192,0.507615924,0.531043887,0.551091611,0.567426682,0.579840601,0.588862121,0.595214784,0.599433482,0.602096021,0.603775621,0.604638875,0.604282916,0.60310328,0.601048887,0.598267317,0.595305622,0.592088997,0.588731527,0.585128129,0.581670284,0.578080773,0.574644983,0.571519017,0.568809986,0.566559196,0.564838588,0.563306212,0.561888278,0.56062752,0.559255481,0.557976484,0.556343615,0.554538488,0.552346289,0.549517691,0.545995712,0.541781902,0.537105918,0.532199681,0.527303815,0.522294581,0.517445922,0.512863278,0.508421421,0.50426048,0.500211179,0.496718586,0.493802607
CornWholePerten0054,Perten_DA7200,corn,Unknown,Croatia,2011,17.85000038,9,0.1200464,0.128412098,0.137991205,0.1472909,0.155852899,0.1635997,0.169988498,0.1745231,0.177134797,0.178002596,0.177568898,0.176241502,0.1742789,0.171715602,0.168630496,0.165223897,0.161659598,0.157952204,0.154470399,0.151133999,0.147949398,0.144833997,0.141832501,0.139016599,0.136475503,0.134526506,0.133036107,0.132059395,0.131640896,0.131778598,0.132463098,0.133443207,0.134758294,0.136789501,0.139967993,0.145607904,0.155395597,0.170537606,0.190184996,0.212334499,0.234991193,0.255933404,0.273591787,0.288463414,0.3010993,0.311833888,0.321942896,0.331274003,0.339118898,0.344454914,0.346941114,0.346752614,0.34397161,0.338543385,0.331306487,0.32367909,0.316689313,0.310737997,0.305911511,0.302367598,0.299756199,0.29789269,0.296543688,0.295542687,0.294765115,0.293957412,0.293047011,0.292256504,0.291974515,0.292611003,0.294434488,0.297598988,0.30236131,0.30897969,0.317532092,0.327934891,0.34014079,0.353543609,0.367621601,0.381750494,0.395324498,0.408360213,0.420617193,0.432048887,0.443004906,0.455043703,0.470232099,0.490570307,0.516944885,0.548662424,0.583348215,0.618769527,0.653085589,0.683945179,0.710659385,0.732791126,0.750348389,0.763689518,0.773280501,0.779914916,0.784260809,0.786875784,0.788245916,0.788450599,0.786906123,0.783833087,0.779629827,0.774363577,0.768749416,0.762782991,0.756771088,0.75064671,0.744633079,0.738610089,0.732734501,0.727374911,0.722594976,0.718155384,0.714463413,0.710956693,0.707617819,0.704501927,0.701348782,0.698337972,0.695103288,0.69198519,0.688367009,0.684240282,0.679575384,0.674332976,0.668645978,0.662754118,0.657068074,0.651195705,0.645642877,0.640221596,0.635153413,0.630234718,0.625609219,0.621845782,0.618453682
CornWholePerten0055,Perten_DA7200,corn,Unknown,Croatia,2011,15.81000042,7.28000021,0.089080818,0.0964939,0.105419502,0.114373997,0.122927196,0.130847201,0.137518197,0.142293498,0.145206198,0.146397904,0.146185696,0.145094797,0.143307701,0.140940294,0.138142601,0.135054395,0.131682307,0.128318995,0.125062197,0.121927902,0.118961602,0.1160281,0.113211297,0.110511698,0.108068302,0.106078804,0.104511,0.103473902,0.102856398,0.102716602,0.103049703,0.103709802,0.104724802,0.106363997,0.109193198,0.114238799,0.1232557,0.137272894,0.155551598,0.176573694,0.198589906,0.219357103,0.237131894,0.252273202,0.265260011,0.27641511,0.286980003,0.296858609,0.305284113,0.311175287,0.314179093,0.314252287,0.3114613,0.305883288,0.298304498,0.290300399,0.282892615,0.276615888,0.271615714,0.267943293,0.265386909,0.263505101,0.262111515,0.261067212,0.260125488,0.259135395,0.257936388,0.256888509,0.256248087,0.256431997,0.25784421,0.260524005,0.264842302,0.270942688,0.279010505,0.289053798,0.300969899,0.314227492,0.328328997,0.342659414,0.356556386,0.370026588,0.382725388,0.394331098,0.40547359,0.4171772,0.431469113,0.450511187,0.475485593,0.505872428,0.53957063,0.574993789,0.609859109,0.641863585,0.669933677,0.693169177,0.711728215,0.725821018,0.735850215,0.742798984,0.747393429,0.750237227,0.75183028,0.752327979,0.751144886,0.748492718,0.744564474,0.73980999,0.734730721,0.729239523,0.723608673,0.717936575,0.712355077,0.706801415,0.701559782,0.696365476,0.692118228,0.688327789,0.684975028,0.682007372,0.679197729,0.676492214,0.673743784,0.671183407,0.668350577,0.665485084,0.662280917,0.65820998,0.653752804,0.648454309,0.642593622,0.636523485,0.630610883,0.624612689,0.618714988,0.613150597,0.607479811,0.602664709,0.597995579,0.593656719,0.59034121
CornWholePerten0056,Perten_DA7200,corn,Unknown,Croatia,2011,14.72999954,8.229999542,0.082350038,0.089239627,0.097704247,0.1064962,0.115057401,0.122970797,0.129683897,0.134355396,0.137063503,0.138148099,0.137940601,0.136877,0.135123596,0.132794499,0.130073905,0.127087995,0.123883203,0.1206313,0.117491402,0.114528403,0.111676797,0.1088733,0.106148504,0.103468098,0.101045199,0.099022001,0.097392038,0.096187897,0.095408537,0.095117182,0.095294118,0.095801249,0.096670821,0.09821488,0.100847602,0.105641902,0.114310503,0.127848595,0.145616502,0.165998101,0.187300399,0.207471505,0.224838197,0.239694402,0.252486408,0.263581306,0.274202287,0.284169793,0.292673796,0.298544794,0.301432312,0.301442713,0.298588008,0.292798311,0.284953713,0.276677698,0.268997014,0.262456209,0.257225901,0.2534298,0.250748187,0.248838008,0.247436598,0.246342301,0.245388195,0.244352102,0.2430235,0.241724297,0.240813494,0.240737706,0.241796196,0.244197398,0.248153895,0.253847688,0.261563808,0.271294296,0.282885611,0.295948714,0.309918612,0.324319512,0.338447213,0.352223605,0.365110099,0.376863599,0.387933105,0.399479508,0.413444698,0.431736291,0.455682397,0.484733313,0.517131925,0.55146271,0.585479319,0.616799176,0.644221127,0.667056322,0.685017705,0.698600113,0.708123386,0.714600086,0.718782008,0.721385777,0.722834587,0.723120928,0.722060382,0.719600081,0.715773821,0.711475074,0.706790388,0.701837301,0.696757376,0.691456318,0.686327279,0.681235075,0.676437318,0.671915472,0.668126285,0.664630175,0.661604106,0.658967674,0.656410515,0.654169023,0.651770473,0.649575293,0.64699173,0.644336879,0.641134918,0.637445688,0.633052826,0.627744317,0.622071981,0.616026223,0.610050023,0.604183674,0.598315477,0.59263742,0.587215424,0.582150281,0.577369571,0.573131383,0.569745123
CornWholePerten0057,Perten_DA7200,corn,Unknown,Croatia,2011,16.86000061,7.849999905,0.120445803,0.126966894,0.1347325,0.142382696,0.149708301,0.156424999,0.162050396,0.166036204,0.168318704,0.169121102,0.168745294,0.167506099,0.165657699,0.163303599,0.160539806,0.157474101,0.154283896,0.151045501,0.147870898,0.144862294,0.141995296,0.139146507,0.136435494,0.133860797,0.131508306,0.129612595,0.128115103,0.127050698,0.126423895,0.126247495,0.126500204,0.127053306,0.127919301,0.129374296,0.131799594,0.136303395,0.144470602,0.157236993,0.174013898,0.193308994,0.213329196,0.232091099,0.248050004,0.261595488,0.273179799,0.283044189,0.29242301,0.301054895,0.308378011,0.313485712,0.315932304,0.315899015,0.313358188,0.308351189,0.301617801,0.29454121,0.287971586,0.282426715,0.277966112,0.274665892,0.272325188,0.270677,0.269423693,0.268467486,0.267641008,0.266791195,0.265758097,0.264869601,0.264418215,0.264730007,0.266121209,0.268721402,0.272797108,0.278425902,0.2858935,0.295097292,0.30589959,0.317832798,0.330411702,0.343124688,0.355347812,0.367114186,0.378197789,0.388370603,0.398088396,0.408479601,0.421342313,0.438459486,0.46072349,0.487391204,0.516554117,0.546660602,0.575854421,0.602223277,0.62504071,0.643851221,0.658976078,0.670437217,0.678713501,0.684342325,0.688051879,0.690410197,0.691672385,0.692044079,0.690999687,0.688717425,0.685281873,0.681222796,0.67681402,0.672195375,0.667319119,0.662401676,0.657722116,0.652944803,0.648406386,0.644201517,0.640419424,0.63702631,0.634108484,0.631434679,0.628875792,0.626519084,0.624027789,0.621686578,0.619349182,0.616779625,0.614014387,0.610702872,0.606858075,0.602410197,0.59761548,0.59253943,0.587659597,0.582805693,0.577889204,0.57327801,0.568784714,0.564647079,0.560608029,0.55702138,0.554215193
CornWholePerten0058,Perten_DA7200,corn,Unknown,Croatia,2011,10.64999962,9.510000229,0.110303402,0.1155129,0.121843703,0.129135296,0.136883304,0.144573703,0.151123405,0.155886501,0.158964798,0.160424501,0.160595998,0.160020798,0.158912599,0.157223597,0.155094504,0.152607203,0.149891093,0.147166595,0.144493207,0.141879797,0.1393819,0.136891097,0.134337604,0.131780297,0.129389495,0.127355799,0.125578895,0.124028698,0.122789599,0.121939801,0.121545598,0.121574402,0.121933103,0.122873597,0.124978803,0.129238397,0.136820599,0.148363605,0.163351893,0.180656597,0.198947907,0.216783807,0.233261704,0.247916803,0.260605097,0.271936894,0.282770008,0.292831808,0.3011114,0.306646109,0.309381008,0.309426397,0.306629211,0.30126971,0.293999106,0.285976112,0.27847001,0.272074699,0.266840994,0.262901694,0.260105997,0.25818789,0.256751686,0.255550087,0.254546106,0.253477812,0.251892,0.250049889,0.248549894,0.247624695,0.247655705,0.248901501,0.251612902,0.255989194,0.262115508,0.270078898,0.279904813,0.291179389,0.303676009,0.31697309,0.330517113,0.343819886,0.356052399,0.366957694,0.376909196,0.38686949,0.397858501,0.411440015,0.429053485,0.450608611,0.475112796,0.502379596,0.530760586,0.557609022,0.582016528,0.603047311,0.620239973,0.633251488,0.642793596,0.649682224,0.654223084,0.656856775,0.658447385,0.65955019,0.659414113,0.658316791,0.656308591,0.653624475,0.65045023,0.647336125,0.644249678,0.640713275,0.637150884,0.633480072,0.630073607,0.626612127,0.623600483,0.621360898,0.619615018,0.618032813,0.616400123,0.615026712,0.613355398,0.611885071,0.610513806,0.60873282,0.606347799,0.603354216,0.599618018,0.595020115,0.590149581,0.584822118,0.579582214,0.574385524,0.569224715,0.564378202,0.559422672,0.554607272,0.550238371,0.546535015,0.542782486
CornWholePerten0059,Perten_DA7200,corn,Unknown,Croatia,2011,16.60000038,8.56000042,0.126141906,0.134474993,0.143605605,0.152827293,0.161451295,0.169441804,0.175973505,0.180560499,0.1834867,0.184725598,0.184496105,0.183300301,0.181428701,0.178933501,0.175996706,0.172708303,0.169181302,0.165685296,0.162307203,0.159012094,0.155866206,0.152801305,0.149775595,0.146866903,0.144317597,0.142342195,0.1408014,0.139655098,0.138964504,0.138780698,0.139145404,0.140009403,0.141246304,0.143117905,0.146315306,0.152069598,0.161844999,0.176495701,0.195400596,0.216957495,0.239123702,0.259799898,0.2779392,0.293298215,0.306015909,0.317043811,0.327492714,0.337190002,0.345191598,0.350560397,0.353257299,0.353322089,0.350559712,0.345229,0.337949097,0.32994321,0.322594404,0.316466689,0.311416298,0.307589412,0.304896295,0.303003013,0.301547408,0.300353289,0.299471706,0.298795313,0.29779911,0.296770185,0.296392888,0.296737403,0.298191607,0.301101208,0.305647701,0.312029094,0.32031101,0.33037439,0.342167705,0.355109602,0.368749291,0.38258189,0.396135002,0.40916729,0.421227187,0.432417601,0.443271905,0.45526439,0.469874412,0.488614291,0.512655914,0.541381419,0.572606802,0.604986429,0.636657178,0.66508323,0.689708293,0.710263014,0.726845384,0.73925668,0.748223126,0.754761815,0.75909549,0.76142621,0.762633979,0.763192475,0.762114704,0.75968039,0.756168127,0.751900196,0.746962726,0.742012084,0.737175584,0.731955409,0.726722717,0.721435905,0.716620326,0.711878002,0.70755589,0.703967214,0.700896621,0.698089778,0.695216775,0.692561328,0.689664781,0.687035024,0.684612513,0.681916773,0.678779602,0.67522502,0.671025515,0.666022182,0.660866022,0.655404627,0.65014118,0.64489758,0.639628291,0.6346789,0.629709184,0.62487942,0.620410383,0.616709888,0.613078475
CornWholePerten0060,Perten_DA7200,corn,Unknown,Croatia,2011,15.55000019,8.430000305,0.138954505,0.147663996,0.157240897,0.167000994,0.176232398,0.184801996,0.191781104,0.196714506,0.199907005,0.201294497,0.201123595,0.199915201,0.197969794,0.195348695,0.192232102,0.188741207,0.185029998,0.181367606,0.177843198,0.1744214,0.171170101,0.168028206,0.164927498,0.161926702,0.159256101,0.157150894,0.155514494,0.154297695,0.153516606,0.1532031,0.153431207,0.154184103,0.155312702,0.157082096,0.160210401,0.165968105,0.175888598,0.190904304,0.210422695,0.2327663,0.255771011,0.277218491,0.29597649,0.311851114,0.325081796,0.336607605,0.347495288,0.357567906,0.365912199,0.371553689,0.374385893,0.374435186,0.371542603,0.366031796,0.35859099,0.350428611,0.342868686,0.3365165,0.331291199,0.327375114,0.324637592,0.322697192,0.321187109,0.319919705,0.318948388,0.318180502,0.317061991,0.315886796,0.315374911,0.315599501,0.316974789,0.319855809,0.324444413,0.330966085,0.339483291,0.349862814,0.362056702,0.375428796,0.389455289,0.403675497,0.417667806,0.4311046,0.443490803,0.454944402,0.465948194,0.477970511,0.49247539,0.510905922,0.534378171,0.562410772,0.59284699,0.62418443,0.654658496,0.681840777,0.705171287,0.724462271,0.739951909,0.751435816,0.759601474,0.765564024,0.769489825,0.771495283,0.772540689,0.773085892,0.772099972,0.769904673,0.766702116,0.762748778,0.758177817,0.753606677,0.749172926,0.744393885,0.739590108,0.73474431,0.730362296,0.726059794,0.722183585,0.719005823,0.716355383,0.7138834,0.711259127,0.70891279,0.706347883,0.704003871,0.701835096,0.699473679,0.696724594,0.693466723,0.689531088,0.684829772,0.67997402,0.674772978,0.669763088,0.664800525,0.659816802,0.655109882,0.65030098,0.645612717,0.641297519,0.637672186,0.634002805
CornWholePerten0061,Perten_DA7200,corn,Unknown,Croatia,2011,16.31999969,8.550000191,0.108460397,0.116778597,0.125911102,0.135170996,0.143892005,0.151960105,0.158469006,0.163026601,0.165915102,0.167138398,0.166955397,0.165775493,0.163929597,0.161509499,0.1585747,0.155255899,0.151749194,0.148259193,0.144890502,0.141650096,0.138560593,0.135533303,0.132533506,0.129658401,0.127142698,0.1251982,0.1237524,0.1227521,0.122189701,0.122096002,0.122519299,0.123432502,0.124727897,0.126657397,0.129907593,0.135717794,0.1455753,0.160357997,0.179482803,0.201355502,0.223881796,0.244958207,0.263507813,0.27921769,0.292215914,0.303517997,0.314325094,0.324434996,0.332800806,0.338427097,0.341292292,0.34143129,0.338568598,0.332911491,0.325144798,0.316645205,0.308890492,0.302459598,0.297210306,0.293253303,0.290421307,0.288420588,0.286924303,0.285717905,0.284854412,0.284226805,0.283299804,0.282339096,0.28205201,0.282520086,0.284094513,0.287162006,0.291926712,0.298534602,0.307099789,0.317535192,0.329743296,0.343138814,0.357268602,0.37165001,0.385881603,0.399686486,0.412509292,0.424482614,0.436243415,0.449362814,0.465489596,0.48630771,0.512997389,0.545093417,0.580474913,0.617491782,0.654032111,0.68717581,0.716013014,0.740132272,0.759679973,0.77454859,0.785284579,0.793018818,0.79820317,0.80109632,0.802612782,0.803257227,0.802109182,0.79928261,0.795105219,0.790145516,0.784453213,0.778630674,0.772898972,0.766866922,0.760865271,0.754766285,0.749159575,0.743745089,0.738697827,0.734313607,0.730614424,0.727315486,0.723988414,0.720919073,0.717638373,0.714590192,0.71172899,0.70855701,0.704903007,0.700735271,0.695766628,0.689944387,0.683956921,0.677666128,0.671467423,0.665185273,0.65882802,0.652951896,0.647368074,0.641937316,0.636780024,0.632482112,0.62853688
CornWholePerten0062,Perten_DA7200,corn,Unknown,Croatia,2011,17.13999939,8.039999962,0.104389101,0.112665698,0.1217274,0.1308323,0.139313296,0.147096604,0.153298304,0.157562003,0.160165906,0.1610955,0.160636693,0.159235105,0.157215193,0.154645503,0.151631698,0.148305103,0.144823596,0.141404897,0.138118997,0.134935394,0.131921306,0.128998503,0.126102999,0.123333499,0.120903499,0.119017698,0.117613599,0.116636001,0.116062999,0.115919396,0.116300203,0.117194399,0.118464798,0.120350301,0.123523101,0.129186794,0.138793603,0.153201595,0.171831906,0.193069994,0.214804798,0.234909505,0.252321005,0.266896188,0.278885901,0.289294004,0.299259901,0.308597207,0.316377789,0.321648687,0.324325889,0.324445486,0.321786612,0.316572607,0.309444398,0.301620185,0.294418693,0.288393498,0.283438593,0.279681087,0.2770136,0.275135905,0.273703814,0.272561908,0.271752894,0.271157086,0.270278812,0.269373894,0.269126087,0.269616187,0.271158814,0.274100989,0.278669387,0.285034001,0.293263286,0.303256393,0.314934611,0.327710807,0.341105789,0.354677498,0.368065894,0.380978286,0.392918289,0.40405491,0.414961308,0.427110195,0.442064285,0.461301208,0.485798299,0.515070975,0.547079682,0.580270171,0.612793684,0.642131329,0.667569697,0.688801408,0.705871224,0.718612611,0.727720797,0.734213114,0.738460898,0.740663827,0.741674721,0.742014408,0.740653396,0.737841487,0.733930886,0.729222119,0.723828018,0.718410373,0.713115394,0.707529426,0.701968908,0.696348012,0.691216588,0.686257899,0.681691825,0.677830219,0.674573004,0.67157799,0.668508172,0.66569072,0.662700176,0.659962773,0.657324493,0.654353082,0.651009917,0.647244871,0.642732203,0.637397528,0.631934285,0.626151323,0.620427489,0.614701688,0.609015524,0.603709519,0.598507583,0.59352541,0.58884418,0.584915221,0.581469715
CornWholePerten0063,Perten_DA7200,corn,Unknown,Croatia,2011,15.30000019,8.06000042,0.129249901,0.137160093,0.145995304,0.155099198,0.163798198,0.171915606,0.178417996,0.182921499,0.185744405,0.186859101,0.186578706,0.185338706,0.183430493,0.180952206,0.178017497,0.174731806,0.171221495,0.167730898,0.164412394,0.161209405,0.158179596,0.155259103,0.152370095,0.149558902,0.146991402,0.144935593,0.143337697,0.142150804,0.141405195,0.141096801,0.141288802,0.1419833,0.143025294,0.144694403,0.147714004,0.153255507,0.162715301,0.176967606,0.195436403,0.216573507,0.238354698,0.258638114,0.276343197,0.291248798,0.303553492,0.314242512,0.324470401,0.334035188,0.341971487,0.347342491,0.350111008,0.350311399,0.347676307,0.342452914,0.335237801,0.327195108,0.319745988,0.313488305,0.308317602,0.304406405,0.301629096,0.299701095,0.298235714,0.297014296,0.296099603,0.295364589,0.294298589,0.293182194,0.292676091,0.292871893,0.294123799,0.296771914,0.301073194,0.307182103,0.315143108,0.324916512,0.336423188,0.349011809,0.362318307,0.375914514,0.389340907,0.402335197,0.414304107,0.425256014,0.435740203,0.447218686,0.461070299,0.478630513,0.500964522,0.527683616,0.556916714,0.587407708,0.617426992,0.644523025,0.668042719,0.687660873,0.703411281,0.715090573,0.723416686,0.729361117,0.733220398,0.735229611,0.736199021,0.73655808,0.735337079,0.732820571,0.729329884,0.725154877,0.720313728,0.71545738,0.710781872,0.705835521,0.700971186,0.696101129,0.691636026,0.687227488,0.683205783,0.679938793,0.677220821,0.674699485,0.672142386,0.669814229,0.667247593,0.664880574,0.662605524,0.660121203,0.657257021,0.653859675,0.649774611,0.644930482,0.639973819,0.634737611,0.629606009,0.624476671,0.619302511,0.614504278,0.609811783,0.605280519,0.601083279,0.59768492,0.594817698
CornWholePerten0064,Perten_DA7200,corn,Unknown,Croatia,2011,12.71000004,7.389999867,0.069198944,0.075363182,0.082569309,0.09049663,0.098502062,0.106168702,0.1124871,0.116858698,0.119493,0.120531999,0.120318599,0.119332403,0.117832899,0.115859203,0.113496803,0.110827804,0.1079624,0.1050983,0.102319203,0.099631332,0.097111523,0.094686016,0.09223868,0.089779243,0.087467581,0.085513637,0.083881363,0.082518607,0.081490807,0.080888704,0.080767043,0.081088357,0.0817637,0.083012052,0.08542347,0.089988627,0.097882807,0.109788097,0.125229701,0.143060893,0.161843196,0.179909796,0.196131706,0.210108399,0.221937001,0.232426599,0.242508695,0.252007008,0.260005087,0.265522391,0.268411487,0.268723607,0.266290993,0.26132369,0.254426807,0.246780604,0.239608705,0.233453602,0.228411406,0.224616602,0.221920595,0.220036298,0.2185774,0.217362195,0.216364205,0.215368003,0.214009494,0.2125092,0.211443305,0.211019397,0.211512193,0.2132238,0.216408104,0.2212587,0.227908403,0.236353293,0.246581405,0.2582165,0.270916194,0.284210712,0.297664702,0.310863107,0.323036403,0.334000498,0.3441239,0.354545713,0.366725385,0.382250011,0.402351797,0.427046806,0.455197305,0.486026406,0.517567277,0.547198296,0.573903918,0.596604884,0.614980876,0.628787279,0.638639987,0.645538986,0.650035083,0.652603626,0.653937876,0.654541671,0.653793216,0.651771605,0.648527384,0.644647181,0.640282989,0.635789275,0.631321311,0.626594007,0.621961713,0.617224813,0.612881303,0.608761728,0.605092108,0.602115214,0.599742413,0.597697914,0.595635414,0.593708694,0.591471314,0.589473009,0.587530911,0.585118771,0.582159817,0.578724027,0.574543774,0.569363415,0.563843608,0.557941794,0.552231014,0.546565473,0.540762007,0.535277784,0.529942274,0.524867177,0.520162225,0.516142905,0.512336671
CornWholePerten0065,Perten_DA7200,corn,Unknown,Croatia,2011,11.55000019,8.43999958,0.124417,0.128508106,0.133564904,0.139300197,0.145155996,0.1508829,0.155551702,0.158755496,0.160717204,0.161360398,0.160935298,0.159869298,0.158382505,0.156526893,0.154405102,0.152026698,0.149479806,0.146963194,0.144548804,0.142219797,0.140041202,0.137948096,0.135810107,0.133617804,0.131573796,0.129865304,0.128391698,0.127122194,0.126080498,0.125322506,0.124921702,0.124869399,0.125092402,0.125787497,0.127391994,0.130661905,0.1365235,0.145558,0.157455504,0.171355903,0.186071202,0.200240895,0.213052005,0.224164501,0.2335812,0.241949394,0.250027895,0.257607698,0.263941705,0.268245101,0.270424902,0.270506412,0.26836431,0.264250696,0.258633912,0.252416313,0.246580899,0.241555393,0.237392902,0.234244302,0.2320043,0.230418399,0.229147002,0.228051394,0.227151498,0.226283506,0.225057006,0.2236709,0.222656101,0.222115904,0.222283796,0.223449901,0.225832701,0.229547799,0.234690696,0.241279006,0.249321804,0.258488089,0.268528104,0.279124796,0.289940089,0.300587714,0.310337186,0.3189677,0.326773912,0.334836811,0.34432441,0.356253088,0.371633411,0.390634388,0.41228351,0.436050385,0.460425586,0.483303696,0.503980517,0.521638215,0.535996318,0.546787024,0.554613888,0.560213983,0.563861191,0.565897107,0.566994488,0.567689598,0.567301571,0.565905213,0.563573778,0.560689986,0.557439923,0.554165483,0.550832093,0.547153473,0.543515384,0.53977561,0.536366284,0.533007503,0.529953599,0.527485311,0.525487602,0.523747921,0.521960378,0.520287275,0.518390775,0.516789973,0.51521951,0.513221026,0.510780215,0.507947624,0.504522324,0.500247717,0.495664597,0.490759611,0.486102194,0.481494904,0.476757288,0.472352386,0.468047798,0.463917613,0.460066915,0.456767499,0.45365119
CornWholePerten0066,Perten_DA7200,corn,Unknown,Croatia,2011,8.119999886,8.869999886,0.04430265,0.047636021,0.052115388,0.057818871,0.064310998,0.070910759,0.076468438,0.080310538,0.082568482,0.083499193,0.083489724,0.082940437,0.081965298,0.080564544,0.07882648,0.076810688,0.074614763,0.072397687,0.070244581,0.068171293,0.066228397,0.064360052,0.062431961,0.06039723,0.058399752,0.05659654,0.054949779,0.05344167,0.05214674,0.051200111,0.05063773,0.050384279,0.050449479,0.051071718,0.05267087,0.05595915,0.061812829,0.070623323,0.081871033,0.094732329,0.108385101,0.121905297,0.134540305,0.145798907,0.155565798,0.164398193,0.172951803,0.180988297,0.187728107,0.192433804,0.195021704,0.195560098,0.193963796,0.190356001,0.185122296,0.179145306,0.173367694,0.168268904,0.164031893,0.160813004,0.158537403,0.156976298,0.1558007,0.154820293,0.1539267,0.152894393,0.151419103,0.149683893,0.148179501,0.147099301,0.146646798,0.147061005,0.148568496,0.151311696,0.155416697,0.160984799,0.168071702,0.176518694,0.186195001,0.196777403,0.207821697,0.218755499,0.228720203,0.237306997,0.244662702,0.2516056,0.259117812,0.26816389,0.279689491,0.294072509,0.311157793,0.331147403,0.353081107,0.375225186,0.396442413,0.415293396,0.430883497,0.442633599,0.451206297,0.457300305,0.461198509,0.463362694,0.4644638,0.465173513,0.46491009,0.463723809,0.461783588,0.459370285,0.456720293,0.454081208,0.451310307,0.448255003,0.445206195,0.442027807,0.439223409,0.436486989,0.434069186,0.43229869,0.431035906,0.430008799,0.428923309,0.427921712,0.426632196,0.425547808,0.424463987,0.422962695,0.420954794,0.41844061,0.415289998,0.411306113,0.407020986,0.402427614,0.397995114,0.393592686,0.389182895,0.385114104,0.381138206,0.377395511,0.373936087,0.370958298,0.368071407
CornWholePerten0067,Perten_DA7200,corn,Unknown,Croatia,2011,9.93999958,9.340000153,0.084891491,0.09160085,0.099573173,0.108539499,0.117799297,0.126767397,0.134343296,0.139795095,0.143224195,0.144832104,0.145033196,0.144385904,0.143139005,0.141273394,0.138910398,0.136127994,0.1330605,0.129977107,0.126990497,0.124061301,0.121243902,0.118527897,0.115777403,0.112977803,0.110358097,0.108105697,0.106137902,0.104469001,0.103216201,0.102459803,0.102222703,0.102449603,0.103060901,0.104331903,0.106939599,0.112055004,0.121044397,0.134583995,0.151966095,0.171803206,0.192519799,0.212475404,0.230646804,0.246545494,0.260178685,0.27239269,0.284099609,0.294979811,0.3039684,0.310005814,0.312981099,0.313024998,0.310020298,0.304226011,0.296354413,0.287704796,0.279610515,0.272684991,0.267006904,0.262734085,0.259711891,0.257628292,0.256095111,0.254864305,0.253822386,0.252688795,0.2510463,0.249184698,0.247723401,0.246902004,0.247124597,0.248708993,0.251869887,0.256845087,0.263802886,0.272778511,0.283811092,0.296477199,0.310417593,0.325137407,0.340127289,0.354827911,0.368337691,0.38044849,0.3915779,0.402861089,0.415670186,0.431781411,0.452640414,0.478286713,0.507604778,0.539978504,0.573538184,0.605468273,0.634527087,0.659474313,0.679822981,0.695224702,0.706345618,0.714273989,0.719564915,0.722611189,0.724327207,0.725386977,0.724962473,0.723210514,0.720358729,0.716876984,0.712817311,0.708619177,0.704424918,0.69988668,0.695337117,0.690618277,0.686241508,0.68192327,0.678096116,0.675140917,0.672758281,0.670633376,0.668565512,0.666738927,0.664637983,0.662774503,0.660926521,0.658579588,0.655572474,0.651880622,0.647312522,0.641744018,0.635838687,0.629486084,0.623191476,0.61687249,0.610571086,0.604677379,0.59887898,0.59331727,0.588266611,0.58398819,0.579662085
CornWholePerten0068,Perten_DA7200,corn,Unknown,Croatia,2011,10.06000042,8.020000458,0.07756123,0.08382079,0.091384701,0.1000195,0.109015502,0.117807597,0.125118494,0.130279794,0.133503899,0.134917393,0.134886205,0.133905798,0.132323802,0.130254105,0.127785996,0.124956302,0.121901304,0.118878402,0.1159648,0.113113403,0.110375002,0.107688703,0.1049539,0.102225699,0.099710658,0.097575471,0.095744386,0.094174817,0.092923567,0.092091627,0.091769733,0.091947101,0.092555277,0.09383893,0.09638688,0.101271398,0.109810799,0.122719497,0.1394265,0.158717796,0.179063901,0.198719397,0.216526106,0.231948495,0.245014802,0.256668806,0.267977089,0.2786704,0.287678897,0.293929011,0.297280788,0.29779321,0.2952182,0.289726913,0.281976193,0.273286909,0.265123606,0.258165985,0.252469212,0.248181298,0.245141,0.243020698,0.241416603,0.240083799,0.238914296,0.237700999,0.236079603,0.234267905,0.232866898,0.232105404,0.232338995,0.233885005,0.236981005,0.2418679,0.248694405,0.257520109,0.268413693,0.280916393,0.294649601,0.309119314,0.323824495,0.338247299,0.351505905,0.363356501,0.374173611,0.385203093,0.397881508,0.413734913,0.433988005,0.458743215,0.486959904,0.518025279,0.550153494,0.580514371,0.607866287,0.631140888,0.649933279,0.663948715,0.673917174,0.68094641,0.685498178,0.688003302,0.689441085,0.690253675,0.689561129,0.68764168,0.684726715,0.681160986,0.677051306,0.672933579,0.668799818,0.6642555,0.659804881,0.655363202,0.651281476,0.647222817,0.64370501,0.641050398,0.638860405,0.636936605,0.635065675,0.633443892,0.631523192,0.62968868,0.627952695,0.625831723,0.623073578,0.619699478,0.615558088,0.610498786,0.605102122,0.599314511,0.593637705,0.587901294,0.58208108,0.576671004,0.571483314,0.566499889,0.561733782,0.557814777,0.554577529
CornWholePerten0069,Perten_DA7200,corn,Unknown,Croatia,2011,9.369999886,8.539999962,0.080160119,0.086569257,0.094376907,0.103402801,0.1128738,0.1221589,0.129914403,0.135413602,0.138843805,0.140381306,0.140466303,0.139593303,0.138075098,0.136012197,0.133515298,0.130650595,0.127569303,0.124508798,0.121538602,0.118632004,0.115845703,0.113113597,0.110323302,0.107494801,0.104844503,0.102594301,0.100671202,0.099016592,0.097672887,0.096729063,0.096294448,0.096386693,0.096945427,0.098205268,0.100777499,0.105812103,0.1146532,0.127965406,0.145098299,0.164747194,0.185366005,0.205277696,0.223393306,0.239203006,0.252689987,0.264719605,0.276322514,0.287216693,0.2963247,0.30257839,0.305875987,0.306301594,0.303634197,0.298089087,0.290317595,0.281601995,0.273394913,0.266370714,0.260585696,0.256208688,0.253090888,0.250932187,0.249317497,0.247973204,0.246802598,0.245559707,0.243824303,0.2418475,0.240271702,0.239335403,0.239404395,0.240813807,0.243808493,0.248621896,0.255420893,0.264259398,0.275195599,0.287814707,0.301774502,0.316570193,0.331659496,0.346449912,0.360019594,0.372117102,0.383052111,0.394011498,0.406452209,0.421966702,0.441805691,0.466116399,0.493931204,0.524706781,0.556773126,0.58732897,0.615087092,0.638898075,0.658237279,0.672701716,0.682991386,0.690247178,0.694961429,0.697612584,0.699166775,0.700100184,0.699571371,0.697836578,0.695146024,0.691821516,0.687931299,0.684001803,0.680024028,0.675605416,0.671273887,0.666935206,0.662905216,0.65884161,0.655268729,0.652576387,0.650427818,0.648585677,0.646782517,0.645223081,0.64335978,0.641576886,0.639899194,0.637869597,0.635172486,0.631724894,0.627501726,0.622421384,0.616949678,0.611018777,0.60518527,0.599298596,0.593371093,0.587890685,0.582594693,0.577544093,0.57276082,0.568744183,0.565355718
CornWholePerten0070,Perten_DA7200,corn,Unknown,Croatia,2011,10.21000004,9.829999924,0.108775303,0.115322799,0.123342298,0.132593006,0.142276496,0.1517919,0.159854204,0.165738896,0.169577107,0.171434805,0.171729505,0.171026304,0.169643298,0.167634994,0.165100798,0.162126303,0.158878505,0.155625805,0.152470306,0.149360597,0.146361098,0.1434322,0.140438005,0.137411207,0.134627104,0.132260501,0.130199507,0.128451407,0.127061501,0.126125798,0.125762001,0.125923201,0.1265091,0.127801597,0.130470306,0.135779902,0.145173505,0.159333602,0.177569702,0.198517397,0.220531598,0.241834596,0.261324614,0.278413594,0.292969793,0.305916011,0.318419993,0.330177397,0.339968801,0.346616507,0.350070804,0.350448012,0.347450703,0.341278702,0.332666904,0.323017389,0.3139624,0.306298614,0.300033212,0.295311898,0.291987807,0.289700002,0.287978113,0.286557794,0.285356492,0.284126192,0.282352388,0.280274391,0.278613687,0.277624905,0.277699888,0.279199094,0.282388389,0.287508786,0.294727206,0.304071605,0.315603912,0.328855515,0.34343791,0.358821213,0.37447381,0.389841586,0.403933793,0.416478187,0.427897304,0.439464301,0.452465713,0.468371093,0.4884336,0.512720525,0.540177822,0.570170283,0.600924671,0.629675925,0.655428886,0.67740041,0.695311487,0.708874822,0.718690217,0.725700617,0.730422497,0.733157516,0.734786272,0.73593241,0.735671878,0.734302878,0.732093096,0.729296088,0.725988209,0.72269851,0.719339073,0.71554029,0.711786628,0.707895696,0.704420388,0.701086819,0.698089123,0.695694983,0.693753123,0.692073107,0.690535724,0.689286172,0.687598288,0.686012626,0.684536517,0.682699382,0.680284679,0.677251518,0.673499584,0.668853998,0.663851202,0.658418775,0.653073788,0.647675872,0.642281115,0.637218118,0.632152617,0.627402306,0.622963727,0.61908108,0.615522504
CornWholePerten0071,Perten_DA7200,corn,Unknown,Croatia,2011,15.01000023,8.640000343,0.134458304,0.142733306,0.152041599,0.161682293,0.170910999,0.179579899,0.186591297,0.191432104,0.194437698,0.195592701,0.195209503,0.193826303,0.191795394,0.1891675,0.186033204,0.182503805,0.178738996,0.175015301,0.171476498,0.168073207,0.164850801,0.161755502,0.158682406,0.155684993,0.1530049,0.150808901,0.149006695,0.147650704,0.146800906,0.146488205,0.146756306,0.147531003,0.148684204,0.150523499,0.153768197,0.159701198,0.169870496,0.185159102,0.204876304,0.227413401,0.250700414,0.272552013,0.291799903,0.308052987,0.321465403,0.333197594,0.344538301,0.355181307,0.364006013,0.369958013,0.372988403,0.373167396,0.370201409,0.364313513,0.356191814,0.347202808,0.338867813,0.331793606,0.325930804,0.321480691,0.318303406,0.316066802,0.314356297,0.313013107,0.312022001,0.311125606,0.309842706,0.308492094,0.307773292,0.307825714,0.309008211,0.311692596,0.316149086,0.322589487,0.33110559,0.341636002,0.354153603,0.368031412,0.382817,0.397990108,0.413132995,0.427916586,0.44156459,0.454009205,0.465805113,0.478507787,0.493774086,0.513215125,0.537851214,0.56738472,0.600067318,0.634397626,0.668243885,0.698768616,0.725175917,0.747062326,0.764443219,0.777265191,0.786356986,0.792755783,0.796899378,0.799164474,0.800227702,0.800459504,0.79917258,0.796662986,0.79303658,0.788800776,0.784133315,0.779434502,0.774724305,0.7696051,0.76449877,0.759370685,0.754714072,0.750131726,0.745930612,0.742456198,0.739503026,0.736812472,0.734256923,0.732032597,0.729385376,0.726779997,0.724311292,0.721576214,0.718409479,0.714824975,0.710537016,0.705347478,0.699923277,0.694133282,0.688474178,0.682866514,0.677211523,0.671861827,0.666713774,0.66185832,0.657290518,0.653497815,0.650031388
CornWholePerten0072,Perten_DA7200,corn,Unknown,Croatia,2011,16.20000076,8.569999695,0.1148348,0.123594701,0.133188605,0.142827496,0.151816294,0.1600876,0.166700095,0.1712199,0.173940599,0.174871996,0.174336702,0.172862202,0.170777902,0.168129697,0.165032506,0.161583006,0.157931,0.154326007,0.150860697,0.147520095,0.144386798,0.1413977,0.138419703,0.135529295,0.133004904,0.130974293,0.129360497,0.128218293,0.127550095,0.127410099,0.127870694,0.128804907,0.130076394,0.132001102,0.135252103,0.141071707,0.151026204,0.166042998,0.185469702,0.207627207,0.230330095,0.251371592,0.269694895,0.285111189,0.297903508,0.309155494,0.31994769,0.329971105,0.338256389,0.343805999,0.346494705,0.346401215,0.343360305,0.337688714,0.330086708,0.321785301,0.314136893,0.307668209,0.302302599,0.298229098,0.295341313,0.293347091,0.291858792,0.29069671,0.289846212,0.289121002,0.28809011,0.287046492,0.286642313,0.287008286,0.288483411,0.291430593,0.296122402,0.302750498,0.311373413,0.321914107,0.334329695,0.3479864,0.36241281,0.377108902,0.391680807,0.405835301,0.418922991,0.43099761,0.442695111,0.455646187,0.471573204,0.49200961,0.517944396,0.549034417,0.583219886,0.61874491,0.653406084,0.68441093,0.711103976,0.733184516,0.750692725,0.76361388,0.772788703,0.779212415,0.783334673,0.785556316,0.786543727,0.786600292,0.785019577,0.782169581,0.778153777,0.773419678,0.768188775,0.762928009,0.757682204,0.752067685,0.746490419,0.740893781,0.735756815,0.730748594,0.726132929,0.722163022,0.718702018,0.715523124,0.712491989,0.709833086,0.706823885,0.703912199,0.701136529,0.698089898,0.69460249,0.690674007,0.686034322,0.680484772,0.674701572,0.668573976,0.662608981,0.65672642,0.65078193,0.645132184,0.639690101,0.634565413,0.629751682,0.625676692,0.62194413
CornWholePerten0073,Perten_DA7200,corn,Unknown,Croatia,2011,16.05999947,7.789999962,0.097004622,0.1050964,0.114001602,0.122957103,0.131261095,0.138844699,0.144869804,0.148943797,0.151347995,0.152078196,0.151458696,0.149989501,0.147952005,0.145454004,0.142606497,0.139445305,0.136066198,0.132710397,0.129499599,0.126398593,0.123476602,0.120686501,0.117922999,0.115249001,0.1128866,0.110994898,0.109500602,0.108402602,0.107755803,0.107633598,0.108065099,0.108960301,0.110219501,0.112082802,0.115176402,0.1206844,0.130041599,0.144069895,0.162144795,0.182711706,0.203757599,0.223255694,0.240170002,0.254247397,0.265762508,0.275816798,0.285530686,0.294667214,0.302276492,0.307425499,0.310030699,0.310177803,0.307644486,0.30258581,0.295608014,0.287905812,0.280787796,0.27478379,0.269820213,0.266046494,0.263358593,0.261468113,0.260050714,0.258976191,0.258194596,0.257510096,0.256574005,0.255664408,0.255348891,0.255739212,0.257138997,0.259869814,0.264173597,0.270231485,0.278114587,0.287763387,0.299106687,0.311579287,0.324766904,0.338187307,0.351475209,0.364386886,0.376332402,0.387329102,0.397996694,0.409908503,0.424673498,0.443656087,0.467790186,0.496736288,0.528605223,0.562018514,0.594911516,0.624575198,0.650369823,0.671861589,0.689051509,0.70183903,0.710940123,0.717319787,0.721413076,0.723650873,0.724691212,0.724798024,0.723264277,0.720399618,0.716307104,0.711515605,0.706262827,0.700974107,0.695702374,0.690065086,0.684440076,0.678817272,0.673699081,0.668696702,0.664084911,0.660147429,0.656709194,0.653586626,0.650624275,0.647998571,0.645040512,0.642172873,0.639435589,0.636459529,0.633046806,0.629205227,0.624728978,0.619414091,0.613897502,0.608072698,0.602415204,0.59679848,0.591086626,0.585713029,0.580598176,0.57573241,0.571148515,0.56741941,0.564090312
CornWholePerten0074,Perten_DA7200,corn,Unknown,Croatia,2011,17.59000015,7.21999979,0.117945202,0.126711801,0.1361866,0.145566598,0.1542041,0.162091002,0.168392301,0.172685206,0.175251007,0.176049203,0.175340906,0.173689798,0.171435699,0.168643996,0.165472403,0.161978304,0.158264503,0.154603601,0.151111201,0.147770003,0.144644007,0.141667098,0.138763607,0.135987401,0.133542001,0.131583095,0.130039901,0.128933698,0.128296599,0.128185898,0.128637999,0.1295546,0.130789504,0.132636502,0.135783002,0.1414444,0.151174501,0.165896505,0.185063005,0.207098499,0.229743704,0.250692695,0.268811196,0.283952385,0.296483904,0.307459414,0.317944288,0.327709913,0.33586061,0.341404706,0.344150901,0.344121903,0.34117341,0.335638493,0.328221709,0.320121706,0.312644601,0.306313604,0.301047206,0.297051311,0.294211388,0.292178214,0.290594399,0.289351106,0.288456291,0.287718803,0.2867302,0.285803288,0.28556931,0.286120504,0.287795514,0.290958405,0.295859993,0.302709401,0.311570913,0.322374493,0.335046202,0.348908097,0.363496989,0.378281593,0.392807514,0.40685609,0.419910997,0.432010502,0.443820804,0.457138002,0.473751485,0.495207906,0.522526979,0.555178821,0.590797424,0.627352178,0.662487924,0.69352299,0.719866991,0.741327286,0.758263886,0.77071017,0.779420912,0.785498321,0.789316595,0.791138887,0.791866183,0.791912973,0.790238023,0.787064016,0.782680988,0.777494013,0.771641076,0.765786886,0.76006192,0.754015029,0.748085976,0.742228329,0.736803711,0.731543899,0.726788521,0.722679615,0.719118774,0.715918481,0.712813914,0.709977686,0.706776619,0.703745127,0.70087409,0.697734773,0.694209874,0.69022733,0.685550571,0.680103481,0.674474776,0.668433189,0.662495375,0.656571806,0.650595009,0.644992113,0.639539421,0.634364128,0.629607916,0.62555629,0.621555209
CornWholePerten0075,Perten_DA7250,corn,Unknown,South Africa,2012,9.100000382,8.5,0.065054998,0.069445998,0.075488001,0.08247,0.090415999,0.098012999,0.104564004,0.108801,0.111267,0.112291001,0.112278,0.111230999,0.109955996,0.108096004,0.106068999,0.103610002,0.101079002,0.098667003,0.096093997,0.093488,0.091032997,0.088753,0.086388998,0.084183998,0.082085997,0.080222003,0.078449003,0.076926,0.075538002,0.074569002,0.073844999,0.073524997,0.073475003,0.074128002,0.075861998,0.079508998,0.086356998,0.096817002,0.110320002,0.125651002,0.142110005,0.158115,0.172546998,0.185497999,0.196737006,0.206539005,0.216192007,0.225410998,0.233276993,0.238613993,0.241573006,0.242144004,0.240013003,0.235335007,0.228357002,0.220898002,0.213740006,0.207687005,0.202505007,0.198727995,0.196027994,0.194195002,0.192787007,0.191590995,0.190343007,0.188850001,0.186967,0.184900999,0.183176994,0.181878001,0.181538999,0.182078004,0.183855996,0.187132999,0.192063004,0.198596001,0.206993997,0.216820002,0.227943003,0.240134001,0.252436012,0.264806986,0.276051015,0.28610599,0.294506997,0.302367985,0.310905993,0.321516007,0.336071998,0.354274005,0.375624001,0.400258005,0.427314997,0.453891009,0.47931999,0.501242995,0.519459009,0.532886982,0.542578995,0.549490988,0.55369401,0.556536973,0.557789981,0.559010983,0.558430016,0.556990981,0.554589987,0.551432014,0.548591018,0.545072973,0.541665971,0.537796021,0.534331977,0.530345976,0.527149975,0.523561001,0.52085501,0.518257976,0.516427994,0.515258014,0.51355499,0.512535989,0.510901988,0.510186017,0.508261025,0.506403029,0.504007995,0.501335025,0.498275995,0.493496001,0.489003986,0.483608007,0.478967995,0.474043012,0.468843997,0.464363009,0.459403992,0.455056995,0.450897992,0.447595,0.443812013
CornWholePerten0076,Perten_DA7200,corn,Unknown,US,2006,12.60000038,11.96000004,0.186874896,0.192488,0.198281005,0.204517901,0.210946903,0.2171949,0.221809998,0.224274904,0.224928901,0.225912899,0.224510893,0.2239189,0.222303897,0.220760897,0.218908906,0.216469899,0.214015901,0.211094901,0.208989903,0.206049994,0.203786001,0.200599,0.198195994,0.195561901,0.193970993,0.191457003,0.189987004,0.188435003,0.187787905,0.187034994,0.186960995,0.186511993,0.186902002,0.188348904,0.190336004,0.195179999,0.203769997,0.217702895,0.2337749,0.25139001,0.268794894,0.2859689,0.300562888,0.312934905,0.322120905,0.331473887,0.341007888,0.350575894,0.358024895,0.361773908,0.363546908,0.36241889,0.359040886,0.352039903,0.3421489,0.331411898,0.322963893,0.31592989,0.310555011,0.307145,0.304113895,0.302395999,0.300162911,0.299496889,0.29753989,0.296184897,0.293910891,0.291526914,0.289876908,0.289114893,0.289417893,0.291338891,0.29450801,0.298159897,0.304556012,0.312385887,0.322118908,0.332951903,0.344844908,0.357409895,0.370370895,0.383054912,0.394686908,0.405262888,0.413230807,0.423613906,0.434740901,0.450083911,0.468883902,0.491395891,0.516667783,0.544316828,0.573898912,0.601089895,0.626123905,0.646400929,0.663667679,0.674606681,0.684046805,0.689304829,0.692985773,0.696436822,0.697068811,0.69863677,0.696308792,0.695257723,0.691703796,0.688689828,0.684806824,0.680377781,0.677553892,0.67215991,0.669277787,0.664034784,0.66115278,0.656851828,0.654524684,0.651717782,0.649989784,0.649281919,0.645618677,0.645500898,0.643255889,0.642372787,0.640005827,0.638141811,0.635406911,0.631417811,0.627519906,0.621157825,0.616660774,0.610457778,0.605203927,0.598518789,0.593519926,0.589587808,0.583170772,0.579905927,0.574573875,0.571634889,0.569474876
CornWholePerten0077,Perten_DA7200,corn,Unknown,US,2006,12.80000019,11.43000031,0.200497001,0.207777903,0.214918897,0.223666996,0.232048899,0.240109906,0.245784894,0.249173895,0.25010401,0.250974894,0.249585897,0.248552904,0.246581897,0.244263902,0.241838902,0.238859907,0.235541999,0.231863901,0.229191899,0.225665897,0.222956896,0.219352901,0.216509998,0.213511899,0.211628005,0.208698899,0.206963897,0.205235899,0.204449996,0.203628898,0.203567997,0.202967897,0.203385994,0.204960898,0.207149997,0.212536901,0.222196907,0.238126904,0.256585985,0.276683897,0.296355903,0.3156299,0.33145389,0.34502089,0.35600391,0.367397785,0.377943903,0.388018906,0.395627886,0.399587899,0.401099891,0.398878902,0.394504905,0.387053907,0.377327889,0.367398888,0.359773904,0.35311389,0.348047912,0.344940901,0.342266887,0.340893894,0.3388969,0.338349909,0.33631891,0.334769905,0.33225289,0.329730898,0.328017891,0.327287912,0.327728897,0.329973906,0.333887905,0.338339895,0.345814914,0.355085909,0.3664639,0.37904489,0.392713904,0.406789899,0.420980901,0.434650898,0.447067797,0.458364815,0.466476888,0.477376908,0.488853902,0.504844785,0.524989784,0.550201774,0.57809478,0.606857777,0.636899889,0.663686812,0.687903881,0.707180798,0.723089874,0.732791781,0.741180778,0.74572891,0.74874568,0.751885891,0.752175808,0.753641784,0.751383781,0.750365913,0.746829689,0.744206786,0.740481913,0.736340821,0.733415783,0.728541911,0.725923896,0.721073806,0.718560815,0.714529872,0.712172806,0.709444821,0.708144903,0.707069695,0.703936815,0.703392804,0.701369822,0.700560689,0.698221684,0.696410775,0.693874776,0.690155804,0.686856926,0.680663824,0.676214814,0.670710683,0.665741801,0.659433782,0.654012919,0.650789917,0.644401789,0.640924871,0.635960817,0.633230925,0.630825818
CornWholePerten0078,Perten_DA7200,corn,Unknown,US,2006,15.10000038,12.77999973,0.194802001,0.202483907,0.211430907,0.220131993,0.228029907,0.235775903,0.241295993,0.244517893,0.245312899,0.246233895,0.2448719,0.243618995,0.241448894,0.239462003,0.236809999,0.233641997,0.230113894,0.226466999,0.223550901,0.2198039,0.216522902,0.212807,0.209447905,0.206212893,0.203877896,0.201051995,0.199204996,0.197427005,0.196790993,0.196235001,0.196491003,0.196316004,0.197205901,0.199382901,0.2022589,0.2085789,0.219640896,0.237758905,0.258952886,0.282283902,0.304874986,0.326835901,0.344994903,0.360185891,0.371508896,0.382541895,0.39356491,0.404498905,0.412998915,0.417382896,0.4192909,0.417824894,0.413663894,0.405530006,0.394023895,0.381819904,0.371976912,0.364030898,0.357800901,0.353772908,0.350398898,0.348459899,0.345986903,0.345264912,0.34304291,0.341796905,0.339419901,0.337309808,0.335859895,0.335653901,0.336911887,0.339949906,0.34473291,0.350305915,0.358816892,0.369459897,0.382148892,0.395925909,0.410708815,0.425850898,0.440968901,0.455558896,0.468899995,0.481502891,0.491079897,0.504386902,0.518951774,0.539289773,0.563992798,0.593967915,0.625743806,0.658760786,0.692638814,0.721436799,0.747784674,0.767580807,0.784547806,0.79447782,0.803716719,0.808699787,0.811336815,0.814603806,0.814754784,0.815670729,0.812732816,0.811693788,0.807238817,0.803466797,0.799086809,0.793908775,0.789652824,0.783809781,0.77951479,0.774147809,0.770270824,0.765415788,0.76241982,0.758692801,0.756789923,0.754924774,0.750253916,0.749562919,0.746933818,0.746077716,0.742557824,0.74088788,0.737431824,0.733026803,0.729217827,0.722169817,0.71753782,0.711002827,0.705552816,0.69971478,0.693877816,0.690139771,0.682766914,0.679910779,0.675458789,0.673057675,0.669827819
CornWholePerten0079,Perten_DA7200,corn,Unknown,US,2006,17.81797981,7.13002491,0.126914993,0.126804993,0.127553001,0.127911001,0.12771,0.128238007,0.128427997,0.128074005,0.126991004,0.125885993,0.124404997,0.121701002,0.120260999,0.117748998,0.115663,0.112696998,0.110242002,0.107657,0.105550997,0.103601001,0.101538003,0.099470981,0.097675972,0.095757984,0.094321974,0.092642978,0.092190974,0.090861984,0.090800971,0.090293974,0.09000697,0.090420976,0.090409987,0.091267981,0.092268974,0.094739974,0.098990977,0.106386997,0.115787998,0.127104998,0.138471007,0.149014905,0.158077002,0.164803997,0.170014903,0.175308898,0.180156007,0.185223907,0.189401001,0.192023903,0.193196893,0.192700997,0.1908319,0.186851904,0.181940004,0.176846996,0.173018903,0.169852004,0.167136997,0.165760994,0.164320007,0.163506001,0.162496001,0.162036896,0.160960004,0.160608903,0.159456998,0.158772007,0.158436,0.158533007,0.159627006,0.161219001,0.164018899,0.167126,0.171909899,0.177557007,0.184432998,0.191569895,0.199601993,0.207921997,0.215882897,0.223499999,0.230750904,0.237253904,0.242854893,0.249691904,0.257837892,0.270038903,0.286649913,0.307508886,0.333130896,0.359404892,0.386756897,0.412011892,0.433512896,0.451291889,0.46558091,0.475213885,0.482511908,0.487187892,0.489667803,0.492493898,0.491701901,0.494019896,0.489947885,0.488507897,0.483228892,0.479177803,0.473781914,0.467874914,0.463404805,0.457026899,0.452850789,0.446740896,0.442568898,0.43764779,0.433967799,0.431407899,0.42799589,0.427210808,0.422183901,0.422045797,0.418783903,0.417216897,0.414574802,0.411819905,0.40880689,0.405134887,0.401848912,0.396802902,0.392606914,0.387605906,0.383044809,0.378161907,0.373826891,0.371384889,0.365873903,0.363983899,0.359997898,0.35837689,0.3592439
CornWholePerten0080,Perten_DA7200,corn,Unknown,US,2006,8.943599701,9.851075172,0.158893004,0.157738999,0.156777993,0.158177003,0.159328997,0.162227005,0.165177003,0.167280003,0.1673069,0.167504996,0.166602001,0.164322004,0.163316995,0.161160901,0.159431994,0.156581998,0.153977007,0.151201904,0.148886994,0.146518007,0.144241899,0.141781002,0.139771998,0.137323007,0.135464996,0.133057997,0.131800994,0.129820004,0.128986001,0.127669007,0.126644,0.126038,0.125322998,0.125719994,0.126129001,0.128420994,0.132573903,0.140625,0.150766999,0.163220003,0.175697997,0.188406006,0.200318903,0.210767001,0.219788,0.228725895,0.236747995,0.244975895,0.252293915,0.257346898,0.260246903,0.260451913,0.258838892,0.254455894,0.248311997,0.2410869,0.23488,0.229341999,0.224534899,0.221641004,0.218936995,0.217380896,0.215727896,0.214977905,0.213363901,0.212544993,0.210429907,0.208542004,0.206771001,0.2053359,0.204963893,0.205105901,0.206716001,0.208547905,0.212482899,0.217485905,0.224111006,0.231600896,0.240778893,0.250883907,0.261354893,0.2719239,0.282038897,0.291159898,0.298361987,0.30623889,0.313598901,0.323031902,0.335380912,0.351038903,0.370572895,0.391463906,0.41562891,0.439831913,0.462738901,0.483003914,0.500757873,0.512671888,0.522209883,0.528193772,0.532067776,0.536433876,0.536137879,0.539492786,0.536598921,0.537315786,0.534200788,0.532475829,0.529718876,0.526698828,0.525021911,0.520559788,0.518640816,0.514586926,0.512182772,0.508738875,0.506382883,0.505012929,0.503019929,0.503351927,0.499614805,0.50078392,0.498620898,0.498644888,0.497253895,0.495920897,0.493887901,0.491007894,0.488761902,0.484156907,0.480680913,0.475481898,0.471212894,0.466235906,0.461543798,0.459085792,0.453274906,0.451028913,0.446861893,0.444851905,0.445114911
CornWholePerten0081,Perten_DA7200,corn,Unknown,US,2006,10.14395046,7.220617771,0.152353004,0.151368007,0.151547,0.152723998,0.154764995,0.157589898,0.160365894,0.162268907,0.162158996,0.162085995,0.160946995,0.158429995,0.157236993,0.154688999,0.152786002,0.149671003,0.146988004,0.144047007,0.141661003,0.139294997,0.136876002,0.134419993,0.1324469,0.130052999,0.128258005,0.125940993,0.124867998,0.122905001,0.122198001,0.120944001,0.120008998,0.119604997,0.119037002,0.119450003,0.119978003,0.122236997,0.126424,0.134268999,0.144141004,0.156556904,0.169062004,0.1819029,0.1936519,0.203478903,0.211824998,0.220134899,0.227455899,0.235030904,0.241803899,0.246512905,0.249345005,0.249512896,0.247958899,0.243738905,0.237981901,0.231345996,0.225695998,0.220797896,0.216276899,0.213716999,0.211221904,0.209805995,0.208244905,0.207540005,0.205928907,0.204929903,0.202963904,0.201146901,0.199587897,0.198368907,0.198233903,0.198590994,0.200324997,0.202437997,0.206596002,0.211908907,0.218758002,0.226442903,0.235628903,0.245671004,0.255904913,0.266253889,0.275844902,0.284683913,0.291600913,0.299319893,0.306616902,0.316491991,0.329342902,0.345972896,0.367150903,0.389681906,0.415162891,0.440582901,0.464421898,0.485309809,0.503337801,0.515513778,0.525229812,0.531635821,0.535355806,0.539453924,0.539281786,0.542255819,0.538945913,0.539056897,0.535369813,0.532937884,0.529686928,0.52547282,0.523186922,0.518021822,0.515515804,0.510763884,0.50778389,0.503877819,0.501318872,0.499552786,0.497384906,0.497606903,0.493617803,0.494656891,0.492384911,0.492148906,0.490614802,0.488831908,0.486888886,0.4836469,0.480949789,0.476023912,0.472258896,0.467003912,0.462223887,0.457091898,0.45221889,0.449519903,0.443537891,0.441077799,0.437022895,0.435104907,0.435074806
CornWholePerten0082,Perten_DA7200,corn,Unknown,US,2006,10.85146999,10.62045956,0.171825007,0.176991895,0.183174893,0.189905003,0.196700007,0.203943893,0.209851995,0.214367896,0.216319904,0.218233898,0.217443898,0.216740996,0.215216994,0.213490903,0.211326897,0.208530903,0.205569997,0.202250004,0.199514002,0.196251005,0.193627998,0.190637901,0.187853903,0.185034901,0.183016896,0.180202901,0.178371996,0.176458895,0.175373003,0.174141005,0.173703998,0.172937006,0.1728549,0.173701003,0.1748299,0.178123906,0.184327006,0.195518002,0.210123897,0.227758899,0.245502904,0.264178902,0.280702889,0.295437992,0.30783689,0.319590896,0.33008489,0.340522885,0.349644899,0.355928898,0.359599888,0.359580904,0.357287914,0.352078915,0.344076902,0.334778905,0.326773912,0.319616914,0.31357789,0.309619904,0.306332886,0.304521889,0.302270889,0.301357895,0.2994169,0.298146904,0.295889914,0.293562889,0.291392893,0.290139914,0.289916903,0.290842891,0.29319191,0.2962479,0.301948011,0.309254915,0.318509907,0.329363912,0.341898888,0.355271906,0.369165897,0.382947892,0.395809889,0.408331901,0.417299897,0.428129911,0.438098908,0.451647908,0.468486905,0.490738899,0.516745806,0.54467988,0.57631582,0.606560826,0.635535777,0.660334826,0.682015777,0.69694382,0.710289776,0.717661798,0.723185778,0.728063881,0.729718924,0.7319538,0.730600774,0.7305668,0.727634788,0.725427806,0.721482813,0.717456818,0.714686811,0.709128797,0.706029773,0.700803876,0.697812915,0.693433821,0.690526784,0.687900782,0.685621798,0.68430382,0.681160927,0.680830777,0.678762913,0.678434789,0.675982773,0.674575806,0.671872795,0.668495715,0.664948821,0.658949792,0.654394805,0.647991777,0.643070877,0.636281908,0.630838871,0.626880884,0.619713783,0.616386771,0.611045778,0.608217776,0.605643928
CornWholePerten0083,Perten_DA7200,corn,Unknown,US,2006,16.72604942,6.543919087,0.150123999,0.150053993,0.150872007,0.152280003,0.152982995,0.154214904,0.154984996,0.155227006,0.154255003,0.153598994,0.152160004,0.149324,0.147881001,0.145288006,0.143260002,0.140219003,0.137534007,0.134654,0.132318005,0.129945993,0.127681002,0.125325993,0.123379998,0.121220999,0.119670004,0.117720999,0.116949,0.115528002,0.115252003,0.114549004,0.114161,0.114349999,0.114147,0.114942998,0.115805,0.118159004,0.122152999,0.129632995,0.139116898,0.151217997,0.163590998,0.175716996,0.186414897,0.194822997,0.201506898,0.208102897,0.2138789,0.219808906,0.225096896,0.228686899,0.230747998,0.230727002,0.229146004,0.225318998,0.220139995,0.214306995,0.209667906,0.205663905,0.202163905,0.200294897,0.198431999,0.197383896,0.196158901,0.195627898,0.194263995,0.193728998,0.192335904,0.191314906,0.190653995,0.190445006,0.191295996,0.192633003,0.195254907,0.198176995,0.202944994,0.208748907,0.215894893,0.223459899,0.232115999,0.241091996,0.249768898,0.258186907,0.266037911,0.273457915,0.279520989,0.28677991,0.294826895,0.306124896,0.32127589,0.340581894,0.364464909,0.389080912,0.415072888,0.439193904,0.460297912,0.477714896,0.492011905,0.501725912,0.509409785,0.514268816,0.517185926,0.520282924,0.519627929,0.522298873,0.518816829,0.518489897,0.514366925,0.510994911,0.506967783,0.50194788,0.498500913,0.492928892,0.489463896,0.484378904,0.480837911,0.476522893,0.473549902,0.471462786,0.468461901,0.468012899,0.463516891,0.463805914,0.460892886,0.460063905,0.457675904,0.455554903,0.452929914,0.449782908,0.447285801,0.442443907,0.438938886,0.434376895,0.430334806,0.425605893,0.421656907,0.41917491,0.413732886,0.411873907,0.40810889,0.406485885,0.406705886
CornWholePerten0084,Perten_DA7200,corn,Unknown,US,2006,10.10573006,12.37905025,0.182671905,0.187203005,0.193258002,0.199982002,0.2066219,0.214081898,0.219744995,0.224546894,0.226264998,0.227942005,0.227219999,0.226441905,0.224857897,0.223221004,0.221211001,0.218380898,0.215432897,0.212128907,0.209398896,0.206181899,0.203459993,0.2003209,0.197557002,0.194652006,0.192525998,0.189653993,0.187702,0.185610905,0.184362903,0.183127895,0.182445005,0.181612,0.181471005,0.182224006,0.183425993,0.186792001,0.1930549,0.204457894,0.219173998,0.236790001,0.254340887,0.272666901,0.289000988,0.303657889,0.315918893,0.327223897,0.337284893,0.347349912,0.356303901,0.362294912,0.3657749,0.36576891,0.363733888,0.358642012,0.350833893,0.341780901,0.3337349,0.326616913,0.320465893,0.316385895,0.313000888,0.310932994,0.308612913,0.307791889,0.305631906,0.304354906,0.302067012,0.299696893,0.297428906,0.295975894,0.295559913,0.29625389,0.298465908,0.301089913,0.306622893,0.3137559,0.322610915,0.333126903,0.345215887,0.358186901,0.371724904,0.38516289,0.397576898,0.409588903,0.418152809,0.428594887,0.438112915,0.45072189,0.466666907,0.487764895,0.512362778,0.538719773,0.568681896,0.597403884,0.625287771,0.649022818,0.66952771,0.683460772,0.695836723,0.702522814,0.707460821,0.712142885,0.713094771,0.715174794,0.713439882,0.713354826,0.710210681,0.707783818,0.703776717,0.699825823,0.696889818,0.691293776,0.688271821,0.683140814,0.680081785,0.675747871,0.67273891,0.669672787,0.667861819,0.66676569,0.663476825,0.663083792,0.660648823,0.660358727,0.657708824,0.656181812,0.653786898,0.650143802,0.646506786,0.640769899,0.636682928,0.630327821,0.625426889,0.618811786,0.613636792,0.610174775,0.602732778,0.600095809,0.59471488,0.592242777,0.590219915
CornWholePerten0085,Perten_DA7200,corn,Unknown,US,2006,8.597742081,11.68517017,0.177393004,0.176081002,0.176343903,0.177762002,0.179824993,0.183803901,0.1873319,0.189701006,0.189768001,0.189772904,0.188777998,0.186351895,0.185271993,0.183111996,0.181338996,0.178161904,0.175434902,0.172362894,0.169803903,0.167183906,0.164698005,0.161917999,0.159735993,0.157125905,0.155091003,0.152330905,0.151068002,0.148782998,0.147857994,0.146384001,0.145346001,0.144698903,0.144034997,0.144462004,0.145132005,0.147641003,0.152307004,0.161259994,0.172476903,0.186161906,0.199662894,0.213394895,0.226044998,0.237069905,0.246798903,0.256112903,0.264549911,0.273055911,0.280569911,0.285532892,0.288222909,0.288106889,0.286196888,0.281688899,0.275365889,0.268058896,0.261741906,0.256150901,0.251164913,0.248185903,0.245387897,0.243800893,0.2421069,0.241394907,0.239817902,0.238958895,0.236960903,0.234921902,0.233117893,0.231557995,0.231209904,0.231403902,0.233092904,0.235077903,0.239225,0.244583905,0.251585901,0.259449989,0.269106895,0.279552907,0.2905339,0.301695913,0.312072903,0.321705908,0.328842908,0.33670789,0.344168901,0.353859901,0.366081893,0.381687909,0.4008829,0.421263903,0.444327891,0.467208803,0.488509804,0.507195771,0.523189783,0.533898771,0.542429924,0.54792577,0.551039875,0.554799914,0.55437392,0.557150781,0.554251909,0.554793775,0.552158773,0.550536811,0.54823792,0.545155823,0.543606877,0.539758921,0.537849784,0.534038782,0.53160882,0.528428912,0.526406825,0.524968803,0.522900879,0.523267806,0.51946193,0.520540893,0.518456876,0.518341899,0.517199874,0.515673876,0.513968885,0.511341929,0.509060919,0.504449904,0.500989914,0.496620894,0.492337912,0.487874895,0.483589888,0.481182903,0.475711912,0.473717809,0.470156908,0.468209893,0.468485802
CornWholePerten0086,Perten_DA7200,corn,Unknown,US,2006,12.26667023,8.510155678,0.146382004,0.151730999,0.158410996,0.1648179,0.1708159,0.1770899,0.181236997,0.183657005,0.184118897,0.184577897,0.183221996,0.182218,0.180071905,0.178022996,0.175466999,0.172794893,0.169860005,0.166774005,0.164383903,0.161685005,0.159271002,0.156553999,0.153935999,0.151458904,0.149814993,0.147489995,0.145931006,0.144409001,0.143630996,0.142747998,0.142477006,0.141997993,0.142245993,0.143481001,0.145152003,0.149239898,0.156685993,0.168972999,0.183711007,0.200371996,0.216851905,0.233011901,0.246302903,0.257401913,0.266244888,0.275251895,0.283888906,0.292311907,0.298880011,0.302859902,0.304528892,0.30330801,0.299910903,0.29381299,0.285825908,0.277684897,0.271308899,0.265881896,0.26155889,0.258821905,0.25669989,0.255467892,0.253742904,0.253090888,0.251289994,0.249961898,0.247937903,0.246061996,0.244463906,0.243902996,0.2443299,0.246041998,0.249195904,0.252867013,0.258866906,0.266621888,0.275975913,0.286452889,0.298200011,0.310112894,0.322319895,0.334321886,0.345238894,0.355168909,0.362438887,0.371354908,0.381496012,0.395855904,0.414106906,0.437733889,0.465019912,0.493942887,0.525153816,0.553875923,0.580463827,0.602322877,0.620190918,0.631773889,0.641783774,0.646981776,0.650537789,0.653866828,0.654040813,0.655618727,0.652849913,0.651244819,0.647138774,0.643611789,0.638449788,0.633573771,0.629848898,0.623675883,0.619977772,0.614284813,0.610970914,0.60637182,0.603562772,0.60064888,0.598693788,0.597809911,0.594154775,0.593560815,0.59104979,0.590388775,0.587380886,0.585524917,0.582203925,0.578328788,0.57385093,0.567344785,0.562426925,0.555646777,0.550446808,0.544018924,0.538430929,0.534756899,0.527509928,0.524735808,0.519280911,0.516752899,0.51410079
CornWholePerten0087,Perten_DA7200,corn,Unknown,US,2006,15.87639046,10.19499016,0.158676997,0.164170995,0.170993894,0.178337902,0.185084999,0.191628903,0.196788997,0.2003209,0.201701894,0.202892005,0.2019279,0.200996995,0.198799998,0.196831897,0.194221005,0.191438004,0.1882689,0.184831902,0.182135999,0.178943902,0.176274896,0.173318893,0.170605004,0.167796001,0.166041002,0.163677901,0.161925003,0.160625994,0.159922004,0.159309998,0.159399003,0.159132004,0.159648001,0.160953999,0.162578002,0.166027993,0.172567993,0.183807001,0.198473007,0.215953007,0.233608902,0.251300901,0.266163886,0.278658897,0.288704902,0.298384011,0.306958914,0.31543389,0.322296888,0.326866895,0.329326898,0.328733891,0.325939894,0.320947886,0.313734889,0.305897892,0.299410909,0.293854892,0.289184898,0.286118895,0.283668906,0.282120913,0.280274987,0.279639989,0.278045893,0.277111888,0.275593907,0.274025887,0.272839904,0.272688896,0.273354888,0.275352895,0.278703898,0.282851905,0.289308012,0.297307015,0.307000011,0.31783089,0.329935908,0.341995895,0.3543199,0.366525888,0.377402902,0.38815701,0.396125913,0.406419903,0.417122901,0.432698906,0.452637911,0.478715897,0.509210825,0.54080981,0.57423079,0.604891777,0.633061886,0.656172812,0.675530791,0.688383877,0.699749887,0.706187785,0.710330725,0.714291811,0.71527791,0.716819882,0.713923872,0.712984681,0.708770812,0.704857707,0.699940801,0.694279671,0.689696789,0.683038771,0.678588808,0.672023773,0.667532802,0.662014782,0.658309817,0.654395819,0.651395798,0.649207771,0.644347787,0.643265903,0.639966786,0.638032913,0.635053873,0.632995784,0.629722774,0.625375927,0.621191919,0.614651918,0.609550893,0.603082776,0.597437918,0.590660811,0.585153818,0.580610812,0.573730826,0.569506884,0.563904882,0.560722828,0.55732888
CornWholePerten0088,Perten_DA7200,corn,Unknown,US,2006,8.496206284,11.48997021,0.158420995,0.161287904,0.166382,0.172604904,0.179826006,0.188351005,0.195926994,0.201186895,0.203741998,0.2056209,0.2050239,0.204900906,0.203157902,0.201616898,0.199367002,0.196789995,0.193900898,0.190722004,0.188205004,0.185201004,0.182742,0.179792002,0.177061006,0.174291,0.172313899,0.169547901,0.167480007,0.165427893,0.164156005,0.162591904,0.161765993,0.160684004,0.160333902,0.160938993,0.1619239,0.165021002,0.171160996,0.182189897,0.196443006,0.212921903,0.229452893,0.246643901,0.261857897,0.275840908,0.28755191,0.298913896,0.309296995,0.319912911,0.328851908,0.335054904,0.338541895,0.338686913,0.336427897,0.331538886,0.323520899,0.314515889,0.306488901,0.299298912,0.293122888,0.288828909,0.285526902,0.283532888,0.281232894,0.28024891,0.278277904,0.276797891,0.274569988,0.271890909,0.269353896,0.267589897,0.266637892,0.267113894,0.268658906,0.271132886,0.275878906,0.282362908,0.290737897,0.300792903,0.312693894,0.325400889,0.339253902,0.353302896,0.366194904,0.37813291,0.386695892,0.39673689,0.405938894,0.417819887,0.432889909,0.452502906,0.47526589,0.500335872,0.529350877,0.558193922,0.58630389,0.611042917,0.632470787,0.64720881,0.659696817,0.666367829,0.671019673,0.675233781,0.676308811,0.67818892,0.676033795,0.67546171,0.672617912,0.670421779,0.667239785,0.663369715,0.660623789,0.655846775,0.652739883,0.647441924,0.644400775,0.640342891,0.63772893,0.634937882,0.633503914,0.632481873,0.628989875,0.62900579,0.627150893,0.626542926,0.624784827,0.623252809,0.620982826,0.617501915,0.61409092,0.607812882,0.603109896,0.59697181,0.591445923,0.585155785,0.579150915,0.575060785,0.568066776,0.564385772,0.55931592,0.555957913,0.553189874
CornWholePerten0089,Perten_DA7200,corn,Unknown,US,2006,8.043994904,8.424387932,0.113711998,0.115787998,0.119865,0.125126004,0.131414905,0.138761997,0.145519003,0.149867997,0.152008995,0.153463006,0.153074995,0.152524993,0.151066005,0.149235904,0.147217006,0.144832999,0.142052993,0.139433995,0.137485996,0.134676993,0.132674903,0.130214006,0.127912998,0.125472993,0.123548999,0.121320002,0.119535998,0.117767997,0.116493002,0.115064003,0.114247002,0.113283001,0.112728,0.113187999,0.114009999,0.116355002,0.121618003,0.130772993,0.142799005,0.156617001,0.170723006,0.185168907,0.197983906,0.209545001,0.219045997,0.228473902,0.237554893,0.246643901,0.254352897,0.259715915,0.262719899,0.263196886,0.261000007,0.256642014,0.249755904,0.242349997,0.235696897,0.229727894,0.224806905,0.221354902,0.2186279,0.216871902,0.215078905,0.214214906,0.212516904,0.211345896,0.209333897,0.2068979,0.204804897,0.203317896,0.202439904,0.2028469,0.203971997,0.206193894,0.210070998,0.215596005,0.222840905,0.231582895,0.241730899,0.252756894,0.264659911,0.276821911,0.288023889,0.298163891,0.305684894,0.313996911,0.321698904,0.332132906,0.345493913,0.362699807,0.383515894,0.406814903,0.434176892,0.461755902,0.488705814,0.513225794,0.534384906,0.549555779,0.561553896,0.568514884,0.572988927,0.576880872,0.577768922,0.579700828,0.577486813,0.57670778,0.573572874,0.571158826,0.56809479,0.564105809,0.561071873,0.555979788,0.552468777,0.547372818,0.544138789,0.540084779,0.537697911,0.535015822,0.533431888,0.532412827,0.529427886,0.529756784,0.527833879,0.527496815,0.526027918,0.524437785,0.521998882,0.518228829,0.514483929,0.508611918,0.50344789,0.497451901,0.492160887,0.485506892,0.479873896,0.4757469,0.4690139,0.465294808,0.460338891,0.456908792,0.454278886
CornWholePerten0090,Perten_DA7200,corn,Unknown,US,2006,13.43451977,12.51591969,0.235614896,0.242809996,0.251842886,0.261105895,0.270125896,0.279328913,0.286464006,0.291864902,0.293839902,0.295767903,0.295673907,0.293762893,0.292503893,0.29032889,0.287726909,0.284430891,0.280417889,0.276155889,0.272347897,0.268124908,0.264538914,0.260588914,0.257215887,0.25363189,0.25109601,0.247798905,0.245571002,0.243623897,0.242717907,0.241978899,0.242050007,0.241581902,0.242135897,0.243827894,0.246174902,0.2507599,0.260025889,0.27540189,0.29546991,0.318321914,0.341322899,0.364021897,0.38347891,0.399565905,0.41255489,0.424644798,0.435149908,0.446129888,0.454733908,0.460582912,0.463528901,0.46267581,0.459374905,0.453468889,0.443858892,0.433599889,0.424643815,0.416980892,0.410538912,0.406306893,0.402739912,0.400737912,0.39840591,0.39723891,0.395148903,0.393782914,0.391778886,0.389400005,0.387739897,0.387222886,0.387910903,0.390100896,0.394139886,0.399188906,0.406682015,0.416831911,0.428724915,0.44212389,0.456230909,0.470958889,0.485480905,0.499881893,0.512693822,0.525241911,0.533893824,0.545208871,0.557596803,0.573606789,0.594621778,0.619913817,0.64876169,0.676453829,0.705017805,0.73050791,0.752668917,0.770588875,0.784874678,0.794092774,0.801828802,0.807149828,0.809963882,0.81253469,0.812588811,0.813664913,0.8110888,0.810449779,0.807129681,0.803784728,0.801057816,0.796738803,0.793186784,0.788410723,0.785134792,0.780089676,0.776517808,0.772828817,0.770145774,0.767637789,0.765573919,0.763767779,0.759845018,0.759281874,0.757081926,0.755884826,0.754132927,0.752305687,0.749962688,0.746360779,0.742780805,0.737240911,0.73312068,0.728030801,0.723793805,0.718389809,0.713700771,0.710153818,0.703736782,0.700912774,0.697006822,0.694295824,0.692177773
CornWholePerten0091,Perten_DA7200,corn,Unknown,US,2006,12.76667023,10.53969955,0.169589907,0.173252001,0.178665996,0.184541002,0.190302894,0.197252005,0.202924997,0.206681907,0.208352,0.209776998,0.209419996,0.208104894,0.206552893,0.204635993,0.202023998,0.199204996,0.196009904,0.192863002,0.190172002,0.187156007,0.184598893,0.181816995,0.179276899,0.176506907,0.174642995,0.172243893,0.170527905,0.169011995,0.1681339,0.167218894,0.166868895,0.166452006,0.166468903,0.167534903,0.168913901,0.172236994,0.178874001,0.189694002,0.203597903,0.219501898,0.236032903,0.252577901,0.26707691,0.279258907,0.288842887,0.297899902,0.306128889,0.314613909,0.321470887,0.325888902,0.328407913,0.328458905,0.326749891,0.322566897,0.315446913,0.30753389,0.300672889,0.294534892,0.289564908,0.286145985,0.28320089,0.281354904,0.279430896,0.278290987,0.276575893,0.275342912,0.27342689,0.271517903,0.270059913,0.269417912,0.269889891,0.271587014,0.274226904,0.278064013,0.283721894,0.29121089,0.300142914,0.310413897,0.321440011,0.333195895,0.34512791,0.356898904,0.367536902,0.377677888,0.384950906,0.393638909,0.403194904,0.416343898,0.433864892,0.455532908,0.480683893,0.506814897,0.534828901,0.561465919,0.585957885,0.606362879,0.623308778,0.634955823,0.644365788,0.650428772,0.653504789,0.656402826,0.656524777,0.657682777,0.655018926,0.653749883,0.649894774,0.646278918,0.642301917,0.637433887,0.633347809,0.627836824,0.623711824,0.618405819,0.614556789,0.610634923,0.607484877,0.605065823,0.603132784,0.601766825,0.598439872,0.598096788,0.595949829,0.595028818,0.593476772,0.591235876,0.588874817,0.585285783,0.582040906,0.576798916,0.572341919,0.567052782,0.5628528,0.557480812,0.552393913,0.548660815,0.54261291,0.539445877,0.534648895,0.532437801,0.529964805
CornWholePerten0092,Perten_DA7200,corn,Unknown,US,2006,12.66666985,10.97167969,0.166993901,0.170687899,0.176218897,0.182154,0.187916905,0.194964007,0.200826004,0.204716995,0.206526905,0.208022907,0.207716897,0.2064019,0.204946905,0.203083903,0.200505003,0.197788999,0.194598898,0.191505998,0.188804001,0.185812995,0.183313996,0.180533901,0.177977905,0.175233901,0.173427001,0.171040997,0.169313997,0.167852894,0.166914895,0.166058898,0.165714905,0.165273905,0.165355995,0.166387901,0.167813897,0.171166003,0.177806005,0.188673005,0.202656999,0.218741998,0.235360995,0.252052903,0.266804904,0.279199988,0.288969904,0.298124909,0.306394905,0.3150419,0.322073907,0.326674908,0.329210907,0.329326898,0.327713907,0.323549897,0.316240013,0.308186889,0.301039904,0.294835895,0.289658904,0.286183,0.283182889,0.281256914,0.279276013,0.27807489,0.276328892,0.275106907,0.273270905,0.271245897,0.269760013,0.269130886,0.269532889,0.271177888,0.273929894,0.277690888,0.283353895,0.290817887,0.299861908,0.310153902,0.321299911,0.3331469,0.345145911,0.357117891,0.367905915,0.378225893,0.385641903,0.394446909,0.404126912,0.417265892,0.434930891,0.456426889,0.481563896,0.507598817,0.535655916,0.562357783,0.586798787,0.607314825,0.624342024,0.636031807,0.645581782,0.651763797,0.65474987,0.657806814,0.657871783,0.658960819,0.656466782,0.655070782,0.6514768,0.647696912,0.643790782,0.639068782,0.634971798,0.62953192,0.625340879,0.620072782,0.616161823,0.612251878,0.609221876,0.606877923,0.60488081,0.603558779,0.600065887,0.599875927,0.597763777,0.596865892,0.595313907,0.593126893,0.590768814,0.587064922,0.583997786,0.57859391,0.57424891,0.569024921,0.564739883,0.559421778,0.55445689,0.55077982,0.544782817,0.541802824,0.537032783,0.534518778,0.532197893
CornWholePerten0093,Perten_DA7200,corn,Unknown,US,2006,13.48332977,11.75794029,0.140229002,0.144453004,0.149618,0.155108005,0.160841003,0.167209894,0.172920004,0.176764995,0.178689897,0.180351004,0.180023894,0.178943902,0.177615896,0.176100999,0.17374,0.171331003,0.168460995,0.165458903,0.162954897,0.160159007,0.157804996,0.155116007,0.152560905,0.149993002,0.148173004,0.145852,0.144308001,0.142847002,0.142056003,0.141231,0.140973002,0.140814006,0.140799999,0.141817004,0.143115997,0.146173,0.152205005,0.162391007,0.175775901,0.191178903,0.206958905,0.222437903,0.235863894,0.247337893,0.256597906,0.2656959,0.273891896,0.281967908,0.288245887,0.292373896,0.294417888,0.293655902,0.291030914,0.286126912,0.279216886,0.272206903,0.266413897,0.261287898,0.257099897,0.254245013,0.251850903,0.250526011,0.249000996,0.248193905,0.246883005,0.245912895,0.244424,0.242652997,0.241421998,0.240818903,0.241193906,0.242659897,0.245196,0.248681903,0.253961891,0.261035889,0.269543886,0.279144913,0.289646894,0.300691992,0.311763912,0.322909892,0.332992911,0.342463911,0.34955591,0.35788089,0.366940886,0.379290015,0.396162897,0.417153895,0.442397803,0.468478888,0.496146888,0.522436917,0.546106815,0.566098929,0.582640827,0.594060779,0.603213787,0.609427929,0.612550914,0.616058826,0.616597772,0.617924929,0.615766883,0.614749908,0.611597776,0.608390927,0.604843915,0.600591898,0.596635819,0.591605902,0.587499917,0.582372785,0.578388929,0.574496925,0.571328878,0.568513811,0.566357911,0.56464088,0.560651779,0.560021818,0.557282805,0.556121826,0.554618776,0.552272797,0.549523771,0.545755923,0.542417824,0.536796808,0.531999886,0.526359797,0.521698773,0.516067803,0.510888875,0.507165909,0.500776887,0.497252911,0.492495894,0.489101887,0.486896902
CornWholePerten0094,Perten_DA7200,corn,Unknown,US,2006,12.5,11.34000015,0.163640007,0.168086901,0.174397901,0.181874901,0.190079004,0.198373899,0.205052897,0.210489899,0.213129893,0.214898899,0.214582995,0.214334905,0.213023901,0.211546898,0.2092219,0.206809998,0.203767002,0.200965896,0.197895899,0.194982901,0.192238897,0.189196006,0.186383903,0.183046997,0.180813,0.178353995,0.176366895,0.1744349,0.173146904,0.172130898,0.171535999,0.171364904,0.171809897,0.173099995,0.175025001,0.179756999,0.188028902,0.200985998,0.217199996,0.235725895,0.254905909,0.273955911,0.291344911,0.30664289,0.319419891,0.331297904,0.342689991,0.353181899,0.362509906,0.368431896,0.37171191,0.371374905,0.368889898,0.362248898,0.353394985,0.343602896,0.334540904,0.326759905,0.320725888,0.31613189,0.312786907,0.310363889,0.308193892,0.307274997,0.305717886,0.304226905,0.302085906,0.299748898,0.297772914,0.296502888,0.297081888,0.297430903,0.299940914,0.303815991,0.309890896,0.317627907,0.327943891,0.33916989,0.35292691,0.366733909,0.381109893,0.395626903,0.408591896,0.420686901,0.43116191,0.442275912,0.453166902,0.468038887,0.486067891,0.508198917,0.533740878,0.561986923,0.593212783,0.622206807,0.650043786,0.673054814,0.69280982,0.707616687,0.719109774,0.726531923,0.731328785,0.734688878,0.735929728,0.737146914,0.73602581,0.735991776,0.732442915,0.730424821,0.728685796,0.723361671,0.72027272,0.714548886,0.711309791,0.706899881,0.703596771,0.699354708,0.69606781,0.695305824,0.691634774,0.689966917,0.687518776,0.685944676,0.684044778,0.682392776,0.681008816,0.67787981,0.675627887,0.671787798,0.667222917,0.662862778,0.656353891,0.650914788,0.644017816,0.638880909,0.633012891,0.62754792,0.623064876,0.617966771,0.61436379,0.60991782,0.608584821
CornWholePerten0095,Perten_DA7200,corn,Unknown,US,2006,14.10000038,13.60999966,0.198474005,0.204543904,0.212468907,0.220957905,0.229607001,0.238109902,0.244868904,0.250346899,0.25295791,0.254680902,0.254229903,0.253769994,0.252127886,0.250414908,0.247763902,0.244913906,0.241498902,0.238267005,0.234745905,0.231550902,0.228492901,0.225016907,0.221962899,0.218222901,0.215846002,0.213328898,0.211296007,0.209407896,0.208373904,0.207537904,0.2073569,0.207573906,0.208492905,0.210223898,0.212808907,0.218553901,0.228341997,0.243581906,0.262268901,0.283474892,0.304856896,0.32562989,0.34401691,0.359910905,0.372999996,0.385007888,0.396189898,0.406333894,0.415278912,0.420616806,0.423479915,0.422581911,0.419795901,0.412893891,0.404197902,0.394591898,0.385812908,0.37833491,0.372464895,0.367950887,0.364566892,0.362158895,0.359954894,0.359212905,0.357715011,0.356501013,0.354642898,0.3526299,0.351103991,0.350376904,0.351809889,0.352797896,0.356387913,0.361395896,0.368814886,0.377792895,0.389577895,0.401921898,0.416969895,0.431403786,0.446123898,0.460866898,0.47387889,0.486294806,0.497180909,0.509118915,0.521400929,0.538502872,0.55942291,0.58502388,0.613804817,0.644058824,0.676456928,0.705383778,0.732646823,0.754389823,0.773106873,0.786891818,0.797702789,0.804442823,0.808872879,0.812204719,0.812972784,0.814025819,0.81227982,0.81147182,0.807494819,0.804628789,0.802081823,0.79635793,0.792560816,0.786461711,0.782569826,0.777821779,0.774485827,0.769385815,0.765701771,0.764616787,0.760711789,0.758593917,0.755820811,0.75372082,0.751502872,0.749690771,0.747891784,0.744762778,0.742455721,0.738442898,0.733962774,0.729780674,0.723423898,0.718250811,0.712137878,0.707379818,0.701621771,0.696885824,0.6925928,0.687900782,0.684583783,0.679537773,0.679989874
CornWholePerten0096,Perten_DA7200,corn,Unknown,US,2006,12.39999962,11.82999992,0.147231996,0.150252998,0.154777005,0.160104901,0.165856004,0.171788901,0.176358894,0.180201903,0.182055995,0.183394894,0.183225006,0.183112904,0.182252899,0.181356996,0.179665998,0.177821904,0.175659999,0.173621997,0.171202004,0.168812901,0.166468903,0.163708001,0.161177903,0.158243999,0.156300902,0.154152006,0.152432993,0.150740996,0.149641901,0.148728997,0.148288995,0.148268998,0.148914903,0.150285006,0.152318001,0.156849995,0.164531007,0.176173896,0.190476999,0.206951901,0.224288896,0.241531,0.257321,0.270518899,0.279806912,0.288035899,0.297003895,0.306194902,0.314620912,0.320055902,0.323894888,0.325208902,0.324490011,0.318878889,0.30972901,0.298673898,0.288391888,0.279878914,0.273222894,0.268045902,0.263980895,0.260945886,0.258315891,0.256900013,0.255206913,0.253731012,0.251871914,0.249850899,0.248213902,0.247211903,0.247803897,0.248065904,0.250146896,0.253301889,0.258296996,0.264661014,0.273151994,0.282321006,0.293581992,0.30496189,0.317000896,0.329438895,0.34085989,0.351516902,0.361117899,0.371438891,0.382001907,0.395929992,0.412323892,0.430746913,0.451939911,0.476284802,0.50361979,0.528880775,0.552723885,0.572536886,0.589530885,0.602129877,0.611594915,0.617485821,0.621187925,0.623621881,0.624349773,0.625010788,0.623299897,0.622346818,0.618476808,0.615486801,0.612945914,0.607367873,0.603905916,0.59814781,0.594696879,0.590283871,0.587038875,0.582499981,0.579287827,0.578468919,0.574779928,0.573242903,0.570857823,0.569091916,0.567198813,0.565578878,0.564186871,0.561066806,0.559127927,0.555455923,0.551438928,0.547647893,0.542139828,0.537546814,0.531811893,0.527246773,0.522361875,0.517597914,0.514135778,0.509681881,0.506773889,0.503406882,0.502989888
CornWholePerten0097,Perten_DA7200,corn,Unknown,US,2006,12.51667023,13.74147987,0.202461898,0.208159894,0.215776905,0.224481896,0.233401895,0.242592901,0.249703899,0.255625904,0.258412898,0.260470986,0.260037899,0.259701908,0.258214891,0.256511897,0.253908902,0.251083911,0.247707903,0.244334906,0.241096005,0.237685993,0.2345379,0.231041893,0.228083894,0.224223897,0.221758902,0.219110906,0.217063904,0.214921907,0.213401899,0.212480903,0.212094903,0.212127894,0.212491006,0.214133903,0.216352001,0.221755996,0.230829999,0.245584905,0.263985902,0.284743995,0.305464894,0.325702906,0.344447911,0.36075291,0.374397904,0.386592895,0.398357898,0.408848912,0.418246895,0.423463911,0.42631489,0.425505906,0.422724813,0.415927887,0.406891912,0.397557914,0.388642907,0.38119489,0.375041902,0.370433897,0.366908014,0.364471912,0.362265915,0.361672908,0.360112906,0.358700901,0.356592894,0.354389906,0.352603912,0.351431906,0.352602899,0.352823913,0.356151015,0.360691905,0.367726892,0.376436889,0.387521893,0.399812013,0.414548904,0.429129899,0.443742901,0.45873791,0.47160089,0.484058887,0.494634897,0.506028771,0.517437875,0.532856882,0.552173913,0.575668812,0.602650881,0.630280912,0.660752773,0.688521802,0.714732826,0.735922813,0.753957689,0.767907798,0.778123915,0.784972787,0.788865805,0.791962683,0.792646825,0.793863773,0.792829812,0.791972876,0.788855791,0.786306799,0.784504771,0.778914809,0.775518775,0.769906879,0.766792715,0.76304692,0.759779811,0.755142927,0.751858771,0.75113678,0.746967793,0.745405674,0.743007898,0.741149783,0.739502788,0.737628818,0.735947788,0.732659876,0.730794787,0.727167785,0.722895801,0.719175816,0.712510824,0.707666814,0.701347828,0.696938872,0.691818774,0.686882794,0.683333814,0.677891791,0.675011814,0.67074281,0.669177771
CornWholePerten0098,Perten_DA7200,corn,Unknown,US,2006,10.81667042,12.24705982,0.1837589,0.187800005,0.193717897,0.200652897,0.207850903,0.215376005,0.221172899,0.226121903,0.228472903,0.230405897,0.230157897,0.2301009,0.229066998,0.227957904,0.225933,0.223668903,0.221017003,0.218440905,0.215655893,0.212716997,0.209852904,0.206636995,0.203787893,0.200202897,0.197970003,0.195489004,0.193628997,0.191577002,0.190204993,0.189284995,0.188881993,0.1889669,0.189362004,0.191103905,0.193323895,0.198506996,0.207173899,0.220817894,0.238053903,0.257669896,0.27777189,0.29783091,0.316579908,0.332370907,0.34401089,0.354009986,0.364989787,0.375954896,0.385962904,0.39218989,0.3964279,0.397564888,0.396494895,0.389777899,0.378777891,0.366759896,0.355234891,0.345774889,0.338439912,0.332784891,0.328276902,0.325191885,0.322413892,0.321141899,0.319382906,0.317847908,0.315568894,0.313373894,0.311779887,0.310555905,0.311307907,0.31158489,0.314345986,0.31791991,0.324133903,0.331961989,0.341624886,0.352520913,0.365931988,0.37933591,0.392844886,0.407338888,0.420396894,0.43263489,0.443384886,0.455391914,0.467620909,0.483050913,0.50157392,0.522744894,0.546660781,0.572519779,0.601851881,0.629235804,0.654875875,0.675711811,0.693519771,0.707633913,0.717860818,0.724515796,0.728059709,0.731165826,0.732024729,0.733086824,0.731581807,0.730588913,0.727415681,0.724655807,0.722354889,0.716312826,0.713025689,0.707457781,0.704243779,0.700136781,0.696795702,0.692587793,0.689469814,0.688692808,0.684330821,0.683148921,0.681074798,0.679263771,0.677626789,0.675560772,0.674066782,0.671149671,0.669599772,0.665766895,0.661373794,0.657943785,0.651833773,0.647339821,0.641088784,0.636541784,0.631583929,0.627238929,0.624362886,0.619037807,0.616488874,0.613358796,0.612965882
CornWholePerten0099,Perten_DA7200,corn,Unknown,US,2006,8.716666222,10.26537037,0.110785998,0.113816999,0.118524998,0.124744996,0.1317669,0.139373004,0.145282999,0.149910003,0.152127996,0.153473005,0.153288007,0.153021902,0.151825994,0.150407001,0.148415998,0.146302,0.143858999,0.141424,0.139065996,0.136703998,0.134538993,0.132153004,0.129981995,0.127271995,0.125373006,0.123315997,0.121624,0.119863004,0.118426003,0.117348999,0.116599001,0.116162002,0.116005004,0.116680004,0.118111998,0.121619999,0.127765998,0.137677997,0.149985999,0.163923904,0.178314894,0.192816898,0.206661999,0.219131902,0.229931995,0.239896894,0.249685898,0.258635908,0.266621888,0.2715289,0.274246901,0.274107903,0.272068888,0.266930908,0.259988904,0.252635896,0.245520994,0.239521906,0.234493896,0.230741903,0.227982894,0.226046905,0.224360898,0.223621905,0.222299993,0.220708907,0.218683004,0.216419995,0.214360893,0.212773904,0.212641999,0.212237895,0.213738903,0.216336995,0.220807001,0.2266469,0.2344179,0.2437139,0.254991889,0.266760886,0.279038906,0.291633904,0.3026869,0.312922895,0.321654886,0.330318898,0.338580906,0.349394888,0.363617897,0.381255895,0.402475894,0.426665902,0.454687893,0.482685804,0.510384917,0.534399927,0.554941773,0.570963919,0.582518876,0.590346873,0.594987929,0.598616779,0.600038827,0.601391912,0.600737929,0.600379825,0.598065913,0.59631592,0.595240891,0.590396822,0.58769393,0.582883894,0.579945922,0.576400876,0.573248923,0.569031775,0.565948784,0.565162778,0.561434925,0.560647786,0.558772802,0.557425916,0.556305826,0.554669797,0.553634822,0.550495803,0.548849881,0.545034885,0.540675879,0.536938906,0.529972792,0.52467978,0.517837822,0.512462795,0.507046878,0.501431882,0.497350901,0.49126789,0.487514913,0.482908785,0.481423914
CornWholePerten0100,Perten_DA7200,corn,Unknown,US,2006,8.640000343,9.581748962,0.115796998,0.119043,0.124214001,0.130966902,0.138733,0.147064,0.153743997,0.158840999,0.161387995,0.162960902,0.162900001,0.162591904,0.161252007,0.159676999,0.157546997,0.155229002,0.152562007,0.149909005,0.147368997,0.144807994,0.142472997,0.139893904,0.137502998,0.134641901,0.132542998,0.130290002,0.128418997,0.126570001,0.125003994,0.123788998,0.122950003,0.122452997,0.122308001,0.123056002,0.124620996,0.128489003,0.135150001,0.145839006,0.159159005,0.174231902,0.189905003,0.205729902,0.220823899,0.234314904,0.246012896,0.256761909,0.267307907,0.276891887,0.285535902,0.291000009,0.294128895,0.294133902,0.292106897,0.286805898,0.279549897,0.271866888,0.264300913,0.257861912,0.252493888,0.248500004,0.2455239,0.243464902,0.241646007,0.2408299,0.239302903,0.237596899,0.235318899,0.232861906,0.230635896,0.228931904,0.228802905,0.228358895,0.230020002,0.232853904,0.237637907,0.244010896,0.252494901,0.262540907,0.274812013,0.287608892,0.300854892,0.314417899,0.326287895,0.337291896,0.346542895,0.355637908,0.364252895,0.375582904,0.390432,0.409063011,0.43155691,0.45702979,0.486487895,0.515869796,0.544923902,0.570042908,0.591271818,0.607714891,0.61962992,0.627761781,0.632462919,0.636057794,0.637401819,0.638730884,0.637961805,0.637503922,0.634818792,0.632871926,0.631563902,0.626176775,0.623232901,0.618096888,0.615077794,0.611410797,0.608121872,0.603734911,0.600701809,0.600092828,0.59638679,0.5956918,0.593873918,0.59253192,0.591512919,0.589881897,0.588684917,0.585441887,0.583843887,0.580067813,0.575681925,0.571754813,0.564654827,0.559375882,0.552506805,0.546979785,0.541481912,0.535624921,0.531473875,0.525425911,0.521653771,0.517389774,0.515687883
CornWholePerten0101,Perten_DA7200,corn,Unknown,US,2006,11.23332977,13.8337698,0.200877905,0.2054279,0.212513894,0.220406905,0.229282007,0.238650903,0.246400997,0.252188891,0.2548289,0.257309914,0.257230908,0.256550014,0.255247891,0.253806889,0.251738906,0.248828903,0.245792896,0.242133901,0.239317,0.235500902,0.232294902,0.228582904,0.225302905,0.222072899,0.219522893,0.216311902,0.213964999,0.211767897,0.210520998,0.209291905,0.208884895,0.208358899,0.208405897,0.209833905,0.211680904,0.216128007,0.224700004,0.239371002,0.25789091,0.2790519,0.300775886,0.322944909,0.343080908,0.36074391,0.374663889,0.38783291,0.4003959,0.413173914,0.423586905,0.430202812,0.4339118,0.433728904,0.43047291,0.423454911,0.41207391,0.399708897,0.388992012,0.379770011,0.372257888,0.36718291,0.363077909,0.360587895,0.358053893,0.35679391,0.354629904,0.353240907,0.350733906,0.34798789,0.345447898,0.343965888,0.343812913,0.345200896,0.34808889,0.352014899,0.358739913,0.367673904,0.378877908,0.39189291,0.406459898,0.422072887,0.438352913,0.454896897,0.469991893,0.483933896,0.494591892,0.507431924,0.520283878,0.536439896,0.557510912,0.583234787,0.612281919,0.643896818,0.679117918,0.711384714,0.74156481,0.7665838,0.787321806,0.801900804,0.813534796,0.821007788,0.825316727,0.829540789,0.83024168,0.832187712,0.830417693,0.830150724,0.827251792,0.824591816,0.82145977,0.817085803,0.814085722,0.808921695,0.805147827,0.800049782,0.796275795,0.792076826,0.78912282,0.786008775,0.783447802,0.781869829,0.777685821,0.777308822,0.774974823,0.774007797,0.772536814,0.770226777,0.767514825,0.763341785,0.759317815,0.753184915,0.74721992,0.740814686,0.734971821,0.728262782,0.721801877,0.716874778,0.709614813,0.705406785,0.70001781,0.696612775,0.693234801
CornWholePerten0102,Perten_DA7200,corn,Unknown,US,2006,11.26667023,9.643059731,0.186962903,0.190916896,0.196950004,0.203627005,0.2109579,0.218796894,0.225214899,0.230020002,0.231932893,0.233962894,0.233647898,0.232902899,0.231333897,0.229651898,0.227584899,0.224832997,0.221864998,0.218537897,0.216002896,0.212616906,0.209936902,0.206764996,0.204004899,0.201242,0.1991629,0.196463898,0.194566995,0.192758903,0.191718996,0.190641895,0.190235004,0.189578995,0.189456895,0.190506905,0.191816896,0.195202902,0.201908901,0.213654906,0.228786007,0.246475905,0.264768899,0.283409894,0.29992789,0.314328909,0.325873911,0.336939901,0.347294807,0.357779801,0.366543889,0.372426897,0.375763893,0.375702888,0.373005897,0.367296904,0.358183891,0.34838891,0.339908898,0.33246389,0.326461911,0.322526902,0.319362909,0.317516893,0.315427989,0.314391911,0.312461913,0.311173886,0.3090069,0.306699902,0.304683894,0.3034859,0.303425014,0.30467391,0.307158887,0.310498893,0.316264987,0.323874891,0.333420903,0.344484896,0.356736898,0.369768888,0.383281887,0.396882892,0.409307897,0.420879901,0.429486901,0.439959914,0.45062089,0.464208901,0.48210001,0.504454911,0.529984772,0.557175815,0.58748579,0.61588192,0.642711818,0.665186822,0.684058785,0.697417676,0.708139777,0.715123773,0.719120681,0.723083794,0.723670721,0.72562182,0.723890781,0.723721802,0.72100091,0.718394697,0.7153548,0.711176813,0.70832777,0.703568816,0.70021379,0.695561826,0.692196786,0.688471675,0.685927928,0.683285773,0.681145787,0.67982769,0.676086724,0.675970793,0.673993826,0.673169911,0.671783924,0.669713914,0.667296827,0.663509786,0.659903824,0.65413481,0.648712814,0.642901778,0.637421787,0.631297827,0.625108779,0.620555818,0.61349982,0.609699905,0.60429579,0.600988925,0.597832918
CornWholePerten0103,Perten_DA7200,corn,Unknown,US,2006,10.69999981,10.8773098,0.182173997,0.186132997,0.192378894,0.199607998,0.207753897,0.216538906,0.223800004,0.229086995,0.231516898,0.233790994,0.233635902,0.2330039,0.231587902,0.229871005,0.227746904,0.224907994,0.221908897,0.218510002,0.215876907,0.212426901,0.209650904,0.206420004,0.203610003,0.200626999,0.198436901,0.195565999,0.193525001,0.191589907,0.190385997,0.189169899,0.188558906,0.187774003,0.187562004,0.188611999,0.190005004,0.193612903,0.200720996,0.213039905,0.228694901,0.246692896,0.265242904,0.28418389,0.301180899,0.316065908,0.328131914,0.339619905,0.350180894,0.3607319,0.369462907,0.375235885,0.378555894,0.378506899,0.375922889,0.370444894,0.36162889,0.352171898,0.343851894,0.336491913,0.3304739,0.326485902,0.32326889,0.321383894,0.319345892,0.318257898,0.316294909,0.314929903,0.312608898,0.310083896,0.307804912,0.306317896,0.306069911,0.307076901,0.309400886,0.31257391,0.318194985,0.325763911,0.335180908,0.346261889,0.358681887,0.3719019,0.385657013,0.399395913,0.411809892,0.423236907,0.431611896,0.441430897,0.451031894,0.46348089,0.480054885,0.500777781,0.524600923,0.550021827,0.578981876,0.606328905,0.632492781,0.654656887,0.673144817,0.686100781,0.696589828,0.703451812,0.707290828,0.711284816,0.711840808,0.713862777,0.712123871,0.711847782,0.709435821,0.706938922,0.704095781,0.700143814,0.6973207,0.69281292,0.689600825,0.685120821,0.681812823,0.67815578,0.675582826,0.673019707,0.671081781,0.670049787,0.666558683,0.666604817,0.664507926,0.66364193,0.662363827,0.660453796,0.6583758,0.654726803,0.651437879,0.645948827,0.640928805,0.635371804,0.630320787,0.624661923,0.618856788,0.614801884,0.608190775,0.604692876,0.599947929,0.596816778,0.594401777
CornWholePerten0104,Perten_DA7200,corn,Unknown,US,2006,9.149999619,9.315009117,0.145173997,0.148193002,0.153395996,0.159856007,0.167688996,0.176269904,0.1834189,0.188637003,0.191011995,0.193128899,0.193095997,0.192541003,0.191025004,0.189328998,0.187124997,0.184472904,0.181571901,0.178507999,0.176127002,0.173112005,0.170672998,0.167776004,0.165149897,0.162429005,0.160313904,0.157725006,0.155698001,0.153839007,0.152438998,0.151036993,0.150194004,0.149278998,0.148874998,0.149552003,0.150711,0.153904006,0.160216004,0.171038896,0.184705004,0.200328007,0.216612905,0.233445898,0.248881996,0.262622893,0.27421391,0.285322011,0.295580894,0.305674911,0.314095914,0.319781989,0.322986901,0.322958887,0.320529908,0.315507889,0.307753891,0.299309909,0.291750908,0.284903914,0.279278904,0.275469989,0.272485912,0.270669907,0.268849909,0.267722905,0.26581189,0.2643089,0.261894912,0.259206891,0.256723911,0.254987896,0.254300892,0.254787892,0.256457895,0.258985907,0.263796896,0.270413905,0.278920889,0.289188892,0.300952911,0.313885897,0.32744199,0.3410649,0.35342589,0.364608914,0.372722805,0.381586909,0.390027911,0.401000887,0.416004896,0.435353905,0.458591908,0.484509885,0.514767826,0.545010924,0.57454288,0.600215912,0.621709824,0.637097776,0.649325788,0.657353878,0.662020803,0.666514814,0.66739279,0.669573784,0.667967677,0.667794824,0.665377796,0.662995815,0.660196781,0.656139791,0.653171778,0.648422778,0.644965828,0.640166819,0.636652827,0.632671893,0.629948914,0.627420783,0.625484884,0.624484778,0.621179879,0.621436775,0.619549871,0.618883789,0.617536783,0.615711927,0.613434911,0.609524906,0.605819821,0.599702776,0.594024777,0.587900877,0.581846893,0.575503826,0.569151819,0.564478874,0.557247877,0.553083777,0.547569871,0.544015825,0.541163921
CornWholePerten0105,Perten_DA7200,corn,Unknown,US,2006,14.14999962,11.55294037,0.1714589,0.177222997,0.185149893,0.193183899,0.201431006,0.2090839,0.215532005,0.220422894,0.222957999,0.224168897,0.223877996,0.222973898,0.221311897,0.219276905,0.216235906,0.213586897,0.210242897,0.206737906,0.203253895,0.200521007,0.197176904,0.193908006,0.190790996,0.187577903,0.185308904,0.182362899,0.180373907,0.178445995,0.177320004,0.176646903,0.176453903,0.176405996,0.176935896,0.178196997,0.180575997,0.185013905,0.193332002,0.207143903,0.224641994,0.245240003,0.266052902,0.287226886,0.305190891,0.320882887,0.333159894,0.344289988,0.355142891,0.365424901,0.374419898,0.379980892,0.382951886,0.38288191,0.380432904,0.373182893,0.364968896,0.354709894,0.345953912,0.338243902,0.332231909,0.328037888,0.324691892,0.322177887,0.320115894,0.318753898,0.317250997,0.316177905,0.314051896,0.312563896,0.311460912,0.311230898,0.311571896,0.312843889,0.316724896,0.321741909,0.32960391,0.33790189,0.349315912,0.362004906,0.375877887,0.390198886,0.404479891,0.418040901,0.431521893,0.442972899,0.453532904,0.465289891,0.478048891,0.495405912,0.517770886,0.544234872,0.574451804,0.6065678,0.639946878,0.669524908,0.69654578,0.718017817,0.736949801,0.749822915,0.760196805,0.76618278,0.770015776,0.77291888,0.773808777,0.775566816,0.773701787,0.771473885,0.767714799,0.764289916,0.760794818,0.754767776,0.751196802,0.745816827,0.741116822,0.736136794,0.732202828,0.72750783,0.723763824,0.719618797,0.716963828,0.714856923,0.711982787,0.710533798,0.707563877,0.706033826,0.703995824,0.701507807,0.698726773,0.694250822,0.691010714,0.68569082,0.680751801,0.674753785,0.669140816,0.663817823,0.657574773,0.652874887,0.647224784,0.643200874,0.638287783,0.634927928,0.631597877
CornWholePerten0106,Perten_DA7200,corn,Unknown,US,2006,10.83333015,13.21255016,0.143491,0.147697002,0.154319003,0.161626905,0.170008004,0.178136006,0.1850539,0.190310895,0.193233907,0.194766,0.194757,0.194236904,0.193040997,0.191424996,0.188892901,0.186615899,0.183708906,0.180684999,0.177677006,0.175148904,0.172231004,0.169187903,0.166188896,0.163111001,0.160839006,0.157853007,0.155746996,0.153652996,0.152164996,0.151001006,0.150355995,0.150006905,0.150184006,0.151041001,0.153129995,0.157201007,0.164968893,0.177687004,0.193583995,0.212020904,0.230746001,0.250218898,0.26758489,0.283295989,0.296029896,0.307654887,0.31910491,0.330047905,0.33936891,0.3451249,0.348037899,0.347930908,0.345349908,0.338167012,0.329856902,0.319534898,0.310534895,0.302751899,0.296552897,0.292188913,0.288781911,0.286279887,0.284340888,0.283037901,0.281606913,0.280437887,0.278088898,0.276086897,0.274322987,0.273253888,0.272791892,0.273118913,0.275825888,0.279675901,0.28608489,0.293211013,0.303359896,0.315091908,0.328282893,0.342505902,0.357161909,0.371197909,0.384973913,0.396486908,0.406861901,0.41760689,0.428432912,0.443006903,0.461865902,0.484511912,0.511212885,0.541263819,0.573944688,0.604146779,0.632919788,0.656652689,0.677797794,0.692438901,0.704214811,0.711230815,0.715732813,0.719260812,0.720606923,0.722845793,0.72156781,0.720086813,0.717331827,0.714975774,0.712606788,0.707626879,0.704841793,0.700315774,0.696222782,0.691735685,0.68821168,0.683889926,0.680562913,0.676813901,0.674574792,0.672893882,0.670357823,0.669351816,0.666867912,0.665916681,0.664340675,0.662084818,0.65947777,0.655170679,0.65179491,0.646156788,0.640967786,0.634517789,0.628320873,0.622632921,0.615959883,0.610934913,0.604832828,0.600469828,0.595296919,0.591491878,0.587875903
CornWholePerten0107,Perten_DA7200,corn,Unknown,US,2006,12.78332996,13.49954033,0.162855998,0.167466998,0.174253896,0.181179896,0.188777,0.195842907,0.201804996,0.206287906,0.208381906,0.209247902,0.208702907,0.207730904,0.206012905,0.203962907,0.200968906,0.198438898,0.195329905,0.192067996,0.188865006,0.186358899,0.183462903,0.1805069,0.177761003,0.174676999,0.172545001,0.169635996,0.167758897,0.165752903,0.164567903,0.163747996,0.163382903,0.163282901,0.163718998,0.165016905,0.167468905,0.172000006,0.180090994,0.192961901,0.208635896,0.226617903,0.244666904,0.263467014,0.279534906,0.293512911,0.304295987,0.313883901,0.323278904,0.332219899,0.33966589,0.344312906,0.347178906,0.347888887,0.346676886,0.341072887,0.334486902,0.325773895,0.318162888,0.3113859,0.30595991,0.30200091,0.298697889,0.296147913,0.294064909,0.2928029,0.291390896,0.290263891,0.288077891,0.286453903,0.285134912,0.284778893,0.285070896,0.286047012,0.289423913,0.293814898,0.300686896,0.307963014,0.318050891,0.329409897,0.341979891,0.355170906,0.368310899,0.380587012,0.3927899,0.402969897,0.411861897,0.421231896,0.431628913,0.446354896,0.465482891,0.488625914,0.515525818,0.544816911,0.57613188,0.605101824,0.632441878,0.654679775,0.674434781,0.68806082,0.6987288,0.70506078,0.708920717,0.711688876,0.71248889,0.713972688,0.711761773,0.709088922,0.704869926,0.700879812,0.697014809,0.690631926,0.686594784,0.680881918,0.675582826,0.670508921,0.66668582,0.661912799,0.658445776,0.654679775,0.652419806,0.650932789,0.648525894,0.647738874,0.645168781,0.643921912,0.641898871,0.639663875,0.637249887,0.633076787,0.630209923,0.62549001,0.62089783,0.615397811,0.609976888,0.60509491,0.599198818,0.594757915,0.589411914,0.585765779,0.581546903,0.578348875,0.575575829
CornWholePerten0108,Perten_DA7200,corn,Unknown,US,2006,9.483333588,10.46907997,0.116003998,0.119961999,0.126133993,0.133791,0.142673001,0.151737005,0.159471005,0.165068895,0.168123901,0.169613898,0.169732004,0.169136003,0.167808905,0.166144997,0.163569003,0.161262006,0.158558905,0.155451,0.152656004,0.150178,0.147383004,0.144526005,0.141766995,0.138841003,0.136493996,0.133599997,0.131474003,0.129259005,0.127469003,0.126001,0.125009999,0.124321997,0.124233998,0.124874003,0.126745001,0.130530998,0.137753993,0.149572998,0.164331898,0.181374893,0.198973894,0.217408896,0.234130904,0.249278903,0.261608899,0.273029894,0.284220904,0.294955909,0.304239988,0.310180903,0.313443899,0.31376189,0.311623901,0.305195987,0.297574908,0.288055897,0.279650897,0.272165895,0.266259909,0.262106895,0.258850902,0.256496012,0.254584909,0.2531569,0.251557887,0.250128895,0.247526899,0.245218903,0.243135899,0.241605893,0.240731895,0.240593895,0.242572904,0.245698899,0.251280904,0.257636905,0.266955912,0.277971894,0.290604889,0.304348886,0.318642914,0.33244589,0.345780909,0.356712908,0.366305888,0.375705898,0.384749889,0.396916986,0.412995786,0.432784885,0.456790894,0.485058904,0.516610801,0.547052801,0.576883912,0.602021873,0.62448889,0.640246928,0.652470827,0.660137773,0.665003777,0.668621779,0.670086801,0.672404885,0.671170712,0.66976893,0.667272806,0.664944887,0.662669778,0.657906771,0.65511781,0.650533915,0.64660579,0.642243803,0.639080882,0.634915888,0.631877899,0.62842083,0.626507878,0.625261784,0.623328924,0.622834921,0.620855928,0.620196879,0.618687928,0.616695821,0.614218891,0.610183895,0.606904805,0.601479888,0.596402824,0.5901528,0.584072828,0.578277826,0.571601808,0.566650927,0.560611785,0.556426823,0.551417828,0.547806799,0.544335783
CornWholePerten0109,Perten_DA7200,corn,Unknown,US,2006,13.63799953,9.440999985,0.162172005,0.167526007,0.174750999,0.182198003,0.189595997,0.197123006,0.203453004,0.207430899,0.208481997,0.209321901,0.208052903,0.205970898,0.203812897,0.201306999,0.198100999,0.194712997,0.191206902,0.187601,0.184746996,0.181319997,0.178718895,0.175614893,0.172820002,0.170200005,0.1681889,0.165620998,0.163732007,0.1621169,0.161110997,0.160303995,0.160025001,0.159706995,0.159924001,0.161307007,0.163014904,0.166645005,0.173835993,0.185731903,0.201292902,0.219194904,0.237497896,0.25542289,0.270100892,0.281976908,0.290745914,0.299394906,0.307449907,0.315737993,0.322486907,0.327129901,0.329764903,0.329367906,0.326825887,0.322165906,0.31475091,0.307096899,0.300519913,0.294540912,0.289552897,0.286076903,0.283192903,0.281561911,0.279610902,0.278664887,0.276903898,0.275786907,0.274138898,0.272126913,0.270814896,0.270335913,0.270798892,0.272614896,0.275610894,0.279670894,0.285785914,0.293833911,0.303578913,0.314662904,0.326648891,0.339103907,0.35175091,0.364247888,0.375312895,0.386057913,0.393803895,0.403254896,0.413466901,0.428088903,0.447052807,0.470663786,0.498100907,0.52638191,0.556086779,0.583341777,0.60804683,0.627864778,0.643525779,0.653679788,0.661514819,0.665894687,0.66757983,0.669571817,0.668428779,0.668843925,0.665218771,0.662930787,0.658597827,0.654258788,0.649900913,0.644606829,0.640117824,0.634224892,0.629728913,0.62396282,0.619762778,0.615451813,0.612082899,0.608982801,0.606682777,0.60499382,0.601007879,0.600570917,0.597780883,0.596415877,0.594730914,0.592115879,0.58945179,0.585135877,0.581262827,0.575402796,0.570620775,0.564440787,0.560002923,0.554087818,0.548820913,0.544798911,0.538397789,0.535195828,0.530250907,0.527667821,0.52509892
CornWholePerten0110,0,corn,Unknown,0,0,14,10.10465145,0.151152998,0.154430002,0.161926702,0.170784995,0.180285201,0.189933494,0.198771507,0.205958799,0.211125001,0.214175701,0.215378299,0.215039998,0.213460699,0.210940197,0.207599506,0.203590199,0.199294299,0.194953501,0.190750703,0.186811,0.183256701,0.180059493,0.176878497,0.173668996,0.170528799,0.1675075,0.1648148,0.162486494,0.160452202,0.158911496,0.1580102,0.157712296,0.157925203,0.158673495,0.160349205,0.163878799,0.170608699,0.181795001,0.197500795,0.216561496,0.237540498,0.258661509,0.278157711,0.295230001,0.309757292,0.322245687,0.333771795,0.344730288,0.354560494,0.362339705,0.367362499,0.369096488,0.367747486,0.363314986,0.355732292,0.346593499,0.337451011,0.329116315,0.322193295,0.316754311,0.312624812,0.309651792,0.307397008,0.305640787,0.304261506,0.302819014,0.301055998,0.299106509,0.2972745,0.295977503,0.295610786,0.296394289,0.29860279,0.302339494,0.30791831,0.315688491,0.325541288,0.337189496,0.350352794,0.364607185,0.379261494,0.393785209,0.407813788,0.420738488,0.432349294,0.443373293,0.455072492,0.469060004,0.486656994,0.50878799,0.535077512,0.56453532,0.595672727,0.626393974,0.655371726,0.680859506,0.702294827,0.71960777,0.732476175,0.741396189,0.747349024,0.751294017,0.753725171,0.755053818,0.755350828,0.754592478,0.752316177,0.74923873,0.7459445,0.742182314,0.737955988,0.733367682,0.729066312,0.72471118,0.720246971,0.716108978,0.712501824,0.709315479,0.706455827,0.704137981,0.702100277,0.700294316,0.698561311,0.696955323,0.695362687,0.693528771,0.691352189,0.688529015,0.685250998,0.681738973,0.677807272,0.673137009,0.668305516,0.663536012,0.65849632,0.653465509,0.648390472,0.643425226,0.638774514,0.634488523,0.632481515
CornWholePerten0111,0,corn,Unknown,0,0,12.10000038,8.600682259,0.107536003,0.110083498,0.116116501,0.123616502,0.132007301,0.140795499,0.148961499,0.155541703,0.1601412,0.162682295,0.163468704,0.162922204,0.161336705,0.159004495,0.156067506,0.152635798,0.149000704,0.145343795,0.141807303,0.138491496,0.1354478,0.132655993,0.129911006,0.127147302,0.124392197,0.121701703,0.119250298,0.117084198,0.115184799,0.113664299,0.112648502,0.112163,0.112134002,0.112609498,0.113939002,0.116898798,0.122630797,0.132158503,0.145467803,0.161609501,0.179530799,0.197870299,0.215123296,0.230456203,0.243563503,0.254860312,0.265403211,0.275576294,0.284819007,0.292196214,0.297029793,0.29891631,0.297983795,0.29414019,0.287322998,0.278905004,0.270364493,0.262564212,0.256053507,0.250932813,0.24707,0.2442763,0.242153496,0.240489796,0.239117995,0.237633303,0.235824704,0.233798996,0.231797203,0.230206803,0.229433298,0.229667798,0.231120005,0.233899295,0.238288,0.244622797,0.252888292,0.262900293,0.274455994,0.28722921,0.30059129,0.314028293,0.327131987,0.339176208,0.349852711,0.359736294,0.369878709,0.381741792,0.396639794,0.415484011,0.438226014,0.46459499,0.493721992,0.523707271,0.552978993,0.579642773,0.602741182,0.621718824,0.636028826,0.646085322,0.652933478,0.657558978,0.660475671,0.662086725,0.662541986,0.662012518,0.66005528,0.657182992,0.654054821,0.650529325,0.646501184,0.642064989,0.637913227,0.633695722,0.629288018,0.625212014,0.621713519,0.618671179,0.616041482,0.613958776,0.612156987,0.610650778,0.609298825,0.608030319,0.606624007,0.604874313,0.602754772,0.600009322,0.596776009,0.593295813,0.589365006,0.584611177,0.579684675,0.57484448,0.569789827,0.564769685,0.559648275,0.554727972,0.550263524,0.546127498,0.544170499
CornWholePerten0112,0,corn,Unknown,0,0,12.89999962,10.70034409,0.195476994,0.198078498,0.204175994,0.211757496,0.220061004,0.228540003,0.236276701,0.242050499,0.2455865,0.246978998,0.246712297,0.245569795,0.2438647,0.241599202,0.238697007,0.2352667,0.231625199,0.227988705,0.224465996,0.221067503,0.217989296,0.215347499,0.212916702,0.210401297,0.207674995,0.204838499,0.202046499,0.1995662,0.197552502,0.196035996,0.1950012,0.194518507,0.194560006,0.195255995,0.197041497,0.200688705,0.207480505,0.218463197,0.233888701,0.252770186,0.273233205,0.293721288,0.312933207,0.329737812,0.343902707,0.356142998,0.367684811,0.37890321,0.388919711,0.39640069,0.400743812,0.402081311,0.400258005,0.395078987,0.386970997,0.377404988,0.367913812,0.35946101,0.352648497,0.347645789,0.343924314,0.341153503,0.339283288,0.337747008,0.336176992,0.33458221,0.332915515,0.331046492,0.329356015,0.328395188,0.328466713,0.329771012,0.332619995,0.337204993,0.343566686,0.351925314,0.362364292,0.374572188,0.388132006,0.402728707,0.417617708,0.432450712,0.446588814,0.459335208,0.471071214,0.482435495,0.495007187,0.510511994,0.529521823,0.551765025,0.576948822,0.604371488,0.632282972,0.658638477,0.682407677,0.702791512,0.718965828,0.731287479,0.74029398,0.746725023,0.751086175,0.754173517,0.75631851,0.75710398,0.756892979,0.75602603,0.754535973,0.75218302,0.749457777,0.746575475,0.74364531,0.740581811,0.736794174,0.732816219,0.729314685,0.726450026,0.724291027,0.722501516,0.720527172,0.718676984,0.716951489,0.715465188,0.714386225,0.712994993,0.711184681,0.708964527,0.706463814,0.703650177,0.700478494,0.697011828,0.6931265,0.689242482,0.685337186,0.681479275,0.677587509,0.673814774,0.67058152,0.667437673,0.664200187,0.660350502,0.65812552
CornWholePerten0113,0,corn,Unknown,0,0,13.30000019,10.40369129,0.225497499,0.228048995,0.234110996,0.241719201,0.25003171,0.258517504,0.266260713,0.272012711,0.27545169,0.276660502,0.276154012,0.274757713,0.272824496,0.270298988,0.26708281,0.263325214,0.259375811,0.255427212,0.251565188,0.247843698,0.244517297,0.241683498,0.239049301,0.236340702,0.233402297,0.230285302,0.227221996,0.2245235,0.2223178,0.220609203,0.2193975,0.218782201,0.218707994,0.219264999,0.220888302,0.224428698,0.231248006,0.242494002,0.258508712,0.278257787,0.299751312,0.321319014,0.341555208,0.35926351,0.374199987,0.387104988,0.399295688,0.411206514,0.421898007,0.429900795,0.434493512,0.435773492,0.433683008,0.428044707,0.419212788,0.408754498,0.398415506,0.389305294,0.382031292,0.376691014,0.37266779,0.369688511,0.367697001,0.36603269,0.364347994,0.362625003,0.360793501,0.358812004,0.357077509,0.356054008,0.356131494,0.357566506,0.360629499,0.365533501,0.372298509,0.381138295,0.392175287,0.405090004,0.41939649,0.434717208,0.450269789,0.465785712,0.480583787,0.4939515,0.506477475,0.51875782,0.532245278,0.548803687,0.569060504,0.592550278,0.618959189,0.647549272,0.676395774,0.703476489,0.72775799,0.748374224,0.764694274,0.777376175,0.786852181,0.793615222,0.798196495,0.801379025,0.803451479,0.804238677,0.804180682,0.803340316,0.80182147,0.799587011,0.796935678,0.793973506,0.791134,0.788263977,0.784460723,0.780575991,0.777271509,0.774381816,0.772138,0.77031517,0.768294275,0.766447723,0.764743328,0.763151228,0.761892021,0.76043731,0.758763492,0.756742001,0.754293323,0.751376271,0.74805069,0.744413972,0.740346015,0.736231327,0.732024312,0.727837503,0.723600984,0.71940577,0.715715528,0.712104976,0.708278775,0.703740001,0.701164007
CornWholePerten0114,Perten_DA7200,corn,Unknown,0,2007,9.279999733,8.785273552,0.158846498,0.1612892,0.167118505,0.174495801,0.182842702,0.191501498,0.199538007,0.205898494,0.210052505,0.212014496,0.212354198,0.2117192,0.210173205,0.207904205,0.205194205,0.202240005,0.199096993,0.195830494,0.192532301,0.189331204,0.186311498,0.183330298,0.180328801,0.177328497,0.174411699,0.171637297,0.169063494,0.166775703,0.164747998,0.163098797,0.161880299,0.160970703,0.160488799,0.160515994,0.161227301,0.1633095,0.167878702,0.176029503,0.188025698,0.203017205,0.219946995,0.237747297,0.255308211,0.271723986,0.286240488,0.299044311,0.311014205,0.322508007,0.333023995,0.341507793,0.347056687,0.349395812,0.348540992,0.344574511,0.337756187,0.329151988,0.320192009,0.311864287,0.304775208,0.29914701,0.295023501,0.291966707,0.289630503,0.287835985,0.286172003,0.284451515,0.282471001,0.280016512,0.277476788,0.27538529,0.274051189,0.273792505,0.274760991,0.277266294,0.281571001,0.287693501,0.295849294,0.306212992,0.318437994,0.33204481,0.346598715,0.361360014,0.375583708,0.388587505,0.400220811,0.411065787,0.421985,0.434355289,0.450210989,0.47082299,0.496086687,0.525967002,0.559829176,0.595887005,0.631913722,0.665566504,0.694630325,0.718111992,0.735748828,0.747949004,0.756417513,0.762258172,0.765914321,0.76805383,0.769126177,0.768588007,0.766749501,0.764043987,0.760489821,0.756764472,0.752661824,0.748078525,0.743474186,0.739185274,0.735019505,0.730965972,0.727242827,0.72399199,0.721398175,0.719488025,0.718122721,0.716638029,0.715407312,0.71415931,0.712247312,0.710167527,0.707671225,0.704306483,0.699986816,0.695065022,0.689386487,0.682984829,0.676157177,0.668985486,0.66223228,0.655824781,0.649470329,0.643358529,0.637631476,0.632272184,0.629635513
CornWholePerten0115,Perten_DA7200,corn,Unknown,0,2007,10.30000019,9.799330711,0.286200494,0.287571311,0.291022509,0.295502812,0.300700814,0.306225985,0.310849786,0.313908786,0.315667212,0.316240996,0.315983206,0.315176815,0.313966811,0.312400997,0.310269505,0.307922006,0.305595011,0.303185314,0.300715208,0.298388004,0.29617551,0.293838292,0.29147169,0.289303005,0.287181497,0.285117507,0.283270687,0.28150171,0.279937208,0.278687507,0.277776003,0.27720651,0.276948512,0.277164787,0.278319687,0.28119579,0.28662619,0.29502219,0.306238502,0.319579512,0.334121496,0.348935515,0.362956494,0.375364214,0.386006206,0.395603508,0.404976189,0.413985491,0.421438485,0.426466495,0.429033995,0.429196,0.426651001,0.421294212,0.413926005,0.405813187,0.398061514,0.391326189,0.38601321,0.381925315,0.378806293,0.376538485,0.374888688,0.373564512,0.372040689,0.370130509,0.367985994,0.365634501,0.363459706,0.361976713,0.361317813,0.361711294,0.363229513,0.366157711,0.370784998,0.377109289,0.385149002,0.394900292,0.406171501,0.418391794,0.431089491,0.443734288,0.455422491,0.46571821,0.474910289,0.483692497,0.49369669,0.50616318,0.521757484,0.540600002,0.562756777,0.588577271,0.616280973,0.643772185,0.669371009,0.691721976,0.709930778,0.723316729,0.732477009,0.738696992,0.743089974,0.745894492,0.747254491,0.747430027,0.74696368,0.74540782,0.742523491,0.739403486,0.73614949,0.732595027,0.72860527,0.724546671,0.720535815,0.716526985,0.712859988,0.709583998,0.706735671,0.70419848,0.702197492,0.700650275,0.699362278,0.698128521,0.696780324,0.695242822,0.693435013,0.691361487,0.688820005,0.685830772,0.682028174,0.677649498,0.672797978,0.667272985,0.66176182,0.656391978,0.651338816,0.646805227,0.642953992,0.639303327,0.635113776,0.631248772,0.629590511
CornWholePerten0116,Perten_DA7200,corn,Unknown,0,2007,10.69999981,13.00111961,0.370305985,0.372022003,0.376173496,0.381393999,0.387326211,0.39346531,0.398543,0.401841492,0.403579712,0.403889209,0.403264791,0.40211001,0.40064919,0.398941189,0.396639288,0.394112796,0.391594291,0.388928711,0.38615799,0.383519709,0.380980313,0.378259212,0.375475794,0.372935206,0.370496005,0.368211687,0.366248012,0.36437431,0.362758786,0.361498505,0.360587508,0.360035002,0.359814286,0.360156685,0.361608207,0.365083993,0.371552497,0.381358713,0.394166499,0.40902701,0.424807787,0.440591008,0.455404311,0.468515813,0.479728013,0.489636689,0.499029189,0.507831812,0.514864504,0.519351721,0.521479189,0.521396816,0.518787026,0.513571501,0.506504178,0.498688996,0.491178215,0.484557211,0.47922349,0.475047708,0.471803993,0.469405294,0.467691004,0.466398686,0.464901209,0.462956011,0.460763991,0.458323002,0.456041515,0.454515487,0.453846812,0.454334289,0.456021786,0.459152311,0.464055508,0.470740706,0.479169995,0.489266008,0.50088048,0.513390482,0.526276827,0.538997829,0.55058682,0.560639501,0.569491684,0.577745318,0.587064028,0.598743677,0.613272727,0.630527496,0.650344729,0.672969222,0.696895778,0.720562816,0.742553175,0.761713028,0.77733469,0.78870523,0.796443224,0.80184269,0.805754483,0.808219671,0.809466183,0.809675813,0.809234977,0.807741225,0.804999173,0.802117229,0.799222827,0.795994222,0.7922225,0.788378179,0.78468281,0.781054318,0.777601779,0.774399519,0.771728516,0.769459486,0.767629981,0.766183317,0.765071988,0.764013827,0.762710989,0.761225998,0.75965631,0.757877529,0.755601227,0.753063321,0.749929488,0.746305525,0.742263973,0.73755151,0.732816219,0.728185177,0.723892272,0.720213175,0.717261314,0.714272976,0.710446,0.706971824,0.705558479
CornWholePerten0117,Perten_DA7200,corn,Unknown,0,2007,13.19999981,12.0852499,0.180492997,0.183232695,0.1888749,0.194660202,0.2003925,0.205619693,0.2094547,0.211488694,0.212358698,0.212553904,0.211949602,0.210853905,0.209514201,0.207933202,0.206009701,0.203657702,0.201070502,0.198518798,0.195990697,0.193295196,0.1904549,0.187495694,0.184541196,0.181895196,0.179631501,0.177549705,0.175690398,0.174279705,0.173368901,0.172870204,0.172661707,0.172719702,0.173435494,0.175073996,0.178073004,0.183779702,0.193650693,0.207942501,0.225288004,0.244047701,0.263138413,0.28138569,0.297362089,0.310012192,0.319616109,0.32814461,0.337261885,0.346544713,0.354078412,0.358790189,0.361053586,0.360948414,0.357827902,0.350801408,0.340153396,0.328339696,0.317866892,0.309429109,0.302965611,0.298177689,0.294566393,0.29176721,0.289552391,0.287754893,0.286043912,0.284238905,0.282247394,0.280280888,0.278892011,0.278491199,0.279279113,0.281348586,0.284610212,0.289203107,0.295649409,0.303985894,0.313887388,0.324981391,0.336952895,0.349569112,0.362473786,0.375216901,0.387297392,0.398075402,0.40815869,0.419430405,0.433178097,0.450466305,0.471519887,0.495634913,0.522479177,0.551831126,0.582050681,0.610384524,0.635099888,0.655695081,0.671873808,0.683740974,0.692054093,0.697235107,0.700505078,0.702656984,0.703663528,0.703413129,0.70153141,0.698593617,0.694819987,0.690525293,0.685810983,0.680769622,0.675757289,0.670699775,0.66569078,0.660801411,0.656337619,0.652423322,0.64914912,0.646383286,0.644196272,0.642028093,0.639467776,0.637371302,0.635604084,0.633808076,0.631704271,0.629194617,0.626122475,0.622221291,0.617549598,0.612226605,0.606698394,0.601142585,0.595607102,0.590020418,0.584907889,0.580158413,0.575301588,0.571085095,0.567600489,0.564841807,0.563726425
CornWholePerten0118,Perten_DA7200,corn,Unknown,0,2007,9.729999542,12.42938042,0.153747499,0.156386405,0.162206501,0.1686268,0.175239205,0.181677893,0.186712906,0.189602703,0.191009998,0.191528693,0.191127196,0.190138698,0.188810796,0.187152505,0.185165703,0.182787702,0.180099204,0.177354395,0.174754903,0.172164396,0.169481903,0.166651204,0.163732693,0.161109701,0.158805296,0.156559795,0.154491201,0.152818993,0.151570797,0.150630504,0.149911702,0.149522707,0.149812207,0.150939196,0.153306693,0.158137694,0.166862503,0.179895297,0.196007207,0.213603705,0.231600702,0.248963699,0.264667898,0.278079897,0.289418608,0.299907386,0.310483694,0.320660889,0.328833193,0.333895713,0.335913897,0.335143596,0.331388891,0.324164897,0.314109206,0.303380907,0.293874204,0.286101908,0.280072898,0.275676191,0.272502393,0.270057887,0.268138588,0.266605586,0.26502189,0.263181686,0.260974407,0.258594185,0.256600589,0.255436897,0.255389899,0.256666213,0.259185106,0.26300469,0.268716186,0.276432395,0.285877407,0.296932191,0.309339196,0.322755903,0.336849392,0.350932896,0.364144087,0.375650108,0.385822386,0.396435112,0.408908188,0.424422085,0.443828195,0.467167109,0.4940539,0.524359584,0.556868076,0.588859916,0.618355274,0.64419049,0.665159822,0.68098098,0.692525089,0.700247288,0.70532161,0.7088328,0.71093291,0.711588323,0.710706115,0.70882827,0.706070125,0.702800572,0.699196816,0.695205092,0.690894783,0.686310291,0.681809485,0.677415788,0.673209488,0.669225812,0.665725112,0.662861526,0.660677314,0.658545613,0.656231582,0.654501915,0.653189778,0.651778817,0.649807572,0.647260606,0.644039929,0.639835298,0.634441614,0.628104806,0.621479392,0.614660919,0.607699871,0.600833118,0.594824076,0.589154124,0.583168924,0.577782989,0.573114812,0.569351912,0.56781888
CornWholePerten0119,Perten_DA7200,corn,Unknown,0,2007,15.5,10.03549957,0.1843815,0.188404903,0.1967697,0.205021694,0.212544903,0.219239697,0.224357396,0.227304101,0.228498697,0.228503898,0.227484003,0.225771695,0.223537102,0.2209557,0.218125194,0.214900702,0.211339697,0.207817704,0.204556495,0.201368704,0.198218703,0.195135206,0.192171693,0.189538702,0.187204704,0.1850705,0.183365196,0.182156906,0.181357101,0.180992901,0.180953696,0.181141406,0.181894198,0.183446795,0.186156496,0.191260994,0.200407699,0.214344204,0.2320465,0.251685709,0.271650404,0.2903139,0.306222588,0.319110692,0.329945087,0.339878589,0.349316686,0.357949615,0.364839912,0.369236589,0.370975405,0.369906187,0.366151393,0.359935403,0.351885408,0.343624085,0.33645761,0.330512106,0.325888693,0.322620899,0.32035619,0.318649113,0.317226589,0.315994412,0.314682186,0.313203901,0.311537892,0.309943706,0.308973193,0.30898419,0.310226411,0.31291911,0.316969395,0.322429687,0.329858393,0.339340687,0.35046491,0.362804115,0.375841409,0.389076889,0.4021492,0.414592892,0.426142693,0.436447412,0.44593069,0.45637691,0.469326913,0.486259103,0.50822711,0.534833312,0.564200878,0.594481885,0.623967111,0.65063262,0.673413098,0.691937804,0.705974579,0.715990782,0.723033607,0.727492213,0.730269074,0.732165575,0.733115077,0.732944071,0.73143512,0.72900182,0.725887477,0.722150981,0.717757523,0.713266075,0.708858311,0.704194486,0.699603796,0.695130825,0.690927804,0.687280119,0.68426162,0.681633115,0.679453611,0.677232981,0.674803972,0.672890782,0.67117238,0.669327319,0.667167485,0.664751828,0.662048578,0.658669829,0.654447794,0.649511814,0.644415081,0.639435113,0.634557784,0.629560113,0.624931872,0.620407403,0.615648925,0.611595929,0.608060896,0.605145097,0.603993416
CornWholePerten0120,Perten_DA7200,corn,Unknown,0,2007,12.22000027,11.17566967,0.119478501,0.121077299,0.124718003,0.129201204,0.134418994,0.139988795,0.145033494,0.148735002,0.151078194,0.152357698,0.152576,0.151953295,0.150911704,0.149583295,0.147870705,0.145741299,0.143343002,0.140967503,0.138699204,0.136364803,0.133957505,0.131464496,0.128875494,0.126474798,0.124328502,0.122318797,0.120615497,0.119245201,0.118106499,0.117266998,0.116758503,0.116523497,0.116733,0.117585003,0.119299203,0.122674502,0.128901005,0.138736501,0.151765302,0.166843996,0.1829575,0.199086204,0.214140505,0.227114201,0.237591907,0.2464872,0.255238712,0.264234692,0.272299886,0.27811721,0.28136909,0.282232404,0.280617893,0.275826395,0.267808408,0.258271188,0.249184102,0.241406694,0.235224694,0.230579406,0.227121398,0.224495098,0.222449899,0.220781907,0.219278693,0.217841402,0.216225401,0.214427903,0.212927401,0.212127402,0.212246403,0.213397399,0.215549395,0.218857601,0.223764896,0.230396405,0.238572896,0.248132706,0.258827686,0.270343393,0.282423407,0.294655889,0.30648309,0.317235589,0.327007711,0.337116689,0.348792911,0.363411397,0.382031411,0.40454939,0.43044889,0.459456414,0.490811408,0.522230327,0.551349521,0.576897323,0.598100781,0.614706576,0.627265275,0.636086583,0.641957879,0.645819426,0.648056626,0.648888111,0.648171485,0.646345019,0.643464804,0.639769912,0.635692895,0.631142914,0.626248896,0.621137619,0.615954816,0.610831916,0.606037915,0.601722777,0.597961605,0.594877601,0.592483819,0.58995527,0.587290108,0.585323095,0.583571971,0.581925273,0.580203891,0.57787168,0.574769378,0.570868194,0.566116929,0.560427487,0.55427438,0.547988713,0.541648626,0.535175622,0.528922081,0.522916079,0.516982615,0.511673629,0.506892085,0.50288862,0.501224279
CornWholePerten0121,Perten_DA7200,corn,Unknown,0,2007,10.13000011,11.09379959,0.158291504,0.160393506,0.165296003,0.171489999,0.178878203,0.186875701,0.194251001,0.199695006,0.203137904,0.205258697,0.205839604,0.205200896,0.204081893,0.2025024,0.200337395,0.197640702,0.194600001,0.191554695,0.188630194,0.185679197,0.182769403,0.179929197,0.177072704,0.1743467,0.171794295,0.169349507,0.167175904,0.165375099,0.163887903,0.162679493,0.161753297,0.161060199,0.160872996,0.161485702,0.163050205,0.166597694,0.173650205,0.184812501,0.199415997,0.216115505,0.233620703,0.250837892,0.266729891,0.280651689,0.292822689,0.303970188,0.314588398,0.324563891,0.332905114,0.338678807,0.341588914,0.341587693,0.338869691,0.33347109,0.325752914,0.3172144,0.309286892,0.302361399,0.296644896,0.292312712,0.289197385,0.286928088,0.285178691,0.28370291,0.282219112,0.28059119,0.27855441,0.276173413,0.274056405,0.272636712,0.272194892,0.272918403,0.274819613,0.278104186,0.28321439,0.290274411,0.299101889,0.309521198,0.321321696,0.334096402,0.347453892,0.360817611,0.373385191,0.384424686,0.394002587,0.40335089,0.413640589,0.426195413,0.442287594,0.46220091,0.485266089,0.510715306,0.537814975,0.564902127,0.590194106,0.612465799,0.630719602,0.644636571,0.654936373,0.662108421,0.666877329,0.669988215,0.671663523,0.672176302,0.671532989,0.670178294,0.668210983,0.665787816,0.663119614,0.660106123,0.656764329,0.653083801,0.649319887,0.645524085,0.641792715,0.638422728,0.635692418,0.633451521,0.631667078,0.629866302,0.627915084,0.626475275,0.625248373,0.624165416,0.623001874,0.62127173,0.618777394,0.615536571,0.611556411,0.606678784,0.601319075,0.595866919,0.590438902,0.584993899,0.57989192,0.574771583,0.569465578,0.56488061,0.560819924,0.557404399,0.556002379
CornWholePerten0122,Perten_DA7200,corn,Unknown,0,2007,13.19999981,12.90322971,0.205232903,0.207968399,0.214103907,0.221194401,0.228706405,0.235964999,0.242189199,0.246880695,0.2498772,0.251349211,0.251648188,0.251281411,0.250415415,0.249009207,0.247091904,0.244708896,0.242029399,0.239218995,0.236266196,0.233252704,0.230200902,0.227025703,0.223756194,0.220632702,0.217951,0.215607196,0.213524401,0.211790204,0.210500702,0.209674895,0.209299699,0.209447399,0.210274905,0.211893901,0.2148377,0.220421195,0.229940504,0.243866503,0.261529207,0.281602711,0.302667409,0.323360413,0.342284411,0.358123213,0.370793909,0.381953895,0.393009186,0.403888106,0.413352102,0.420119911,0.423986614,0.425081909,0.42275089,0.41606319,0.405695111,0.393757612,0.382358193,0.372786194,0.365276188,0.359526396,0.35514009,0.351717889,0.349154115,0.347326696,0.345699698,0.34393841,0.341943085,0.339892387,0.338209391,0.337521404,0.337942213,0.339213193,0.341843396,0.346225888,0.352419406,0.360651106,0.37074241,0.382376909,0.395356387,0.40900591,0.422978103,0.436913103,0.450088412,0.462303907,0.474038392,0.486061394,0.499409586,0.515484929,0.534504712,0.555957615,0.579881609,0.60638392,0.634076893,0.660492897,0.684096098,0.704235375,0.720788419,0.733719111,0.743197024,0.749616027,0.753703475,0.75610441,0.757276475,0.757471025,0.756723106,0.755057573,0.752334118,0.749557614,0.746508777,0.742386818,0.73789382,0.733372927,0.729187608,0.72544992,0.72177428,0.717929304,0.71491462,0.712755323,0.710232019,0.707693577,0.705501974,0.703558028,0.70166862,0.699882984,0.698047817,0.695710123,0.692975283,0.68967253,0.685941815,0.681761622,0.676938295,0.671907485,0.666962802,0.662194312,0.6575073,0.653254807,0.649419427,0.645741284,0.642481089,0.64011538,0.639261782
CornWholePerten0123,Perten_DA7200,corn,Unknown,0,2007,13.39999962,12.64433956,0.159318,0.162268296,0.168878704,0.176523298,0.184587002,0.192382902,0.199090004,0.204063997,0.207097694,0.208517194,0.208800703,0.208351895,0.207322195,0.205739901,0.203642905,0.201088697,0.198282599,0.195382699,0.192404896,0.189493895,0.186625496,0.183645695,0.180576399,0.177617699,0.175049007,0.172790796,0.1707495,0.169041902,0.167768002,0.166944504,0.166558504,0.166652799,0.167374,0.168863207,0.171647206,0.176966205,0.186048001,0.199269205,0.215867698,0.234493002,0.253791004,0.272518694,0.289610714,0.304370612,0.316924691,0.328207612,0.338854909,0.348743111,0.35702759,0.362721711,0.365559906,0.365657985,0.362878203,0.356985688,0.348711908,0.339567214,0.330897689,0.323498398,0.317591906,0.313081414,0.3097139,0.307165712,0.305308193,0.303998888,0.302758694,0.301304609,0.299524397,0.297570109,0.295939088,0.295249611,0.295608401,0.296830714,0.299410611,0.303731889,0.309827089,0.317833185,0.327627391,0.338996887,0.351682395,0.36498189,0.378514409,0.391848713,0.40428859,0.415632904,0.426242411,0.436868906,0.448663086,0.463182598,0.481133789,0.502452612,0.526791394,0.553593218,0.581503928,0.608481288,0.633134127,0.654526472,0.672216773,0.686172724,0.696568012,0.703755319,0.708500624,0.711492598,0.713147819,0.713739574,0.713427484,0.712207079,0.709921122,0.707568586,0.704853118,0.700992823,0.696736276,0.692398787,0.688371778,0.684662819,0.680883586,0.677058578,0.674112618,0.671882629,0.669288993,0.666816115,0.664708912,0.662822783,0.661043525,0.659326315,0.657423079,0.655000925,0.652193725,0.648718894,0.64466542,0.640042603,0.634731889,0.629167914,0.623623371,0.618323088,0.613174081,0.608350098,0.603913128,0.599714577,0.595937789,0.592912316,0.591668785
CornWholePerten0124,Perten_DA7200,corn,Unknown,0,2007,10.57999992,11.25028038,0.167022005,0.169654295,0.175718501,0.183113694,0.191381395,0.199626997,0.206710398,0.212004602,0.215360701,0.217021003,0.217423201,0.216999695,0.215901896,0.214219898,0.212101698,0.209566698,0.206719399,0.203779906,0.200865999,0.198004499,0.195168704,0.192323998,0.189394996,0.186517999,0.183948994,0.181677207,0.179623202,0.177765697,0.176252902,0.175167397,0.174513996,0.1742232,0.174473003,0.175538197,0.177810997,0.182445899,0.190565497,0.202658206,0.218134403,0.235530704,0.253627896,0.271519214,0.288295686,0.30319491,0.316056699,0.327625185,0.338518888,0.348554105,0.356927693,0.362716407,0.365619212,0.365721405,0.363038689,0.357460588,0.349687904,0.341195911,0.333150387,0.326105893,0.32036671,0.316086412,0.312872708,0.310384691,0.308747411,0.307519406,0.30600661,0.304338694,0.302387208,0.300003409,0.29801771,0.297133893,0.296871394,0.297262609,0.299470902,0.303381413,0.308640689,0.316106409,0.325774491,0.336674213,0.348817706,0.362322211,0.376125395,0.389011413,0.401115388,0.412761688,0.423107892,0.432366401,0.4428159,0.456348598,0.47274679,0.492086113,0.515291214,0.541847587,0.56951642,0.596481919,0.622424781,0.64597249,0.665064871,0.679518819,0.690796971,0.699427486,0.704809487,0.70743829,0.709099114,0.710736811,0.711291313,0.709802806,0.707241774,0.705717981,0.70421201,0.700539291,0.695644796,0.691320479,0.688441277,0.685749471,0.681656599,0.677030623,0.674299121,0.673113525,0.671110272,0.668375313,0.665924072,0.664590776,0.664060295,0.66284281,0.660278678,0.657260776,0.654946029,0.652578771,0.649155915,0.644083977,0.637829781,0.63215071,0.62727809,0.622427702,0.616835415,0.611109614,0.606263101,0.602199614,0.598765373,0.595599711,0.594026387
CornWholePerten0125,Perten_DA7200,corn,Unknown,0,2007,9.300000191,9.977949143,0.125145495,0.127749696,0.133919999,0.141731694,0.150609493,0.159542203,0.167240799,0.172834501,0.176170006,0.177692205,0.177936301,0.177289993,0.175972402,0.174032196,0.171633706,0.169047698,0.166248694,0.163268998,0.160406202,0.157708496,0.154953495,0.152123496,0.149247497,0.146427795,0.143755496,0.141164497,0.138779298,0.136642799,0.134804502,0.133357301,0.132294506,0.131648198,0.131542698,0.132257506,0.134273499,0.138450295,0.146006301,0.157495797,0.172220796,0.188978702,0.206778005,0.224639699,0.241375893,0.256215215,0.269119114,0.280844897,0.292082906,0.302623391,0.311487913,0.31766519,0.320905894,0.32134521,0.31872341,0.313092709,0.3054232,0.296819687,0.288480192,0.281204611,0.275328189,0.270964414,0.267747194,0.265292108,0.263410896,0.261855692,0.260317385,0.258482397,0.256193608,0.253814191,0.251747906,0.250190914,0.249302506,0.249515697,0.251303196,0.254817694,0.260041714,0.267015189,0.276096404,0.287218392,0.29990989,0.31366691,0.327784687,0.341641694,0.354513913,0.365720689,0.375589192,0.384882689,0.394690186,0.40696761,0.422947407,0.442843914,0.466800213,0.494592905,0.524652124,0.554709077,0.582908809,0.607904613,0.628728271,0.644739628,0.656283021,0.664038777,0.669026971,0.672217786,0.674263477,0.675355971,0.674947619,0.673340976,0.671187818,0.66893661,0.666163802,0.662607312,0.658953786,0.655027807,0.650868297,0.646992624,0.64328903,0.639622986,0.63623178,0.633330524,0.631239593,0.62962991,0.628163219,0.626913428,0.625656605,0.624496102,0.623088419,0.621117115,0.618400276,0.614945412,0.611016989,0.606291413,0.600842714,0.59496671,0.589033127,0.583128572,0.577250123,0.571691096,0.566470623,0.561686277,0.557286918,0.553391099,0.551633298
CornWholePerten0126,Perten_DA7200,corn,Unknown,0,2007,15.06000042,9.229999542,0.139541999,0.145699099,0.153475896,0.161560506,0.169633001,0.177072704,0.183253393,0.187763497,0.1902605,0.191165403,0.190943897,0.189653695,0.187798306,0.185386807,0.182687804,0.179676399,0.176350802,0.173068196,0.169832394,0.166763797,0.163759694,0.160768494,0.1579393,0.155168697,0.152613401,0.150368005,0.148555696,0.147072896,0.145988703,0.145440206,0.145252198,0.145534903,0.146094799,0.147231102,0.149478599,0.153876603,0.161836207,0.174415201,0.190925703,0.209797904,0.229569301,0.248299405,0.264712989,0.278551608,0.290207803,0.300487608,0.310307801,0.319494188,0.327266604,0.332605302,0.335194588,0.335015804,0.332087398,0.326632708,0.319239408,0.311574012,0.304434001,0.298368603,0.293551892,0.289928198,0.287440389,0.285606802,0.284193903,0.283129811,0.28206709,0.280838192,0.279447496,0.27800101,0.276967704,0.276687592,0.27748701,0.279497713,0.282943487,0.288159788,0.295077592,0.303794086,0.3142654,0.326281905,0.339071304,0.352136314,0.365025193,0.377377003,0.389095813,0.399541915,0.409318209,0.419405103,0.431568086,0.447623104,0.468653202,0.494096398,0.522774816,0.553048372,0.583303213,0.611308575,0.636150897,0.65697372,0.673534215,0.685945988,0.694846094,0.700809777,0.704801619,0.707130909,0.708663702,0.70931989,0.70839262,0.706303477,0.703236282,0.699380994,0.695338786,0.690898597,0.686327875,0.681750894,0.677298307,0.672801971,0.668465912,0.66455698,0.661299527,0.658270776,0.655773521,0.653422475,0.651482284,0.649629414,0.647678614,0.64583528,0.643893719,0.641453981,0.638901472,0.635589182,0.631594002,0.626857817,0.62197721,0.616553426,0.61114049,0.60564059,0.600105286,0.594826281,0.589942992,0.585338771,0.581070483,0.577301383,0.574095786
CornWholePerten0127,Perten_DA7200,corn,Unknown,0,2007,14.32999992,9.06000042,0.161910802,0.168117106,0.175830305,0.184430704,0.193025798,0.200974301,0.207928494,0.212689593,0.2156782,0.216718704,0.216596499,0.215472505,0.2135562,0.211201295,0.208434805,0.2053639,0.202091202,0.198605299,0.195408806,0.192196295,0.189120695,0.186014995,0.182966501,0.180156499,0.1774472,0.175086707,0.173206002,0.1715381,0.170450106,0.169751301,0.169532195,0.169745103,0.170274898,0.171419993,0.173640505,0.178149104,0.186516106,0.199570701,0.216920197,0.236719102,0.257799894,0.277677715,0.295425713,0.310491413,0.322934896,0.334088385,0.344702512,0.354876906,0.363474608,0.369332701,0.372249991,0.372147799,0.369198501,0.363197506,0.354989797,0.346457988,0.338402987,0.331687391,0.32628271,0.322303087,0.319560796,0.317534298,0.316041887,0.31478861,0.313631207,0.312319905,0.310688913,0.309085995,0.307728112,0.307322502,0.307984591,0.309937686,0.313470215,0.318730712,0.325984389,0.335162908,0.346259594,0.358908296,0.372494489,0.38660869,0.400371492,0.413924694,0.426603705,0.437823802,0.448361307,0.458910406,0.471914798,0.488449305,0.510201275,0.536517084,0.566064715,0.59770298,0.629319489,0.659077227,0.685123205,0.707011282,0.72445643,0.737242222,0.746623218,0.752779305,0.756992877,0.759681881,0.761285186,0.761987984,0.760957778,0.759294987,0.755592227,0.751925886,0.748024881,0.743440688,0.739046812,0.73419261,0.72995007,0.725197792,0.72091049,0.717023373,0.713502228,0.710855424,0.707893729,0.706064522,0.704048991,0.702185214,0.700563073,0.698553383,0.696975291,0.694145322,0.692036986,0.688342571,0.68448168,0.679749072,0.674413323,0.669461012,0.66360271,0.658527196,0.652550519,0.647375524,0.64220041,0.637345314,0.63320142,0.629113376,0.626369894
CornWholePerten0128,Perten_DA7200,corn,Unknown,0,2007,14.07999992,8.869999886,0.117366001,0.122475103,0.129029006,0.136057198,0.143060505,0.149656996,0.155315593,0.159252301,0.161510602,0.162292898,0.162153795,0.1611536,0.159590304,0.157683998,0.155268997,0.152699798,0.149993807,0.147128403,0.144420102,0.141750693,0.139169797,0.136646807,0.134127304,0.131775707,0.129433006,0.127494603,0.125794798,0.124412298,0.1234449,0.122825503,0.122650497,0.1228652,0.123318397,0.124315098,0.126183793,0.130045503,0.137081996,0.1481314,0.162498906,0.178906307,0.196220994,0.212750301,0.227375597,0.239847794,0.250109702,0.259190112,0.268014491,0.276429415,0.283592612,0.288450092,0.290801495,0.290877789,0.288486809,0.283493787,0.276671588,0.269511491,0.262818992,0.257191002,0.252752811,0.249429599,0.247052595,0.245375499,0.244143993,0.243141502,0.242238,0.241172895,0.2397843,0.238444999,0.237445295,0.237004399,0.237520307,0.239124298,0.242000803,0.246329099,0.252148002,0.259656787,0.268714398,0.279129893,0.290484786,0.302135587,0.313764989,0.325157791,0.335831314,0.345291913,0.354090393,0.363061905,0.373814106,0.387782693,0.406147599,0.428436786,0.453895986,0.481713802,0.510205329,0.537270606,0.561667919,0.582393706,0.599174678,0.611917675,0.6209144,0.627095282,0.631310105,0.633912623,0.635282278,0.635902405,0.63522321,0.633274078,0.630337298,0.626931489,0.623097479,0.618963122,0.614500284,0.610263288,0.606077015,0.601470113,0.597361624,0.593617618,0.590530276,0.587876678,0.585537672,0.58338809,0.58145678,0.579769492,0.57817179,0.57643801,0.574528515,0.572389424,0.569992125,0.566722095,0.562874019,0.558350384,0.553323925,0.547989488,0.542624116,0.537469327,0.532184422,0.527275622,0.522419691,0.51796329,0.51391691,0.510267973,0.507442474
CornWholePerten0129,Perten_DA7200,corn,Unknown,0,2007,14.52999973,8.340000153,0.123560697,0.129135102,0.136278793,0.143957794,0.151615098,0.158710301,0.164754197,0.169012904,0.171372801,0.172208905,0.171981201,0.170880705,0.169066399,0.166835606,0.164285898,0.161487505,0.158399299,0.155272499,0.152270898,0.149408504,0.1466254,0.143842593,0.141137898,0.138539597,0.136078507,0.1339183,0.1320972,0.130597398,0.129498497,0.128919303,0.128678799,0.128835395,0.129314005,0.130406693,0.132473707,0.136584505,0.144220203,0.155990601,0.171488494,0.189254895,0.207857698,0.225626797,0.241273299,0.254518807,0.265492588,0.275099188,0.284450114,0.29328379,0.300855309,0.306074411,0.308714688,0.308710814,0.306134403,0.300973505,0.293792903,0.28623119,0.279177994,0.273162514,0.268422902,0.264905393,0.262411594,0.260633498,0.259216398,0.258141786,0.257093608,0.255939812,0.254440099,0.252919406,0.251881301,0.251457214,0.252030104,0.253815115,0.256941289,0.261671394,0.268066496,0.276231587,0.28605631,0.297352403,0.309544712,0.322171509,0.334611803,0.346789807,0.358199,0.368290097,0.377602398,0.387108505,0.398681611,0.413694888,0.433400691,0.457460314,0.484829009,0.514277399,0.544320583,0.572565019,0.597988784,0.619450271,0.636671901,0.649741828,0.659086287,0.665469587,0.66965729,0.672369421,0.67366159,0.674267829,0.673608482,0.671399117,0.668304682,0.664411902,0.660642922,0.656184316,0.651569009,0.647004426,0.64245981,0.637898803,0.633562386,0.629736006,0.626553774,0.62378192,0.621437073,0.619105399,0.617272496,0.615536571,0.61395669,0.612139225,0.610147119,0.608081222,0.605387628,0.602200925,0.598080874,0.593367517,0.588190079,0.582670927,0.577218413,0.571603775,0.566326678,0.560985088,0.556089282,0.551333785,0.547477901,0.54374361,0.540292919
CornWholePerten0130,Perten_DA7200,corn,Unknown,0,2007,14.73999977,9.380000114,0.126146898,0.131688997,0.138525799,0.145736501,0.152664498,0.1591288,0.164451107,0.168319404,0.170394301,0.170967594,0.170663804,0.1694552,0.167703897,0.165541694,0.163061902,0.160367206,0.157397807,0.154526204,0.151642203,0.1489418,0.14632,0.143658102,0.141095102,0.138610899,0.136336297,0.134367302,0.132732198,0.131454796,0.130535603,0.130031496,0.129971698,0.130191401,0.130787,0.131948099,0.133942694,0.137962595,0.145249203,0.156598494,0.171366006,0.188153893,0.205679104,0.222105295,0.236564294,0.248625502,0.25862819,0.267308205,0.275647998,0.283483803,0.290186912,0.294822097,0.296989888,0.296866685,0.294527292,0.289799392,0.283355713,0.276585102,0.27031371,0.264990211,0.26072979,0.257579386,0.255204111,0.253578991,0.2522856,0.251309514,0.250478208,0.2493615,0.2482135,0.247036293,0.246215805,0.245991305,0.246700898,0.248614907,0.251764089,0.256369293,0.262550294,0.270299286,0.279578596,0.290064812,0.3013511,0.312996388,0.324420601,0.335498691,0.3459104,0.355281413,0.363948107,0.372975409,0.384255201,0.3989847,0.418539286,0.442272514,0.469266594,0.498282403,0.527568579,0.555254877,0.579799473,0.60049212,0.617083788,0.62974149,0.638685823,0.64482528,0.648745,0.651115179,0.652438819,0.652800202,0.651893914,0.649450421,0.645812571,0.641713977,0.637390912,0.632720709,0.627768815,0.622808516,0.618032575,0.612990677,0.608498216,0.604289711,0.600882113,0.597645879,0.595070422,0.592736304,0.590501428,0.588466704,0.586504698,0.584442794,0.582113326,0.579651713,0.576896489,0.573301613,0.569352984,0.564564288,0.559447229,0.553944707,0.548603118,0.543127716,0.537844777,0.532779515,0.527848482,0.523377478,0.519285977,0.515546382,0.512637615
CornWholePerten0131,Perten_DA7200,corn,Unknown,Croatia,2011,14.55000019,8.25,0.102561802,0.109135598,0.117493101,0.126280502,0.134918004,0.143133402,0.150125802,0.155233905,0.158197597,0.159461901,0.159319803,0.158224896,0.156435996,0.154096603,0.151293397,0.148164898,0.1447936,0.141361803,0.138043299,0.1348968,0.131812096,0.128860697,0.125977799,0.123122901,0.120486401,0.1182978,0.116454303,0.115007401,0.114060603,0.113632098,0.113671698,0.114079103,0.114808001,0.116175003,0.118668698,0.1234456,0.132182807,0.146001205,0.164200202,0.185200602,0.207340404,0.228486404,0.246911407,0.262802303,0.276583701,0.288595587,0.300065696,0.310757488,0.319827288,0.326081812,0.329162389,0.329055607,0.325884014,0.319685608,0.311367303,0.302565396,0.294468105,0.287581593,0.282090306,0.27805689,0.27519241,0.273139894,0.271665812,0.270502597,0.269439697,0.268263489,0.266811788,0.265318096,0.264276892,0.264099002,0.2650249,0.267317712,0.271282405,0.277155191,0.285068601,0.295050412,0.307142288,0.3207995,0.335474104,0.350614011,0.365586311,0.380104691,0.393712103,0.406061292,0.417580992,0.429509997,0.443822086,0.462357611,0.486528814,0.515979588,0.548898995,0.583826721,0.618522286,0.650410473,0.67824322,0.701397717,0.719639301,0.73341769,0.743167877,0.749854386,0.754317522,0.756897271,0.758483887,0.759077311,0.758229077,0.756222427,0.752907574,0.748912275,0.744491398,0.739807606,0.73501122,0.730161488,0.725396872,0.720561504,0.716112673,0.711628914,0.707914114,0.704516411,0.701752007,0.699347019,0.696962893,0.69493258,0.692755878,0.690797329,0.688329577,0.685718715,0.68274641,0.679095984,0.674648583,0.669427574,0.663962722,0.657997072,0.652092874,0.64605552,0.640104294,0.634429097,0.628787994,0.623820424,0.619237781,0.615053475,0.611617684
CornWholePerten0132,Perten_DA7200,corn,Unknown,Croatia,2011,15.60999966,7.5,0.107815601,0.1154458,0.124813601,0.134327605,0.143389806,0.151865795,0.158957601,0.163994297,0.167006403,0.168203995,0.167925894,0.166719094,0.1647719,0.162270501,0.159309506,0.155985206,0.152431101,0.148792803,0.145328805,0.141976401,0.138765201,0.135694295,0.132678405,0.129787207,0.127154306,0.125005305,0.123247497,0.121962503,0.121211603,0.121032603,0.1213862,0.122148797,0.123255901,0.125025496,0.128002599,0.133412793,0.143021405,0.157965094,0.177398801,0.199568197,0.222680807,0.244413093,0.262952387,0.278591186,0.291863501,0.303173006,0.314044505,0.324312389,0.333086789,0.3392196,0.342367411,0.342526794,0.339776605,0.333960205,0.325882494,0.317183197,0.309199601,0.302451313,0.29706189,0.293067694,0.290217787,0.288158715,0.286603689,0.285429388,0.284379095,0.283278287,0.281976312,0.280758798,0.2800228,0.280203909,0.281521797,0.284183711,0.288500994,0.294721603,0.302901685,0.3131423,0.325324595,0.338879287,0.353309602,0.367998004,0.382305414,0.396065295,0.409000695,0.420800507,0.431924194,0.443735689,0.458192915,0.477069199,0.501443207,0.530917108,0.563471377,0.597704709,0.631379187,0.662083626,0.688860714,0.711277127,0.728909791,0.742290795,0.751897574,0.758510828,0.762893677,0.765408218,0.766878903,0.767229021,0.765958488,0.763397217,0.759641409,0.755004227,0.750143409,0.744922102,0.739495277,0.734059215,0.728734016,0.723431587,0.718520403,0.713676572,0.709664226,0.70588249,0.702783823,0.700059712,0.697386086,0.695009589,0.692630887,0.690338016,0.687553704,0.684758723,0.681720614,0.677990317,0.673573673,0.668557584,0.663245499,0.657538712,0.652062774,0.646345317,0.640878081,0.635653973,0.630391419,0.625846386,0.62178582,0.61796999,0.615165591
CornWholePerten0133,Perten_DA7200,corn,Unknown,Croatia,2011,14.52999973,8.199999809,0.089432001,0.096183613,0.104601502,0.113293797,0.121811502,0.129903197,0.136799499,0.141879603,0.145047501,0.146564603,0.146721199,0.145933002,0.144438505,0.142425403,0.139873803,0.136975601,0.133856297,0.130629703,0.127479702,0.124455102,0.121548504,0.118678398,0.115889996,0.113169603,0.110705197,0.1086336,0.106986903,0.105727501,0.104921699,0.104635,0.104819499,0.105366699,0.106196299,0.107651599,0.110202603,0.1149235,0.123532601,0.137063399,0.154749006,0.175042197,0.196355999,0.216757,0.234630197,0.250109285,0.263458103,0.275012314,0.286022186,0.296233386,0.30488199,0.310804695,0.313720912,0.3136805,0.310766906,0.304916203,0.296987087,0.28859511,0.280920386,0.274376303,0.269212395,0.265437812,0.262734413,0.260815501,0.259411305,0.25830701,0.257352412,0.256275386,0.254900813,0.253533095,0.252573788,0.252453089,0.2534118,0.255666792,0.259510309,0.2650989,0.272601485,0.282087803,0.293531805,0.306341112,0.320068002,0.334189206,0.348087788,0.361594111,0.374231607,0.385755807,0.396586001,0.407761514,0.421094596,0.438595086,0.4614802,0.489272088,0.520601213,0.554053783,0.587388277,0.618214309,0.645633698,0.668655872,0.68713671,0.701294005,0.711534202,0.718680918,0.723569512,0.726515412,0.728349626,0.729176581,0.728418827,0.726435185,0.723155975,0.719139874,0.714761913,0.709948182,0.705125511,0.699997902,0.695180476,0.69015038,0.685451388,0.681075692,0.6771577,0.673666418,0.670747876,0.668194413,0.665644884,0.663325787,0.661095321,0.658972383,0.656444013,0.653697729,0.650678217,0.647118986,0.642691672,0.6375826,0.632116497,0.626326203,0.620478928,0.614737928,0.609048188,0.603387773,0.598168016,0.593271613,0.588723779,0.584640086,0.581392229
CornWholePerten0134,Perten_DA7200,corn,Unknown,Croatia,2011,16.15999985,7.449999809,0.089824937,0.096967638,0.105528399,0.114082098,0.122203,0.129675299,0.135959595,0.140394494,0.142941207,0.143909901,0.1435837,0.142433494,0.140593499,0.138243094,0.135531798,0.132459998,0.129178703,0.1258782,0.122678503,0.119678401,0.116792001,0.113926098,0.111134499,0.108504497,0.106120601,0.104183503,0.102686703,0.101586603,0.100958102,0.100847602,0.101161003,0.101821698,0.102788903,0.104391299,0.107087597,0.111934297,0.1206019,0.134157598,0.151923493,0.172176898,0.193202496,0.212855697,0.229570806,0.243718207,0.255741686,0.266040087,0.275866807,0.285093695,0.292973906,0.298474312,0.301243901,0.301368088,0.298856705,0.293606013,0.286425412,0.278810501,0.271763712,0.26576519,0.261015713,0.257507205,0.255025089,0.253282189,0.251972914,0.250984699,0.250132889,0.2492221,0.248120204,0.247124493,0.246593803,0.246840596,0.248176798,0.250762612,0.254832,0.260587692,0.268242508,0.277709097,0.288880795,0.301232398,0.314320386,0.327609092,0.340547502,0.35304299,0.364736706,0.375458509,0.385722786,0.396544099,0.409950495,0.427536488,0.450351685,0.477836907,0.508162081,0.539792776,0.570686281,0.598711312,0.623120487,0.643274307,0.659300029,0.671467125,0.680080116,0.685918391,0.689759195,0.692034185,0.693360329,0.693757713,0.692571878,0.690076709,0.686460376,0.682140529,0.677476585,0.672677279,0.667724013,0.662480414,0.657499909,0.65248251,0.6477018,0.643330097,0.639385819,0.635799229,0.632853389,0.630168617,0.627561271,0.625306189,0.622748911,0.62030822,0.617798924,0.61514461,0.612150729,0.608727515,0.604588091,0.599779725,0.594742119,0.589245498,0.58385402,0.578526378,0.573425889,0.568290114,0.563497424,0.558935583,0.5545609,0.550952077,0.547752619
CornWholePerten0135,Perten_DA7200,corn,Unknown,Croatia,2011,11.68000031,9.510000229,0.1566782,0.160955995,0.166670904,0.173021495,0.179646894,0.186185494,0.191807002,0.195847407,0.198316604,0.199329197,0.199293301,0.198536098,0.197235495,0.195532501,0.193364307,0.190944001,0.188285902,0.185634598,0.183043003,0.1805958,0.178260997,0.175841704,0.1735145,0.171185404,0.169031099,0.167235494,0.1656508,0.164365202,0.163425997,0.162847996,0.162629604,0.162707299,0.163071394,0.163965896,0.165747106,0.169302702,0.175935403,0.186484605,0.200470403,0.216663897,0.233953804,0.250803202,0.265872598,0.279096603,0.290609986,0.300650597,0.310275912,0.319221586,0.326719403,0.331842393,0.334353298,0.334389806,0.331905514,0.326923311,0.320150197,0.312882215,0.306075186,0.300213486,0.295530707,0.292056292,0.289599896,0.287881404,0.286607295,0.285643011,0.28474009,0.283675998,0.282300413,0.280792385,0.279592812,0.279052913,0.279463708,0.28093639,0.28374669,0.288088888,0.294116795,0.3019059,0.311432213,0.322280407,0.334157914,0.346649885,0.359073788,0.371159911,0.382455885,0.392543107,0.40174219,0.410821408,0.4213579,0.43492651,0.452624202,0.474136114,0.498596788,0.525273085,0.552513301,0.578194082,0.601455391,0.621184588,0.63716352,0.649406493,0.658175826,0.664282322,0.668264508,0.670831382,0.672420919,0.673195422,0.672573388,0.670967579,0.668432415,0.665223777,0.661901772,0.658251584,0.65448761,0.650442421,0.646526575,0.64260298,0.638886392,0.635459721,0.632397711,0.6297822,0.627688229,0.62585628,0.624178171,0.622597575,0.620925188,0.619331181,0.617561221,0.615587115,0.613276184,0.610428214,0.606761873,0.602535486,0.59795928,0.592907488,0.58798492,0.583185315,0.578355372,0.573679626,0.569318593,0.565144122,0.561212182,0.557843685,0.55512023
CornWholePerten0136,Perten_DA7200,corn,Unknown,Croatia,2011,12.85000038,8.970000267,0.089725591,0.095209673,0.102257401,0.109839201,0.117509499,0.124880098,0.131155103,0.135611594,0.138283595,0.1393926,0.139296204,0.138377205,0.136831194,0.134777799,0.132339597,0.129620895,0.126657501,0.123625301,0.120725103,0.117971398,0.115275197,0.112569697,0.109892704,0.1073322,0.1049181,0.102841198,0.101147197,0.099811167,0.098870143,0.098330922,0.098198548,0.098410361,0.098963261,0.100158699,0.102378301,0.106644601,0.114497803,0.126807198,0.142883003,0.161297903,0.180584595,0.199000299,0.215113103,0.229055494,0.241177693,0.251753002,0.261835188,0.27123031,0.279140413,0.284580797,0.28728801,0.2873303,0.284737289,0.279532313,0.272451788,0.264903396,0.25789541,0.251915187,0.247183606,0.243707404,0.2412716,0.239573807,0.238355607,0.237461194,0.236600503,0.235602498,0.234322503,0.232962295,0.231936902,0.231626093,0.232325599,0.234170407,0.237408295,0.242238402,0.2489025,0.257335693,0.267540902,0.279102504,0.291539788,0.304447413,0.317235112,0.32958889,0.341126114,0.351530314,0.361098111,0.370718986,0.381989986,0.396483213,0.415200889,0.437957913,0.463423699,0.490631014,0.517926812,0.54326272,0.565646112,0.584316492,0.599236488,0.61042589,0.618504584,0.624074578,0.627739906,0.630150676,0.631641686,0.63241601,0.63188231,0.630364597,0.62789923,0.62485832,0.621624708,0.618129015,0.614495993,0.610595882,0.606936216,0.603180289,0.599556208,0.596182883,0.593242109,0.590703726,0.58861059,0.58675009,0.584934771,0.583445728,0.581783772,0.580174506,0.578428924,0.57650727,0.574290276,0.571403682,0.568006694,0.563967228,0.559447706,0.55471462,0.549974322,0.545314074,0.54067719,0.536137283,0.531948686,0.527971923,0.52425921,0.52098608,0.518206418
CornWholePerten0137,Perten_DA7200,corn,Unknown,Croatia,2011,12.60000038,8.149999619,0.066961274,0.072184041,0.079033181,0.086620748,0.094503857,0.1021704,0.1088017,0.113665402,0.116757497,0.118277401,0.118604198,0.118039101,0.116874099,0.115223698,0.113075197,0.1106354,0.107979901,0.1052192,0.102545098,0.099993222,0.097505972,0.094976261,0.092467926,0.0899911,0.087727971,0.085795224,0.084195823,0.082849793,0.081868284,0.081314243,0.081147537,0.081294604,0.081771784,0.082842477,0.084939718,0.089086771,0.096612692,0.108311601,0.123520903,0.140896305,0.159256697,0.177148804,0.193067595,0.206993893,0.219123498,0.229639903,0.2396608,0.248934403,0.25680691,0.262234598,0.264921814,0.265091389,0.262713105,0.257712901,0.250790298,0.243403703,0.236466706,0.230538905,0.225821599,0.222349897,0.219925195,0.218242094,0.216997504,0.216049999,0.2151687,0.214091197,0.212614894,0.2110852,0.209825501,0.209214702,0.209588096,0.211069003,0.213891998,0.218270302,0.224377096,0.232233599,0.241798699,0.252789199,0.26472649,0.277203113,0.289643794,0.30177629,0.313088387,0.323197603,0.332385987,0.341315091,0.351525396,0.36464119,0.381842792,0.402916312,0.426928103,0.453222096,0.480168492,0.505867422,0.529215097,0.549119711,0.565365195,0.577818811,0.58680743,0.593204022,0.597477913,0.600235283,0.60203898,0.602928579,0.60258323,0.601337671,0.59913069,0.596295476,0.593262374,0.589894414,0.586411595,0.582643211,0.579071283,0.575236976,0.571677625,0.568428218,0.565601289,0.563229978,0.561281323,0.559541225,0.557843387,0.556398392,0.554879785,0.553333521,0.551678419,0.549832225,0.547599614,0.544721127,0.541294813,0.536959708,0.532387972,0.527536213,0.522489429,0.517773986,0.512953281,0.508328676,0.503951311,0.499635309,0.495701104,0.492297202,0.4893094
CornWholePerten0138,Perten_DA7200,corn,Unknown,Croatia,2011,13.47999954,8.68999958,0.083926126,0.090354517,0.098460384,0.1071034,0.115804799,0.124076903,0.131153405,0.1362793,0.139402002,0.140790194,0.140999004,0.140189797,0.138671503,0.136672705,0.134136796,0.131243095,0.128142104,0.124945402,0.121850103,0.118968204,0.1161725,0.113370903,0.110613599,0.107946202,0.105434597,0.103331998,0.101581201,0.100136697,0.099183589,0.098691844,0.098748319,0.099140957,0.099892438,0.1013107,0.1038073,0.108573698,0.1171249,0.1304221,0.147741199,0.167522594,0.188319594,0.208196506,0.225655302,0.240870506,0.254064888,0.265529513,0.276445806,0.286601305,0.295134395,0.300957412,0.303818494,0.303779393,0.300900906,0.295176208,0.287514687,0.279408306,0.271835804,0.265340805,0.260148406,0.256377995,0.25364551,0.251723707,0.250330597,0.249300405,0.248377696,0.247251198,0.245788395,0.244240895,0.243088096,0.242726699,0.243451506,0.245408103,0.248945504,0.254193902,0.261430115,0.270585507,0.281711489,0.294412613,0.30817011,0.322414994,0.336510509,0.350280494,0.363157809,0.374818087,0.385674298,0.396563411,0.409331501,0.426039189,0.448052496,0.474999785,0.505656421,0.538787186,0.572477222,0.604215801,0.63263011,0.656731308,0.676164985,0.690999091,0.701719523,0.709140122,0.714162827,0.717328608,0.719153881,0.720053911,0.719291329,0.717356086,0.714155197,0.710255623,0.705987871,0.701480925,0.696686506,0.691700101,0.68678987,0.681903482,0.677301824,0.672953427,0.669181526,0.665798724,0.663006008,0.660710692,0.658318281,0.656165898,0.654005826,0.651828408,0.649613798,0.647187889,0.644132912,0.640368998,0.635851026,0.630534291,0.62485081,0.618734419,0.612492383,0.606325328,0.600158274,0.594238699,0.588783383,0.583583772,0.578591228,0.57440412,0.5708794
CornWholePerten0139,Perten_DA7200,corn,Unknown,Croatia,2011,11.47999954,9.140000343,0.075279728,0.079922207,0.086127088,0.093055621,0.100380398,0.1075349,0.113720201,0.118249402,0.120989204,0.1222592,0.122423902,0.121783704,0.120568201,0.1188545,0.116704799,0.1142511,0.1115885,0.108882502,0.1062539,0.103740603,0.101291403,0.098868728,0.09647397,0.094102427,0.091884688,0.089936927,0.088266447,0.086916067,0.085930899,0.08534696,0.08517763,0.08533264,0.08578296,0.086786829,0.088823289,0.09281797,0.100066699,0.111346602,0.126057997,0.142984301,0.160976201,0.178525001,0.194214806,0.208003998,0.219919905,0.230287507,0.240259305,0.249605894,0.257524103,0.262990296,0.265765905,0.265961289,0.263588786,0.258530289,0.25145489,0.243817493,0.236699,0.230579406,0.225715101,0.222152799,0.219596803,0.217761993,0.216436207,0.215445206,0.214503199,0.213358805,0.211868793,0.210239306,0.208934695,0.208311096,0.208631307,0.210033596,0.212819502,0.217093095,0.223143503,0.231002793,0.240642399,0.251794189,0.263980091,0.276715487,0.289476603,0.301923305,0.313613713,0.324065685,0.333615005,0.342899203,0.353500485,0.367341608,0.385429204,0.407616496,0.433110803,0.461293012,0.490439206,0.518201828,0.543389916,0.564913511,0.582400978,0.595661223,0.605254173,0.612008572,0.616416872,0.619317174,0.621164024,0.622078478,0.62148732,0.619963825,0.617436111,0.614211917,0.610647023,0.606795788,0.602844596,0.598593116,0.594519019,0.590395212,0.586435616,0.582805574,0.579730928,0.577053785,0.574789226,0.572942019,0.571199477,0.569615483,0.567874193,0.566248596,0.564314127,0.562310576,0.559817612,0.556624174,0.552759826,0.548247695,0.543232322,0.537819207,0.532496691,0.527193904,0.521973789,0.51686281,0.511907876,0.507503271,0.503425777,0.499670088,0.497017801
CornWholePerten0140,Perten_DA7200,corn,Unknown,Croatia,2011,14.77000046,8.069999695,0.104966298,0.111749999,0.119451702,0.127579793,0.135446996,0.142821193,0.1488038,0.152987793,0.155592099,0.156619594,0.156349897,0.155205295,0.153473496,0.151212096,0.148537993,0.145575807,0.142453104,0.139368996,0.136434093,0.133593902,0.130869702,0.128200799,0.125517905,0.122917101,0.120610602,0.118775599,0.117333099,0.116235897,0.1154816,0.1150911,0.115152799,0.115693398,0.116611198,0.118127301,0.1208435,0.125818804,0.134326503,0.147128001,0.163743198,0.182858095,0.202693701,0.221367806,0.237844199,0.251801103,0.263395786,0.273550391,0.283296108,0.292427212,0.300028294,0.305183709,0.307819098,0.308007389,0.305515885,0.300549209,0.293711007,0.286134601,0.279130906,0.2732355,0.268385202,0.264728904,0.262133807,0.26033029,0.258957803,0.257820398,0.256944388,0.256170303,0.255083114,0.253954589,0.253353685,0.253422111,0.254475087,0.256787598,0.260641903,0.26620549,0.273513913,0.282566994,0.293311685,0.30518359,0.317826688,0.330780715,0.343600392,0.356038511,0.367507011,0.377956897,0.387932807,0.39878419,0.411829114,0.428459495,0.449823886,0.475550085,0.503842294,0.533650875,0.563244522,0.590147615,0.613696218,0.633413911,0.649271727,0.661119223,0.669622719,0.675681114,0.679617703,0.681759775,0.682880819,0.683353126,0.682350516,0.680171907,0.676995814,0.673075497,0.668516874,0.664030016,0.659650207,0.654883087,0.650232911,0.645598173,0.64133513,0.637065172,0.633185804,0.630093575,0.627480686,0.625055313,0.622702718,0.620621026,0.618180513,0.615859509,0.613719881,0.611379087,0.608544529,0.605182707,0.601238489,0.596563518,0.591647983,0.586342514,0.581166089,0.576026976,0.570862472,0.566001773,0.561255813,0.556772173,0.552541971,0.548986375,0.545791388
CornWholePerten0141,Perten_DA7200,corn,Unknown,Croatia,2011,10.84000015,7.059999943,0.061634429,0.067002557,0.073537134,0.081047788,0.088921227,0.096635371,0.103148602,0.107770897,0.110626303,0.111918896,0.112006299,0.111330897,0.110120297,0.108403899,0.1062693,0.103816502,0.101181403,0.098527826,0.095925063,0.09341266,0.091056474,0.088784389,0.086474031,0.084138483,0.081937872,0.080004297,0.078312889,0.076876961,0.075745352,0.075009912,0.07472273,0.074825183,0.075276807,0.076300167,0.078408428,0.082523823,0.089767762,0.100786097,0.115188599,0.131959096,0.149789795,0.167185605,0.183058694,0.196897596,0.208706901,0.219260007,0.229431704,0.239040107,0.247191995,0.252918989,0.256055713,0.256614715,0.254406005,0.249593496,0.242788896,0.235178605,0.2279737,0.221782699,0.2167335,0.212964505,0.210328296,0.2084748,0.207038999,0.205827206,0.204737097,0.203582004,0.202034205,0.200311407,0.198970005,0.1981958,0.198289201,0.199553102,0.202209204,0.206465095,0.2124452,0.220165402,0.229686901,0.240672603,0.252750814,0.265505999,0.278539509,0.291351408,0.303158402,0.313707113,0.323246509,0.332760006,0.343443811,0.356719613,0.373847693,0.394925386,0.41912961,0.446144313,0.474326491,0.501189292,0.525626421,0.546607375,0.563788176,0.576734304,0.586019516,0.592655718,0.597120822,0.599683702,0.601031005,0.601815581,0.601444721,0.600082219,0.597805619,0.594994128,0.591726184,0.588426411,0.585150302,0.581517994,0.577900887,0.5741539,0.570787489,0.5675385,0.564642012,0.562416911,0.560785174,0.559434474,0.557996273,0.556697786,0.555091679,0.55365622,0.552220523,0.5503636,0.548006415,0.545106113,0.541434109,0.536817372,0.531897485,0.526639223,0.521576583,0.516448379,0.511173427,0.506274819,0.501421511,0.496667713,0.492194593,0.488349199,0.484604389
CornWholePerten0142,Perten_DA7250,corn,Unknown,South Africa,2012,11.30000019,7.599999905,0.092079997,0.097851001,0.105570003,0.114261001,0.123597004,0.132618994,0.140330002,0.145808995,0.149122998,0.150725007,0.150969997,0.150261998,0.148835003,0.146797001,0.144422993,0.141673997,0.138778999,0.135783002,0.132881001,0.130008996,0.127335995,0.124622002,0.121935003,0.119225003,0.116700001,0.114467003,0.112562001,0.110979997,0.109755002,0.108926997,0.108498998,0.108482003,0.108873002,0.109888002,0.112029001,0.116327003,0.124282002,0.136855006,0.153403997,0.172450006,0.192691997,0.212249994,0.229845002,0.244852006,0.257485002,0.268907994,0.279976994,0.290564001,0.299526006,0.305824995,0.309206009,0.30961901,0.307033002,0.301364005,0.293368012,0.284765989,0.276657999,0.269657999,0.264156997,0.260140002,0.257301003,0.255255014,0.253742993,0.252427012,0.251073986,0.249470994,0.247556999,0.245528996,0.243853003,0.242879003,0.242914006,0.244240001,0.246971995,0.251424998,0.257854015,0.266288012,0.276728004,0.288819999,0.302069992,0.315934002,0.329825014,0.343396008,0.35601601,0.367083013,0.376985997,0.386604995,0.397583991,0.411633998,0.430079997,0.452600986,0.478459001,0.50702697,0.536554992,0.564629972,0.589770019,0.611283004,0.628341973,0.640937984,0.649748981,0.655746996,0.659637988,0.662065029,0.663495004,0.663967013,0.66347301,0.661819994,0.659247994,0.656090021,0.652604997,0.648845971,0.64498502,0.640823007,0.636759996,0.632874012,0.629113019,0.625638008,0.622959971,0.62043798,0.618318975,0.616688013,0.615186989,0.613793016,0.612371981,0.610854983,0.609315991,0.607321024,0.604945004,0.602042973,0.598568976,0.594160974,0.589173019,0.583784998,0.578505993,0.573234022,0.567874014,0.562829018,0.557927012,0.553388,0.549143016,0.545421004,0.542295992
CornWholePerten0143,Perten_DA7250,corn,Unknown,South Africa,2012,12.80000019,7.400000095,0.037048001,0.040583,0.045290999,0.050648999,0.056407999,0.062052999,0.066894002,0.070271999,0.072242998,0.072996996,0.072961003,0.072332002,0.071117997,0.069564,0.067855001,0.065866999,0.063821003,0.061737999,0.059682999,0.057746999,0.055881001,0.054032002,0.052182999,0.050391,0.048755001,0.047304001,0.046066999,0.045068,0.044286002,0.043754,0.043487001,0.043476,0.043703001,0.04428,0.045513,0.048073001,0.052993,0.061002001,0.071856998,0.084794998,0.098849997,0.112634003,0.125161007,0.136013001,0.145300001,0.153889,0.162365004,0.170678005,0.177925006,0.183128998,0.185862005,0.186125994,0.183913007,0.179139003,0.172536999,0.165588006,0.159202993,0.153814003,0.149683997,0.146743998,0.14474,0.143344,0.142268002,0.141275004,0.140346006,0.139216006,0.137871996,0.136513993,0.135401994,0.134812996,0.134973005,0.136000007,0.138104007,0.141497999,0.146378994,0.152772993,0.160776004,0.170037001,0.180135995,0.190751001,0.201551005,0.212262005,0.222283006,0.231134996,0.239446998,0.247883007,0.257679999,0.270195007,0.286659002,0.307301015,0.331490994,0.358512998,0.386758,0.414225012,0.439615011,0.461685985,0.479911,0.494006008,0.503884018,0.51047802,0.514724016,0.517364025,0.519011021,0.519680023,0.519116998,0.517376006,0.514648974,0.511247993,0.507443011,0.503298998,0.498950005,0.494646996,0.490444988,0.486405999,0.482641012,0.47932601,0.476514995,0.474043012,0.472000986,0.470254988,0.468802005,0.467391014,0.465995014,0.464578003,0.462906003,0.460823,0.458135992,0.45479399,0.450735986,0.445713013,0.440122008,0.43415001,0.428050995,0.421950012,0.416047007,0.410367996,0.404785991,0.399428994,0.394506007,0.390053004,0.386027008
CornWholePerten0144,Perten_DA7250,corn,Unknown,South Africa,2012,12.89999962,7.699999809,-0.026133001,-0.02366,-0.020343,-0.016481999,-0.012304,-0.008139,-0.004517,-0.00187,-0.00023,0.000576,0.000731,0.000411,-0.000264,-0.001217,-0.002344,-0.003613,-0.004978,-0.006429,-0.007798,-0.009112001,-0.010374,-0.011657,-0.012958,-0.014204,-0.01532,-0.016240999,-0.017053001,-0.017705999,-0.018185999,-0.018461,-0.018537,-0.018469,-0.018206,-0.017609,-0.016510001,-0.014411,-0.010593,-0.004498,0.003642,0.013330001,0.023999,0.034678001,0.044613,0.053339001,0.060754001,0.067583002,0.074441999,0.081214003,0.087141,0.091416001,0.093794003,0.094235003,0.092698999,0.088956997,0.083637998,0.078042001,0.072989002,0.068815,0.065636002,0.063375004,0.061841998,0.060835999,0.060042001,0.059351999,0.058651,0.057812002,0.056821998,0.055803999,0.054986998,0.054581001,0.054710001,0.055535,0.057229001,0.059877001,0.063625,0.068584003,0.074764997,0.081983998,0.089983001,0.098462999,0.107128002,0.115792997,0.123989001,0.131301999,0.138114005,0.145010993,0.153044999,0.163241997,0.176988006,0.194391996,0.215193003,0.239084005,0.264683992,0.290152997,0.314126015,0.335408002,0.353332013,0.367386013,0.377411008,0.384267002,0.388805002,0.391694009,0.393518001,0.394382,0.394143999,0.392762989,0.390289009,0.38707,0.383480012,0.379572004,0.375562996,0.371425003,0.367356986,0.363460988,0.359908015,0.356611997,0.353812009,0.351408005,0.349422991,0.347707987,0.346159995,0.344877988,0.34363699,0.342213988,0.340606004,0.338575006,0.336068004,0.332863003,0.328961015,0.324205995,0.318872005,0.313207001,0.307457,0.301667005,0.296077997,0.290616006,0.285364002,0.280436009,0.275756002,0.27155,0.267940015
CornWholePerten0145,Perten_DA7250,corn,Unknown,South Africa,2012,12.60000038,7.300000191,-0.014358,-0.011333,-0.007185,-0.002427,0.002671,0.007721,0.012113,0.015359,0.017370001,0.018425999,0.018675,0.018394001,0.017614,0.016472001,0.015199,0.013727,0.012122,0.010491,0.008895,0.007344,0.005882,0.004416,0.002953,0.001542,0.000228,-0.000902,-0.001824,-0.002565,-0.003077,-0.003407,-0.003558,-0.003523,-0.003261,-0.002685,-0.001526,0.00073,0.004954,0.011877,0.021274,0.032499,0.044808999,0.057037,0.068327002,0.078267001,0.086827003,0.094756998,0.102623001,0.110326998,0.117066003,0.121923998,0.124586001,0.124959,0.123048,0.118784003,0.112850003,0.106628001,0.100947999,0.096247003,0.092719004,0.090239003,0.088601001,0.087521002,0.086669996,0.085878998,0.085052997,0.084089004,0.082962997,0.081834003,0.080907002,0.080388002,0.080499001,0.081446998,0.083339997,0.086344004,0.090571001,0.096193001,0.103185996,0.111319996,0.120268002,0.129701003,0.139262006,0.148807004,0.157802001,0.165823996,0.173339993,0.180939004,0.189592004,0.200544,0.215257004,0.233809993,0.255849004,0.280885994,0.30744499,0.333703011,0.358249009,0.380008996,0.39815101,0.412348986,0.422544003,0.429520994,0.434210002,0.437213004,0.439081997,0.440016002,0.439837992,0.438546002,0.436170012,0.433091998,0.429630995,0.425783008,0.421835005,0.41780901,0.413877994,0.410080999,0.406646013,0.403504014,0.400833994,0.398548991,0.396640003,0.395027012,0.393525004,0.392356008,0.391265005,0.389871001,0.388323993,0.38635999,0.383902013,0.380759001,0.376769006,0.371980012,0.366645008,0.360960007,0.35511601,0.349177986,0.343407005,0.337796003,0.332385004,0.327286005,0.322443992,0.318031997,0.314148009
CornWholePerten0146,Perten_DA7250,corn,Unknown,South Africa,2012,12.30000019,6.396807194,-0.077238001,-0.074543998,-0.071107,-0.067193002,-0.063043997,-0.058988001,-0.055396002,-0.052641999,-0.050843999,-0.049729001,-0.049153,-0.049015999,-0.049176998,-0.049552999,-0.050055001,-0.050686002,-0.051394001,-0.052124001,-0.052816998,-0.053488001,-0.054113999,-0.054678001,-0.055233002,-0.055810999,-0.056260001,-0.056609999,-0.056867,-0.057034999,-0.057057999,-0.056928001,-0.056722999,-0.056377001,-0.055911999,-0.055278,-0.054226998,-0.052441999,-0.049385,-0.044558,-0.038063001,-0.030355001,-0.021994,-0.0138,-0.006275,0.000412,0.006382,0.012013,0.017529,0.022913,0.027714999,0.031259999,0.033282001,0.033691999,0.032561,0.029935001,0.026427999,0.022781,0.019365,0.016511001,0.014445,0.013075,0.012249,0.011764,0.011434,0.011129,0.010768,0.010258,0.009668,0.009032,0.008546,0.008357,0.008607,0.009373,0.010814,0.012967,0.015987,0.019886,0.02475,0.030448001,0.036658,0.043242998,0.050039001,0.056768,0.063089997,0.068676002,0.073784001,0.079051003,0.085217997,0.093070999,0.103776,0.117798001,0.134706006,0.154155001,0.175228998,0.196649,0.217160001,0.235487998,0.250889003,0.262991011,0.271560997,0.277274013,0.280977994,0.283329994,0.284734994,0.285261989,0.284830004,0.283416987,0.281042993,0.277882993,0.274385989,0.270698011,0.266995013,0.263280004,0.259770989,0.256502003,0.253587008,0.251015008,0.248836994,0.247035995,0.245638996,0.244434997,0.243496999,0.242560998,0.241664007,0.240626007,0.239344001,0.237691999,0.235534996,0.232847005,0.229546994,0.225566998,0.221160993,0.216471002,0.211548001,0.206605002,0.201768994,0.197075993,0.192662999,0.188449994,0.184397996,0.180822998,0.177569002
CornWholePerten0147,Perten_DA7250,corn,Unknown,South Africa,2012,12.30000019,7.800000191,0.005458,0.009042,0.013747,0.019058,0.024703,0.030084999,0.034703001,0.037804999,0.039565001,0.040281002,0.040132001,0.039259002,0.037873998,0.036247999,0.034607001,0.032579001,0.030471999,0.028444,0.026388999,0.024235999,0.022291999,0.020465,0.018716,0.017129,0.015647,0.014293,0.013069,0.012015,0.011231,0.010716,0.010383,0.010289,0.010382,0.010968,0.01229,0.015018,0.020054,0.028179999,0.039064001,0.051924001,0.065858997,0.079435997,0.091527,0.102224,0.11163,0.120035999,0.128362,0.136399001,0.143396005,0.148307994,0.150997996,0.151397005,0.149281994,0.144765005,0.138261005,0.131401002,0.125090003,0.119838998,0.115635999,0.112722002,0.110721,0.10932,0.108250998,0.107336,0.106381998,0.105249003,0.103936002,0.102586001,0.101494998,0.100815997,0.100929998,0.101875,0.103915997,0.107244998,0.112025999,0.118124001,0.125725001,0.134593993,0.144367993,0.154733002,0.165175006,0.175665006,0.185313001,0.194066003,0.201885,0.209704995,0.218592003,0.229842007,0.244941995,0.264129013,0.286383987,0.311280996,0.337720007,0.363314986,0.38736099,0.408194006,0.425763011,0.439038009,0.448828995,0.455758005,0.460067987,0.462922007,0.46419999,0.465512991,0.465070993,0.463681996,0.461052001,0.457735986,0.454268992,0.450448006,0.446680009,0.442600995,0.438960999,0.434994996,0.432042003,0.428665996,0.426156014,0.423584014,0.421521008,0.420147002,0.418583006,0.417679012,0.416260988,0.415226996,0.413282007,0.41130501,0.40862301,0.405584008,0.402148992,0.397558987,0.392670989,0.386768013,0.381592006,0.376033008,0.370563,0.365563989,0.360276014,0.355693996,0.351071,0.347088009,0.343208998
CornWholePerten0148,Perten_DA7250,corn,Unknown,South Africa,2012,12,9.704545021,0.026117001,0.027767999,0.030291,0.033303998,0.036566,0.039918002,0.042835001,0.044909999,0.046025001,0.046383001,0.046225,0.045756999,0.044957999,0.044075001,0.042902,0.041590001,0.040234,0.038763002,0.037275001,0.035854999,0.034713,0.033589002,0.032278001,0.030955,0.029739,0.028726,0.027868001,0.027163001,0.026548,0.026091,0.025789,0.025703,0.025721001,0.025951,0.026812,0.028552,0.031842999,0.037027001,0.043861002,0.052092001,0.061135002,0.070207998,0.078835003,0.086533003,0.093194999,0.099459,0.105582997,0.111694001,0.116975002,0.120610997,0.122496001,0.122709997,0.121100999,0.117606998,0.112746999,0.107455999,0.102642998,0.098631002,0.095453002,0.093271002,0.091817997,0.090749003,0.089929,0.089266002,0.088491,0.087513998,0.08642,0.085281,0.084340997,0.083834998,0.083760001,0.084243,0.085364997,0.087428004,0.090418004,0.094529003,0.099717997,0.105890997,0.112995997,0.120734997,0.128653005,0.136553004,0.144030005,0.150446996,0.156151995,0.161624998,0.168036997,0.176548004,0.188366994,0.203593001,0.221959993,0.243559003,0.267300993,0.291566014,0.314662993,0.335294008,0.352775991,0.366284013,0.375943989,0.382584006,0.386916012,0.389734,0.391348988,0.392075986,0.391694009,0.390343994,0.388135999,0.385197997,0.381875008,0.378217995,0.374457985,0.37055099,0.366840988,0.363110006,0.359719008,0.356709987,0.35402301,0.351642013,0.349862009,0.348149002,0.346657991,0.345492005,0.344316989,0.343041003,0.341621995,0.339706004,0.336815,0.333481014,0.329571009,0.324784994,0.319584012,0.314103007,0.308488995,0.302915007,0.297499001,0.29231599,0.287393987,0.282981008,0.278771997,0.274491996,0.270669997
CornWholePerten0149,Perten_DA7250,corn,Unknown,Turkey,2017,12.19999981,7.972664833,-0.00366998,-0.001581197,0.001408163,0.005024877,0.008939334,0.01300912,0.01647394,0.01881909,0.020149261,0.020544769,0.02031797,0.019708861,0.018731549,0.017446389,0.01601194,0.01452593,0.01294293,0.01131602,0.009672223,0.008094191,0.006624053,0.005171073,0.00376445,0.002460268,0.001247037,7.39E-05,-0.000971823,-0.001827765,-0.002541959,-0.003070977,-0.003410791,-0.003581576,-0.003577591,-0.003284043,-0.002452741,-0.000608137,0.002872253,0.008402177,0.015929559,0.02493646,0.034864452,0.04479973,0.0540471,0.062268309,0.069274247,0.075900272,0.082609147,0.0891506,0.094899617,0.099070877,0.101353303,0.1016187,0.099854037,0.096067421,0.09083692,0.085383877,0.080256797,0.076000653,0.072614491,0.070253313,0.068719797,0.067617163,0.066811159,0.066092633,0.065287978,0.064297177,0.063191131,0.06188288,0.060888551,0.060295459,0.06019517,0.060791221,0.062263802,0.064607739,0.068049938,0.072709873,0.078492217,0.085436016,0.093394578,0.101882197,0.1107115,0.119591199,0.127951101,0.135398299,0.142169297,0.148846597,0.156702802,0.166872099,0.1807179,0.198731199,0.220499903,0.246004999,0.273819,0.302196503,0.329253793,0.353491694,0.373627991,0.3890661,0.399873793,0.4070265,0.411480397,0.41420421,0.415680111,0.416191697,0.415506005,0.413560003,0.410606802,0.406782389,0.402178586,0.397581011,0.392918199,0.388174087,0.383577198,0.379138112,0.374913514,0.371292412,0.368249387,0.365693212,0.363424391,0.361551195,0.360087514,0.358804494,0.357343704,0.355769813,0.354030609,0.351739585,0.348687291,0.344819099,0.340114892,0.334556103,0.32834819,0.3215698,0.314747214,0.308256388,0.301976711,0.295881212,0.289790213,0.284168214,0.278935105,0.274151415,0.269746214
CornWholePerten0150,Perten_DA7250,corn,Unknown,Turkey,2017,11.30000019,7.891769886,-0.008312021,-0.006358247,-0.003634783,-0.000147295,0.003727871,0.007733451,0.01113874,0.01341597,0.01476585,0.01511149,0.01485482,0.01429971,0.01335324,0.01211549,0.01075815,0.009314612,0.007766075,0.006167491,0.004629019,0.003140465,0.001737511,0.000338114,-0.001005348,-0.00227294,-0.003470526,-0.004563181,-0.005614435,-0.006475189,-0.007227151,-0.007789348,-0.008182575,-0.008391054,-0.008424462,-0.008159347,-0.007343402,-0.005667038,-0.002353111,0.003027559,0.01019952,0.01864638,0.02796991,0.037340559,0.046155289,0.05401627,0.060720589,0.067109659,0.073617071,0.079993971,0.085571557,0.089630947,0.091851413,0.092161223,0.09052363,0.086918771,0.081899561,0.076644927,0.07172779,0.067603782,0.064335413,0.062110759,0.060574729,0.05951307,0.058756098,0.058098871,0.057236191,0.056216821,0.055052761,0.053798571,0.05276886,0.052087419,0.051876418,0.05229903,0.053578079,0.055643391,0.058853079,0.063204661,0.068586446,0.075165913,0.08265537,0.090754941,0.09928377,0.107915297,0.115996197,0.123018801,0.129343599,0.135503903,0.142712593,0.152078196,0.164722294,0.181228697,0.201396301,0.225211397,0.251464993,0.278623104,0.304826409,0.328332514,0.347810805,0.362808585,0.373198807,0.380028307,0.384302914,0.386787891,0.388111413,0.388659298,0.38792941,0.385922015,0.383118212,0.379551798,0.375330389,0.370981008,0.366571486,0.362068713,0.35778001,0.353565604,0.349676013,0.346315205,0.34351331,0.341125488,0.339083999,0.337379009,0.335996807,0.3347691,0.333506286,0.332077593,0.330556393,0.328357488,0.325453907,0.321763814,0.317176014,0.311873496,0.305789292,0.29921329,0.292654395,0.286476404,0.280535907,0.274624914,0.268784314,0.263352692,0.258256912,0.253555685,0.2493999
