ID,Spectrometer,Cereal,Variety,Country,Year,Moisture,Protein,950,955,960,965,970,975,980,985,990,995,1000,1005,1010,1015,1020,1025,1030,1035,1040,1045,1050,1055,1060,1065,1070,1075,1080,1085,1090,1095,1100,1105,1110,1115,1120,1125,1130,1135,1140,1145,1150,1155,1160,1165,1170,1175,1180,1185,1190,1195,1200,1205,1210,1215,1220,1225,1230,1235,1240,1245,1250,1255,1260,1265,1270,1275,1280,1285,1290,1295,1300,1305,1310,1315,1320,1325,1330,1335,1340,1345,1350,1355,1360,1365,1370,1375,1380,1385,1390,1395,1400,1405,1410,1415,1420,1425,1430,1435,1440,1445,1450,1455,1460,1465,1470,1475,1480,1485,1490,1495,1500,1505,1510,1515,1520,1525,1530,1535,1540,1545,1550,1555,1560,1565,1570,1575,1580,1585,1590,1595,1600,1605,1610,1615,1620,1625,1630,1635,1640,1645,1650
WheatWholePerten0001,Perten_DA7200,wheat,Durum,Spain,2007,11.30000019,9.199999809,0.090785235,0.094016753,0.0990059,0.105248004,0.112240225,0.119509637,0.12579909,0.130366266,0.133165076,0.13444452,0.134591773,0.133880064,0.132610947,0.130797893,0.128492579,0.125938118,0.123217754,0.12038599,0.117548928,0.114936546,0.112358064,0.109836824,0.107296921,0.104754046,0.102378286,0.100136377,0.098197296,0.096526541,0.095098041,0.094022505,0.093287081,0.092870928,0.092883788,0.093411744,0.094859414,0.09813188,0.104493231,0.114720941,0.128305599,0.144309253,0.161622778,0.179014966,0.195296049,0.209642857,0.221995562,0.233393535,0.244494781,0.255061477,0.264043003,0.270496219,0.274089813,0.274841905,0.272568226,0.267081499,0.25922972,0.25068444,0.242777854,0.236110896,0.23083815,0.226926252,0.224049956,0.222061515,0.220487744,0.219140649,0.217792243,0.216164276,0.214193344,0.212003917,0.210089296,0.20886758,0.208561957,0.209362388,0.211525306,0.215323925,0.220872015,0.228386477,0.237868115,0.2490509,0.261473894,0.274697512,0.288254827,0.301600516,0.314045548,0.325138778,0.335028797,0.344318241,0.354522586,0.367295593,0.384719759,0.405585468,0.430819988,0.460068822,0.491695106,0.523409009,0.553179205,0.579734922,0.601538479,0.618540406,0.63103801,0.639928937,0.646092057,0.650246501,0.653120935,0.654733896,0.655215919,0.6544047,0.652428985,0.649661958,0.646420002,0.642658055,0.638806462,0.634970903,0.630863011,0.626841366,0.623046815,0.619921923,0.617340863,0.614418089,0.612208247,0.610662282,0.609291971,0.60774076,0.606397986,0.604977012,0.603376389,0.60135299,0.598597825,0.595042646,0.590618968,0.585581183,0.579704702,0.573513389,0.566984355,0.560354531,0.553976536,0.547677517,0.541732788,0.536253691,0.531135738,0.526432753,0.522335291
WheatWholePerten0002,Perten_DA7200,wheat,Durum,Spain,2007,9.300000191,12.10000038,0.174623728,0.176912725,0.180917755,0.186319962,0.192871481,0.199607,0.205642059,0.209988922,0.212640002,0.213684514,0.213700444,0.212950647,0.211717829,0.21003148,0.207687214,0.204994589,0.202165738,0.19934918,0.19642064,0.193663791,0.190983355,0.188283891,0.185581163,0.182832032,0.180215508,0.177813634,0.17565456,0.173770502,0.172039151,0.170741737,0.16979216,0.1690505,0.168759242,0.169017986,0.17013821,0.173102841,0.179160327,0.189018041,0.20227991,0.217900112,0.234981582,0.252509117,0.269398093,0.284685791,0.298145235,0.310580343,0.322548777,0.333761245,0.342963427,0.349405557,0.352631748,0.352857292,0.349972665,0.343926132,0.335620523,0.326556891,0.318048328,0.310732007,0.304781914,0.300292641,0.296888173,0.294466496,0.292683959,0.291109681,0.289561659,0.28758958,0.285160899,0.282414287,0.279942364,0.278114706,0.27727434,0.277691096,0.27951473,0.283115685,0.28863427,0.296277076,0.306156308,0.317994356,0.331443846,0.345853955,0.360741854,0.375410527,0.388837397,0.400636435,0.410889119,0.420262426,0.430100322,0.442259133,0.458826184,0.478475541,0.501728058,0.527938366,0.555672348,0.582576037,0.606834173,0.627576709,0.643795908,0.655908227,0.664417446,0.670317352,0.674446166,0.677121282,0.678948164,0.679783046,0.680124641,0.67956394,0.678326428,0.676715314,0.674731255,0.67242533,0.669867635,0.667376399,0.664631963,0.661795378,0.65927887,0.657213926,0.655484557,0.65323168,0.651596189,0.650584757,0.649485588,0.648478031,0.647600353,0.646517217,0.645247102,0.643814325,0.641883373,0.639165759,0.635798752,0.631890774,0.627616525,0.622991622,0.6177724,0.612754703,0.607806444,0.602852285,0.598249614,0.593621135,0.589412391,0.585543811,0.582082927
WheatWholePerten0003,Perten_DA7200,wheat,Durum,Spain,2007,9.199999809,12,0.174797952,0.177075416,0.180959359,0.186128363,0.192544594,0.199350402,0.205407038,0.20963937,0.212250903,0.213472039,0.213381067,0.212683767,0.211495176,0.209770486,0.207519606,0.204856664,0.202082828,0.199146807,0.196334153,0.193662286,0.190914035,0.188262254,0.185568333,0.182862356,0.180255801,0.177926078,0.175755397,0.173797876,0.172091782,0.170749247,0.169734567,0.16903995,0.168726474,0.168892533,0.169994205,0.172943428,0.178906068,0.188623354,0.20177944,0.217135981,0.23405382,0.251426816,0.268196106,0.283522338,0.296985716,0.309479415,0.321523786,0.332766235,0.342086375,0.348439902,0.351730019,0.351986617,0.349107117,0.343036771,0.334634304,0.325543851,0.317008346,0.309618443,0.303672731,0.299100667,0.295773059,0.293331027,0.291479111,0.289961577,0.288370282,0.286393672,0.283969075,0.281162143,0.278609812,0.276726693,0.27580744,0.276108295,0.277878314,0.281370431,0.286787719,0.294307828,0.304067403,0.315859318,0.329207689,0.343681604,0.35863176,0.37334168,0.386897504,0.398768485,0.409059733,0.418379664,0.428200573,0.440324932,0.456744671,0.476264954,0.499420464,0.525778234,0.553733051,0.581034482,0.605834127,0.626851142,0.64341116,0.655904114,0.664586127,0.670514524,0.674656272,0.677476704,0.679243028,0.68029356,0.680709004,0.680072367,0.678867221,0.677167177,0.675216913,0.672831535,0.670472384,0.66785121,0.66514647,0.662472904,0.659771025,0.657735229,0.656055629,0.653779447,0.652198494,0.651058435,0.650014699,0.648907185,0.648157179,0.646855533,0.645737231,0.64428097,0.642294347,0.639639258,0.636214554,0.632415652,0.627836704,0.623213708,0.618102968,0.612735093,0.607698143,0.602585971,0.5981372,0.593627989,0.58913219,0.585163653,0.581918538
WheatWholePerten0004,Perten_DA7200,wheat,Durum,Spain,2007,11.10000038,11.19999981,0.159953475,0.163517088,0.168895006,0.175779775,0.183655039,0.191727907,0.199024171,0.204206482,0.207376733,0.208859116,0.208973125,0.208145678,0.206662983,0.204737514,0.201983124,0.198874116,0.195706964,0.19231087,0.189001814,0.185900331,0.182723016,0.179665119,0.17655541,0.173503637,0.170502201,0.167873099,0.165473253,0.163409978,0.161718354,0.160372868,0.159492135,0.158946112,0.158841789,0.159347609,0.160970226,0.164775744,0.172309578,0.184398472,0.200674072,0.21962449,0.240278527,0.261139631,0.280926526,0.298611522,0.313946873,0.328066886,0.341628432,0.354379326,0.365066409,0.372446537,0.376301348,0.376780868,0.373690963,0.366814911,0.357253909,0.346939921,0.337264419,0.329025507,0.322455138,0.317453533,0.313771308,0.311154634,0.309171528,0.307469249,0.305847079,0.303725332,0.301188916,0.298346698,0.295844078,0.294161499,0.293621421,0.294534445,0.297096878,0.301673323,0.308526546,0.317722321,0.329402775,0.343281835,0.358634085,0.3749834,0.391694099,0.408121258,0.423231065,0.43665579,0.448542178,0.459498048,0.471408695,0.486324847,0.506478369,0.530235529,0.557980061,0.588958919,0.621128619,0.651848912,0.679330587,0.702662408,0.720960081,0.734596133,0.744436681,0.751224637,0.756011248,0.759295702,0.761540949,0.762831509,0.76317662,0.762545764,0.761194229,0.759211958,0.75693959,0.754222632,0.75140363,0.748352885,0.745241106,0.742181361,0.739016354,0.736658573,0.734755039,0.732197583,0.730169773,0.728926778,0.727780581,0.726483703,0.725437045,0.724190354,0.72279489,0.721210301,0.718992293,0.715993583,0.712395966,0.708041489,0.702960014,0.697766364,0.692216039,0.68635571,0.680732846,0.675240696,0.669794858,0.664725781,0.660039008,0.655440033,0.651721776
WheatWholePerten0005,Perten_DA7200,wheat,Durum,Spain,2007,10,16.60000038,0.208357543,0.212024272,0.217849955,0.225429833,0.234251261,0.243290052,0.251448363,0.257565558,0.261300355,0.263200641,0.263752461,0.263235629,0.262321502,0.260677636,0.258063942,0.254815042,0.251374185,0.247819334,0.244181782,0.240698099,0.237218022,0.233658642,0.229987085,0.226417869,0.222970173,0.219914258,0.217175365,0.21476832,0.212812454,0.211356789,0.210356638,0.209880248,0.20987533,0.210546479,0.212514252,0.217162699,0.226060778,0.240307272,0.258946091,0.280128181,0.302877188,0.326066732,0.348749816,0.369581968,0.388033271,0.404856205,0.420792371,0.435527086,0.447193712,0.454725325,0.458133817,0.457758933,0.453409791,0.445046306,0.43380174,0.421815187,0.410690308,0.401283026,0.393644959,0.387765378,0.3834126,0.380281121,0.378103823,0.376444608,0.374908328,0.372826994,0.370154321,0.366911769,0.36394009,0.361914396,0.361156613,0.362045705,0.364846766,0.369963646,0.377458483,0.38758269,0.400622964,0.416244268,0.433794379,0.452700526,0.472167611,0.49143818,0.509103596,0.524615288,0.538291514,0.550854385,0.56422323,0.580861151,0.603175879,0.629094899,0.658905506,0.691676557,0.724923134,0.755687654,0.782094061,0.80357933,0.819698691,0.831371069,0.839606106,0.845192492,0.849286079,0.852062225,0.854083777,0.855214775,0.8556813,0.855466545,0.854418397,0.85356158,0.852199137,0.850352526,0.848483145,0.846353769,0.844140947,0.841776848,0.839475095,0.837675989,0.836235285,0.833845198,0.831978619,0.830729663,0.829490244,0.828349352,0.827323139,0.826124072,0.825042725,0.823603928,0.821862936,0.819032967,0.815898836,0.812183678,0.807726383,0.802880883,0.797901988,0.792922199,0.788042843,0.782923579,0.777979732,0.773284495,0.768848538,0.764623106,0.761430383
WheatWholePerten0006,Perten_DA7200,wheat,Durum,Spain,2007,8.699999809,13.69999981,0.180290699,0.18318972,0.188056693,0.194582164,0.202586457,0.210789979,0.218193367,0.223547086,0.226922423,0.228509098,0.228736952,0.228217557,0.227088541,0.225364029,0.222909927,0.220026076,0.216939718,0.213737786,0.210544691,0.207471639,0.20438388,0.201338157,0.198202089,0.195106745,0.192129582,0.189387202,0.186926931,0.184700966,0.18285127,0.18136169,0.180257708,0.179633334,0.179449618,0.17980063,0.181373715,0.185147017,0.192631215,0.204658315,0.220569179,0.238849878,0.258717448,0.279127449,0.29897067,0.317149282,0.333131492,0.347835273,0.362024218,0.375180125,0.386070848,0.393406838,0.397022963,0.397320032,0.393984646,0.386933923,0.37718007,0.366558522,0.356578916,0.347975493,0.341034919,0.335722923,0.331796199,0.328994721,0.326923221,0.32518661,0.323500842,0.321326315,0.318575829,0.315436333,0.312455863,0.310278922,0.309315443,0.309756458,0.311832041,0.315984845,0.322312444,0.330989659,0.342317849,0.356068224,0.371634275,0.388516784,0.405999392,0.423237145,0.439132392,0.453030467,0.465077639,0.475795209,0.487110645,0.501121998,0.519886494,0.542031884,0.568045497,0.597325325,0.628054321,0.657375395,0.683465779,0.705382407,0.722099841,0.734299243,0.74270469,0.748563886,0.752728522,0.755483389,0.757443965,0.758524776,0.758923173,0.758688808,0.757750928,0.756331503,0.754672289,0.752688408,0.750515342,0.748205423,0.745857477,0.743167937,0.740616441,0.738748908,0.737122834,0.734894037,0.733475208,0.732407808,0.731356204,0.730351925,0.729434848,0.728379428,0.727300108,0.725949645,0.724054337,0.721535265,0.718342364,0.714483738,0.709962964,0.705279768,0.700305224,0.695207596,0.690193355,0.685130894,0.680502653,0.675928175,0.671233594,0.667135119,0.663623452
WheatWholePerten0007,Perten_DA7200,wheat,Durum,Spain,2007,11.5,14.39999962,0.189399466,0.193481505,0.199594915,0.207057074,0.215531096,0.224163771,0.231924087,0.237613246,0.24110356,0.242817327,0.242949635,0.242280528,0.240909234,0.238939196,0.236191481,0.232995689,0.229640782,0.226075679,0.222461581,0.219106793,0.215679959,0.212288663,0.208891064,0.205407396,0.20222263,0.199439511,0.196888506,0.194643363,0.192874238,0.191598579,0.1907904,0.190404594,0.190417707,0.191144377,0.193106681,0.197562501,0.206154421,0.219931826,0.238187432,0.259231687,0.282038599,0.305138886,0.3271375,0.34696126,0.364228994,0.379915595,0.394942254,0.408913553,0.420271456,0.427878618,0.431598216,0.431587994,0.427679509,0.419727832,0.409053415,0.397586286,0.386984766,0.377969533,0.370720863,0.365170717,0.361079961,0.358106911,0.355900377,0.354187906,0.352478713,0.350386977,0.347846925,0.344862253,0.34223643,0.340582937,0.340178251,0.341433883,0.344524294,0.349878013,0.357617766,0.368031889,0.381094396,0.396553218,0.413703203,0.431925684,0.450453311,0.468692571,0.485590398,0.500468314,0.513777435,0.526266158,0.539855301,0.557048857,0.580129266,0.607008219,0.637876153,0.671633303,0.705632985,0.736991346,0.763951004,0.785794079,0.802822888,0.815261662,0.823978007,0.830014169,0.83412391,0.836872816,0.838823974,0.840204299,0.84064275,0.840005219,0.838961661,0.837264955,0.835022748,0.832838714,0.830391049,0.827746689,0.824887216,0.821883917,0.819064379,0.816830874,0.814690113,0.812236488,0.81026125,0.808861852,0.807752073,0.806431592,0.805087149,0.803556919,0.802282274,0.800874412,0.798311412,0.795538783,0.79198134,0.787809968,0.782869935,0.777991474,0.772761822,0.767065406,0.76183188,0.756048501,0.750820339,0.746029496,0.741451263,0.736753345,0.732836187
WheatWholePerten0008,Perten_DA7200,wheat,Durum,Spain,2007,10.89999962,12.89999962,0.15380016,0.156964898,0.161968038,0.168279082,0.175551862,0.183219969,0.189997703,0.194941908,0.197963372,0.199382201,0.199494496,0.198848978,0.197608829,0.195726305,0.193334788,0.190562919,0.187544748,0.184379295,0.181200698,0.178150713,0.175153747,0.172185138,0.169153377,0.16619651,0.163384438,0.160822675,0.158499599,0.156548724,0.154917315,0.153671414,0.152851179,0.15236795,0.152311087,0.152840301,0.154453501,0.158190712,0.165475503,0.177148059,0.192701489,0.210781753,0.230355948,0.250245899,0.269184649,0.286167562,0.300914973,0.314398676,0.327380031,0.339568257,0.349687427,0.356628925,0.360186338,0.360483676,0.35736531,0.350654811,0.341349751,0.331284851,0.321961731,0.314041644,0.307720244,0.302882135,0.299325198,0.296818256,0.294920743,0.293365866,0.291787893,0.289849728,0.287558615,0.284865171,0.282480091,0.280832619,0.280308902,0.281158596,0.283549458,0.28794983,0.294433743,0.303141028,0.314198613,0.327339828,0.341983467,0.357617319,0.373558909,0.389316171,0.403955162,0.416832358,0.428251863,0.438873261,0.450364739,0.464757562,0.484125793,0.506918669,0.533787727,0.563919246,0.595414639,0.625938118,0.653415978,0.676632106,0.695342064,0.709281921,0.719332039,0.726449847,0.731226742,0.734519601,0.736767471,0.73816359,0.738747954,0.738131046,0.736752391,0.734833419,0.73239845,0.729759991,0.726735771,0.72382462,0.720596373,0.717294216,0.71424067,0.71168673,0.709289312,0.706833065,0.705004752,0.703600884,0.702399492,0.701150477,0.699725807,0.698493362,0.697125793,0.695268035,0.692853391,0.689897358,0.686196029,0.681782603,0.676722467,0.671418905,0.66579479,0.659873843,0.654527605,0.64882642,0.64358741,0.638313711,0.633555412,0.62914604,0.625216544
WheatWholePerten0009,Perten_DA7200,wheat,Durum,Spain,2007,10.19999981,12.69999981,0.168239862,0.171434462,0.176443428,0.183077291,0.190824688,0.198789388,0.206006154,0.211344421,0.214532033,0.216070786,0.216246754,0.21551761,0.214213252,0.21234481,0.209866539,0.206918135,0.203782141,0.20048587,0.197153494,0.193993226,0.190919906,0.187941551,0.184803948,0.181672871,0.178680122,0.176027253,0.17363438,0.171490878,0.16968748,0.168325409,0.167384908,0.166846126,0.166725338,0.167245254,0.168909267,0.172763869,0.180259645,0.192405179,0.208585396,0.227396697,0.247857153,0.2687563,0.288802236,0.306839943,0.322550654,0.336960584,0.3508825,0.364004731,0.374911398,0.382423341,0.386244834,0.38664791,0.383307695,0.376163721,0.366269827,0.355466217,0.345400095,0.336871535,0.330057234,0.32488364,0.32106334,0.318320513,0.316338897,0.314619482,0.312944561,0.310839623,0.308249354,0.30528599,0.302661359,0.300813258,0.300082713,0.300831258,0.303238034,0.30768314,0.314355552,0.323523045,0.335116446,0.349062026,0.364638269,0.381323934,0.398459375,0.415362686,0.431068271,0.444872737,0.457044512,0.468299002,0.480239064,0.495161653,0.515221,0.538786054,0.566587031,0.597933054,0.630657256,0.662128091,0.690141678,0.71381861,0.73265034,0.746508002,0.756321967,0.763241828,0.76803112,0.771252692,0.77346617,0.774788618,0.775315821,0.774828434,0.773540318,0.771725416,0.769724548,0.767161965,0.764548421,0.761745155,0.75871098,0.755615294,0.752672434,0.750191629,0.748063147,0.745795012,0.743959189,0.742595792,0.741608143,0.740366459,0.739117444,0.737820685,0.736640394,0.735054255,0.732556343,0.729739189,0.725973904,0.721719563,0.716572285,0.711339712,0.70589453,0.700061441,0.69449079,0.688804507,0.683496773,0.67845726,0.673532963,0.669196188,0.66523397
WheatWholePerten0010,Perten_DA7200,wheat,Durum,Spain,2007,11.19999981,13.60000038,0.192974478,0.196440846,0.201794848,0.208783507,0.216790736,0.224988133,0.232308552,0.237698063,0.240999416,0.242474362,0.242610216,0.241925478,0.240603671,0.238546178,0.235904172,0.232870862,0.229624078,0.226197213,0.222749367,0.219558269,0.216385305,0.213191703,0.209958866,0.206657037,0.203637913,0.200949997,0.198414981,0.196293488,0.194547981,0.193214461,0.192342028,0.191837311,0.191764817,0.192319855,0.194008693,0.19808878,0.205982611,0.218639925,0.235559881,0.255176336,0.276517749,0.298195332,0.318856984,0.337479681,0.353736043,0.368569076,0.382766485,0.395946026,0.406738997,0.414144844,0.417830557,0.417892814,0.414335817,0.407052547,0.397116542,0.386364937,0.37634787,0.367835879,0.360980719,0.355697721,0.351860672,0.349086732,0.347019255,0.345305264,0.343563497,0.341485173,0.338915855,0.335927606,0.333285958,0.331490696,0.330905408,0.331853569,0.334526718,0.339392215,0.346495867,0.356166154,0.368358761,0.382907003,0.39907676,0.416257262,0.43378219,0.451007098,0.466938108,0.480987012,0.493374556,0.504832327,0.517147124,0.532621563,0.553394735,0.577688336,0.605928063,0.637150109,0.66898644,0.698998451,0.72512728,0.746863544,0.764055848,0.776483059,0.785289168,0.791574657,0.795722127,0.798890531,0.800819039,0.80226171,0.802736521,0.80229193,0.801175714,0.79949218,0.797592163,0.795389473,0.792917967,0.790380418,0.78755343,0.784797132,0.78210783,0.779808581,0.777882576,0.775552571,0.773879111,0.772477448,0.77146405,0.770378053,0.769165695,0.767939091,0.766663253,0.765113115,0.762877703,0.760191858,0.756779552,0.752665222,0.748019576,0.743219912,0.738116443,0.732710838,0.727544248,0.722123265,0.717189074,0.712565422,0.708086431,0.703838646,0.700083554
WheatWholePerten0011,Perten_DA7200,wheat,Durum,Spain,2007,9.5,13.10000038,0.175482452,0.178299442,0.182895735,0.189050093,0.196456075,0.204326987,0.211251259,0.216383383,0.219456419,0.220818669,0.220912367,0.220235214,0.218998283,0.217260584,0.214921117,0.212077022,0.208941102,0.205792487,0.20258981,0.199630871,0.196682632,0.19370018,0.190630913,0.187554911,0.184706882,0.182106152,0.179642782,0.177509874,0.175744668,0.174256221,0.173268482,0.172563687,0.172321737,0.172691166,0.1741101,0.177642793,0.184701785,0.196222693,0.211527512,0.229294822,0.248632595,0.268437862,0.287582815,0.305002958,0.32034868,0.334539145,0.348190337,0.360815734,0.371242672,0.378403425,0.38198933,0.382081866,0.378742367,0.371829808,0.362359524,0.352119178,0.342492104,0.334272504,0.32762301,0.322553635,0.31883502,0.316172987,0.314202339,0.312548548,0.310848147,0.308755577,0.306100696,0.303034067,0.300263047,0.298262864,0.297315657,0.297789723,0.299902231,0.303956211,0.310186982,0.31884405,0.329917938,0.343351871,0.358506024,0.374842316,0.391659766,0.408320755,0.423605144,0.437010229,0.448792249,0.459480047,0.470649868,0.484506071,0.503204227,0.525302231,0.551332295,0.580673277,0.611262977,0.640630722,0.666666091,0.688433409,0.705406487,0.71790266,0.726622462,0.732591569,0.736652076,0.73946017,0.741387248,0.742575586,0.743169963,0.742730379,0.741681099,0.740120411,0.738376021,0.736480653,0.734173834,0.731874704,0.729346991,0.726580203,0.724092901,0.721953511,0.720119357,0.718081653,0.716564477,0.715352237,0.714315176,0.713463247,0.71235162,0.711297751,0.710186839,0.70884192,0.706675768,0.704171002,0.700831711,0.696890712,0.69224453,0.687408984,0.682528436,0.677325606,0.672272861,0.666964471,0.662066758,0.657260597,0.652853549,0.648678362,0.645002723
WheatWholePerten0012,Perten_DA7200,wheat,Durum,Spain,2007,9.699999809,13.30000019,0.153345943,0.156165987,0.160675049,0.16677621,0.173910618,0.181329534,0.188055262,0.192910358,0.19584249,0.197240099,0.197356701,0.196767941,0.195634753,0.193903595,0.191685185,0.18893446,0.186139107,0.183023959,0.179967135,0.177068949,0.1742443,0.171464086,0.168575257,0.165681675,0.162898421,0.160457447,0.158158407,0.156174943,0.154507563,0.153187186,0.15228568,0.151719913,0.15150018,0.151924431,0.153410867,0.156891763,0.163792372,0.174822301,0.189563885,0.206585661,0.225111008,0.244000822,0.262162566,0.278601855,0.29302156,0.306292325,0.318983436,0.330861211,0.340697497,0.347388387,0.350820273,0.351095766,0.348082572,0.341691464,0.332814992,0.323173434,0.314154774,0.306445599,0.300270885,0.295530945,0.292049468,0.289565116,0.287708551,0.286160231,0.284605563,0.282708228,0.280288696,0.277525723,0.274975151,0.273178041,0.272425324,0.272981852,0.275040269,0.278942227,0.284871638,0.293062747,0.303494752,0.316114187,0.330265492,0.34553346,0.361214966,0.376653314,0.390933782,0.403414697,0.414366126,0.424353093,0.434866786,0.447963804,0.465648562,0.486468911,0.511054635,0.538880587,0.568110108,0.596422434,0.621812701,0.643344462,0.660485625,0.673169434,0.682199776,0.688521266,0.692861974,0.695751786,0.697825015,0.698999941,0.699460387,0.699018061,0.697968006,0.696258485,0.6943506,0.692092121,0.689677894,0.68720001,0.684372187,0.681554973,0.678863883,0.676582933,0.67476821,0.672640979,0.67091161,0.669748366,0.668726623,0.667709887,0.666581333,0.665481269,0.664360702,0.662836254,0.66065836,0.658096969,0.654640377,0.650726557,0.645945132,0.641298533,0.636084795,0.630728185,0.625663936,0.620264411,0.615235984,0.61085099,0.606565356,0.602358401,0.598510623
WheatWholePerten0013,Perten_DA7200,wheat,Durum,Spain,2007,8.300000191,12.89999962,0.215491653,0.217835113,0.222440481,0.228831902,0.236775875,0.245508954,0.253127784,0.258481145,0.261737764,0.263120711,0.263186663,0.262248606,0.260811567,0.258654833,0.25584212,0.252638608,0.249202579,0.245715752,0.24218306,0.238799468,0.235656783,0.232405439,0.229051098,0.225597069,0.222354651,0.2193878,0.216613218,0.214150652,0.211978942,0.210095882,0.208717763,0.207749873,0.207260937,0.207373038,0.208720237,0.212402836,0.219746366,0.231809437,0.247897327,0.266517907,0.287000328,0.308136493,0.328755885,0.347676575,0.364540815,0.38014558,0.395163506,0.409325153,0.420939535,0.428923488,0.433018118,0.433372498,0.429910958,0.422509223,0.412243128,0.400947481,0.390327871,0.381153017,0.373603731,0.367891133,0.363609642,0.360518903,0.35826081,0.356301546,0.354339093,0.35185346,0.348776788,0.345159441,0.341823459,0.339348465,0.338016659,0.338190138,0.340121925,0.344205201,0.350594521,0.35959807,0.371372044,0.385816157,0.402303308,0.420359999,0.439080924,0.457658827,0.474619925,0.489274919,0.501971126,0.513238668,0.524824023,0.539141476,0.558478117,0.581262112,0.608375192,0.639381468,0.671912789,0.703511894,0.731290281,0.754323006,0.772229314,0.784998655,0.79384476,0.799812973,0.803844094,0.806546867,0.808390021,0.809560299,0.810013235,0.809459209,0.808469355,0.807213485,0.805480301,0.803641737,0.801404834,0.799084306,0.796607792,0.793916822,0.79160589,0.789481163,0.787809968,0.785735488,0.784230769,0.783353627,0.782475352,0.781608641,0.780490935,0.779624224,0.778567433,0.777180016,0.774956584,0.772261858,0.768987119,0.765075088,0.760235369,0.755560219,0.750500262,0.745101154,0.739901006,0.734424651,0.729430735,0.724704325,0.719903767,0.71557951,0.712014675
WheatWholePerten0014,Perten_DA7200,wheat,Durum,Spain,2007,10.10000038,15.10000038,0.211725429,0.215085074,0.220400229,0.227459326,0.235980541,0.244668424,0.252590925,0.258438498,0.26194039,0.263584077,0.263866395,0.263199836,0.261958242,0.260010809,0.25723657,0.253894985,0.250447273,0.246840447,0.243182391,0.239735991,0.236271128,0.232835725,0.229274422,0.225679711,0.222383946,0.219426572,0.216659233,0.214239612,0.212250054,0.210703492,0.209622622,0.209006324,0.208847076,0.209383175,0.211194173,0.21545887,0.223863006,0.237423152,0.255344629,0.275951535,0.298339605,0.321322143,0.343596071,0.363988876,0.381987929,0.398490489,0.414342105,0.428941369,0.440761328,0.448635757,0.452403277,0.45232898,0.448277295,0.440123767,0.429093272,0.417237669,0.406181544,0.396722853,0.389128536,0.383273453,0.37889567,0.375773728,0.373495609,0.371682167,0.369851738,0.367666394,0.364825934,0.361459613,0.358399957,0.356292814,0.355461031,0.356311053,0.359026998,0.364013135,0.371463925,0.381607324,0.39457792,0.410229147,0.42778486,0.446648955,0.466148019,0.485391021,0.503109276,0.518610954,0.532284081,0.544744849,0.557999134,0.574629009,0.597064674,0.623251021,0.653725028,0.687724531,0.722603738,0.755446792,0.783827126,0.80699259,0.825031221,0.838055313,0.847191215,0.853560984,0.85776794,0.860730946,0.862905741,0.864288688,0.864929915,0.864394724,0.86343354,0.861939073,0.860202193,0.858377039,0.855944574,0.853671134,0.850995302,0.848190069,0.84555912,0.843352675,0.841584265,0.839158118,0.837323785,0.836096048,0.835070014,0.833959162,0.832612634,0.831451178,0.830286026,0.828793287,0.826416671,0.823682427,0.820101261,0.816049635,0.811166525,0.806174874,0.800884008,0.79507494,0.789711475,0.784050047,0.778762102,0.773762882,0.768893898,0.764083982,0.760238648
WheatWholePerten0015,Perten_DA7200,wheat,Durum,Spain,2007,8.399999619,12.10000038,0.213377804,0.215925917,0.22039181,0.226839051,0.23488678,0.243470505,0.251217365,0.256679028,0.259843886,0.261153579,0.261075497,0.260216385,0.258624375,0.256449461,0.253686994,0.250372976,0.246969566,0.243529171,0.240036324,0.236769721,0.233613744,0.230324045,0.226921663,0.223610386,0.220422238,0.217432991,0.214645028,0.212155923,0.209960342,0.208080411,0.206707671,0.205746681,0.20514001,0.205267742,0.206548974,0.210086718,0.217352048,0.229217663,0.245095179,0.263629884,0.28387624,0.30485785,0.325359255,0.344193429,0.360789925,0.376271993,0.391332299,0.405399084,0.417109519,0.425247759,0.429451853,0.429980248,0.426697582,0.419321686,0.409110904,0.397877663,0.387206405,0.377881914,0.370415211,0.364605069,0.360309303,0.357268632,0.354941219,0.352924109,0.350880653,0.348372757,0.345214754,0.341594905,0.338228226,0.335597843,0.334245145,0.334367544,0.33616668,0.340112507,0.34643662,0.35534671,0.367013246,0.38144657,0.397843063,0.415822148,0.434590548,0.453109592,0.470063627,0.48469919,0.497344285,0.508565605,0.52007407,0.534307241,0.55342567,0.576006532,0.602942646,0.633910418,0.666749358,0.698673546,0.727014959,0.750489891,0.768849731,0.781997442,0.790751755,0.796940148,0.801003635,0.80371511,0.805589855,0.806813061,0.807092249,0.806609154,0.805626452,0.804214776,0.802598774,0.800686359,0.798187316,0.795952082,0.793329716,0.790476024,0.788022697,0.786079168,0.784130096,0.782149196,0.780618548,0.779528618,0.778872967,0.778129995,0.776921153,0.77597338,0.775041699,0.773616672,0.771365702,0.768936813,0.765305162,0.761185944,0.756587148,0.751453698,0.746225774,0.740830123,0.735652745,0.729925394,0.725025594,0.719943285,0.715346158,0.711334825,0.707053483
WheatWholePerten0016,Perten_DA7200,wheat,Durum,Spain,2007,9,14.80000019,0.221892446,0.223733202,0.226891205,0.231393203,0.237030745,0.243049279,0.248311833,0.252192468,0.25446552,0.255308002,0.255247355,0.254612565,0.253575862,0.251939178,0.249693364,0.247192055,0.244569153,0.241773248,0.238919795,0.236306846,0.233619064,0.230945826,0.228242785,0.225390866,0.222789705,0.220449925,0.218235716,0.216318011,0.214635015,0.213227153,0.212249935,0.211570442,0.211237341,0.211376965,0.212500781,0.215408161,0.22127898,0.230902255,0.243602455,0.25832811,0.274461329,0.291124851,0.307484567,0.32254225,0.335935384,0.348167777,0.359817088,0.370680571,0.379360527,0.385097504,0.387674332,0.38744092,0.384244263,0.378079265,0.369754583,0.360731483,0.352239579,0.344983667,0.339028299,0.334338903,0.330843598,0.328278095,0.326376855,0.324768782,0.32324177,0.321364224,0.318930924,0.315997332,0.313325346,0.311318874,0.310311109,0.310526967,0.312142372,0.315538466,0.320765108,0.328089118,0.33763805,0.349318236,0.362566084,0.37689516,0.391747892,0.406428307,0.419889778,0.431623817,0.441751778,0.450850815,0.460422009,0.472311616,0.488438427,0.507336259,0.529539645,0.554603875,0.580808461,0.606198013,0.628880262,0.648055255,0.663208962,0.67437768,0.682283878,0.68769455,0.69140482,0.693959594,0.695644617,0.696680069,0.696977675,0.696437538,0.695307851,0.693843901,0.691955388,0.689998388,0.687680543,0.685293436,0.682622552,0.679864883,0.677398801,0.675197482,0.673366904,0.671158373,0.669487119,0.668294668,0.667324126,0.666276991,0.6650123,0.664002359,0.662813902,0.661324322,0.659209967,0.656838119,0.653644204,0.649949312,0.645614862,0.64124459,0.636848629,0.631960511,0.62729466,0.622672319,0.618200898,0.613989055,0.610015571,0.606489062,0.603308559
WheatWholePerten0017,Perten_DA7200,wheat,Durum,Spain,2007,8.899999619,12.30000019,0.172736019,0.175871089,0.181323722,0.188404799,0.196960241,0.206057027,0.214128017,0.220041856,0.223571554,0.2253723,0.22567834,0.225021109,0.223799273,0.221794933,0.219216675,0.216180593,0.212970778,0.209552348,0.206180111,0.202988818,0.199775845,0.19660598,0.193436995,0.190088138,0.186929658,0.184115842,0.181526884,0.179192737,0.177191183,0.175620616,0.174522102,0.173894212,0.173713103,0.174208313,0.175948352,0.18005693,0.188036278,0.200820163,0.217777029,0.237281054,0.258468628,0.280189753,0.301157475,0.320059419,0.336564213,0.351703942,0.366440594,0.380281031,0.39180994,0.399824083,0.403980494,0.404632241,0.401425928,0.394169182,0.383931488,0.372671545,0.362106055,0.353013098,0.345744699,0.340144813,0.336011559,0.333101869,0.33093667,0.329092056,0.327254862,0.324927151,0.322030693,0.318674207,0.315588087,0.313367516,0.312294602,0.312759906,0.314946979,0.319244534,0.325845897,0.335102558,0.347001344,0.361495853,0.377767563,0.395347416,0.41357857,0.431534708,0.448071778,0.462505847,0.475043178,0.486330241,0.497995853,0.512528181,0.531919658,0.554689825,0.581669569,0.612255693,0.644520283,0.675662875,0.703404009,0.726647198,0.744871438,0.758297682,0.767622948,0.774174631,0.778593659,0.781690121,0.783939183,0.785390794,0.786072254,0.785773218,0.784780324,0.783384383,0.781494677,0.779557169,0.777154982,0.774931908,0.772232831,0.769453406,0.767081142,0.764860928,0.763109803,0.760960221,0.759490371,0.758446634,0.757822633,0.756924272,0.75584358,0.754971266,0.753872812,0.752508104,0.750356138,0.747813046,0.744476855,0.740320981,0.73561126,0.730746388,0.725604832,0.719870627,0.714646041,0.709083498,0.703950524,0.699226499,0.6945104,0.690374374,0.686443508
WheatWholePerten0018,Perten_DA7200,wheat,Durum,Spain,2007,7.900000095,13.60000038,0.180752724,0.183894098,0.18925935,0.196639642,0.20578219,0.215361714,0.223929837,0.230338931,0.234041959,0.235945225,0.236384198,0.235732496,0.234541774,0.23265484,0.22998181,0.226762414,0.223340631,0.219825596,0.216222167,0.212815076,0.20943673,0.206088111,0.202622622,0.199066758,0.195716292,0.192745462,0.189911515,0.18744427,0.185301557,0.18353194,0.182362437,0.181593642,0.181328476,0.181869298,0.183722794,0.188009173,0.196382552,0.209839046,0.227521777,0.247940004,0.270129442,0.292949915,0.315224946,0.335453808,0.353168219,0.369479567,0.385410458,0.400406599,0.412821084,0.421329469,0.42573756,0.426364094,0.422894061,0.415082902,0.404063046,0.391874403,0.380444646,0.370662034,0.362829477,0.356785893,0.352399111,0.349251837,0.346938819,0.345008463,0.343009949,0.340550691,0.337421268,0.333798409,0.33039543,0.32789278,0.326633811,0.326923221,0.329048246,0.333425939,0.340240836,0.349783957,0.362278551,0.377491295,0.394745022,0.413546205,0.433060527,0.452395797,0.470261455,0.4857063,0.499137491,0.511176229,0.523411632,0.538496018,0.558720648,0.582457721,0.610605836,0.642843723,0.67685324,0.709702373,0.738741934,0.762842298,0.78154695,0.794996858,0.804266393,0.810574353,0.815074384,0.818050623,0.820206106,0.821621418,0.822181046,0.821838439,0.821133554,0.819892645,0.818362713,0.816643119,0.814374983,0.812362313,0.809948206,0.807299674,0.804842174,0.80274117,0.801097751,0.799031496,0.797520876,0.796359122,0.795697391,0.794954777,0.793855608,0.792941749,0.792148531,0.790796757,0.788760781,0.786019087,0.782641232,0.778621972,0.773790538,0.768928528,0.763661206,0.758248627,0.752952874,0.747169018,0.742158771,0.737015963,0.732427716,0.728017569,0.723902285
WheatWholePerten0019,Perten_DA7200,wheat,Wheat,Spain,2007,11,11.5,0.127361685,0.1295643,0.1331691,0.137771457,0.143071756,0.148572654,0.153385297,0.156929106,0.15901871,0.159842342,0.159738496,0.159011677,0.15779765,0.156086549,0.153973594,0.151516616,0.148924843,0.146301076,0.143624455,0.141088128,0.138609946,0.136177108,0.133719713,0.131347477,0.129097834,0.127025783,0.125176683,0.123630986,0.122341022,0.121387973,0.120732762,0.120392025,0.120359659,0.120833963,0.12215177,0.12514028,0.130862474,0.140135691,0.152568862,0.167119652,0.182906091,0.198887572,0.213999346,0.227473319,0.239177793,0.249882191,0.260087192,0.269578606,0.277504951,0.28302303,0.285880715,0.286135763,0.2836276,0.278425753,0.27133289,0.263697892,0.256630957,0.250568926,0.245754346,0.242082074,0.239383742,0.237506241,0.236098141,0.234894499,0.23374106,0.232272655,0.230497927,0.228573874,0.226845115,0.22571978,0.225516349,0.226417467,0.228608862,0.232365742,0.237825155,0.245052531,0.254148573,0.264872313,0.276755303,0.289337277,0.302109808,0.314692795,0.326449513,0.33684057,0.346187562,0.355051845,0.364723682,0.376948059,0.393768311,0.413787246,0.437492341,0.464052737,0.492042363,0.519272924,0.544332624,0.566017747,0.583669245,0.597161889,0.607055545,0.614082933,0.61890626,0.622147977,0.624428392,0.625859737,0.626325965,0.625714243,0.62432009,0.622241736,0.619769216,0.616975486,0.613806546,0.610653937,0.607249439,0.603826344,0.600518107,0.597754955,0.595296741,0.592803121,0.590790331,0.589260221,0.587876082,0.586471677,0.585142732,0.583905995,0.582237065,0.580387116,0.578154206,0.575419545,0.571577966,0.567169547,0.562098146,0.557030082,0.551351249,0.545871854,0.540814459,0.535483599,0.530413091,0.525449395,0.520986617,0.517005086,0.513733447
WheatWholePerten0020,Perten_DA7200,wheat,Wheat,Spain,2007,9.600000382,12.60000038,0.186573699,0.189233333,0.193953916,0.200219944,0.208068118,0.216222286,0.223531187,0.228929192,0.232165188,0.233555585,0.233599424,0.232710227,0.231338188,0.229204729,0.226420403,0.223256126,0.219871119,0.216376022,0.212840527,0.209572211,0.206238151,0.202904433,0.199557334,0.196153536,0.192947999,0.190043286,0.187387735,0.185085207,0.183039963,0.181461841,0.180345044,0.179635301,0.179354608,0.179688394,0.181281,0.185176313,0.192932382,0.205452561,0.222106785,0.241436794,0.262372464,0.283828646,0.304476261,0.323277444,0.339897007,0.355122387,0.369571507,0.383053839,0.394232541,0.401900441,0.405777931,0.406091392,0.402632475,0.395430893,0.385601521,0.37492308,0.364898115,0.356224269,0.349283814,0.343940735,0.340071917,0.33728832,0.335253239,0.333481282,0.33171767,0.32957533,0.326825708,0.323689848,0.320760757,0.318706304,0.317858756,0.318470985,0.320830315,0.325348944,0.332146794,0.341453224,0.353402913,0.367788255,0.384046704,0.401472956,0.419425756,0.437094122,0.453456014,0.46768105,0.480179817,0.491660506,0.50350827,0.518247068,0.538343489,0.562012613,0.589819789,0.620942295,0.653543532,0.684542,0.712261856,0.735253155,0.75304085,0.766293824,0.775485456,0.781758189,0.786162257,0.789014697,0.791128516,0.792529166,0.793058932,0.792775929,0.79191792,0.790469348,0.788852692,0.786946833,0.784605801,0.78203696,0.779501319,0.776765466,0.773998559,0.772020996,0.769963563,0.767763853,0.766213179,0.765145659,0.764145374,0.763200343,0.762359262,0.761439025,0.760285735,0.758701086,0.756525457,0.754040778,0.750824988,0.746693373,0.741633713,0.736866295,0.73138696,0.72595036,0.720693946,0.715289474,0.7101776,0.704675794,0.700213432,0.696110845,0.692319214
WheatWholePerten0021,Perten_DA7200,wheat,Wheat,Spain,2007,11.80000019,11.30000019,0.126036897,0.128146425,0.131597787,0.136209682,0.141418874,0.146721229,0.151558459,0.155001655,0.157002524,0.157679215,0.1574018,0.156369552,0.155021459,0.153103814,0.150797695,0.148152471,0.145412669,0.142474473,0.13959676,0.136969864,0.134360015,0.131781757,0.129190683,0.126598567,0.124178961,0.122009747,0.120043911,0.11833825,0.116901308,0.115791902,0.115016431,0.114587322,0.114471614,0.11482013,0.116091207,0.119167857,0.125038341,0.134531915,0.147255614,0.162110478,0.178255484,0.194524169,0.209869504,0.223444134,0.235189855,0.245995626,0.256254524,0.265870959,0.273955762,0.279552162,0.282488048,0.282760888,0.280337811,0.275150836,0.268016785,0.260316193,0.253125697,0.246985897,0.242089346,0.238352925,0.235628843,0.233642057,0.232089028,0.230870605,0.229639247,0.228105262,0.22623153,0.224199057,0.222424239,0.221284166,0.221086755,0.221957251,0.224179134,0.227964982,0.233476251,0.240830109,0.250088304,0.260987461,0.272997946,0.285739005,0.298683286,0.311379999,0.323241323,0.333717018,0.34310028,0.351903379,0.361591071,0.373925269,0.390839726,0.411032945,0.434996247,0.461891741,0.490160465,0.517762005,0.543025315,0.564862847,0.582496405,0.596088052,0.605935335,0.612686038,0.61743325,0.620618641,0.622807205,0.624177396,0.624427557,0.623663008,0.622109294,0.619880378,0.617280424,0.61429584,0.611059606,0.607623816,0.604160786,0.600661933,0.597414672,0.594620109,0.592218101,0.589682102,0.58759439,0.586115599,0.584845543,0.583395779,0.581982434,0.580554843,0.578930616,0.57720077,0.574721396,0.571715951,0.567954958,0.563386738,0.55841887,0.553170681,0.547594011,0.542123556,0.536799908,0.531336486,0.526378512,0.521577716,0.516999602,0.51313597,0.509660125
WheatWholePerten0022,Perten_DA7200,wheat,Wheat,Spain,2007,10.80000019,13.5,0.158144996,0.160571128,0.16469866,0.170092553,0.176463798,0.182920888,0.188681155,0.192958593,0.195372269,0.196202606,0.196089029,0.195139647,0.19369714,0.191756815,0.189332634,0.186366513,0.183297992,0.180120975,0.177004442,0.174039602,0.171099812,0.168192238,0.165279463,0.162325189,0.159506917,0.156985611,0.154718578,0.152732745,0.151042447,0.149698481,0.148857981,0.148313209,0.148161426,0.148550212,0.15000549,0.153492287,0.160299033,0.171263531,0.185741305,0.202648804,0.220946372,0.239464566,0.257082462,0.272767127,0.286424518,0.298888415,0.310742229,0.321779639,0.330895037,0.337175846,0.340277344,0.340424091,0.337523997,0.331507415,0.323286027,0.314394325,0.306135654,0.298981428,0.293194026,0.28880164,0.285546899,0.28320545,0.281460345,0.28000018,0.278596014,0.276829362,0.274613768,0.272155613,0.26996091,0.268519193,0.268102497,0.268950164,0.271367431,0.275538832,0.281660438,0.289960563,0.300419509,0.312733114,0.326533198,0.341134995,0.355959684,0.370472044,0.38388589,0.395680964,0.406154662,0.415817142,0.426327199,0.439528585,0.457410365,0.478458434,0.503026784,0.530228317,0.558276892,0.585024834,0.609032035,0.629229188,0.645158887,0.657083631,0.665554285,0.671263814,0.675285161,0.677961886,0.679845035,0.680984795,0.681250036,0.680500567,0.679202497,0.677386105,0.675245225,0.672804356,0.67013377,0.667295396,0.664269745,0.66127348,0.658497632,0.656105757,0.6540941,0.65181607,0.649957299,0.648723602,0.647602499,0.646386385,0.645067871,0.643857837,0.642419279,0.640854299,0.63873291,0.63609308,0.632796943,0.628727078,0.624191999,0.619599819,0.614752293,0.609651864,0.604776263,0.599825978,0.59512192,0.59076786,0.586784899,0.583090246,0.579629183
WheatWholePerten0023,Perten_DA7200,wheat,Wheat,Spain,2007,10.69999981,15.19999981,0.176501155,0.179466784,0.183965743,0.189714044,0.196514174,0.203409359,0.209578648,0.214170456,0.217008025,0.21822004,0.21834825,0.217703715,0.216578171,0.214928433,0.212785453,0.210045576,0.207171574,0.204118714,0.201030254,0.198109701,0.195226982,0.192367554,0.189387053,0.186530381,0.18382445,0.181330234,0.179079607,0.177168116,0.175572187,0.17440927,0.173637614,0.17314449,0.17312251,0.173665568,0.17520912,0.178839877,0.185943946,0.197276592,0.212262735,0.229546577,0.248269543,0.267259866,0.285527408,0.302111954,0.316463441,0.329605848,0.34211117,0.353662908,0.363033861,0.369300455,0.372267336,0.37217477,0.368914425,0.362449288,0.35367167,0.34426266,0.335548312,0.328060716,0.322122306,0.317471802,0.314033121,0.311638206,0.309859037,0.308413267,0.307064593,0.305354893,0.303120434,0.300604165,0.2983042,0.29675746,0.296279907,0.297183603,0.299616903,0.303919941,0.310237855,0.318708628,0.329447746,0.342282414,0.35660252,0.371848613,0.387433142,0.402710438,0.416800827,0.42932567,0.440395176,0.450624883,0.46167466,0.475472093,0.494037777,0.515807509,0.541027904,0.568789184,0.597254038,0.624103069,0.647658587,0.667414308,0.682963789,0.694456041,0.702738404,0.708310723,0.712149441,0.714973748,0.716929555,0.718083799,0.718554676,0.718143046,0.717000842,0.715500951,0.713856101,0.711649001,0.709254742,0.706770957,0.704025924,0.701272905,0.698733032,0.696413457,0.69441241,0.692208886,0.690396547,0.688955724,0.687902689,0.686593771,0.685313284,0.684371352,0.683034837,0.681405127,0.679405093,0.677010596,0.673702836,0.669859707,0.665504038,0.660856724,0.656033814,0.651067793,0.646036029,0.641417325,0.636946559,0.632330179,0.628186643,0.624685049,0.620900512
WheatWholePerten0024,Perten_DA7200,wheat,Wheat,Spain,2007,9.800000191,14.30000019,0.189990088,0.19220829,0.196314871,0.201797277,0.208489582,0.215408593,0.221592248,0.226080895,0.228710815,0.229693428,0.229670122,0.228762657,0.227413923,0.225589767,0.22307992,0.220059052,0.216848567,0.213605985,0.210298955,0.207185358,0.204072252,0.200978637,0.19785139,0.19472912,0.19171074,0.189006731,0.186506569,0.184354767,0.182463914,0.180957601,0.17995064,0.17925556,0.179016024,0.17938526,0.180846572,0.184470713,0.191649631,0.203113139,0.218248397,0.235697419,0.254651278,0.273907572,0.292541772,0.309510618,0.324457139,0.338147849,0.351100326,0.363088071,0.372854233,0.379335791,0.382426262,0.382305414,0.378940195,0.372299701,0.363371551,0.35380894,0.344774693,0.337018162,0.330783039,0.325930655,0.322334945,0.319775939,0.317866743,0.316277653,0.314766437,0.312801212,0.310314506,0.307468087,0.304887772,0.303041995,0.302293599,0.302962542,0.305191726,0.309373051,0.315619618,0.324138463,0.335037231,0.348099798,0.362907469,0.378714025,0.394882917,0.410824746,0.425412387,0.438225627,0.44940868,0.459508687,0.470347971,0.48385334,0.502086818,0.523531973,0.548464835,0.576117098,0.604699552,0.631710887,0.655635536,0.675661743,0.691141427,0.702581525,0.710594535,0.715988696,0.719753563,0.722171962,0.723910511,0.725004733,0.725461066,0.724949122,0.723831952,0.722306073,0.720682383,0.71860826,0.716321051,0.713858008,0.711217463,0.70856148,0.706071019,0.703777432,0.701979101,0.699825347,0.698168814,0.697007477,0.696044684,0.694865227,0.693657279,0.692620814,0.691453278,0.689953208,0.687751591,0.685328305,0.682130992,0.678310394,0.67398572,0.669607699,0.664845407,0.659945726,0.655171514,0.650510073,0.645723105,0.641379595,0.637207389,0.633786082,0.630349219
WheatWholePerten0025,Perten_DA7200,wheat,Wheat,Spain,2007,9.399999619,11,0.132580698,0.133974373,0.1369607,0.141032726,0.146096245,0.151571795,0.156442255,0.159948722,0.161929563,0.162688434,0.162456438,0.161562562,0.160340563,0.158606678,0.156470552,0.154016435,0.151459992,0.148797959,0.146053866,0.143523052,0.141044527,0.138654098,0.136242643,0.133756861,0.131392703,0.129256278,0.127311721,0.125588268,0.124047592,0.122845113,0.121927299,0.121290565,0.121032767,0.121250376,0.122342385,0.125012189,0.130425111,0.139239833,0.151011378,0.164811179,0.179917291,0.195368037,0.210247397,0.223582149,0.235280693,0.246042669,0.256418169,0.266283542,0.274520427,0.280306518,0.28337279,0.283817589,0.2815184,0.276352733,0.269103169,0.261168033,0.253760546,0.247377709,0.242211923,0.23830986,0.23543863,0.233358294,0.23176147,0.2304544,0.229138315,0.227487579,0.225444138,0.223146066,0.221010864,0.219496951,0.218871743,0.219246239,0.220927239,0.224151507,0.229011357,0.235784397,0.244469017,0.254917711,0.266660333,0.279337794,0.292434335,0.305382282,0.317412227,0.327971488,0.337253124,0.345647037,0.354562074,0.365631729,0.380834341,0.399041086,0.421002507,0.446152121,0.473341227,0.500500083,0.525646925,0.547699153,0.565519631,0.579086661,0.588693857,0.595455051,0.600002766,0.603185713,0.605252624,0.606556535,0.606978655,0.606485426,0.605067432,0.603066027,0.600978196,0.598427296,0.595466733,0.592499495,0.589460373,0.586222231,0.583197773,0.580557704,0.578392029,0.57590884,0.57419467,0.572927296,0.571784675,0.570772946,0.569538236,0.568333805,0.566992641,0.565343916,0.56313479,0.560473561,0.556874454,0.552578509,0.547629356,0.542373776,0.536804557,0.53140372,0.526268244,0.521269202,0.516106725,0.511145532,0.507019758,0.503165364,0.49969238
WheatWholePerten0026,Perten_DA7200,wheat,Wheat,Spain,2007,9.899999619,10.69999981,0.123090819,0.125469059,0.129342914,0.134642854,0.141046614,0.147573084,0.15337041,0.15756321,0.160019174,0.160984457,0.160839945,0.159958065,0.158634529,0.156753555,0.154394284,0.151724994,0.148822099,0.145868555,0.142965078,0.140135214,0.137440667,0.134836912,0.132117569,0.129518047,0.126938909,0.124619529,0.122463867,0.120609179,0.119072877,0.117776923,0.116968982,0.11641717,0.116231501,0.116647318,0.118006088,0.121290378,0.127626509,0.137750834,0.151260212,0.166958869,0.184097588,0.201371953,0.217742294,0.232435718,0.245244697,0.256983191,0.268217742,0.27885139,0.287811488,0.294058561,0.297369629,0.297713637,0.295188159,0.289695531,0.282028079,0.273786426,0.266077697,0.259390086,0.254024983,0.249976099,0.247036547,0.244901985,0.243313104,0.241957456,0.240559071,0.238891944,0.236802042,0.234434456,0.232303545,0.230901271,0.230368078,0.231036231,0.233128488,0.236848086,0.242456436,0.250005692,0.259675086,0.271208942,0.284104645,0.297947705,0.312163025,0.326168537,0.339207113,0.35070172,0.360891998,0.370148182,0.380098522,0.392692894,0.410061479,0.430917531,0.456157714,0.485296398,0.516526997,0.547846019,0.57722497,0.603057265,0.624110401,0.640250742,0.652083576,0.660205245,0.665923238,0.669790685,0.672343195,0.673875988,0.674338639,0.673565686,0.671944141,0.669537604,0.66668433,0.663462758,0.659998179,0.656230331,0.652452588,0.648649335,0.645048857,0.641892135,0.639404118,0.63673234,0.634572446,0.633038282,0.631781817,0.630484283,0.629114389,0.627788723,0.626120746,0.624278069,0.621664286,0.618241012,0.614063442,0.608986855,0.603435576,0.597494841,0.591144264,0.58485651,0.578800082,0.572746158,0.567227006,0.561537445,0.556643248,0.552237332,0.548488855
WheatWholePerten0027,Perten_DA7200,wheat,Wheat,Spain,2007,9.100000382,12.80000019,0.129686892,0.131869435,0.135649249,0.140984222,0.1475043,0.154207781,0.160286158,0.164676696,0.167229995,0.168374777,0.168339521,0.167589888,0.16633448,0.164552301,0.162244231,0.159575641,0.156651899,0.153686509,0.150775984,0.147982046,0.145228893,0.142512158,0.1397596,0.136989743,0.13432169,0.131905615,0.129653484,0.127706304,0.126058608,0.124692082,0.123747073,0.123152271,0.1229847,0.12342447,0.12490426,0.128318533,0.134978712,0.145590231,0.159495235,0.175486296,0.192795396,0.210397184,0.227328748,0.242756411,0.256316781,0.268814921,0.280748755,0.291940421,0.301181614,0.307509363,0.310807258,0.311090052,0.308344871,0.302557975,0.294582337,0.285960138,0.277796745,0.270772874,0.265058488,0.260711402,0.257505179,0.255260676,0.25357464,0.252191335,0.250814438,0.249093711,0.246837392,0.244222552,0.241811872,0.240103602,0.23939538,0.239934295,0.241865471,0.245537669,0.251162946,0.25884074,0.268741608,0.280645877,0.294137895,0.308689266,0.323809177,0.338720679,0.352476478,0.364492983,0.375011951,0.384490967,0.394485772,0.406923711,0.42397061,0.444350898,0.468832851,0.496985376,0.527150035,0.557158768,0.584955454,0.609110057,0.62847811,0.643278897,0.653950095,0.661241889,0.666352511,0.66973418,0.672116876,0.673615158,0.67403847,0.673539519,0.672278762,0.670428574,0.668131828,0.66566807,0.662757337,0.659767687,0.656507433,0.653239071,0.65007633,0.647410274,0.6451419,0.642695546,0.640952408,0.63960129,0.638593435,0.637466013,0.636121333,0.635096014,0.633857906,0.632170141,0.62988162,0.626906276,0.623016119,0.618480265,0.613543391,0.608068049,0.602345884,0.596447647,0.590967655,0.585465133,0.58003968,0.574965358,0.570305347,0.56602031,0.562425911
WheatWholePerten0028,Perten_DA7200,wheat,Wheat,Spain,2007,7.599999905,10.5,0.17877534,0.181129113,0.185578615,0.191870272,0.199814841,0.208323181,0.215861723,0.221184582,0.224238187,0.225527912,0.22551094,0.224481851,0.222986266,0.220903352,0.218134061,0.215015382,0.211710766,0.208396241,0.20506388,0.201918766,0.198831663,0.195826113,0.192705289,0.189577892,0.186568379,0.183742136,0.181119993,0.178773746,0.176680923,0.174964011,0.1736103,0.172644898,0.172186494,0.172375396,0.173671588,0.177159116,0.184189543,0.195598379,0.210791081,0.228531808,0.247992382,0.267965317,0.287331671,0.30500564,0.320677728,0.335273981,0.349301547,0.362442046,0.373518288,0.381238818,0.385390341,0.385961354,0.382928997,0.376345009,0.367000938,0.35680455,0.347104311,0.338550359,0.331614316,0.326301098,0.322292328,0.319430381,0.317263067,0.315376878,0.313414604,0.310948551,0.307932735,0.30447492,0.301226854,0.298808843,0.297451675,0.297492117,0.299188763,0.302904218,0.308889866,0.317330837,0.328326136,0.341857195,0.357436001,0.374470562,0.392155856,0.409654975,0.425686479,0.439537853,0.451419264,0.461813599,0.47253108,0.48577404,0.503909767,0.525503874,0.551386654,0.581458867,0.613789439,0.646003008,0.675571024,0.700786471,0.720560253,0.735230982,0.745469153,0.752367258,0.757210732,0.760268509,0.762254894,0.763544619,0.76391536,0.763209939,0.76214087,0.760304093,0.758096159,0.755762756,0.753070355,0.750085652,0.747084796,0.744009495,0.740963817,0.738458693,0.736581624,0.734216929,0.732627809,0.731432915,0.730582416,0.72965169,0.728492439,0.727699697,0.72645098,0.724729896,0.722387552,0.71949935,0.715682089,0.711095989,0.706209838,0.700658619,0.694677949,0.688864112,0.683138251,0.677447677,0.6720379,0.666526377,0.661633372,0.657144666,0.653241634
WheatWholePerten0029,Perten_DA7200,wheat,Wheat,Spain,2007,11.39999962,8.800000191,0.094371907,0.097002998,0.1011502,0.106363349,0.112358525,0.118510261,0.124019288,0.127896667,0.130210176,0.131267056,0.131133571,0.130318701,0.129117787,0.127365574,0.125060722,0.122554526,0.119954869,0.117274083,0.114604257,0.112092659,0.109676167,0.107304536,0.104881674,0.102494441,0.100326218,0.098276421,0.096421503,0.094773769,0.09341763,0.092392013,0.09166152,0.091295652,0.091232479,0.09165597,0.093003288,0.095990554,0.10184966,0.111218996,0.123695843,0.138317913,0.154229611,0.17013444,0.185084522,0.198315486,0.20977065,0.22027199,0.230443418,0.240087614,0.248279572,0.254203588,0.257446557,0.257980943,0.255892754,0.250920773,0.244027108,0.236462757,0.229384244,0.223380268,0.218594328,0.21502763,0.212416619,0.21057643,0.209183648,0.207961023,0.206695333,0.205180883,0.203351691,0.201334402,0.199576303,0.198421538,0.198111683,0.198860019,0.200898081,0.20444943,0.209635973,0.216659233,0.225489602,0.235966981,0.247596487,0.260012299,0.272721648,0.285222262,0.296918333,0.307391137,0.316747308,0.325457305,0.334931701,0.347010762,0.363679528,0.383801818,0.408220589,0.436537892,0.467253208,0.49833867,0.527620137,0.553702056,0.575188637,0.592041135,0.604367971,0.612987638,0.618962526,0.623001635,0.625799418,0.627417266,0.627822936,0.627045751,0.625172079,0.622366309,0.619208872,0.615658522,0.611649513,0.607665837,0.603561103,0.599372327,0.59562242,0.592337906,0.589596272,0.586673915,0.584480226,0.582877696,0.581389248,0.57996124,0.578405082,0.577038169,0.57538718,0.573253036,0.57059449,0.567073047,0.562788189,0.557618141,0.551818907,0.545531273,0.539081037,0.532673299,0.526412427,0.520295382,0.514420152,0.508837104,0.50388813,0.499220014,0.495131761
WheatWholePerten0030,Perten_DA7200,wheat,Wheat,Spain,2007,8.800000191,9.899999619,0.116564304,0.11832156,0.12157692,0.126183987,0.131830484,0.13787964,0.143352673,0.147223026,0.149461746,0.150349274,0.150270462,0.149432123,0.148173481,0.146470547,0.144342199,0.141871899,0.139334485,0.136663884,0.134022296,0.131585389,0.129172355,0.126746863,0.12434452,0.121964209,0.119665183,0.117518798,0.115590051,0.113856338,0.112309337,0.111077219,0.110201843,0.109586075,0.109323815,0.109627701,0.110765308,0.113503799,0.119066134,0.127970353,0.139865995,0.153945312,0.16944021,0.185308054,0.200605109,0.214312732,0.226315498,0.237476796,0.248372525,0.258732319,0.267523378,0.273823768,0.277247191,0.277892679,0.275729984,0.270452112,0.263014346,0.254796594,0.247130275,0.240487084,0.23519212,0.23116757,0.228215054,0.226114318,0.224571765,0.223169774,0.221779123,0.220046073,0.217872128,0.215460971,0.213270351,0.211669609,0.210926607,0.211278483,0.212936103,0.21615389,0.221077234,0.227923483,0.23683925,0.247639284,0.259756625,0.272965193,0.2867589,0.300375104,0.313092738,0.324313581,0.334146023,0.343036592,0.352401733,0.364014745,0.380010128,0.399398714,0.423065245,0.45101732,0.481959462,0.513545334,0.543552935,0.570441306,0.592563212,0.609594762,0.621929884,0.630627275,0.636397183,0.640342057,0.643065035,0.644668639,0.645332634,0.644736886,0.643088162,0.640634954,0.638022065,0.63491106,0.63125813,0.627818048,0.62390542,0.619990468,0.61658442,0.613520861,0.61107254,0.608281493,0.606422901,0.60507983,0.603904426,0.602654815,0.601371169,0.600185692,0.598825157,0.596928001,0.594382823,0.59101063,0.586877525,0.581888914,0.576103509,0.569896758,0.563612998,0.557046235,0.550857484,0.544903934,0.5389781,0.533631146,0.528722346,0.524197638,0.52027911
WheatWholePerten0031,Perten_DA7200,wheat,Wheat,Spain,2007,12.80000019,11.30000019,0.128341943,0.131676599,0.136612579,0.142603576,0.149519801,0.156365663,0.162408263,0.166842043,0.169597551,0.170809478,0.170771986,0.170031294,0.168629706,0.166733682,0.16443561,0.161661267,0.158654064,0.155629054,0.152562395,0.149664357,0.146857902,0.144095108,0.141295284,0.138536871,0.135957256,0.133630544,0.131550804,0.129796609,0.128390595,0.127376437,0.126743674,0.126411364,0.12647374,0.127113521,0.128717661,0.132326603,0.13923046,0.150316015,0.165024743,0.182148576,0.200663388,0.219129413,0.236495331,0.251912862,0.26532504,0.277595073,0.289254785,0.300111562,0.309221357,0.315563172,0.318796963,0.318920672,0.316059887,0.310119182,0.301996738,0.293354362,0.285363853,0.278553188,0.273142994,0.269036174,0.266015768,0.263897866,0.262325227,0.260989249,0.259633124,0.25802961,0.256077379,0.253844738,0.251984716,0.25081262,0.250680655,0.251814157,0.254421622,0.258793443,0.265090913,0.273454428,0.283855438,0.296135902,0.309699029,0.323907018,0.338380635,0.35263145,0.365866542,0.377636433,0.388339043,0.398427904,0.409586042,0.423776209,0.443210304,0.466355681,0.493767262,0.524485171,0.556508362,0.587694228,0.616192043,0.640610755,0.660526514,0.675776362,0.686811864,0.69463712,0.700100541,0.703769982,0.706313133,0.707672119,0.708108842,0.707368374,0.70572412,0.703232586,0.700421751,0.697206438,0.693605065,0.690031648,0.686199009,0.682236552,0.678784668,0.675741911,0.673051,0.670175374,0.668028355,0.66623348,0.664644659,0.663292646,0.6617136,0.660087526,0.658501089,0.656388581,0.653642833,0.650536478,0.646204889,0.641314805,0.635650039,0.629780233,0.62367022,0.617605388,0.611462951,0.605396092,0.599776804,0.594161749,0.588991463,0.58458519,0.58046782
WheatWholePerten0032,Perten_DA7200,wheat,Wheat,Sweden,2006,16.10000038,11.19999981,0.141481534,0.147323713,0.154714748,0.162924245,0.171079561,0.179085314,0.185830191,0.190624133,0.193182319,0.194028184,0.193532467,0.192156151,0.190297216,0.187672854,0.18471989,0.181338593,0.177681416,0.173974544,0.170448959,0.167151466,0.163947582,0.160781041,0.157747552,0.154683009,0.151987702,0.149574935,0.147678852,0.145994559,0.144880489,0.144256502,0.144075915,0.144308478,0.144933701,0.1460834,0.148254305,0.152620331,0.16091767,0.174686655,0.193298787,0.214925051,0.238185495,0.260746837,0.280898362,0.298211932,0.312680036,0.325621039,0.338198125,0.349925429,0.360025555,0.366870761,0.370437235,0.370526046,0.367266357,0.360428691,0.350999385,0.341030508,0.331893712,0.324141115,0.317954391,0.313312978,0.309961885,0.307441443,0.305673152,0.30419898,0.302846253,0.301322371,0.299551189,0.297623366,0.296277821,0.295737475,0.296565086,0.298915237,0.303143382,0.309350669,0.317882866,0.328723103,0.34197247,0.357097834,0.373108655,0.389513344,0.405823529,0.421766132,0.436613828,0.449912429,0.462442517,0.475116134,0.490307093,0.509542346,0.534531355,0.56460011,0.597887158,0.632402778,0.665917337,0.696180165,0.72203809,0.743014991,0.759946704,0.772382677,0.781010151,0.786917031,0.791360915,0.793930173,0.795819461,0.79666096,0.796583772,0.795569122,0.793455362,0.791164458,0.787787139,0.784301817,0.780450821,0.776775658,0.772937775,0.76919198,0.765837073,0.762403905,0.760004163,0.757140219,0.75466007,0.753048539,0.751410246,0.749937952,0.748727143,0.747448564,0.745789826,0.743714273,0.741425514,0.738346696,0.734818578,0.730372191,0.725067198,0.719905257,0.714328587,0.708718956,0.7028687,0.697676778,0.692674637,0.687316477,0.682923496,0.678152859,0.674292982
WheatWholePerten0033,Perten_DA7200,wheat,Wheat,Sweden,2006,17.20000076,10.69999981,0.155727908,0.159350216,0.164100513,0.169374079,0.174447477,0.179490268,0.18354094,0.186246902,0.187474415,0.187514022,0.186662987,0.18509616,0.183173016,0.18081516,0.178160697,0.175230473,0.172090516,0.169090986,0.166146427,0.163353846,0.160611138,0.157964259,0.155346796,0.152816251,0.150512144,0.14853099,0.146753952,0.145203993,0.144019276,0.143255845,0.142760217,0.142533824,0.142586663,0.143066526,0.14419362,0.146903068,0.152514368,0.162203074,0.175787285,0.19184953,0.209209114,0.226026371,0.240936756,0.253601015,0.264001161,0.273273408,0.282406092,0.290908277,0.298225105,0.303251177,0.305745781,0.305678785,0.303020775,0.297652215,0.29017359,0.282310009,0.275114954,0.268970609,0.264021426,0.260231853,0.257396132,0.255313844,0.253666639,0.252328008,0.251091152,0.249755248,0.248237014,0.246772811,0.245693088,0.245335862,0.24601084,0.247947112,0.251345962,0.256276906,0.263011366,0.271633238,0.281989604,0.293878198,0.306298703,0.319009095,0.331543058,0.343877465,0.355440199,0.36583522,0.375755489,0.386096954,0.398889005,0.415357053,0.436738014,0.462837845,0.491737217,0.522257626,0.552344263,0.57983762,0.603948832,0.623977363,0.640083909,0.652319312,0.660915256,0.666798711,0.670880497,0.673545599,0.675045431,0.675981939,0.675455928,0.674031913,0.671419919,0.66839987,0.664478719,0.660449088,0.656029344,0.651947677,0.64752543,0.643455565,0.639708757,0.63561672,0.632905364,0.629866064,0.6271016,0.625270546,0.623321474,0.621576309,0.619955897,0.618302286,0.616471052,0.61414963,0.611680687,0.608530104,0.604680717,0.600349426,0.595216274,0.590211332,0.584663451,0.579424441,0.573786497,0.56899941,0.564189374,0.559356332,0.555198968,0.550947309,0.547225714
WheatWholePerten0034,Perten_DA7200,wheat,Wheat,Sweden,2006,15.80000019,10.30000019,0.198746488,0.20056589,0.20296894,0.206127822,0.209145203,0.212420836,0.214958072,0.21655418,0.217201918,0.216917336,0.215955526,0.214551956,0.212899968,0.210883915,0.208695263,0.20630239,0.203797802,0.201237157,0.19879362,0.19661969,0.194279879,0.192008808,0.189820275,0.187687919,0.185634628,0.183743134,0.181982845,0.180369139,0.178981274,0.177805409,0.176895857,0.17611979,0.175532222,0.175300062,0.175393328,0.17669031,0.179907128,0.186008006,0.194845632,0.205718562,0.217792347,0.229890928,0.240882233,0.250265002,0.258075625,0.264981985,0.271863163,0.278272182,0.283870935,0.28758961,0.289327204,0.289054662,0.286696762,0.28213504,0.27573958,0.269046068,0.262806416,0.257497907,0.253110081,0.249612629,0.24689056,0.244746268,0.243068993,0.241534829,0.24008362,0.238524258,0.236848503,0.235020444,0.233612537,0.232657537,0.232614398,0.233559921,0.235631391,0.238974243,0.243864924,0.250273079,0.258224726,0.267485976,0.277344793,0.287516803,0.297698975,0.30786112,0.317282081,0.325720042,0.333560497,0.341528833,0.35136357,0.364037037,0.380609661,0.401220739,0.424483538,0.449604273,0.474976778,0.498749495,0.520094693,0.53814733,0.552978039,0.564123333,0.57202971,0.577489793,0.581248522,0.583584249,0.585114121,0.58587873,0.585351467,0.584059596,0.581751764,0.578762114,0.575310528,0.571577966,0.567545056,0.563824594,0.559780359,0.5559448,0.552598238,0.549138188,0.546382904,0.543901146,0.541701794,0.540042698,0.538432062,0.536887884,0.535653412,0.534202993,0.532587171,0.53049016,0.528495133,0.525564015,0.522340655,0.518448174,0.513950348,0.509426475,0.504642129,0.499920756,0.495262086,0.490790218,0.486723691,0.482517064,0.478884071,0.475426167,0.472357094
WheatWholePerten0035,Perten_DA7200,wheat,Wheat,Sweden,2006,15.89999962,10.60000038,0.141779408,0.147277698,0.154913187,0.163051888,0.171344146,0.179565027,0.186530143,0.19129242,0.194094047,0.194918126,0.194470391,0.193234369,0.191123918,0.188577056,0.185448661,0.182075799,0.178403199,0.174632117,0.171141654,0.167792395,0.164634109,0.161360383,0.158335641,0.15527983,0.152565971,0.150207415,0.148230687,0.146534205,0.145495161,0.144837797,0.144627124,0.144896969,0.145454601,0.146715865,0.148869231,0.153262854,0.161663264,0.175342962,0.194035396,0.21580635,0.239224449,0.261885673,0.282293856,0.299681813,0.314381152,0.327272594,0.33994934,0.351847827,0.362032652,0.369095326,0.372912645,0.373085856,0.370049298,0.363264978,0.353776455,0.343833864,0.334767371,0.326904267,0.320793986,0.316098988,0.312762201,0.31031546,0.308591604,0.307134658,0.305697352,0.304132909,0.302327693,0.300383329,0.29896158,0.298422366,0.299196094,0.301524162,0.305711985,0.311879903,0.320430845,0.331261486,0.344517142,0.359540403,0.375662863,0.392141074,0.408413112,0.424328327,0.439241231,0.452690452,0.465185046,0.47786808,0.492810249,0.511857987,0.536648512,0.566755414,0.600154281,0.634987116,0.669312477,0.700392544,0.727255344,0.74922806,0.767067552,0.780310929,0.789535165,0.795972884,0.800277591,0.803534389,0.80507791,0.806307972,0.806151927,0.805106759,0.802722156,0.799930692,0.79651916,0.793078721,0.7890113,0.78512013,0.780894399,0.777374864,0.773551762,0.770169914,0.767807841,0.764620245,0.762364984,0.760965288,0.758815885,0.757561684,0.756204724,0.754596591,0.753070533,0.751220048,0.748715699,0.745534658,0.741953492,0.737336993,0.732280731,0.726863265,0.721171081,0.715386033,0.709893763,0.704488754,0.699342907,0.694120526,0.68927604,0.684751153,0.680674374
WheatWholePerten0036,Perten_DA7200,wheat,Wheat,Sweden,2006,18.39999962,8.5,0.111029714,0.114907429,0.120050192,0.125153482,0.130251542,0.134912446,0.138840705,0.141381562,0.142691493,0.142650023,0.141868696,0.140514925,0.138569653,0.136325553,0.133773327,0.13107796,0.128238991,0.125413731,0.122719318,0.120215707,0.117785208,0.115310006,0.113171049,0.110965155,0.108963847,0.107244544,0.10593845,0.104635514,0.103942312,0.103373013,0.10319183,0.103295341,0.103571884,0.104255922,0.105592147,0.108405963,0.113871142,0.123105347,0.136058077,0.151167482,0.167451173,0.182967439,0.196491614,0.207681999,0.216927722,0.224984929,0.232914463,0.240395561,0.24697569,0.251607359,0.254126221,0.254315198,0.252318502,0.247824043,0.241457671,0.23476854,0.228675246,0.22342062,0.219350815,0.216114774,0.213769496,0.21199429,0.210666999,0.209544376,0.208540574,0.207378864,0.206252933,0.205141097,0.204459608,0.204396293,0.205297098,0.207341328,0.210611731,0.215321064,0.221653864,0.229595721,0.239103183,0.249760389,0.260964781,0.272307932,0.283300489,0.2941688,0.304442376,0.313788414,0.322691321,0.332207054,0.344202876,0.359925598,0.38043949,0.405738354,0.434122562,0.464007378,0.493807495,0.521414876,0.545667112,0.566192806,0.582947969,0.595612645,0.604580104,0.610938907,0.615169346,0.618000984,0.619552434,0.620191097,0.619507492,0.617523849,0.614202023,0.610195816,0.605708003,0.600936115,0.595860958,0.590977132,0.585864246,0.581158698,0.576793313,0.57244134,0.56904304,0.565544665,0.562689662,0.560637057,0.558139265,0.556329072,0.55435425,0.552374303,0.55029875,0.547938347,0.545078397,0.541707397,0.537968755,0.53347075,0.528464973,0.523216486,0.517856419,0.51250875,0.507369638,0.502404153,0.49762398,0.493152589,0.488992661,0.485068023,0.481410533
WheatWholePerten0037,Perten_DA7200,wheat,Wheat,Sweden,2006,15,10.19999981,0.096353211,0.099796951,0.104815632,0.110418782,0.116164595,0.121924818,0.126774892,0.130180836,0.132088244,0.132630616,0.132180214,0.131101817,0.129456639,0.127442315,0.125115782,0.122539476,0.119788721,0.116952635,0.114343509,0.111819983,0.109374821,0.106991902,0.104576625,0.1023385,0.100242257,0.098349929,0.096820682,0.095424347,0.094535828,0.093830891,0.09352719,0.09356232,0.093816102,0.094586909,0.096080519,0.099141784,0.105079822,0.115005635,0.128508061,0.144318342,0.161281467,0.177999616,0.193065494,0.206059903,0.216962576,0.226686046,0.236239895,0.245157883,0.25282681,0.258152038,0.261065692,0.261405468,0.25914079,0.254208714,0.247147352,0.239708066,0.232883543,0.227042407,0.222386777,0.218867719,0.216352299,0.214476228,0.213140249,0.212042242,0.210993901,0.209728941,0.208326131,0.206737563,0.205559149,0.205014437,0.205413461,0.207037121,0.209970325,0.214345291,0.2206112,0.228530094,0.238312244,0.249516204,0.261543959,0.273950726,0.286263704,0.298441023,0.309989512,0.320265174,0.329747558,0.339340329,0.350648522,0.365179718,0.384312838,0.407985449,0.435043901,0.464351833,0.494411975,0.522796989,0.548402906,0.570248306,0.588218212,0.601900578,0.611882865,0.618730903,0.623453677,0.626798809,0.628712595,0.630025089,0.629992545,0.628755093,0.626525521,0.623404265,0.620067477,0.616238892,0.612169802,0.608004034,0.603884697,0.599880219,0.596227586,0.592497289,0.589792907,0.58688128,0.584705055,0.583034396,0.581165612,0.579859436,0.57851553,0.576966286,0.575578153,0.573543191,0.571109772,0.567994595,0.564375222,0.559997201,0.554979801,0.549652636,0.54417634,0.538671434,0.53342247,0.528258443,0.523518384,0.518746257,0.514373362,0.510296941,0.506701052
WheatWholePerten0038,Perten_DA7200,wheat,Wheat,Sweden,2006,15.10000038,11.10000038,0.158202544,0.163811356,0.171384424,0.179808229,0.188549861,0.197166562,0.204430983,0.209527135,0.212321386,0.213382304,0.212820143,0.21154967,0.209510878,0.206845298,0.203663006,0.20007807,0.196342751,0.192405745,0.188764527,0.185168207,0.18192941,0.178536847,0.175255254,0.172012627,0.16914016,0.166538164,0.164455786,0.162578985,0.161427245,0.160538912,0.160317555,0.16051738,0.160987437,0.162165061,0.164416343,0.168924287,0.177612975,0.191837251,0.211353451,0.233829454,0.258102059,0.281660348,0.30288446,0.321069807,0.336410403,0.349953234,0.363198847,0.375441015,0.385941386,0.393134177,0.396942318,0.397029787,0.393817037,0.386854947,0.377202034,0.366979539,0.357621729,0.349514902,0.343082666,0.338205636,0.33477068,0.33213374,0.330306321,0.328790456,0.327287197,0.325618535,0.323677629,0.321549863,0.319870383,0.319182724,0.319870919,0.322157681,0.326291859,0.332545787,0.34122321,0.352337182,0.365833938,0.381306619,0.397851676,0.414727688,0.431442112,0.447757334,0.462988526,0.476571947,0.489240021,0.501708746,0.516278863,0.534822524,0.558762848,0.58770144,0.619408727,0.652214289,0.684113443,0.712608874,0.736952007,0.756731033,0.772423446,0.784127533,0.79228878,0.797895432,0.801665425,0.804540277,0.805953205,0.807265163,0.807085991,0.80632329,0.804575503,0.802120328,0.799355388,0.796437264,0.793280125,0.78982079,0.78630954,0.78319931,0.780203581,0.777145207,0.775339663,0.772416472,0.770479083,0.769348621,0.767641604,0.766583681,0.765462279,0.763958693,0.76294142,0.761099696,0.759336293,0.756422758,0.753436327,0.749283552,0.744883835,0.740013659,0.73490715,0.729708195,0.725037038,0.720073223,0.715490639,0.710695684,0.706320107,0.702382207,0.69812882
WheatWholePerten0039,Perten_DA7200,wheat,Wheat,Australia,2008,10.51000023,16.94043922,0.186119005,0.189568996,0.195270002,0.202521995,0.210806996,0.219383001,0.227145001,0.232852995,0.236379996,0.238131002,0.238676995,0.238153994,0.237171993,0.235661998,0.233438,0.230546996,0.227346003,0.224070996,0.220663995,0.217380002,0.214273006,0.210981995,0.207537994,0.2042,0.201093003,0.198234007,0.195684001,0.193526,0.191644996,0.190199003,0.189296007,0.188833997,0.188747004,0.189313993,0.190990999,0.194878995,0.202593997,0.215177998,0.231775999,0.250454009,0.270556003,0.290847987,0.310434014,0.328458995,0.344314009,0.358475,0.371710986,0.383872986,0.393635005,0.399872989,0.402808011,0.402375996,0.39873299,0.391941011,0.382699996,0.372830004,0.363525987,0.355502009,0.348930001,0.343730003,0.339852989,0.33713299,0.335209012,0.333667994,0.332215011,0.330451012,0.327964991,0.325114012,0.322416008,0.320407987,0.319718987,0.320457012,0.322788,0.327057004,0.333481014,0.342281014,0.353457987,0.366914004,0.381998986,0.397992015,0.414514005,0.430786997,0.445616007,0.458456993,0.469384998,0.479573011,0.490550995,0.504302979,0.522579014,0.544632018,0.569480002,0.596320987,0.623633027,0.648936987,0.671162009,0.689647019,0.703976989,0.714628995,0.722149015,0.727371991,0.730961978,0.733613014,0.735320985,0.736401022,0.736738026,0.736379027,0.735332012,0.734031022,0.732454002,0.730435014,0.728329003,0.725968003,0.723474026,0.720984995,0.718604028,0.716422975,0.714480996,0.712957025,0.71164,0.710483015,0.709621012,0.708819985,0.707773984,0.706745029,0.705816984,0.704590023,0.702766001,0.700407982,0.697646976,0.694090009,0.690207005,0.68602097,0.681685984,0.677141011,0.672742009,0.668359995,0.663884997,0.659823,0.655632973,0.652078986,0.648851991
WheatWholePerten0040,Perten_DA7200,wheat,Wheat,Australia,2008,10.31999969,11.00580025,0.169192001,0.172013998,0.176420003,0.182185993,0.189014003,0.196171001,0.202552006,0.207215995,0.210027993,0.211291,0.211416006,0.210645005,0.209414005,0.207716003,0.205476999,0.202923998,0.200163007,0.197380006,0.194584996,0.191902995,0.189356998,0.186680004,0.184007004,0.18141,0.178896993,0.176598996,0.174565002,0.172709003,0.171081007,0.169782996,0.168840006,0.168176994,0.167855993,0.168035001,0.169018999,0.171642005,0.177169994,0.186453998,0.199258,0.214356005,0.231068999,0.248070002,0.264302999,0.279004008,0.291801989,0.303469986,0.314639986,0.325118005,0.333979994,0.340186,0.343490005,0.343712002,0.341015011,0.335355997,0.327461004,0.318917006,0.310867995,0.303831011,0.298115999,0.293725997,0.290502995,0.288195014,0.286478996,0.284963012,0.283365995,0.281477988,0.279110014,0.276486009,0.274062008,0.272215009,0.271416992,0.271822006,0.273580998,0.277025014,0.282325,0.289683998,0.299160004,0.310588002,0.323374003,0.336997002,0.35106799,0.364924997,0.377714992,0.388819009,0.398267001,0.407036007,0.416462988,0.428274006,0.444258004,0.464143992,0.487268001,0.513172984,0.540358007,0.566591024,0.590345025,0.610536993,0.62649101,0.638363004,0.646808982,0.652598023,0.656431019,0.659085989,0.660737991,0.661943972,0.662034988,0.661320984,0.660100997,0.658306003,0.656081975,0.653701007,0.651076973,0.64804697,0.645114005,0.642288983,0.639452994,0.63696897,0.635021985,0.633292973,0.631776989,0.630631983,0.629589021,0.628648996,0.627623022,0.626771987,0.625576019,0.624186993,0.622174025,0.619562984,0.616463006,0.612515986,0.608193994,0.603332996,0.598406971,0.593523026,0.588536978,0.583662987,0.578925014,0.574386001,0.569841027,0.56594801,0.562502027
WheatWholePerten0041,Perten_DA7200,wheat,Wheat,Australia,2008,11.63000011,12.91162014,0.151268005,0.154719994,0.160209,0.166960999,0.174729005,0.182744995,0.189879999,0.195020005,0.198337004,0.199891999,0.200074002,0.199395001,0.198153004,0.196373999,0.194038004,0.191174001,0.188163996,0.185001999,0.181775004,0.178737,0.175777003,0.172746003,0.169632003,0.166617006,0.163803995,0.161234006,0.158969,0.157033995,0.155318007,0.154080004,0.153237,0.152798995,0.152715996,0.153166995,0.154588997,0.157991007,0.164826006,0.176146999,0.191431001,0.209181994,0.228458002,0.247991994,0.266559005,0.283351988,0.298016012,0.311291993,0.323938996,0.335747987,0.345432013,0.352086991,0.35542199,0.35532099,0.35204801,0.345479012,0.336569011,0.327098995,0.318194002,0.310537994,0.304298997,0.299614012,0.29617101,0.293754995,0.291985005,0.290477991,0.288949996,0.287212998,0.284871012,0.282290012,0.279940009,0.278255999,0.277803004,0.278659999,0.281087995,0.285421997,0.291767001,0.300356001,0.311322004,0.324324995,0.338770986,0.354070008,0.369740009,0.385203004,0.399428994,0.412045986,0.423038006,0.433499008,0.444914997,0.459363014,0.478758991,0.503058016,0.530986011,0.561784029,0.593703985,0.624208987,0.651314974,0.674283981,0.69254899,0.706121981,0.715695977,0.722343028,0.726742029,0.729997993,0.731979013,0.733362973,0.733687997,0.73299402,0.731593013,0.729754984,0.727329016,0.724822998,0.721991003,0.71875298,0.715551019,0.712208986,0.709011018,0.706093013,0.703694999,0.701476991,0.699692011,0.698342025,0.696762025,0.695632994,0.694467008,0.693199992,0.691875994,0.690091014,0.687735975,0.684803009,0.680981994,0.676527023,0.67155999,0.66614598,0.660462022,0.654693008,0.649011016,0.643440008,0.638145983,0.632728994,0.627948999,0.623718977,0.619527996
WheatWholePerten0042,Perten_DA7200,wheat,Wheat,Australia,2008,12.15999985,18.45401001,0.166667998,0.169856995,0.174775004,0.180831999,0.187732995,0.194836006,0.201159,0.205873996,0.208917007,0.210277006,0.210571006,0.210013002,0.209042996,0.207560003,0.205495,0.202907994,0.199901,0.196765006,0.193657994,0.190615997,0.187635005,0.184538007,0.181352004,0.178270996,0.175373003,0.172767997,0.170497999,0.168598995,0.166909993,0.165716007,0.164985001,0.164674997,0.164735004,0.165347993,0.166885003,0.170528993,0.177617997,0.189197004,0.204606995,0.221974,0.240615994,0.259519994,0.277880013,0.294658989,0.309345007,0.322470009,0.334812999,0.346085012,0.354957014,0.360507011,0.362940013,0.362266004,0.358557999,0.351879001,0.34304899,0.33365199,0.324999005,0.317528009,0.311428011,0.306701988,0.303113014,0.30062601,0.298871994,0.297515005,0.296256989,0.294759989,0.292672008,0.290190011,0.287898004,0.286334992,0.286026001,0.287014008,0.289582998,0.293969005,0.300287008,0.308777988,0.319600999,0.332307011,0.346484989,0.361510992,0.376818001,0.391974002,0.40586701,0.418101013,0.428786993,0.43897301,0.450230986,0.464473009,0.483534992,0.506663024,0.532768011,0.560983002,0.589387,0.615795016,0.638718009,0.657591999,0.672442019,0.683317006,0.691097975,0.696570993,0.700025022,0.70282501,0.704636991,0.705721974,0.706110001,0.70568502,0.704846025,0.70340699,0.701729,0.699770987,0.697413981,0.69492799,0.692306995,0.689458013,0.68679601,0.684352994,0.68225503,0.680248976,0.678646982,0.677169979,0.675751984,0.674721003,0.673538029,0.672329009,0.671159029,0.669624984,0.66772902,0.66504401,0.662042975,0.658101976,0.653921008,0.649370015,0.644553006,0.639735997,0.635061979,0.630375981,0.625621021,0.621235013,0.617057979,0.613049984,0.609862983
WheatWholePerten0043,Perten_DA7200,wheat,Canadian Hard R,Canada,2002,12,14.90999985,0.205730006,0.209796995,0.215711996,0.222574994,0.230189994,0.237814993,0.244593993,0.249346003,0.252068013,0.253151,0.25307101,0.252110004,0.25059399,0.248529002,0.245945007,0.24289,0.239612997,0.236233994,0.232910007,0.229813993,0.226686999,0.223551005,0.220393002,0.217276007,0.214387,0.211877003,0.209685996,0.207773998,0.206226006,0.205146998,0.204471007,0.204308003,0.204521,0.205276996,0.207187995,0.211272001,0.219113007,0.231713995,0.248331994,0.267405987,0.287959009,0.308533996,0.327966005,0.34531799,0.360374987,0.373988986,0.386979014,0.398995012,0.408710003,0.414860994,0.417591006,0.417115986,0.413213998,0.406015992,0.396492988,0.386462987,0.377243996,0.369354993,0.362991989,0.357979,0.354369015,0.351783991,0.349839985,0.348396003,0.346926987,0.345212996,0.342997015,0.340447992,0.338218987,0.336858988,0.336695999,0.338016987,0.341033012,0.346289009,0.35352701,0.362814009,0.374915004,0.389008999,0.404581994,0.421021998,0.437716991,0.453956008,0.469117999,0.482441008,0.494208992,0.505720019,0.518572986,0.534987986,0.556650996,0.582912028,0.612062991,0.642884016,0.673896015,0.701884985,0.726182997,0.745885015,0.760830998,0.771916986,0.779600024,0.784923971,0.788510978,0.790791988,0.792400003,0.79322201,0.793516994,0.79301703,0.791556001,0.789822996,0.787877023,0.785677016,0.783234,0.780391991,0.777490974,0.774652004,0.772001982,0.769361019,0.76701802,0.765154004,0.763679981,0.762456,0.760963023,0.759872019,0.758742988,0.757541001,0.756438971,0.754912019,0.752874017,0.750312984,0.747036994,0.743063986,0.738569975,0.733650029,0.728680015,0.723369002,0.718303978,0.713678002,0.708644986,0.704131007,0.700241029,0.696015,0.692674995
WheatWholePerten0044,Perten_DA7200,wheat,Canadian Hard R,Canada,2002,12.5,16.86000061,0.195519,0.199302003,0.204978004,0.211637005,0.218895003,0.226166993,0.232585996,0.237058997,0.239628002,0.240628004,0.240495995,0.239638001,0.238187999,0.236168996,0.233597994,0.230548993,0.227237001,0.223817006,0.220458999,0.217280999,0.214089006,0.210831001,0.207527995,0.204291001,0.201315001,0.198725998,0.196403995,0.194518,0.192935005,0.191860005,0.191236004,0.191054002,0.191276997,0.192127004,0.194120005,0.198351994,0.206396997,0.219349995,0.236241996,0.255383998,0.275750995,0.296079993,0.315337002,0.33257401,0.347546995,0.361065,0.373811007,0.385540009,0.39486599,0.400581002,0.403030992,0.402321011,0.398297012,0.391068012,0.38172701,0.371904999,0.36285001,0.355161995,0.348901987,0.344074994,0.340528011,0.337936997,0.336097002,0.334713012,0.333346009,0.331748992,0.329622001,0.327169001,0.325049996,0.32377699,0.323760003,0.325058997,0.328052014,0.333328009,0.340519995,0.349644989,0.361543,0.375360996,0.39062199,0.406693012,0.42295599,0.43888399,0.453678012,0.466616005,0.478138,0.489502996,0.502170026,0.518366993,0.539592028,0.565257013,0.593463004,0.623288989,0.652855992,0.679571986,0.702708006,0.721248984,0.735523999,0.746079028,0.753440976,0.758535028,0.761834979,0.764159024,0.765793979,0.766658008,0.76691097,0.766358018,0.765119016,0.76365298,0.761817992,0.759774983,0.757528007,0.754922986,0.752324998,0.749686003,0.747039974,0.744521022,0.742582977,0.740687013,0.739162982,0.737966001,0.736716986,0.735490978,0.73406899,0.733148992,0.731948018,0.730494022,0.728600025,0.726225019,0.723147988,0.719394028,0.71499902,0.710411012,0.705552995,0.700662971,0.695894003,0.691062987,0.686452985,0.682026982,0.678013027,0.674080014,0.670606971
WheatWholePerten0045,Perten_DA7300,wheat,Wheat,Sweden,2008,14.57999992,12.39999962,0.335584998,0.338759005,0.343717992,0.349730998,0.356337994,0.362821013,0.368479013,0.37260899,0.374868989,0.375317991,0.37471199,0.373239994,0.371331006,0.368804991,0.365889996,0.362681001,0.359257013,0.355760992,0.352331013,0.348955005,0.345885009,0.342956007,0.340054989,0.337141991,0.334342003,0.331966996,0.329760999,0.327865988,0.326409012,0.325410992,0.324741989,0.324505001,0.324714989,0.325332999,0.326938987,0.330473006,0.33743,0.349216014,0.365514994,0.384662002,0.405662,0.426364005,0.445351988,0.461670995,0.475270987,0.487646997,0.499449015,0.510502994,0.519576013,0.525792003,0.528670013,0.528192997,0.524591982,0.517718971,0.508278012,0.498275012,0.488986999,0.480973989,0.474153996,0.46903199,0.46519801,0.46222201,0.460031003,0.458166987,0.456369013,0.454299003,0.451867014,0.44927001,0.447241008,0.446155012,0.446229994,0.447744012,0.451088995,0.456324995,0.463835001,0.473670006,0.485780001,0.499621004,0.514778972,0.530273974,0.545688987,0.560772002,0.574723005,0.587239981,0.59860599,0.609933019,0.623368979,0.640859008,0.663654983,0.690632999,0.720300973,0.750351012,0.779074013,0.804150999,0.824900985,0.841135979,0.853358984,0.862084985,0.868034005,0.872264028,0.874954999,0.876827002,0.878018022,0.878579021,0.878544986,0.877609015,0.876219988,0.874117971,0.871747017,0.869283021,0.866743028,0.863987982,0.861227989,0.858358026,0.855763018,0.853218973,0.851252019,0.849565983,0.848067999,0.846979976,0.845908999,0.844794989,0.843784988,0.843105018,0.842182994,0.840646982,0.838958979,0.836660981,0.834290028,0.83109802,0.827365995,0.823224008,0.818880975,0.814364016,0.810145021,0.805954993,0.801410973,0.797397018,0.793676019,0.790180981,0.786850989
WheatWholePerten0046,Perten_DA7300,wheat,Wheat,Sweden,2008,14.71000004,9.899998665,0.288888991,0.292216986,0.297347993,0.30349499,0.310072988,0.316574991,0.322212011,0.32633099,0.32860899,0.329140008,0.328646004,0.327206999,0.325349987,0.32289201,0.320037991,0.316973001,0.313748002,0.310440004,0.307170004,0.304040015,0.30114001,0.298420012,0.295713991,0.293008,0.290399998,0.288132995,0.286069006,0.284290999,0.282896996,0.28193301,0.281314999,0.281067014,0.281242997,0.281857014,0.283351988,0.286639005,0.293107987,0.304113001,0.319469005,0.337662995,0.357555986,0.377189994,0.395024002,0.410142988,0.422690004,0.434049994,0.44501701,0.455395013,0.464040995,0.470158994,0.473086,0.472912997,0.469709009,0.463391006,0.454596996,0.445255011,0.436563999,0.429051012,0.422670007,0.417955011,0.414409995,0.411660999,0.409621,0.407770991,0.405923992,0.403872997,0.401517987,0.399087012,0.397168011,0.396100014,0.396178991,0.397585005,0.400647014,0.405497015,0.412568003,0.421743006,0.433023006,0.44590801,0.460029006,0.474372,0.488696009,0.502746999,0.515775979,0.527463019,0.538125992,0.548831999,0.56161499,0.578378975,0.60047698,0.627231002,0.657549977,0.689387023,0.720910013,0.749792993,0.774686992,0.795054019,0.810808003,0.822431028,0.830560982,0.836252987,0.839873016,0.842381001,0.843811989,0.844506979,0.844263017,0.842832983,0.840744019,0.837816,0.834384024,0.830906987,0.827341974,0.823532999,0.819669008,0.815886974,0.81240201,0.809180021,0.806572974,0.804360986,0.80239898,0.800998986,0.799606025,0.798201025,0.796898007,0.795952976,0.794627011,0.792613983,0.790543973,0.787554979,0.784334004,0.780198991,0.77561003,0.770574987,0.765115976,0.759618998,0.754514992,0.749418974,0.744102001,0.739403009,0.73517102,0.731067002,0.727329016
WheatWholePerten0047,Perten_DA7300,wheat,Wheat,Sweden,2008,17.82999992,11.60000038,0.306605011,0.309177011,0.313095003,0.317472011,0.321826011,0.325895011,0.329261005,0.331535012,0.332426012,0.331945002,0.330713004,0.328781992,0.326546997,0.323846012,0.320825994,0.317669988,0.314363003,0.311008006,0.307704002,0.304502994,0.301573992,0.298824012,0.296189994,0.29352501,0.290937007,0.288700998,0.286615998,0.284842998,0.28341499,0.282346994,0.281587988,0.281130999,0.281040996,0.281235009,0.282198012,0.284673005,0.289900005,0.299180001,0.312399,0.328132004,0.345158011,0.361497015,0.375928998,0.387874007,0.397583991,0.406278014,0.414516985,0.422253996,0.428552002,0.432826012,0.434565008,0.433820009,0.430734009,0.425217986,0.417847991,0.410073012,0.40288499,0.396618992,0.391205996,0.387086988,0.383893013,0.381307989,0.379386991,0.377649993,0.375995994,0.374226987,0.372318,0.370444,0.36906901,0.368550003,0.369091004,0.370748013,0.373861998,0.378542006,0.385158986,0.393471003,0.403477997,0.414671987,0.426674992,0.438636005,0.450374991,0.461782992,0.472369999,0.482041001,0.491156012,0.500799,0.513074994,0.529422998,0.550728023,0.576120019,0.604095995,0.63250798,0.659829021,0.684110999,0.704685986,0.721246004,0.734017015,0.743251979,0.749689996,0.754158974,0.756862998,0.758682013,0.759607017,0.759716988,0.758962989,0.757007003,0.754503012,0.751151025,0.747328997,0.743465006,0.739695013,0.735534012,0.731509984,0.727512002,0.723877013,0.720475018,0.717594981,0.715075016,0.712728977,0.71094799,0.709106028,0.707332015,0.705578029,0.704246998,0.702553988,0.700389981,0.698153019,0.695196986,0.692183971,0.688436985,0.684300005,0.679884017,0.675168991,0.670355022,0.665919006,0.661570013,0.656912983,0.652908981,0.649271011,0.645691991,0.642408013
WheatWholePerten0048,Perten_DA7300,wheat,Wheat,Sweden,2008,14.25,11.30000019,0.286967009,0.289761007,0.294241995,0.299760014,0.305761993,0.311764002,0.316971988,0.320795,0.322894007,0.323350012,0.322852999,0.321493,0.319761992,0.317463011,0.314774007,0.311863989,0.308802009,0.305660009,0.302536011,0.29952699,0.296734989,0.294111997,0.291494012,0.288872004,0.286303014,0.284061998,0.281996012,0.280178994,0.278735995,0.277693987,0.276968002,0.27658999,0.276630014,0.277063012,0.278340012,0.281325012,0.287308991,0.297569007,0.311879993,0.328803003,0.347353995,0.365779012,0.382692993,0.397186011,0.409283996,0.420222998,0.430779994,0.440744996,0.448967993,0.454712004,0.45739001,0.457116991,0.45391199,0.447726011,0.439139009,0.42999801,0.421519995,0.414184988,0.407909989,0.403236985,0.399702013,0.396952987,0.394917011,0.393079996,0.391250998,0.389210999,0.386842996,0.384355992,0.382339001,0.381134003,0.38104701,0.38222,0.384947985,0.389396012,0.395994991,0.404597998,0.415271998,0.427540004,0.441092014,0.454939008,0.468849003,0.482528001,0.495196998,0.506546974,0.516874015,0.527163982,0.539386988,0.555449009,0.576704025,0.60253799,0.632070005,0.663419008,0.69480902,0.723886013,0.749204993,0.77006799,0.78628099,0.798259974,0.806662977,0.8125,0.816227019,0.818777025,0.820234001,0.820942998,0.820676982,0.819203019,0.817115009,0.814198971,0.810752988,0.807255983,0.803653002,0.799820006,0.795922995,0.792093992,0.788582981,0.785314977,0.782679975,0.780439973,0.778448999,0.777041972,0.77561897,0.774188995,0.772881985,0.77194798,0.770626009,0.768581986,0.766443014,0.763379991,0.760071993,0.755854011,0.751195014,0.746065974,0.740505993,0.734938026,0.729752004,0.724587977,0.71924001,0.71448499,0.710218012,0.70608002,0.702342987
WheatWholePerten0049,Perten_DA7300,wheat,Wheat,Sweden,2008,14.86999989,11.60000038,0.322376013,0.325810999,0.331104994,0.337424994,0.344195008,0.350834012,0.356617987,0.36086601,0.363196999,0.363705993,0.363153994,0.361685991,0.359753013,0.357230991,0.354265004,0.351031005,0.34759301,0.344053,0.340553999,0.337211996,0.334105998,0.331144005,0.328271002,0.325361013,0.322531015,0.320125997,0.317907989,0.316022009,0.314543009,0.313504994,0.312848985,0.312599987,0.312810987,0.313423991,0.314994991,0.318482995,0.325379014,0.337119013,0.353446007,0.372711003,0.393732011,0.414415985,0.433319986,0.449474007,0.462983012,0.475232005,0.486907989,0.497842997,0.506838024,0.513022006,0.515850008,0.51541698,0.511817992,0.504990995,0.495674998,0.485807002,0.47666499,0.468760997,0.462072998,0.457053006,0.453269005,0.450329006,0.448201001,0.446316987,0.444474012,0.442373008,0.43997401,0.437460989,0.435440987,0.434372008,0.434547991,0.436107993,0.439413995,0.444649994,0.452226013,0.46202001,0.474061012,0.487829,0.502825975,0.51809603,0.533317983,0.548180997,0.561932027,0.574288011,0.585591018,0.59690398,0.610422015,0.628057003,0.651178002,0.678767026,0.709433019,0.740903974,0.771351993,0.798480988,0.821354985,0.839654028,0.853635013,0.863695025,0.870755971,0.875635982,0.878813982,0.881016016,0.882261992,0.88281101,0.882623017,0.881403029,0.879724026,0.877206028,0.874274015,0.871293008,0.868259013,0.864928007,0.861597002,0.858227015,0.855153024,0.852266014,0.849920988,0.847958982,0.846138001,0.844856024,0.843568027,0.842281997,0.841036975,0.840233028,0.838981986,0.837262988,0.835367024,0.832664013,0.829757989,0.826116979,0.821879983,0.817372024,0.812350988,0.807237983,0.802541971,0.797829986,0.792850018,0.788493991,0.784394026,0.780445993,0.776866019
WheatWholePerten0050,Perten_DA7300,wheat,Wheat,Sweden,2008,13.82999992,12.60000038,0.32971099,0.332850993,0.337888002,0.344105989,0.350930005,0.357722014,0.363698006,0.368120998,0.370613009,0.371264011,0.370869011,0.369576991,0.367837012,0.365487993,0.362677991,0.359573007,0.356252998,0.352824986,0.349427015,0.346175998,0.343138993,0.340234995,0.337395996,0.334511995,0.331687987,0.329272986,0.327032,0.325109989,0.323587,0.322495014,0.32178399,0.321493,0.321666986,0.322243989,0.323803991,0.327293992,0.334179997,0.345827013,0.361927986,0.380813003,0.401443988,0.421905994,0.440847009,0.457199007,0.470939994,0.483413011,0.495297998,0.50643301,0.51552999,0.521726012,0.524550021,0.524131,0.520546973,0.513723016,0.504383028,0.494461,0.485235006,0.477243006,0.470467001,0.465366989,0.461528003,0.458559007,0.456425011,0.454549015,0.452717006,0.450574011,0.448080003,0.445390999,0.443161011,0.44185999,0.441789001,0.443085998,0.446105003,0.451027989,0.45828101,0.467756987,0.479514986,0.493077993,0.507983029,0.523271024,0.538613975,0.553624988,0.567475975,0.579823971,0.59096098,0.601885974,0.61471802,0.631358028,0.653159022,0.679181993,0.708177984,0.738080025,0.767086983,0.792930007,0.814686,0.832050026,0.845193982,0.854580998,0.86117202,0.865751028,0.868740976,0.870868981,0.872084975,0.872700989,0.872677028,0.871689022,0.87033999,0.868247986,0.865756989,0.863269985,0.860714972,0.857832015,0.854928017,0.851972997,0.849273026,0.84672302,0.844712973,0.843029976,0.841437995,0.840420008,0.839345992,0.838283002,0.837238014,0.836638987,0.83564502,0.834183991,0.832544982,0.830143988,0.827561975,0.824299991,0.820456028,0.816314995,0.811698973,0.806994021,0.802699983,0.798345983,0.793695986,0.789650977,0.785851002,0.782203972,0.778886974
WheatWholePerten0051,Perten_DA7200,wheat,Wheat,US,2011,8,10.23999977,0.146258503,0.148583293,0.153028399,0.159241304,0.167181,0.175568804,0.182557702,0.187300205,0.189774707,0.190552205,0.1902771,0.189176396,0.187471196,0.185323894,0.182677403,0.179687798,0.176522195,0.173271105,0.170266196,0.167393297,0.164619401,0.161754802,0.158854306,0.155830696,0.1530305,0.1503499,0.147949398,0.1456521,0.143624395,0.141942397,0.140688807,0.139694706,0.139118895,0.139126897,0.140252695,0.143231601,0.149388805,0.1597424,0.173627004,0.189763695,0.2073562,0.225312099,0.242620498,0.258239687,0.271883786,0.28459999,0.297158599,0.3092632,0.319529414,0.326745391,0.330720604,0.331538409,0.329031497,0.323007107,0.314244807,0.304499388,0.295161694,0.286998212,0.280274212,0.275087208,0.271297902,0.268542588,0.266383708,0.264587402,0.26265049,0.26031509,0.257374615,0.254031211,0.250909507,0.248451904,0.247116104,0.246943101,0.248207405,0.251356602,0.256476402,0.263814509,0.273568392,0.285661191,0.299660802,0.315023303,0.331102103,0.346920997,0.361339986,0.373579413,0.384070903,0.393473506,0.403268397,0.415599495,0.432186514,0.452818692,0.477447987,0.506222725,0.537693083,0.569411278,0.598668218,0.623821974,0.643570483,0.657875717,0.667675912,0.673848987,0.677864313,0.680417478,0.681866586,0.682491183,0.682099521,0.680933774,0.679017782,0.67674011,0.674188077,0.671056628,0.667786181,0.664253414,0.660808027,0.657228112,0.653832972,0.650840819,0.648298979,0.646305084,0.644810021,0.643584907,0.642662287,0.641865671,0.640821874,0.639917672,0.638644278,0.636985123,0.634721398,0.631519198,0.627728999,0.623022616,0.617772281,0.611952186,0.605903924,0.599761784,0.593783379,0.588220418,0.582435072,0.576990783,0.572074711,0.567455709,0.563534021
WheatWholePerten0052,Perten_DA7200,wheat,Wheat,US,2011,8.100000382,9.039999962,0.139627501,0.141792595,0.145971894,0.152100295,0.159863293,0.167972505,0.1747334,0.179218799,0.181600303,0.182411194,0.182061195,0.180848405,0.179067597,0.176818296,0.174254596,0.171333596,0.168175995,0.165032297,0.162054896,0.159293607,0.156644493,0.153868794,0.151019603,0.148184493,0.145459905,0.142862499,0.140455499,0.138223797,0.136273295,0.134583399,0.133290395,0.132258296,0.131600305,0.131628394,0.132652298,0.135414094,0.141217902,0.151070699,0.164315701,0.179779097,0.196711302,0.213881999,0.230389699,0.245249003,0.258146703,0.270196587,0.282136113,0.29369989,0.303638488,0.310732395,0.314728499,0.315670103,0.313370407,0.307707608,0.299421012,0.290108889,0.281132489,0.273257911,0.266831607,0.261897504,0.258262605,0.255613089,0.25353381,0.251716614,0.249798298,0.247417599,0.244526207,0.241284102,0.238265306,0.235863403,0.234513,0.234293997,0.2354884,0.238379806,0.243203104,0.250144213,0.259398103,0.270904094,0.284223408,0.298839808,0.314151585,0.329266012,0.343066692,0.354742408,0.364632011,0.373540193,0.3828637,0.394527614,0.410274386,0.429958105,0.453662396,0.481825113,0.512989521,0.544801176,0.574780583,0.600847125,0.621620417,0.636792183,0.647065282,0.653814375,0.657998323,0.660593629,0.662203014,0.662747026,0.662451387,0.660993993,0.658939123,0.656333029,0.653445721,0.650114477,0.646590293,0.642751217,0.639086783,0.635184526,0.631683886,0.628467917,0.625730991,0.623611093,0.622101426,0.620898485,0.619801998,0.618958592,0.618029177,0.617109418,0.61576438,0.613950729,0.611504674,0.608283281,0.60425508,0.599433482,0.593944073,0.587840319,0.581581295,0.575354517,0.569115877,0.563342273,0.557388723,0.551841915,0.546791196,0.542181015,0.538059473
WheatWholePerten0053,Perten_DA7200,wheat,Wheat,US,2011,8.5,10.23999977,0.1784271,0.180773705,0.185212404,0.191488594,0.199310601,0.207400307,0.214300707,0.2190146,0.221555501,0.222357199,0.222021699,0.220806405,0.219009802,0.216763407,0.214044496,0.210958406,0.207612202,0.204194903,0.201034501,0.198054805,0.195111007,0.192196101,0.189187303,0.186129704,0.183207497,0.180461198,0.178022802,0.175796107,0.173762098,0.172077507,0.170800105,0.169920996,0.169369295,0.1693874,0.170485795,0.1734474,0.179679006,0.190190703,0.204363406,0.221030995,0.239293903,0.257924289,0.275807202,0.291989505,0.306270093,0.319511294,0.332474887,0.344893009,0.355372489,0.3627038,0.366644293,0.367098808,0.364052802,0.357601106,0.348546714,0.33863011,0.329119891,0.320723891,0.313919395,0.308716506,0.304886013,0.302068889,0.299877703,0.298019886,0.296048105,0.293665886,0.290622801,0.287258387,0.284174502,0.281777889,0.280466795,0.280438989,0.281978399,0.285507411,0.291128904,0.299034089,0.309435189,0.322249591,0.33702901,0.353093088,0.369748086,0.386140794,0.401137888,0.413971901,0.424970001,0.434976488,0.445508689,0.458823711,0.476750106,0.499175489,0.525672317,0.55588299,0.58820492,0.619907796,0.648725092,0.672860622,0.691566885,0.705014885,0.714173317,0.720104992,0.723870218,0.726204991,0.727532923,0.728248298,0.728022575,0.726880312,0.725126684,0.723029673,0.720762491,0.717796683,0.714530528,0.711124599,0.707990825,0.704653502,0.701328516,0.698300779,0.695783079,0.693844974,0.692562819,0.69110471,0.689970195,0.68896842,0.688225329,0.687300205,0.685989618,0.684074402,0.681777775,0.678847075,0.675135613,0.670516014,0.665362597,0.659651518,0.653742611,0.647774696,0.641870976,0.636268675,0.630391717,0.62492311,0.61993432,0.615353584,0.611127377
WheatWholePerten0054,Perten_DA7200,wheat,Wheat,UK,2011,16.25,14.73999977,0.289122999,0.293065012,0.298696995,0.304915011,0.311506003,0.31784299,0.323192,0.326718986,0.328413993,0.328419,0.327185988,0.325195998,0.322616011,0.319588989,0.315901995,0.311774999,0.307476997,0.303162992,0.298893988,0.294822007,0.290899992,0.287039012,0.283206999,0.279514015,0.276100993,0.273030996,0.270408005,0.268243015,0.26650399,0.265347004,0.264667988,0.264385015,0.264481992,0.265219986,0.267152995,0.271479011,0.279893994,0.293776006,0.312552989,0.334351987,0.357621998,0.38022399,0.40059799,0.418110013,0.43296501,0.446114004,0.458393991,0.469758987,0.478888005,0.484730005,0.487141013,0.486194998,0.482003003,0.474604994,0.464911997,0.454892993,0.445645005,0.437698007,0.431300014,0.426200986,0.422311992,0.419423997,0.417180985,0.415455997,0.413832992,0.412021995,0.409895003,0.407669008,0.406132013,0.405492991,0.406233996,0.408722013,0.413076013,0.419701994,0.428698003,0.440063,0.453774989,0.469330013,0.485944986,0.502788007,0.519163013,0.535090029,0.549677014,0.562583983,0.574420989,0.586561978,0.601152003,0.619777978,0.643521011,0.67106998,0.699997008,0.728244007,0.753921986,0.775833011,0.793615997,0.807313979,0.817834973,0.825461984,0.830848992,0.834333003,0.836893022,0.838455021,0.839385986,0.839935005,0.839756012,0.838653028,0.836956978,0.835067987,0.832948983,0.830613017,0.828050017,0.825661004,0.822961986,0.820390999,0.817788005,0.815463007,0.813771009,0.811655998,0.810154975,0.808649004,0.807455003,0.806258023,0.804965973,0.803821027,0.802572012,0.80112797,0.799445987,0.797342002,0.794923008,0.791989029,0.788878024,0.785215974,0.781504989,0.777767003,0.774037004,0.770235002,0.766695976,0.763188005,0.759800971,0.756968021,0.75434798
WheatWholePerten0055,Perten_DA7200,wheat,Wheat,UK,2011,17.69000053,13.14000034,0.291417986,0.296407014,0.303045988,0.310214013,0.31733799,0.324216008,0.32999301,0.333840996,0.335768998,0.335841,0.334614009,0.332677007,0.329952002,0.326768011,0.322981,0.318697989,0.314305991,0.309911996,0.305593014,0.301443011,0.297495991,0.293659002,0.289880008,0.286258012,0.282981008,0.280036986,0.277509004,0.275518,0.273975998,0.273057014,0.272565991,0.27253899,0.272881001,0.273808986,0.275875986,0.280427009,0.289288998,0.303884,0.323760986,0.347122997,0.372150004,0.396236002,0.417694986,0.436028004,0.45153299,0.465312988,0.478285998,0.490375012,0.500217021,0.506694973,0.509469986,0.508637011,0.504271984,0.496351987,0.485935986,0.475237012,0.465436995,0.457037985,0.450307012,0.445075005,0.441065013,0.438113004,0.435746998,0.433925003,0.432278007,0.430384994,0.428287,0.426279992,0.424986005,0.424677998,0.425895989,0.428889006,0.433966011,0.441468,0.451467007,0.463939011,0.478965998,0.495918989,0.513864994,0.531971991,0.549636006,0.566897988,0.582831979,0.597083986,0.610406995,0.624522984,0.641937971,0.66414398,0.692626,0.725786984,0.760712981,0.794829011,0.825627029,0.851746976,0.872820973,0.889007986,0.901243985,0.910037994,0.916347981,0.920473993,0.923189998,0.924914002,0.925975978,0.926739991,0.926568985,0.925212979,0.923286021,0.921036005,0.918426991,0.915607989,0.912549973,0.909641028,0.906340003,0.903127015,0.900023997,0.897485972,0.895163,0.892428994,0.890541971,0.888707995,0.887079001,0.885393024,0.883997977,0.882543981,0.880811989,0.879135013,0.877225995,0.87460798,0.871505022,0.86789602,0.863919973,0.85936898,0.854812026,0.850374997,0.845763981,0.840946972,0.836341023,0.831993997,0.827885985,0.824243009,0.820742011
WheatWholePerten0056,Perten_DA7200,wheat,Wheat,UK,2011,16.73999977,12.13000011,0.259263992,0.264090002,0.270693988,0.277767003,0.285165012,0.292225987,0.298079997,0.302011997,0.304037988,0.304271013,0.303171009,0.301223993,0.298602015,0.295450985,0.291738987,0.287620992,0.283394009,0.279035002,0.274836987,0.27076301,0.266929001,0.263184011,0.259539008,0.256011009,0.252687991,0.249743,0.247201994,0.245196,0.243628994,0.242627993,0.242082,0.241951004,0.242160007,0.243028998,0.245069996,0.249457002,0.258069992,0.272257,0.291469991,0.314117998,0.338292986,0.361598998,0.38251701,0.400314003,0.415376991,0.428797007,0.44147101,0.453355014,0.463129997,0.469733,0.472689003,0.472081006,0.468001992,0.460460007,0.450533003,0.440158993,0.430626005,0.422488987,0.415995985,0.410964996,0.407180011,0.404374003,0.402177006,0.40041399,0.398752004,0.396872997,0.394773006,0.392715007,0.391321987,0.390908986,0.391842991,0.394531012,0.399195999,0.406136006,0.415508002,0.427300006,0.441570014,0.45767799,0.47488001,0.492321998,0.509407997,0.526072979,0.541510999,0.555335999,0.568129003,0.58147502,0.597723007,0.618502021,0.645506024,0.677488983,0.711827993,0.746428013,0.778734982,0.807052016,0.830645979,0.849214017,0.86342901,0.873961985,0.881466985,0.886277974,0.889729023,0.891866982,0.893177986,0.894113004,0.893846989,0.892525971,0.890303016,0.88783598,0.884999991,0.882010996,0.878655016,0.875171006,0.871550977,0.868236005,0.864926994,0.862028003,0.859539986,0.856877029,0.854812026,0.853088975,0.851409018,0.849901021,0.848393977,0.847024977,0.845237017,0.843321979,0.841144025,0.838431001,0.835030973,0.831175983,0.826790988,0.821798027,0.816825986,0.811782002,0.806580007,0.801542997,0.796530008,0.791800022,0.787231982,0.783249021,0.779783011
WheatWholePerten0057,Perten_DA7200,wheat,Wheat,UK,2011,12.31000042,13,0.261218011,0.263516009,0.267387986,0.272673011,0.278916001,0.285400003,0.291000992,0.294707,0.296703011,0.297051013,0.296238989,0.294665992,0.292542011,0.289997995,0.286881,0.283318013,0.279576004,0.275876999,0.272246003,0.26867801,0.265258014,0.261891007,0.258534998,0.255189002,0.252047002,0.249063999,0.246425003,0.244149998,0.242147997,0.240630001,0.239534006,0.238842994,0.238492996,0.238705993,0.240026996,0.243475005,0.250423998,0.261976987,0.277615011,0.295994997,0.316006988,0.336062014,0.354885995,0.371630013,0.386204004,0.399408996,0.411944985,0.423707992,0.433281988,0.439723015,0.442645997,0.442221999,0.438490003,0.431432992,0.422013015,0.412092,0.40278101,0.394710988,0.388213009,0.383177996,0.379337996,0.376563013,0.374422997,0.372653008,0.370912999,0.368790001,0.366174012,0.363371015,0.360953003,0.359342009,0.358927012,0.360036999,0.362915993,0.367817015,0.374940991,0.384434998,0.396436989,0.410614014,0.426292986,0.442773998,0.459351987,0.475769013,0.490794003,0.503772974,0.515179992,0.526198983,0.538751006,0.554512978,0.575284004,0.600498974,0.628675997,0.658473015,0.688012004,0.715098023,0.738259018,0.756959021,0.771322012,0.781696975,0.789173007,0.793987989,0.79736501,0.799493015,0.800787985,0.801823974,0.802006006,0.801180005,0.799871028,0.798188984,0.796351016,0.794146001,0.791786015,0.789381981,0.786750019,0.784336984,0.781782985,0.779595017,0.777899981,0.776106,0.774827004,0.773604989,0.772671998,0.771809995,0.771073997,0.770332992,0.769245029,0.76790899,0.766295016,0.76402998,0.761246979,0.757983029,0.754139006,0.749783993,0.745274007,0.740620971,0.736118019,0.731442988,0.72706002,0.722923994,0.718999982,0.715695977,0.71252197
WheatWholePerten0058,Perten_DA7200,wheat,Wheat,UK,2011,13.01000023,12.72999954,0.251345992,0.254195988,0.258686006,0.264241993,0.270630986,0.276995987,0.282537997,0.286327004,0.28827101,0.288619012,0.28778401,0.286118001,0.283921003,0.281188011,0.277961999,0.274354011,0.270534009,0.266709,0.262959003,0.259277999,0.255789995,0.252348006,0.248878002,0.245499,0.242304996,0.239357993,0.236769006,0.234574005,0.232666001,0.231313005,0.230426997,0.229921997,0.229778007,0.230232,0.231840998,0.235632002,0.243132994,0.255387992,0.271932989,0.291184992,0.312013,0.33266899,0.351615012,0.368135005,0.382317007,0.395027012,0.407018989,0.418316007,0.427495986,0.433542997,0.436358005,0.435981005,0.432433993,0.425603986,0.416471988,0.406886011,0.397902995,0.390177012,0.38398999,0.379188001,0.375559986,0.372904003,0.370820999,0.36916399,0.367552012,0.365575999,0.363231987,0.360716999,0.358682007,0.357445002,0.357452005,0.359021992,0.362253994,0.367574006,0.375059992,0.38479501,0.396957994,0.411033005,0.426349998,0.442169994,0.457863987,0.473277003,0.487444997,0.49969101,0.510631025,0.521327019,0.533639014,0.549242973,0.569389999,0.593539,0.620023012,0.647385001,0.673695982,0.697193027,0.717040002,0.732863009,0.745015979,0.753883004,0.760154009,0.764346004,0.767279983,0.769152999,0.770287991,0.771265984,0.771232009,0.770451009,0.769123018,0.767565012,0.765757024,0.763601005,0.761283994,0.759083986,0.756623983,0.754139006,0.751892984,0.749876976,0.748252988,0.746402979,0.745220006,0.744112015,0.743179023,0.742311001,0.741338015,0.740442991,0.739480972,0.738281012,0.736822009,0.73486799,0.732360005,0.729453981,0.726087987,0.722294986,0.718504012,0.714523971,0.710496008,0.706508994,0.702911973,0.699222982,0.695879996,0.692942977,0.690214992
WheatWholePerten0059,Perten_DA7200,wheat,Wheat,UK,2011,13.63000011,11.98999977,0.248340994,0.252456009,0.258219004,0.265327007,0.273095012,0.280714005,0.287283987,0.291958004,0.294463009,0.295212001,0.294548988,0.292926997,0.290785015,0.288114995,0.284741014,0.281028003,0.277018994,0.272991002,0.269068003,0.265267998,0.261597008,0.258069992,0.254518986,0.250952005,0.247675002,0.244702995,0.242069006,0.23985,0.238027006,0.236766994,0.235925004,0.235523,0.235514,0.236172006,0.237949997,0.242137,0.250351012,0.263819009,0.282054991,0.303418011,0.326407999,0.349054009,0.369852006,0.387943,0.403497011,0.417502999,0.43078199,0.443239003,0.453532994,0.460465998,0.46369499,0.463335991,0.459401012,0.451954991,0.441962987,0.431479007,0.421730995,0.413361996,0.406686008,0.401524007,0.397691011,0.394867986,0.392702997,0.390967995,0.389241993,0.387196004,0.384721011,0.382111996,0.380062014,0.378832996,0.378986001,0.380795002,0.384481013,0.390392005,0.398653001,0.409458011,0.42277199,0.438167989,0.454953015,0.472294986,0.48951,0.506550014,0.522193015,0.535875976,0.548143983,0.560334027,0.57445699,0.592231989,0.615432978,0.643158019,0.673650026,0.705258012,0.735689998,0.762865007,0.785875022,0.804165006,0.818324029,0.828652024,0.835986018,0.840903997,0.844431996,0.846592009,0.848046005,0.849201024,0.849413991,0.848662973,0.847133994,0.845355988,0.84345299,0.841229975,0.838737011,0.836117029,0.833359003,0.830600977,0.828038991,0.825769007,0.823848009,0.821780026,0.82040602,0.819271028,0.818252981,0.817267001,0.816193998,0.815210998,0.81407398,0.812829018,0.811113,0.808753014,0.805806994,0.802336991,0.798398018,0.794039011,0.789462984,0.784777999,0.780206978,0.775466025,0.771071017,0.766776025,0.762605012,0.75900501,0.755594015
WheatWholePerten0060,Perten_DA7200,wheat,Wheat,UK,2011,13.93999958,13.85999966,0.278616011,0.281715006,0.286572993,0.292416006,0.298913986,0.305429012,0.310864002,0.314507008,0.316269994,0.316540986,0.315539002,0.313731015,0.311419994,0.308582008,0.305296987,0.301533997,0.297605008,0.293668985,0.28974399,0.285928994,0.28233701,0.278822005,0.275285006,0.271811992,0.268501997,0.265534014,0.262869,0.260612011,0.258709014,0.257328987,0.256381989,0.255798012,0.255580008,0.255986989,0.257445991,0.261159986,0.268617004,0.281096995,0.298096001,0.317930996,0.339293003,0.360408992,0.379759997,0.39666599,0.411179006,0.424223006,0.436529994,0.447932988,0.457206011,0.463344991,0.466024995,0.465357006,0.461421013,0.454160988,0.444629997,0.43462801,0.425294012,0.417288989,0.410836011,0.405699998,0.401827008,0.398981005,0.396759003,0.394953996,0.393285006,0.391268998,0.388895989,0.386404991,0.384368986,0.383150011,0.383264005,0.385004997,0.388498992,0.394223005,0.402173013,0.412452996,0.425209999,0.439936996,0.455940992,0.472456008,0.488972008,0.50514102,0.520035982,0.532866001,0.544606984,0.556316018,0.570023,0.587444007,0.610018015,0.637112975,0.666745007,0.697220981,0.726450026,0.752681017,0.774636984,0.792320013,0.805963993,0.815858007,0.822853982,0.827422023,0.830411971,0.832356989,0.833809972,0.834612012,0.834553003,0.833410978,0.831852019,0.829900026,0.827728987,0.825330973,0.822579026,0.819684982,0.816718996,0.813956022,0.811092973,0.808426023,0.806131005,0.804311991,0.802920997,0.80142802,0.800125003,0.799044013,0.797805011,0.796534002,0.795346022,0.79391098,0.791896999,0.789444029,0.786444008,0.783038974,0.778994024,0.774272978,0.769712985,0.765186012,0.760564029,0.755973995,0.751407027,0.747063994,0.743200004,0.739373028,0.736200988
WheatWholePerten0061,Perten_DA7200,wheat,Wheat,UK,2011,14.03999996,9.550000191,0.212908998,0.216592997,0.221807003,0.228135005,0.234978005,0.241601005,0.247287005,0.251244009,0.253178001,0.253695011,0.25287801,0.251201987,0.248990998,0.246234,0.243088007,0.239650995,0.235999003,0.232271999,0.228715003,0.225292996,0.222066,0.218873993,0.215700999,0.212666005,0.209746003,0.207109004,0.204763994,0.202778995,0.201174006,0.199996993,0.199255005,0.198864996,0.198767006,0.199245006,0.200719997,0.204257995,0.211253002,0.222968996,0.239012003,0.258074999,0.278811991,0.299234003,0.31775099,0.333745986,0.347324997,0.359699994,0.371542007,0.382829994,0.392378986,0.399011999,0.40228799,0.402146012,0.398730993,0.391921997,0.382683009,0.372947991,0.363900989,0.356215,0.350147009,0.345402002,0.341910988,0.339327008,0.337303996,0.335608006,0.333903998,0.331928998,0.329694986,0.327450991,0.325672001,0.324681997,0.324882001,0.32662499,0.330051988,0.335640013,0.343344003,0.353347004,0.365644008,0.379857987,0.395374,0.411401004,0.427424997,0.443278998,0.458115012,0.471087009,0.483069986,0.495131999,0.509401977,0.527723014,0.551874995,0.581638992,0.615518987,0.651884019,0.688354015,0.722554982,0.752586007,0.777648985,0.79765898,0.812655985,0.823396027,0.830438972,0.835075021,0.83811599,0.840349019,0.841574013,0.841169,0.839464009,0.83713001,0.83396399,0.830244005,0.826219022,0.822116971,0.817811012,0.813274026,0.809044004,0.805097997,0.801249981,0.79815203,0.795373976,0.793349981,0.791471005,0.789749026,0.788218975,0.786821008,0.785191,0.783635974,0.781516016,0.778910995,0.775434017,0.771155,0.766121984,0.760551989,0.754251003,0.747766972,0.741400003,0.735158026,0.728947997,0.722953022,0.717287004,0.711898983,0.707098007,0.70280999
WheatWholePerten0062,Perten_DA7200,wheat,Wheat,UK,2011,14.47000027,13.32999992,0.272565007,0.276603997,0.282433003,0.289234996,0.296604991,0.303864986,0.310010999,0.314233005,0.316365004,0.316810012,0.315892011,0.314128012,0.311717987,0.308833987,0.305317015,0.301441997,0.29725799,0.293090999,0.288949013,0.284954995,0.281190008,0.277523011,0.273813009,0.270258009,0.266811997,0.26373601,0.261153013,0.258940011,0.257102996,0.255822986,0.255034,0.254732013,0.254792005,0.255438,0.257270008,0.261527985,0.269896001,0.283838004,0.302666009,0.324714005,0.348396003,0.371695012,0.393032998,0.411668986,0.427556008,0.441852987,0.455348015,0.468024999,0.478323996,0.485125005,0.488115013,0.487448007,0.483137012,0.475214005,0.46478501,0.453877986,0.443724006,0.435081005,0.428229004,0.422787994,0.418684006,0.415665001,0.413372994,0.411576003,0.409893006,0.40783599,0.405407012,0.402927995,0.401003987,0.400009006,0.400388986,0.402594,0.406735987,0.413293988,0.422291994,0.433833987,0.44799301,0.464365989,0.482107014,0.500331998,0.518519998,0.536258996,0.552715004,0.567121983,0.580376029,0.593823016,0.60967499,0.629876971,0.656048,0.687264025,0.721294999,0.756049991,0.789022982,0.818113983,0.842351973,0.861541987,0.876347005,0.887138009,0.894616008,0.899626017,0.902884007,0.905049026,0.906829,0.907673001,0.907449007,0.906427026,0.904857993,0.902679026,0.900278986,0.897505999,0.894782007,0.891842008,0.888439,0.88537401,0.882426024,0.879594028,0.877238989,0.875047028,0.873412013,0.871923983,0.870387018,0.869316995,0.868032992,0.866612971,0.865306974,0.863716006,0.861635029,0.859009028,0.855681002,0.851743996,0.847397029,0.842490017,0.837440014,0.832638979,0.827519,0.822443008,0.817632973,0.812717021,0.808296025,0.804108977,0.800475001
WheatWholePerten0063,Perten_DA7200,wheat,Wheat,UK,2011,14.35999966,8.979999542,0.180037007,0.183648005,0.188743994,0.194673002,0.201100007,0.207335994,0.212588996,0.216207996,0.217978999,0.218300998,0.217484996,0.215872005,0.213663995,0.210993007,0.207992002,0.204701006,0.201286003,0.197772995,0.194343999,0.191091999,0.188003004,0.185067996,0.182126999,0.179251999,0.176520005,0.174043,0.171895996,0.170155004,0.168685004,0.167653993,0.167042002,0.166762993,0.166794002,0.167392999,0.168876007,0.172325999,0.179033995,0.190105006,0.205286995,0.223202005,0.242537007,0.261422992,0.278412998,0.292989999,0.305272996,0.316442013,0.327196986,0.337462992,0.34612599,0.352266997,0.355286986,0.355293006,0.352252007,0.346130014,0.337862998,0.329135001,0.32101199,0.314211994,0.308795989,0.304643005,0.301568002,0.299309999,0.297556013,0.296061009,0.294609994,0.292901009,0.290975988,0.289083004,0.287633002,0.286852002,0.287202001,0.28896299,0.292255998,0.297452003,0.304571003,0.313697994,0.324986011,0.337906987,0.351933986,0.366457999,0.380944997,0.395276994,0.408748001,0.420560986,0.431466997,0.442562997,0.455850005,0.473087996,0.495839,0.524125993,0.556594014,0.591907024,0.627790988,0.661803007,0.69214201,0.71796298,0.738798976,0.754716992,0.766224027,0.773795009,0.778900981,0.782200992,0.784428001,0.785607994,0.785349011,0.783452988,0.780717015,0.777050972,0.772944987,0.768450975,0.763629019,0.758948028,0.754073024,0.749390006,0.745023012,0.740849018,0.737366021,0.734385014,0.732216001,0.730063975,0.728204012,0.726538003,0.724816024,0.723163009,0.721413016,0.719103992,0.716175973,0.71243602,0.708019972,0.702737987,0.696907997,0.69046098,0.683795989,0.677222014,0.670780003,0.66446501,0.658315003,0.652486026,0.647181988,0.642434001,0.638131976
WheatWholePerten0064,Perten_DA7200,wheat,Wheat,UK,2011,13.22000027,11.97999954,0.244375005,0.246808007,0.250744999,0.255757004,0.26165399,0.267426997,0.272374988,0.275635988,0.277096987,0.277179003,0.276068002,0.27413699,0.271712005,0.268839985,0.265540987,0.261918992,0.258006007,0.25414899,0.250348002,0.246693,0.243227005,0.239809007,0.236376002,0.233025998,0.229852006,0.226935998,0.224352002,0.222071007,0.220168993,0.218762994,0.217782006,0.217152998,0.216869995,0.217155993,0.218528003,0.221985996,0.228942007,0.240638003,0.256592006,0.275337994,0.295691013,0.315811992,0.334309995,0.350474,0.364253014,0.376709998,0.388642997,0.399863988,0.409069002,0.415345013,0.41832301,0.418054014,0.414519996,0.407665014,0.39842701,0.388641,0.379527003,0.371773005,0.365588993,0.360722989,0.357068986,0.354360014,0.352248997,0.350564003,0.348930001,0.346960008,0.344651997,0.342256993,0.340303987,0.339116007,0.339157999,0.340741992,0.343962014,0.349307001,0.35680601,0.366587013,0.378647,0.392742991,0.408109993,0.424082995,0.440104008,0.455832988,0.470385999,0.483072013,0.494599998,0.505970001,0.519342005,0.536266983,0.558440983,0.585373998,0.615556002,0.64745599,0.678938985,0.707841992,0.732829988,0.753493011,0.769622982,0.781598985,0.790008009,0.795445979,0.799130976,0.801598012,0.803228021,0.804237008,0.804129005,0.802962005,0.801198006,0.798901975,0.796230972,0.793254018,0.79015702,0.786953986,0.783406973,0.780174017,0.777049005,0.77402699,0.771517992,0.769370019,0.76790297,0.766411007,0.764979005,0.763795972,0.762628019,0.76145798,0.760209024,0.758562982,0.75621599,0.753486991,0.750147998,0.746133983,0.741689026,0.73654902,0.73120302,0.726176977,0.720938027,0.715831995,0.710909009,0.706035972,0.70156002,0.697628021,0.694124997
WheatWholePerten0065,Perten_DA7200,wheat,Wheat,UK,2011,15.56999969,9.659999847,0.173028007,0.176933006,0.182215005,0.188132003,0.194391996,0.200414002,0.205431998,0.208848998,0.210589007,0.210875005,0.210040003,0.208400995,0.206165001,0.203648001,0.200718001,0.197481006,0.194073007,0.190614998,0.187246993,0.184034005,0.181031004,0.178112,0.175246999,0.172442004,0.169842005,0.167465001,0.165472001,0.163817003,0.162486002,0.161599994,0.1611,0.160955995,0.161080003,0.161694005,0.163229004,0.166636005,0.173274994,0.184250996,0.199238002,0.216887996,0.235793993,0.254130989,0.270536006,0.284561008,0.296461999,0.307328999,0.317631006,0.327389002,0.335574001,0.341188997,0.343872011,0.343620986,0.340507001,0.334527999,0.32653001,0.318201989,0.310523003,0.304058999,0.298979014,0.295044005,0.292117,0.289967001,0.288320988,0.286944985,0.285636008,0.284090012,0.282364011,0.280647993,0.279466987,0.278991997,0.279505998,0.281412005,0.284851015,0.290122986,0.297232986,0.306309998,0.317369014,0.330051005,0.343771994,0.35779199,0.371744007,0.385502994,0.398454994,0.409907997,0.420637995,0.431744009,0.445273012,0.462873012,0.486166,0.515200973,0.548262,0.583808005,0.619684994,0.653423011,0.683382988,0.708696008,0.729065001,0.744531989,0.755760014,0.763200998,0.768211007,0.77136898,0.77343899,0.774405003,0.773901999,0.771804988,0.768842995,0.765111983,0.760792017,0.756079972,0.751119971,0.746163011,0.741024971,0.736169994,0.731531978,0.727289021,0.723500013,0.720266998,0.717814982,0.715503991,0.713276029,0.711360991,0.709411979,0.707453013,0.705420017,0.702883005,0.699820995,0.695946991,0.691331983,0.685944974,0.680025995,0.67347002,0.666840017,0.660326004,0.653795004,0.647327006,0.641176999,0.635406971,0.629880011,0.624916017,0.620597005
WheatWholePerten0066,Perten_DA7200,wheat,Wheat,UK,2011,15.27000046,8.68999958,0.197171003,0.201497003,0.207323998,0.214000002,0.221044004,0.227855995,0.233518004,0.237316996,0.239204004,0.239575997,0.238672003,0.236959994,0.234649003,0.231803,0.228543997,0.225007996,0.221258998,0.217592001,0.213918999,0.210372999,0.207074001,0.203967005,0.200831994,0.197778001,0.194919005,0.192304,0.190092996,0.188244,0.186747,0.185761005,0.185241997,0.185035005,0.185169995,0.185907006,0.187643006,0.191471994,0.198819995,0.210960001,0.227523997,0.247051999,0.26799199,0.288311988,0.306428999,0.321761996,0.33465901,0.346309006,0.357459992,0.368099004,0.377070993,0.383341998,0.386465997,0.386420995,0.383269012,0.376902998,0.36826101,0.359164,0.350690991,0.343499988,0.337832987,0.333433002,0.330163986,0.327758014,0.325827003,0.324223995,0.322730988,0.320968002,0.319000989,0.317090005,0.315699995,0.315073997,0.315607011,0.317698002,0.321424007,0.327113986,0.334899008,0.344832003,0.356885999,0.370673001,0.385481,0.400579006,0.415663004,0.430451989,0.44422099,0.456400007,0.46767199,0.479288012,0.493357986,0.511438012,0.535214007,0.564446986,0.597310007,0.632341981,0.667169988,0.699334025,0.727580011,0.751106978,0.769931972,0.784090996,0.794098973,0.800728023,0.80527103,0.808142006,0.810151994,0.811071992,0.810591996,0.80884701,0.806182027,0.802650988,0.798753977,0.794319987,0.789902985,0.785383999,0.780577004,0.776181996,0.771932006,0.767998993,0.764732003,0.761835992,0.759588003,0.757486999,0.755560994,0.753856003,0.752113998,0.750289023,0.748567998,0.746290982,0.743520975,0.740107,0.735870004,0.73102802,0.725620985,0.719469011,0.713438988,0.707464993,0.701427996,0.695388973,0.689583004,0.684197009,0.679349005,0.674827993,0.670907021
WheatWholePerten0067,Perten_DA7200,wheat,Wheat,UK,2011,13.40999985,11.64999962,0.237338007,0.240913004,0.246268004,0.252811015,0.260049999,0.267417997,0.27363199,0.278082013,0.280505002,0.281080008,0.28035599,0.27868399,0.27649501,0.273725003,0.270383,0.266640991,0.262733996,0.258713007,0.254813999,0.251040012,0.247499004,0.243927002,0.240456,0.236976996,0.233713001,0.230779007,0.228196994,0.225994006,0.224107996,0.222766995,0.221887007,0.221421003,0.221264005,0.221750006,0.223336995,0.227239996,0.235005006,0.247885004,0.265433013,0.286065996,0.308405012,0.330532998,0.350966007,0.368795008,0.384092003,0.398032993,0.411316007,0.423779994,0.434166998,0.44126001,0.444613993,0.444326013,0.440427989,0.432920992,0.422814012,0.412218988,0.402359992,0.393918008,0.38725099,0.38211,0.37825501,0.37540701,0.37322101,0.371437013,0.369632006,0.367455006,0.364973009,0.36233899,0.360195994,0.358918995,0.358929992,0.360583991,0.364149004,0.369893014,0.377950996,0.388514012,0.401602,0.416810989,0.433450997,0.450747997,0.468075007,0.485188991,0.50099802,0.514917016,0.527522981,0.539982021,0.554473996,0.572924972,0.597306013,0.62719202,0.660757005,0.696546018,0.732141972,0.765241981,0.793856978,0.817433,0.836094022,0.849717021,0.859547019,0.866042972,0.870432019,0.873391986,0.875365019,0.876384974,0.876504004,0.875447989,0.873468995,0.871069014,0.868246973,0.864968002,0.861599982,0.85808301,0.854480028,0.850584984,0.847151995,0.844313026,0.841925979,0.839145005,0.837191999,0.835515976,0.834097982,0.832684994,0.831375003,0.830170989,0.828577995,0.826898992,0.824536979,0.821440995,0.817498982,0.812991023,0.807729006,0.802008987,0.796043992,0.789843977,0.784016013,0.778128028,0.772426009,0.767008007,0.761919975,0.757391989,0.753114998
WheatWholePerten0068,Perten_DA7200,wheat,Wheat,UK,2011,12.68000031,10.55000019,0.202195004,0.205529004,0.210767001,0.217166007,0.224316999,0.231576994,0.237810001,0.242137998,0.244605005,0.245389,0.244891003,0.243526995,0.241699994,0.239242002,0.236276999,0.233055994,0.229604006,0.226037994,0.222614005,0.219258994,0.216138005,0.213,0.209918007,0.206862003,0.203969002,0.201322004,0.198991999,0.196982995,0.195319995,0.194060996,0.193259001,0.192834005,0.192730993,0.193257004,0.194766,0.198413,0.205540001,0.217243999,0.233048007,0.251603991,0.271596015,0.291384995,0.309709013,0.325738996,0.339513987,0.352133989,0.364183009,0.375548005,0.385102987,0.391645998,0.394811988,0.394769996,0.391494006,0.384965986,0.376085013,0.366645992,0.357885003,0.350445986,0.344521999,0.339946002,0.336602986,0.334140003,0.332323998,0.33079201,0.329234988,0.327318013,0.32505399,0.322652996,0.320692003,0.319418997,0.319285989,0.320573002,0.323523998,0.328433991,0.335379988,0.344597012,0.356081992,0.369513005,0.384290993,0.399764001,0.415327996,0.430750996,0.445064008,0.457581997,0.468865991,0.479761004,0.492345005,0.508216023,0.529237986,0.555392981,0.585331976,0.618144989,0.651624024,0.683457971,0.711863995,0.735880971,0.755213976,0.769594014,0.780085027,0.78697902,0.791742981,0.79509902,0.797327995,0.798557997,0.798897982,0.797933996,0.796155989,0.793862999,0.791179001,0.78786999,0.784465015,0.781027973,0.777446985,0.773743987,0.770229995,0.767279983,0.76493299,0.762345016,0.760583997,0.759036005,0.757749975,0.756659985,0.755446971,0.754411995,0.753081977,0.751430988,0.749246001,0.746187985,0.742371976,0.73791498,0.732765973,0.72703898,0.720939994,0.714850009,0.709101021,0.703281999,0.697790027,0.692591012,0.687497973,0.683295012,0.679219008
WheatWholePerten0069,Perten_DA7200,wheat,Wheat,UK,2011,16.52000046,13.78999996,0.220676005,0.224840999,0.230398998,0.236537993,0.242769003,0.248686001,0.253728986,0.257021993,0.258791,0.258960992,0.257934988,0.256249011,0.254025996,0.251313001,0.248123005,0.244533002,0.240785003,0.237002,0.233229995,0.229599997,0.226217002,0.222841993,0.219567001,0.216394007,0.213468,0.210892007,0.208623007,0.206798002,0.205436006,0.204548001,0.204092994,0.204089999,0.204319,0.205074996,0.206931993,0.210908994,0.218546003,0.231077999,0.247823,0.267248005,0.287824988,0.307579011,0.32526499,0.340355009,0.353082001,0.364439011,0.374965996,0.384739995,0.392659992,0.397814006,0.399967015,0.399237007,0.395734012,0.389454007,0.381269008,0.372857004,0.365038008,0.358399987,0.353082001,0.348933011,0.345701993,0.343331009,0.341522008,0.340137005,0.338847011,0.337321997,0.335611999,0.333947986,0.332736999,0.332392007,0.333238006,0.335503012,0.339446992,0.345297009,0.353065997,0.362913013,0.374751002,0.388146013,0.402476013,0.416855007,0.430997014,0.444837987,0.457619011,0.468957007,0.479418993,0.490303993,0.503818989,0.521139026,0.543510974,0.570451021,0.599771977,0.629840016,0.658451021,0.684060991,0.705730975,0.723430991,0.737218976,0.747449994,0.754665017,0.759428024,0.762690008,0.764764011,0.766035974,0.766619027,0.766318023,0.764931977,0.762880981,0.760200977,0.757340014,0.753920972,0.750635982,0.747156978,0.74358201,0.740085006,0.73654002,0.733608007,0.730979979,0.728338003,0.726333976,0.724497974,0.722684979,0.721202016,0.719421029,0.717885017,0.716323018,0.714401007,0.712369025,0.709526002,0.706101,0.702416003,0.69806999,0.693587005,0.688576996,0.683748007,0.679033995,0.674162984,0.669659972,0.665473998,0.661302984,0.657737017,0.654408991
WheatWholePerten0070,Perten_DA7200,wheat,Wheat,UK,2011,15.68999958,9.239999771,0.171315,0.175165996,0.180341005,0.186258003,0.192405999,0.198306993,0.203187004,0.206520006,0.208183006,0.208361998,0.207609996,0.206074998,0.203918994,0.201376006,0.198431999,0.195224002,0.191897005,0.188590005,0.185304001,0.182205007,0.179305002,0.176434994,0.173642993,0.170925006,0.168338999,0.166065007,0.164134994,0.162478,0.161181003,0.160285994,0.159759998,0.159555003,0.159710005,0.160306007,0.161865994,0.165226996,0.171737,0.182506993,0.197105005,0.214289993,0.232674003,0.25039801,0.266119987,0.279457003,0.290744007,0.300967991,0.310732007,0.319914013,0.327692002,0.333144993,0.335797995,0.335732997,0.332947999,0.327457994,0.319999993,0.312204987,0.304930002,0.298707992,0.293810993,0.290035993,0.287218005,0.285192996,0.283542991,0.282164991,0.280898988,0.279329002,0.277608007,0.275983006,0.274747998,0.274242997,0.274708003,0.276519001,0.279808998,0.284794003,0.291547,0.300208986,0.310727,0.322807014,0.335799992,0.349036992,0.362217993,0.375214994,0.387351006,0.398160011,0.408107996,0.418287009,0.430732012,0.44689101,0.468286008,0.494836003,0.524932027,0.557425022,0.590058029,0.620711029,0.648145974,0.671262026,0.689859986,0.704033017,0.714240015,0.720807016,0.725476027,0.728569984,0.730377019,0.731352985,0.73110199,0.729309022,0.726415992,0.722913027,0.719036996,0.714537978,0.709987998,0.705347002,0.70065397,0.696151972,0.691760004,0.687965989,0.684692979,0.681603015,0.679295003,0.677208006,0.675185978,0.67343998,0.671691001,0.669889987,0.668109,0.665800989,0.663061976,0.659581006,0.655321002,0.650460005,0.645120978,0.63913399,0.632986009,0.627003014,0.621092975,0.615175009,0.609676004,0.604497016,0.599569976,0.595318973,0.591261983
WheatWholePerten0071,Perten_DA7200,wheat,Wheat,UK,2011,18.77000046,10.56000042,0.202120006,0.206397995,0.211748004,0.217479006,0.223014996,0.228048995,0.232172996,0.234849006,0.235983998,0.235953003,0.234870002,0.232957006,0.230610997,0.227827996,0.224689007,0.221254006,0.217667997,0.214164004,0.210694999,0.207348004,0.204255,0.201306,0.198393002,0.195619002,0.193011999,0.190757006,0.188887,0.187391996,0.186286002,0.185597003,0.185304001,0.185313001,0.185579002,0.186306998,0.187939003,0.191401005,0.198146001,0.209316999,0.224554002,0.242538005,0.261570007,0.279603988,0.295392007,0.308620006,0.319637001,0.329575002,0.338957012,0.347761005,0.355096012,0.360080004,0.362313002,0.361811012,0.358675987,0.352890998,0.345247001,0.337372005,0.330121011,0.323969007,0.319032013,0.315227002,0.31229499,0.310178012,0.308481008,0.307072014,0.305797994,0.304435998,0.303039998,0.301735014,0.300972015,0.300978988,0.302091003,0.304594994,0.308649987,0.314491004,0.322147995,0.331717014,0.343145996,0.355969012,0.369529009,0.383147001,0.396434993,0.409538001,0.421781004,0.432870001,0.443652988,0.455314994,0.470198989,0.489780009,0.515390992,0.546531022,0.581124008,0.616837025,0.651410997,0.682668984,0.709707975,0.731878996,0.749571979,0.762862027,0.772269011,0.778407991,0.782697976,0.785444975,0.787036002,0.787477016,0.786732972,0.784431994,0.780969024,0.776961029,0.772563994,0.767452002,0.762314975,0.757209003,0.751852989,0.746670008,0.741824985,0.737417996,0.733483017,0.729704022,0.726720989,0.723904014,0.721325994,0.718976975,0.71648401,0.714231014,0.711799979,0.708913982,0.705841005,0.701951981,0.69739598,0.69224602,0.686595023,0.680482984,0.674212992,0.668101013,0.662025988,0.655849993,0.65001303,0.644629002,0.639545023,0.635038018,0.630697012
WheatWholePerten0072,Perten_DA7200,wheat,Wheat,UK,2011,19.28000069,12.75,0.235859007,0.240213007,0.245607004,0.251161009,0.256612003,0.261581004,0.265587986,0.268191993,0.269225001,0.268940985,0.267646015,0.26563099,0.263233006,0.260408998,0.257084996,0.253461003,0.249685004,0.245996997,0.242409006,0.238836005,0.235496998,0.232297003,0.229211003,0.226227,0.223499999,0.221072003,0.219093993,0.217501,0.216291994,0.215596005,0.215266004,0.215281993,0.215532005,0.216288,0.217990995,0.221667007,0.228777006,0.240493,0.256462991,0.275124997,0.294791013,0.313239992,0.329371005,0.342958987,0.354265004,0.364318013,0.373746008,0.382420987,0.38954699,0.39417699,0.396010011,0.395224989,0.391840994,0.385953009,0.378345013,0.370507002,0.363281012,0.357140005,0.352153003,0.348237008,0.345203012,0.342923999,0.341158986,0.339780003,0.338571996,0.337208986,0.335783988,0.33445701,0.333741993,0.333784998,0.334930986,0.337572008,0.341838002,0.347911,0.355818987,0.365590006,0.377285004,0.390305996,0.403986007,0.417643011,0.430907995,0.443843991,0.455848992,0.466627985,0.477070987,0.488281012,0.502605975,0.521331012,0.545512974,0.574302018,0.605395973,0.636587024,0.666023016,0.692001998,0.713916004,0.731562972,0.745405972,0.755792022,0.76284802,0.767418027,0.770681977,0.772810996,0.773787022,0.774102986,0.773463011,0.771377981,0.768521011,0.765178025,0.761720002,0.757557988,0.753346026,0.749171972,0.744903028,0.740705013,0.736715019,0.733038008,0.729842007,0.726674974,0.724128008,0.721728981,0.719456017,0.717405021,0.71519798,0.71322,0.711156011,0.708702028,0.706166983,0.702928007,0.699222028,0.695062995,0.690459013,0.685442984,0.680284977,0.675149977,0.670108974,0.664991021,0.66028899,0.65574801,0.651530981,0.647612989,0.644133985
WheatWholePerten0073,Perten_DA7200,wheat,Wheat,UK,2011,17,12.18000031,0.221190006,0.224763006,0.229528993,0.234841004,0.240151003,0.245169997,0.249283999,0.251976013,0.253181994,0.253024012,0.251874,0.249952003,0.247593999,0.244900003,0.241683006,0.238266006,0.234695002,0.231087998,0.227583006,0.224197999,0.221033007,0.217971996,0.214975998,0.212035999,0.209344998,0.206975997,0.204941005,0.203290999,0.202023,0.201171994,0.200683996,0.200565994,0.200723007,0.201378003,0.202941999,0.206371993,0.213125005,0.224288002,0.239504993,0.257393986,0.276457012,0.294705987,0.31081599,0.324449986,0.335922986,0.346212,0.355881989,0.364859998,0.372251004,0.377238989,0.379391015,0.37884301,0.375649005,0.369801015,0.362158001,0.35423699,0.346884996,0.340642005,0.335588992,0.331669003,0.32870701,0.326460004,0.324712008,0.323332012,0.322037995,0.320565999,0.319013,0.317478001,0.316502988,0.316296995,0.317128986,0.319424987,0.323311001,0.328994989,0.336540014,0.346008003,0.357340992,0.370146006,0.383727014,0.397426993,0.410807014,0.423913002,0.436080009,0.446951002,0.457176,0.467934012,0.481435001,0.498935998,0.521601021,0.54883498,0.578538001,0.608829022,0.637794972,0.663582981,0.685594976,0.703468025,0.71765101,0.728112996,0.735535979,0.740379989,0.743758023,0.74595499,0.747264981,0.74782598,0.747389019,0.745666981,0.743201017,0.740309,0.737049997,0.733317018,0.729632974,0.725809991,0.721879005,0.717980027,0.714308024,0.711093009,0.708227992,0.705411971,0.703140974,0.701228023,0.699375987,0.697587013,0.695801973,0.694115996,0.692422986,0.690321982,0.688058019,0.68513602,0.681586981,0.677569985,0.673102021,0.66823101,0.663312018,0.658378005,0.653474987,0.648483992,0.643810988,0.639527977,0.635335982,0.63170898,0.628247023
WheatWholePerten0074,Perten_DA7200,wheat,Wheat,UK,2011,16.88999939,12.40999985,0.231290996,0.235091001,0.240087003,0.245725006,0.251414001,0.256675988,0.261056006,0.26394701,0.265179992,0.265127003,0.263963997,0.261945009,0.259490997,0.256576985,0.253279001,0.249702007,0.245912999,0.242059007,0.238361001,0.234797999,0.231447995,0.228178993,0.224995002,0.221861005,0.218977004,0.216475993,0.214313999,0.212504,0.211118996,0.210238993,0.209787995,0.209639996,0.209821999,0.210499004,0.212162003,0.215899006,0.223105997,0.235000998,0.251141995,0.270078987,0.290212989,0.30942899,0.32645601,0.340835005,0.352912009,0.363709986,0.373840988,0.383201987,0.390881985,0.396077991,0.398303986,0.397628009,0.394201011,0.388125986,0.380142987,0.371831,0.364181012,0.357641012,0.352306008,0.348203987,0.345073998,0.342725009,0.340909988,0.339444011,0.338095993,0.336566001,0.334930986,0.333319008,0.332249999,0.331992,0.332843989,0.335220009,0.339262992,0.345167011,0.352988988,0.362836003,0.374662012,0.387995005,0.402143002,0.416289002,0.430146992,0.443688005,0.456185997,0.467339993,0.477910996,0.488907993,0.502559006,0.520303011,0.543202996,0.570636988,0.600412011,0.630621016,0.659389973,0.684902012,0.70657903,0.724147975,0.737864971,0.748130977,0.755282998,0.759751022,0.763019025,0.765224993,0.766457021,0.767044008,0.766552985,0.764769971,0.762387991,0.759647012,0.756496012,0.752911985,0.749333024,0.745567977,0.741667986,0.738035023,0.734386027,0.731249988,0.728519976,0.725857973,0.723755002,0.72180903,0.719901025,0.718218029,0.716444016,0.714811027,0.713165999,0.711055994,0.708871007,0.705900013,0.702497006,0.698603988,0.694109023,0.68938899,0.684517026,0.679566979,0.674758017,0.669785023,0.665149987,0.660826981,0.65665102,0.652954996,0.649545014
WheatWholePerten0075,Perten_DA7200,wheat,Wheat,UK,2011,15.43000031,14.68999958,0.229983002,0.232857004,0.236842006,0.241549,0.246461004,0.251240999,0.255190998,0.257862985,0.259077013,0.259045005,0.258087009,0.256554008,0.254619002,0.252245992,0.249461994,0.246421993,0.243132994,0.239800006,0.236513004,0.233311996,0.230348006,0.227366,0.224345997,0.221471995,0.218750998,0.216266006,0.214176998,0.212350994,0.210893005,0.209841996,0.209193006,0.208857998,0.208759993,0.209165007,0.210501,0.213637993,0.219876006,0.230191007,0.244076997,0.260145992,0.277164996,0.293693006,0.308706999,0.321702987,0.332794994,0.342673987,0.351792008,0.360174,0.366860986,0.371122986,0.372851998,0.372056007,0.368864,0.363296002,0.356101006,0.348663002,0.341683,0.335799009,0.331001014,0.327181995,0.324200004,0.322014004,0.320365995,0.319034994,0.317849994,0.316401988,0.31475699,0.313044995,0.311735004,0.311102003,0.311462998,0.313111991,0.316175014,0.320944995,0.327381998,0.335595995,0.345524997,0.356941998,0.369307011,0.381875992,0.394302011,0.406468988,0.417677999,0.427518994,0.436574996,0.445751995,0.456990004,0.471415997,0.49021101,0.513092995,0.538257003,0.564400971,0.589917004,0.613164008,0.633270979,0.649905026,0.662993014,0.672811985,0.679808021,0.684256017,0.687488973,0.689559996,0.690909982,0.691540003,0.691290021,0.689962983,0.688116014,0.685801983,0.683232009,0.680257976,0.677038014,0.673909009,0.670656979,0.667455018,0.664343,0.661526024,0.659079015,0.656762004,0.655031025,0.653509975,0.651839018,0.650281012,0.648971975,0.647567987,0.64617002,0.644442976,0.642329991,0.639880002,0.636816979,0.633311987,0.629405022,0.625045002,0.620581985,0.616270006,0.611985028,0.607577026,0.603465021,0.599539995,0.59582001,0.59264499,0.589577973
WheatWholePerten0076,Perten_DA7200,wheat,Durum,Spain,2007,10.30000019,13.39999962,0.202579305,0.206279934,0.212147877,0.219591379,0.228552759,0.237659857,0.245967954,0.252020121,0.255794734,0.257659793,0.257809252,0.257190555,0.255893886,0.253849328,0.251126111,0.247795537,0.244346678,0.240775213,0.237229675,0.233824834,0.230420783,0.227055371,0.223625064,0.220209688,0.21700722,0.214045346,0.211455569,0.209074929,0.207088113,0.205650613,0.204613239,0.203965992,0.203777224,0.204284132,0.205985159,0.210168138,0.21842815,0.231766552,0.249609783,0.270376504,0.292964846,0.316065013,0.338314205,0.358527273,0.376301289,0.392663389,0.408424735,0.423178613,0.435420811,0.443682164,0.447851121,0.448150426,0.444320172,0.436303377,0.425207853,0.413388282,0.402293325,0.392768681,0.385200173,0.379377276,0.375106424,0.372034699,0.369805783,0.367954135,0.366103023,0.36378327,0.360871911,0.357499003,0.354468256,0.352353305,0.351493508,0.352279067,0.354935736,0.359865308,0.367295712,0.377390504,0.390321136,0.405850828,0.423314631,0.442125052,0.461515069,0.480799764,0.498485774,0.514055431,0.527863383,0.540439904,0.553839207,0.570572376,0.59312439,0.619718909,0.651044488,0.686190367,0.722862184,0.757579029,0.788477242,0.814426303,0.834462404,0.849362254,0.859845042,0.86739552,0.872469425,0.876125276,0.878686607,0.880229116,0.880858004,0.88032335,0.879291892,0.877606213,0.875645995,0.873117089,0.870557487,0.867783845,0.864761114,0.861826539,0.858802021,0.856427789,0.854738355,0.851950705,0.849933386,0.848579705,0.847558141,0.846253693,0.845183015,0.843907893,0.842644692,0.840960145,0.838696003,0.835717261,0.831709087,0.827044487,0.821779192,0.81611377,0.809987009,0.803767026,0.798019648,0.791891515,0.78634119,0.780705631,0.77505523,0.770548642,0.766236603
WheatWholePerten0077,Perten_DA7200,wheat,Durum,Spain,2007,12.10000038,13.89999962,0.190450713,0.194428906,0.200279236,0.207326695,0.215426475,0.223543182,0.230782762,0.236012414,0.239190668,0.240660951,0.240669757,0.239883587,0.238475248,0.236449391,0.23361212,0.230413914,0.226941913,0.223339871,0.219700381,0.216313317,0.212940037,0.209550008,0.206174567,0.202809587,0.199617535,0.196758941,0.194280207,0.192129925,0.190451741,0.189178765,0.188363403,0.187987119,0.188013613,0.188715413,0.190646336,0.194965735,0.203330368,0.216753662,0.234622598,0.255372137,0.277739584,0.300243139,0.321550101,0.34059459,0.357023537,0.371991843,0.386195153,0.399460733,0.410333395,0.417659491,0.421230465,0.421236068,0.41763252,0.410267115,0.400095671,0.389208794,0.379064292,0.370497197,0.363607347,0.358298153,0.354340345,0.351556242,0.349478722,0.347774983,0.346163005,0.344127595,0.341636241,0.338820249,0.336418301,0.334846497,0.334608764,0.335959852,0.339088827,0.344513744,0.352222383,0.362449586,0.375252128,0.390286744,0.406845897,0.424281687,0.441910118,0.459163219,0.47510758,0.489292502,0.501899838,0.513711929,0.526660085,0.543039322,0.56496799,0.590351522,0.619231343,0.65031445,0.681047857,0.709166825,0.733271837,0.752840638,0.767799139,0.778741181,0.786479294,0.791981697,0.795903385,0.79850924,0.800593734,0.801662207,0.802116871,0.801488578,0.800377548,0.798997879,0.796991825,0.794883966,0.792467654,0.789978206,0.787276685,0.784487844,0.781903565,0.77992487,0.778160393,0.775668979,0.773751795,0.772621036,0.771451652,0.769971609,0.768923283,0.76769954,0.766333699,0.764916956,0.763049364,0.76048857,0.757286012,0.753515482,0.749236584,0.744875848,0.739919782,0.734910488,0.729987085,0.72530669,0.720660448,0.716108859,0.712068558,0.708344221,0.704894543
WheatWholePerten0078,Perten_DA7200,wheat,Durum,Spain,2007,10.30000019,9.800000191,0.110073961,0.112704329,0.117031507,0.122765996,0.129541859,0.136475131,0.142593682,0.146966934,0.149632752,0.150822103,0.150838122,0.150093004,0.148808047,0.147059098,0.144791201,0.142257616,0.139505208,0.136761457,0.133936003,0.131323591,0.128776059,0.126272187,0.12374644,0.121237472,0.118744828,0.116532013,0.114562333,0.112774506,0.111231528,0.11008662,0.10928832,0.1086936,0.108504981,0.108907551,0.110224247,0.113332525,0.11942634,0.129218608,0.142371461,0.157793626,0.174566567,0.19152911,0.207600817,0.221852124,0.234266505,0.245651543,0.256735295,0.267285138,0.276265949,0.282680363,0.286173582,0.286875814,0.284594178,0.279093027,0.271309346,0.262848407,0.254854947,0.248076588,0.242663458,0.238561645,0.235622853,0.233496606,0.231879413,0.230486095,0.229090557,0.227267593,0.22511211,0.22276023,0.220662773,0.219155431,0.218579307,0.219111309,0.221016496,0.224552944,0.229867458,0.237097964,0.246426374,0.257537991,0.269955427,0.283290476,0.29703033,0.310576379,0.3231318,0.334189445,0.343924522,0.352878809,0.362520695,0.374515832,0.390856892,0.41038391,0.433954567,0.46130091,0.490937531,0.520727336,0.548559845,0.573218465,0.593327463,0.608839095,0.620098651,0.627988577,0.633406818,0.637193143,0.639676631,0.640981555,0.64136529,0.640627205,0.638954282,0.636506677,0.633736789,0.630524874,0.627127111,0.623736799,0.62017107,0.616511524,0.613168538,0.610435367,0.608185947,0.605635464,0.603843212,0.602528453,0.601256311,0.599937022,0.598779023,0.597630024,0.596158743,0.594474912,0.592127383,0.588875353,0.584849715,0.580240548,0.574653566,0.568990529,0.563043952,0.556878805,0.551153004,0.545341909,0.539895058,0.534789622,0.53005439,0.525714576,0.522143066
WheatWholePerten0079,Perten_DA7200,wheat,Durum,Spain,2007,10.60000038,12.30000019,0.134299502,0.13693431,0.141221374,0.146869689,0.15345946,0.160093978,0.165982366,0.170335412,0.172890216,0.173916504,0.173918322,0.173209623,0.17196849,0.170283839,0.168043077,0.165419817,0.162635982,0.159719035,0.156753823,0.1539772,0.151294768,0.148641735,0.145919532,0.143261865,0.14065972,0.138359577,0.136229619,0.134437352,0.132822961,0.131639734,0.130827278,0.130247906,0.130071089,0.13045001,0.13183561,0.135017544,0.14135547,0.151656777,0.165375561,0.181354225,0.198694468,0.216251656,0.23290281,0.247772127,0.260729492,0.272672772,0.284143895,0.294860601,0.303801358,0.309926331,0.313077033,0.313303947,0.310552537,0.304768264,0.296727717,0.288028538,0.279938042,0.273004621,0.267477155,0.263275683,0.260171711,0.25792253,0.256290168,0.254897505,0.253537685,0.251810283,0.249666512,0.247233808,0.245089576,0.243637458,0.243133605,0.243827522,0.245937392,0.24974066,0.255439699,0.263110638,0.27289474,0.284517318,0.297472358,0.311321557,0.325488299,0.339405388,0.352319866,0.36369738,0.373723805,0.383028776,0.393079102,0.405594796,0.422608167,0.44279334,0.466671169,0.493574977,0.521877468,0.549228668,0.574078858,0.595483065,0.612459362,0.625356853,0.634595931,0.64105624,0.64552778,0.648566127,0.650634766,0.651737094,0.652115881,0.651545405,0.650209546,0.648371041,0.646133423,0.643577278,0.640824676,0.637915373,0.634970248,0.631953657,0.628971934,0.626696467,0.624711633,0.622301221,0.620457053,0.619164407,0.617990971,0.61677748,0.615662158,0.614314199,0.613077939,0.611540675,0.609442473,0.606643975,0.603066623,0.599084914,0.594266474,0.589216828,0.58395499,0.578626514,0.573437274,0.568302035,0.563423455,0.558712304,0.554406464,0.550385118,0.54680866
WheatWholePerten0080,Perten_DA7200,wheat,Wheat,Spain,2007,12.69999981,9.300000191,0.12463925,0.126959428,0.130615205,0.135255054,0.140533373,0.145853445,0.150590628,0.154012159,0.156011552,0.156743631,0.156544715,0.155542389,0.154120952,0.152247354,0.150003657,0.147456646,0.144779563,0.141970962,0.139207795,0.136666134,0.134114966,0.131642968,0.129215613,0.126809105,0.124522753,0.122483105,0.120634548,0.11905051,0.11774008,0.116717719,0.116063073,0.115692906,0.115620792,0.11604888,0.117343277,0.120225914,0.125837728,0.135026634,0.147378996,0.162032589,0.178029642,0.194104999,0.209189072,0.222465485,0.233866975,0.244279563,0.254228771,0.263648808,0.271600276,0.277340263,0.280394107,0.28079015,0.278413296,0.273245037,0.266159922,0.258478999,0.251351684,0.245293304,0.240474492,0.236829922,0.234139234,0.232211471,0.230754584,0.229432225,0.228148043,0.226649568,0.224844635,0.222885698,0.221189916,0.220155314,0.220034704,0.22101377,0.223257065,0.227148116,0.232681409,0.240047336,0.249228999,0.259979218,0.271839023,0.284308732,0.296928525,0.309406757,0.321088821,0.331488192,0.340931416,0.349897921,0.359855712,0.372695506,0.390393585,0.411558956,0.436846852,0.465435207,0.495742232,0.525502682,0.553014696,0.577060044,0.596922755,0.612291515,0.623449564,0.631471157,0.636914432,0.64053303,0.643155158,0.644584835,0.644981027,0.644173503,0.642251015,0.639487684,0.636342824,0.632857382,0.628896236,0.625030518,0.620996296,0.616782904,0.613011837,0.609793663,0.60683465,0.60392493,0.601791859,0.599844515,0.598376989,0.596691907,0.595143855,0.593672216,0.591867864,0.58964783,0.586927176,0.583650053,0.579298914,0.574497223,0.568856359,0.563070297,0.556800783,0.550706387,0.54480958,0.539061308,0.533372879,0.52796787,0.523200691,0.518841803,0.515084148
WheatWholePerten0081,Perten_DA7200,wheat,Wheat,Spain,2007,13.19999981,13.80000019,0.184958041,0.1878521,0.192482263,0.198211089,0.20474726,0.21139884,0.217305124,0.221605957,0.224125579,0.225178883,0.224972591,0.223860011,0.222345442,0.220263168,0.217583343,0.214470029,0.211205304,0.207731098,0.204280689,0.201030254,0.197796926,0.194539994,0.191375792,0.188162163,0.185185194,0.182615325,0.180220082,0.178237811,0.176592648,0.175392732,0.174663037,0.174287036,0.174332157,0.174921319,0.176638216,0.180553973,0.188087314,0.200271189,0.216553673,0.235383004,0.255733877,0.276237756,0.295642674,0.312914044,0.327875435,0.341372371,0.354018062,0.365724236,0.375293344,0.381787747,0.385008991,0.385048598,0.381692827,0.375056535,0.36615482,0.356576532,0.347664058,0.340117395,0.334074706,0.329388201,0.325914949,0.323371202,0.321497649,0.319989234,0.318488717,0.316763848,0.314616501,0.312133908,0.310016215,0.308781624,0.308706015,0.310032576,0.313053727,0.318121463,0.325300843,0.334725827,0.346441865,0.360193372,0.375280678,0.391026974,0.406808972,0.422225893,0.43653059,0.449134499,0.460565031,0.471413553,0.483349472,0.498537689,0.518995702,0.542673528,0.569648743,0.598562479,0.627442718,0.654035866,0.677050531,0.695873916,0.710594237,0.72151202,0.729304791,0.734784305,0.738503814,0.740964651,0.742748141,0.744006395,0.744247437,0.743656337,0.742534876,0.740719795,0.738732815,0.736623645,0.733990192,0.731253445,0.728637934,0.725803375,0.723033905,0.720890999,0.718790114,0.716466606,0.714797139,0.713384867,0.712130249,0.710868001,0.709720075,0.70844537,0.707118452,0.705442905,0.70341754,0.701124787,0.697883844,0.694096744,0.689917803,0.685593545,0.680517435,0.67564702,0.671224356,0.666541159,0.662094891,0.65743947,0.653190136,0.649664998,0.646053672
WheatWholePerten0082,Perten_DA7200,wheat,Wheat,Spain,2007,11.30000019,10.69999981,0.13262929,0.134833336,0.138813719,0.143842667,0.149718016,0.15590398,0.161317527,0.165276796,0.167596132,0.168553248,0.16834423,0.167436451,0.165947735,0.164015979,0.161752865,0.158996731,0.156159788,0.15325053,0.150307596,0.147516713,0.144839466,0.14213416,0.139415219,0.136758283,0.134279534,0.132049277,0.129960686,0.128246024,0.126647204,0.125483975,0.124700733,0.124205463,0.124097936,0.124546461,0.12586771,0.129076809,0.135276824,0.145288616,0.158679858,0.174419269,0.191535607,0.208772555,0.225157827,0.239781201,0.252419889,0.264062047,0.275183201,0.285575688,0.294344276,0.300548554,0.303810895,0.304226935,0.301671833,0.296093315,0.288363129,0.280080527,0.272299469,0.26562357,0.260314763,0.256296575,0.253315568,0.251208872,0.249633923,0.248170391,0.246832192,0.245165989,0.243066788,0.240794718,0.238804579,0.237455085,0.237069801,0.237891793,0.240075007,0.24389866,0.249558762,0.257258385,0.266977131,0.278518617,0.291306257,0.30493176,0.318829119,0.332535416,0.345301062,0.356600046,0.366669059,0.37602827,0.386184603,0.399018228,0.416686416,0.437847197,0.463142395,0.491724551,0.522176266,0.552124441,0.579825044,0.603857279,0.623483181,0.638499916,0.649429083,0.657066941,0.662255943,0.665830076,0.668245554,0.669815004,0.670217514,0.669559121,0.667946339,0.665670037,0.663052619,0.660049975,0.65660584,0.653073967,0.64937222,0.645739079,0.642308056,0.639271796,0.636471152,0.633894444,0.631901026,0.630296469,0.628980696,0.627508879,0.62619406,0.624922037,0.623328388,0.621328116,0.619032502,0.615817845,0.611800492,0.607049882,0.60149914,0.595891655,0.589825988,0.583585024,0.577848554,0.572314024,0.566805065,0.561305463,0.556575298,0.55223769,0.548499763
WheatWholePerten0083,Perten_DA7200,wheat,Wheat,Spain,2007,11.60000038,10,0.132252693,0.13472563,0.138836145,0.144179329,0.150400072,0.156987786,0.162744001,0.166882053,0.169298515,0.170297146,0.170177877,0.169211224,0.16772233,0.165692195,0.163364634,0.160630465,0.157703862,0.154723883,0.151693672,0.148868859,0.146127164,0.143461347,0.140807346,0.138139188,0.135573357,0.133308098,0.131230906,0.129430071,0.127883226,0.126725614,0.125937551,0.125465557,0.125372618,0.125805408,0.127215385,0.130451381,0.136779428,0.147032172,0.160784036,0.176953644,0.194646761,0.212519005,0.229439676,0.244502693,0.257573873,0.269554645,0.28108564,0.291953981,0.301120877,0.307647497,0.311110079,0.311622858,0.30900839,0.303227305,0.295269698,0.286637396,0.278595328,0.271729589,0.266210973,0.262072504,0.259031385,0.25683409,0.255175501,0.253706306,0.252274692,0.25050348,0.248356953,0.246047452,0.243982196,0.242600858,0.242222205,0.243053183,0.245377496,0.249391422,0.255295694,0.263307691,0.273375213,0.285328358,0.2986615,0.312813133,0.327207059,0.341417044,0.3546758,0.366411656,0.376903504,0.386709929,0.397327542,0.410732299,0.429259956,0.451421887,0.477869332,0.507942617,0.539909363,0.571307361,0.600293577,0.625652254,0.64613694,0.661892653,0.673423529,0.681372643,0.686911345,0.690626502,0.693148792,0.694719315,0.695232451,0.69451648,0.692806959,0.6903705,0.687628746,0.684487999,0.680929959,0.677174211,0.673467696,0.669572771,0.666070044,0.663081169,0.660281062,0.657612503,0.65557307,0.654033184,0.65270412,0.651219487,0.649998307,0.648730815,0.647097707,0.645050585,0.642548859,0.63923049,0.635053158,0.630130053,0.624471724,0.618712425,0.612359524,0.605961621,0.600049734,0.594123721,0.588441968,0.582649231,0.577639282,0.573243201,0.56937772
WheatWholePerten0084,Perten_DA7200,wheat,Wheat,Spain,2007,10.89999962,14.10000038,0.184716672,0.187484428,0.191684008,0.197372109,0.203955621,0.210615754,0.216728985,0.221154913,0.223836273,0.224908114,0.224913374,0.224086285,0.222881749,0.221078336,0.218744412,0.215916365,0.212913513,0.209739223,0.206610337,0.203629673,0.200670719,0.19762297,0.194580659,0.191567242,0.188716263,0.186195731,0.183875725,0.181830168,0.180072993,0.178732678,0.177907854,0.177349046,0.177129045,0.177512363,0.178923875,0.182434946,0.189366236,0.20056507,0.215432167,0.232624233,0.251310825,0.27026096,0.288489014,0.304914802,0.319297612,0.332477331,0.344879091,0.356394976,0.365790278,0.37198469,0.374982357,0.374877721,0.371611953,0.36516425,0.356456012,0.347121358,0.338418245,0.330957145,0.324891329,0.320252419,0.316807509,0.314269006,0.312428951,0.310955733,0.30949235,0.30765295,0.305323184,0.302676737,0.300284058,0.298673123,0.298137635,0.298900366,0.301312894,0.305513829,0.311740756,0.320235908,0.33098051,0.343731672,0.358026624,0.373206884,0.388732612,0.403992087,0.418071955,0.430443585,0.441373497,0.451442242,0.462294728,0.475904614,0.494337678,0.515962243,0.541129768,0.569094658,0.597786009,0.625049055,0.649354398,0.669834793,0.685878277,0.697858691,0.706441701,0.712234378,0.716372311,0.719109476,0.721007764,0.72215575,0.722666383,0.722067237,0.72090739,0.719292939,0.717409968,0.715079904,0.712622881,0.709786832,0.706946313,0.70401752,0.701267064,0.698876619,0.696822822,0.694463849,0.692642689,0.691366434,0.690276027,0.688909888,0.687672496,0.686505616,0.685173214,0.683603466,0.681333065,0.678800166,0.67540884,0.671383262,0.666893005,0.662287831,0.657173514,0.65198946,0.647130847,0.642067134,0.637102544,0.632569432,0.6282655,0.624569356,0.621119738
WheatWholePerten0085,Perten_DA7200,wheat,Wheat,Spain,2007,11.10000038,9.399999619,0.104382522,0.106514104,0.110176601,0.114996329,0.120547153,0.126337647,0.131413668,0.135034725,0.137156829,0.137984663,0.137871116,0.137014329,0.135722011,0.133919463,0.131731302,0.129276201,0.126659378,0.12401399,0.121374935,0.118883967,0.116489336,0.114118986,0.11176382,0.109321535,0.107071981,0.105036825,0.103157938,0.101497054,0.100105494,0.098997325,0.098191708,0.09772329,0.097529829,0.097812191,0.098999843,0.101763673,0.107270487,0.116152525,0.128013238,0.141930133,0.157050908,0.172199786,0.186407343,0.19904092,0.210057035,0.220150694,0.229853794,0.239034087,0.246858209,0.252384216,0.255351961,0.2557998,0.253635168,0.248893276,0.242271081,0.235056385,0.22836785,0.222571671,0.217940465,0.21448803,0.211972684,0.210168049,0.208780855,0.207568258,0.206341639,0.204797462,0.202980191,0.200953633,0.199160337,0.197981864,0.197537899,0.198159933,0.199962422,0.203236103,0.2081099,0.214742541,0.223121256,0.233061612,0.244206101,0.256061345,0.268179119,0.280179083,0.291369259,0.301290155,0.310107678,0.318227053,0.327035159,0.338297308,0.353783369,0.372472197,0.39533776,0.421842396,0.450547069,0.479580313,0.507024646,0.531226397,0.55120796,0.566672206,0.577899575,0.585736871,0.591168463,0.594798863,0.59734422,0.598757327,0.599170148,0.598293543,0.596617997,0.594105005,0.591126919,0.587839544,0.584165514,0.58045882,0.576627016,0.572700024,0.569092691,0.565969229,0.563296199,0.560543358,0.558619857,0.557082534,0.555713952,0.554382384,0.552853167,0.55136162,0.549883068,0.548020244,0.545268834,0.542135358,0.538021684,0.532893062,0.527482629,0.521534741,0.515394092,0.509320498,0.503431857,0.49760291,0.491962254,0.486756504,0.481941372,0.477988005,0.474025071
WheatWholePerten0086,Perten_DA7200,wheat,Wheat,Spain,2007,11.60000038,13.19999981,0.151071489,0.154735565,0.160225362,0.167001113,0.174729466,0.182587892,0.1895044,0.194671288,0.197822303,0.199192762,0.199533403,0.198756322,0.197526425,0.195793167,0.193409786,0.190537125,0.18740736,0.184152424,0.180832475,0.177833572,0.174795434,0.171745449,0.168698937,0.165711016,0.162831038,0.160349816,0.15802072,0.156102806,0.154532284,0.153350338,0.15259856,0.152252302,0.152312577,0.15299122,0.154802516,0.158842951,0.166535035,0.178852439,0.195100546,0.213900209,0.234178558,0.254619032,0.273966909,0.291241765,0.306356549,0.320137501,0.333165258,0.345311731,0.35536325,0.362197518,0.365638852,0.365730315,0.362461329,0.355795205,0.346758276,0.337046653,0.327974707,0.320275068,0.314126551,0.30940038,0.305996031,0.303547919,0.301749647,0.300227165,0.298747957,0.296904534,0.294598162,0.291975975,0.289751113,0.288306832,0.287995786,0.289076477,0.291824877,0.296586692,0.303475231,0.312706769,0.324312061,0.337984383,0.353116334,0.369078964,0.385363132,0.401310325,0.416083634,0.429158837,0.440823823,0.451665103,0.463564962,0.478582144,0.498842865,0.522658348,0.55043602,0.580971181,0.612246454,0.641750097,0.667888939,0.689790607,0.70699954,0.719937861,0.72893697,0.735222518,0.739693701,0.742656171,0.744905949,0.746250391,0.74690336,0.746302962,0.745189846,0.743522584,0.741489053,0.738949239,0.736295819,0.733486295,0.730419636,0.727394819,0.724515259,0.722011507,0.720000327,0.717424631,0.715456426,0.714210749,0.71289444,0.711657226,0.710359812,0.709103763,0.707606316,0.70609349,0.703763068,0.701034188,0.697520077,0.693119884,0.688373506,0.683294654,0.677912474,0.672253609,0.666954219,0.661681533,0.656393349,0.651508451,0.647017181,0.642912269,0.638838232
WheatWholePerten0087,Perten_DA7200,wheat,Wheat,Spain,2007,11.10000038,12,0.144068077,0.146208048,0.150185973,0.155292511,0.16134055,0.167666987,0.173289776,0.177419499,0.179744661,0.180689335,0.180461541,0.17957215,0.178146213,0.176166922,0.173777685,0.170903608,0.167893916,0.164786786,0.161631897,0.158694923,0.155832321,0.15295589,0.150122687,0.147293508,0.144589737,0.142157197,0.139989033,0.138048217,0.136446595,0.13515392,0.134279087,0.133729488,0.133587092,0.13398689,0.135399625,0.138757542,0.145381257,0.155955866,0.170111239,0.186652571,0.204635039,0.222784445,0.240052536,0.255567282,0.269124657,0.281525612,0.293341667,0.304456651,0.313702822,0.320055693,0.323311478,0.323516727,0.320612013,0.314609319,0.306433111,0.297637284,0.289376289,0.282284647,0.27659747,0.272278994,0.269133806,0.266816378,0.265103698,0.26366508,0.26225549,0.260462105,0.258259416,0.255823463,0.253618091,0.252127945,0.251667529,0.252464354,0.254751444,0.258805215,0.264736593,0.272846282,0.283109784,0.295268297,0.308853686,0.323353767,0.338166058,0.352745026,0.366333842,0.378323495,0.388953239,0.398770511,0.409367085,0.422696203,0.441075563,0.462922543,0.488727301,0.517710865,0.548166096,0.577886105,0.604714513,0.627985954,0.646494925,0.660515189,0.670538306,0.677621722,0.682387948,0.685808122,0.687925458,0.689324617,0.689682782,0.689160943,0.687885344,0.685757101,0.683492422,0.680842161,0.677933693,0.674685419,0.67150265,0.668025434,0.664889216,0.662201285,0.660069406,0.657289565,0.655257702,0.653960049,0.652623415,0.651480794,0.650212228,0.648837388,0.647492647,0.645537496,0.643268228,0.640532434,0.636707962,0.63218981,0.626926184,0.621398807,0.615645886,0.610105574,0.604529798,0.599036515,0.593412101,0.58831048,0.583856463,0.579652667,0.575731516
WheatWholePerten0088,Perten_DA7200,wheat,Wheat,Spain,2007,11.80000019,11,0.139333636,0.141941622,0.146328807,0.151623473,0.157810018,0.16414544,0.169802368,0.173766017,0.176123858,0.177041084,0.176778451,0.175820723,0.174410284,0.172482297,0.169967428,0.167089909,0.164104059,0.161031112,0.157966867,0.155166313,0.15228343,0.149529994,0.146771491,0.143976316,0.141416058,0.139163718,0.137026936,0.135166317,0.133723557,0.132604003,0.131873384,0.131433308,0.13140291,0.131933272,0.133446351,0.136887789,0.143537357,0.154197529,0.168375015,0.18492271,0.202858806,0.220911145,0.237680107,0.252456069,0.265275121,0.276915044,0.287928939,0.298374802,0.307118863,0.313147187,0.316404849,0.316762596,0.314207017,0.308733225,0.301057786,0.292711318,0.285017133,0.278408557,0.273082942,0.268993139,0.26599291,0.263820976,0.262205422,0.26084733,0.259460926,0.257758528,0.255742341,0.253529996,0.251603723,0.250432938,0.250222802,0.251254737,0.253701687,0.257897228,0.263959467,0.272029728,0.282140464,0.293994606,0.307029247,0.320762605,0.334609956,0.348185867,0.360772193,0.371962994,0.381875843,0.39116928,0.401386261,0.414292544,0.431913734,0.452763647,0.477172911,0.504318774,0.532335341,0.559205174,0.58354336,0.604380429,0.620866537,0.633659542,0.64298135,0.649349928,0.654033005,0.65713352,0.659176588,0.660538435,0.660965741,0.660137415,0.658788383,0.656804979,0.654203296,0.651554644,0.64855206,0.645302236,0.642090976,0.638866484,0.635744035,0.633050561,0.630931616,0.628376067,0.62652117,0.625115633,0.623835445,0.622645319,0.621225298,0.619919539,0.618506372,0.616968751,0.614613354,0.611808837,0.608433247,0.60406512,0.599511445,0.59469837,0.589354754,0.584189951,0.5790838,0.573875427,0.568948507,0.564405084,0.560178161,0.556390286,0.553240895
WheatWholePerten0089,Perten_DA7200,wheat,Wheat,Spain,2007,11.19999981,10.10000038,0.121391475,0.123850659,0.127897799,0.133195877,0.139480963,0.146010935,0.151660293,0.155753553,0.158225566,0.159116641,0.158950493,0.157999679,0.156612143,0.15470171,0.15222849,0.149502724,0.146543354,0.143651605,0.140663639,0.137921989,0.135212556,0.132536411,0.129812285,0.12714088,0.124613479,0.122343667,0.12022157,0.118406087,0.116877243,0.115659982,0.114864849,0.11439769,0.114283405,0.114724785,0.116165407,0.119467177,0.12584357,0.136091307,0.149707213,0.165656015,0.183007896,0.200506687,0.216935515,0.231562942,0.244255826,0.255828142,0.266941369,0.277444989,0.28628239,0.292538732,0.295861214,0.296291173,0.293730915,0.288180292,0.280491889,0.272158027,0.26442796,0.257806599,0.252440244,0.248405188,0.245439977,0.243296981,0.241661117,0.240277872,0.238927469,0.237186626,0.235065535,0.232758269,0.230720043,0.229394138,0.228979901,0.229777306,0.231959939,0.235846236,0.241537347,0.249287814,0.25909552,0.270658672,0.283568203,0.297258407,0.311293334,0.32503584,0.337776333,0.349133581,0.359177709,0.368492216,0.378612489,0.391408593,0.408998966,0.430027157,0.455179781,0.483781099,0.514093041,0.543929696,0.571534634,0.595563114,0.614893317,0.629742444,0.640591383,0.6480546,0.653260887,0.656801224,0.659229934,0.660633624,0.661011815,0.660102069,0.65854162,0.656232595,0.653401494,0.650364459,0.646875858,0.643381119,0.63973242,0.6360811,0.632670522,0.62962383,0.627169371,0.624533713,0.622541189,0.621059418,0.61987412,0.618516743,0.617005169,0.61577028,0.614188135,0.612403333,0.609817863,0.606500983,0.602618396,0.597812653,0.59265089,0.586943984,0.580872297,0.574881792,0.569216192,0.563593686,0.558046401,0.552770734,0.54787612,0.543682814,0.539794982
WheatWholePerten0090,Perten_DA7200,wheat,Wheat,Spain,2007,12.60000038,9.600000382,0.138839781,0.141848877,0.146576285,0.15238899,0.158762768,0.165327296,0.171012566,0.175146341,0.177489817,0.178424269,0.178155601,0.177081004,0.175522655,0.173420385,0.170826763,0.167962089,0.164893568,0.161799103,0.158692226,0.155768812,0.152965754,0.150205135,0.147346944,0.144614533,0.142070994,0.139757648,0.13768974,0.135955185,0.13455309,0.133448824,0.132777751,0.132361993,0.132339984,0.13288714,0.134402275,0.137850359,0.144511715,0.155202255,0.169527918,0.186483845,0.204877541,0.223169833,0.240084752,0.254885912,0.267599016,0.279162645,0.290221274,0.300636739,0.309481263,0.315729976,0.319070846,0.319485426,0.316951901,0.311420143,0.303676546,0.295330465,0.287572682,0.280915797,0.275609136,0.271602958,0.268643588,0.266498745,0.26487565,0.263494909,0.262070596,0.260357499,0.258347243,0.256228417,0.254377365,0.253329128,0.253232896,0.254405856,0.25701797,0.261394739,0.267699271,0.275977075,0.28630814,0.298309952,0.311539918,0.32533589,0.339166552,0.352703899,0.365293622,0.376526535,0.386563003,0.396064282,0.406594336,0.420084298,0.438456565,0.460171968,0.485581994,0.513721108,0.542594671,0.570363104,0.595347047,0.616653919,0.633608043,0.646667063,0.65612334,0.662594616,0.667210877,0.670274317,0.672372699,0.673566759,0.673729122,0.672688603,0.671165705,0.668791354,0.665983796,0.662972689,0.659676075,0.656237721,0.652773559,0.649360597,0.646092892,0.643243909,0.640904963,0.638468683,0.636505365,0.634889126,0.633741021,0.632414222,0.630920231,0.629588604,0.628028572,0.626273394,0.62386471,0.620928347,0.617394388,0.613049805,0.608251512,0.603129208,0.597633779,0.592239559,0.586920977,0.581681013,0.576681614,0.571758509,0.56741631,0.5634197,0.559768021
WheatWholePerten0091,Perten_DA7200,wheat,Wheat,Spain,2007,10.69999981,12.89999962,0.183092177,0.185735583,0.190144301,0.195905909,0.202731729,0.209727854,0.216116563,0.22081092,0.223527506,0.224739686,0.22458294,0.223761469,0.222396463,0.22050947,0.217866004,0.214910388,0.211803883,0.208532706,0.205233723,0.202174127,0.199125469,0.196113348,0.193067536,0.190055326,0.187131032,0.184493303,0.182111561,0.18005009,0.178279236,0.176960275,0.176012963,0.175397262,0.175131783,0.175548807,0.176989526,0.180510849,0.187559933,0.198967531,0.214275152,0.232152626,0.251653135,0.271491766,0.290614307,0.307976604,0.323343843,0.337547988,0.350933164,0.363467395,0.373871088,0.380827576,0.384209812,0.384196878,0.380700558,0.373813719,0.364439488,0.354466617,0.345206499,0.337230712,0.330832869,0.325940132,0.322293639,0.319669157,0.317735434,0.316159904,0.314583868,0.312598795,0.310100615,0.307259679,0.30466643,0.302926153,0.302291125,0.303071469,0.305549592,0.310026109,0.316687912,0.325694323,0.337192774,0.350950062,0.36643675,0.382981867,0.399928451,0.41667375,0.432241172,0.445937276,0.458118677,0.469344616,0.481312215,0.4964194,0.517058313,0.54149735,0.57028091,0.602674842,0.636333525,0.668789625,0.697868884,0.722496271,0.741814077,0.75611037,0.766360521,0.773287654,0.778356433,0.781836331,0.783974886,0.785337329,0.785879612,0.785247803,0.784061372,0.782206178,0.780011833,0.777732968,0.774966836,0.772009432,0.768733978,0.765663922,0.762533069,0.759805799,0.757685959,0.755033374,0.753020823,0.751591563,0.7505036,0.749344051,0.747934163,0.746887028,0.745222092,0.743686974,0.741259933,0.738068938,0.734274149,0.729684234,0.724645197,0.719047904,0.712973356,0.706972122,0.70114398,0.695500076,0.689905286,0.684244633,0.679320276,0.674676955,0.670374155
WheatWholePerten0092,Perten_DA7200,wheat,Wheat,Spain,2007,8.899999619,16.10000038,0.178771779,0.18063122,0.184221089,0.189381763,0.195925757,0.202893123,0.209118277,0.213684276,0.216311991,0.217409372,0.217374429,0.216682091,0.215535089,0.213789687,0.211289555,0.208412454,0.205325425,0.202092558,0.198836222,0.195780963,0.192708612,0.189609066,0.186489746,0.183270603,0.18027845,0.177519262,0.175018996,0.172730967,0.170831502,0.169353589,0.168243751,0.167574748,0.167342633,0.167701259,0.16925706,0.17306149,0.180432826,0.192182675,0.20742476,0.224911034,0.243825913,0.263477445,0.282860488,0.300787211,0.316702992,0.331263721,0.345096916,0.358030319,0.368519932,0.375315875,0.378704101,0.378687084,0.375151545,0.368087113,0.358439982,0.347979754,0.338242292,0.32983315,0.322980046,0.317634344,0.31362462,0.310704231,0.308629155,0.307058811,0.30549854,0.303480804,0.300832421,0.297700018,0.294745773,0.29259637,0.291588664,0.291978866,0.294028312,0.298105568,0.304349214,0.312897891,0.324102938,0.3377662,0.353393883,0.37043488,0.388230383,0.405939311,0.422290355,0.436608762,0.449055255,0.460252523,0.472023606,0.48669821,0.506539166,0.529903591,0.557527304,0.589224398,0.622820795,0.655569673,0.685095191,0.710083008,0.729692459,0.744142056,0.754583418,0.761542738,0.766615868,0.770054758,0.772492468,0.774134994,0.774788022,0.77453804,0.773768306,0.772461593,0.770812869,0.769011498,0.766551077,0.763955355,0.761161804,0.758210838,0.755218387,0.752592146,0.750631213,0.748108864,0.746451318,0.74516052,0.744087696,0.743043363,0.741764247,0.740768313,0.739464343,0.738030016,0.735568941,0.732752681,0.728982985,0.724470139,0.719635963,0.714047611,0.708070159,0.70210886,0.696689129,0.69080472,0.685191095,0.679849505,0.674928308,0.670241594,0.666421771
WheatWholePerten0093,Perten_DA7200,wheat,Wheat,Spain,2007,12.19999981,9.5,0.114408016,0.117016524,0.121095762,0.126083985,0.132132813,0.138091624,0.143371075,0.147195131,0.14941828,0.150242358,0.150059193,0.1490895,0.14772898,0.145809576,0.143389612,0.140746459,0.137867674,0.135072961,0.132270843,0.129572645,0.127000824,0.124512099,0.121946193,0.119421423,0.117060997,0.114904136,0.112931699,0.111232609,0.109828889,0.108766407,0.10808105,0.107634358,0.107567906,0.108061187,0.109442338,0.112593472,0.118689559,0.128430665,0.141398847,0.156548932,0.173017457,0.189531803,0.204925299,0.218434677,0.230109364,0.240832284,0.25105232,0.260676414,0.268864393,0.274634004,0.277736902,0.27819255,0.275963605,0.27098915,0.263976991,0.256433308,0.249467418,0.243428931,0.238620833,0.234993607,0.232294098,0.230374903,0.22891821,0.227626741,0.22632125,0.224763453,0.222913846,0.220866278,0.219113693,0.218028531,0.217847183,0.218798518,0.221043736,0.224823564,0.23037371,0.237746373,0.246974886,0.257817775,0.269820631,0.282537758,0.295522422,0.308253855,0.320116967,0.330731034,0.340144455,0.348941088,0.358637661,0.371121287,0.388396621,0.409136146,0.434092909,0.462683052,0.493123382,0.523341477,0.551416338,0.576058447,0.596209705,0.611774564,0.623267293,0.631187439,0.636777639,0.640482783,0.643022299,0.644530594,0.644919038,0.643877387,0.64202857,0.639258623,0.636140466,0.632565141,0.62876308,0.624858975,0.620767057,0.616672397,0.612891913,0.609553158,0.606784761,0.604018867,0.601871491,0.600055575,0.598628044,0.597129166,0.595467866,0.594135881,0.592360437,0.590304613,0.587611258,0.584183395,0.580073595,0.575061262,0.569675684,0.563569367,0.557409406,0.551275969,0.545287967,0.539397419,0.534006953,0.528455317,0.523620904,0.519312859,0.515492916
WheatWholePerten0094,Perten_DA7200,wheat,Wheat,Spain,2007,10,9.699999809,0.094479814,0.096714668,0.100651495,0.105790921,0.11198552,0.11842759,0.124107175,0.12806803,0.130573884,0.13170217,0.131630346,0.130941436,0.129678562,0.127957001,0.125757098,0.123323724,0.120643355,0.117952548,0.11537537,0.112798892,0.110327199,0.107981108,0.105539374,0.10309232,0.100813478,0.098730654,0.096769072,0.095014595,0.093597241,0.0925176,0.091724463,0.091238909,0.09116213,0.091665231,0.093057074,0.096232556,0.102243125,0.111844689,0.124419145,0.139074847,0.155034125,0.171100751,0.186346754,0.19995524,0.211735576,0.22250317,0.232993528,0.242837057,0.251138151,0.257098883,0.26038006,0.2609981,0.25898701,0.254121423,0.247210905,0.239661768,0.232527435,0.226357505,0.221454918,0.217741713,0.215003729,0.213073716,0.211658299,0.210375056,0.20911321,0.207547694,0.205555856,0.203360751,0.201389462,0.199983344,0.199476063,0.200077847,0.20198217,0.205369502,0.21051158,0.217438102,0.226265788,0.23685053,0.248696327,0.261457026,0.274597198,0.287505865,0.299455315,0.31012851,0.319449127,0.327811092,0.336800426,0.348075211,0.363592535,0.382302731,0.404903442,0.431066454,0.459461451,0.488125533,0.514953971,0.538764119,0.558390975,0.573444724,0.58444941,0.592178464,0.59742862,0.601077676,0.603718519,0.605200231,0.605733693,0.605332375,0.60381949,0.601568461,0.599068523,0.596093059,0.592742026,0.589484572,0.585922182,0.582298994,0.579028249,0.576265812,0.57379669,0.571283698,0.569471479,0.568089962,0.566884339,0.565708816,0.564339161,0.563178361,0.561886907,0.560015678,0.557771504,0.554713547,0.551034749,0.546432436,0.541137576,0.535699546,0.529736579,0.523993552,0.518377304,0.513020694,0.507680357,0.502687335,0.498393387,0.494379759,0.490820617
WheatWholePerten0095,Perten_DA7200,wheat,Wheat,Spain,2007,8.899999619,12.60000038,0.169299901,0.171008393,0.174664363,0.179686829,0.18589659,0.192628577,0.198567703,0.202839598,0.20526582,0.206413701,0.206199318,0.205226451,0.203936726,0.201997042,0.199566215,0.196730524,0.19376871,0.190821469,0.187773779,0.184892669,0.182076633,0.179243907,0.17645742,0.173544154,0.170890003,0.168360248,0.165985048,0.163985744,0.162184402,0.160761774,0.159722403,0.159017116,0.158740938,0.159012139,0.160369322,0.16360198,0.169990093,0.18037048,0.194058299,0.210044593,0.227450267,0.245342076,0.262664259,0.278445572,0.292380095,0.305093885,0.317435056,0.329024464,0.338499069,0.345173925,0.348526537,0.348815471,0.345974803,0.339894921,0.331637681,0.322606683,0.314102769,0.306644678,0.300625622,0.296001732,0.292543531,0.290089279,0.288246244,0.286679059,0.285080612,0.283139646,0.280661374,0.277820885,0.27516824,0.273231685,0.272316247,0.272657305,0.274467528,0.278095365,0.283673137,0.291439474,0.30150786,0.31372568,0.32761994,0.342603594,0.358212441,0.373534828,0.387671083,0.400080502,0.410829186,0.420519799,0.430590034,0.443068981,0.460235864,0.480694026,0.505068839,0.533046603,0.56317997,0.593036234,0.620539606,0.644391537,0.663269639,0.677623093,0.687675536,0.694843411,0.699519098,0.702712715,0.704962611,0.706275106,0.706802428,0.706299186,0.705190003,0.703228712,0.701235056,0.698770225,0.695839465,0.693159044,0.689957142,0.68679136,0.683852673,0.681386292,0.679305553,0.676698983,0.675118208,0.673872471,0.672728598,0.671630204,0.670488298,0.669497073,0.668113828,0.66655308,0.664280653,0.661361098,0.65794456,0.653496623,0.648516178,0.643128812,0.637626171,0.631813467,0.626472592,0.621072471,0.615742087,0.610793293,0.606254101,0.602202654,0.598487794
WheatWholePerten0096,Perten_DA7200,wheat,Wheat,Spain,2007,10.39999962,9.199999809,0.140076816,0.141979322,0.145550102,0.1504042,0.156315461,0.1623386,0.167736143,0.171627387,0.173824862,0.174669072,0.174455702,0.173458293,0.171985805,0.170101598,0.167638689,0.164913744,0.162114203,0.159230232,0.156352758,0.153642833,0.150967807,0.14835994,0.145752907,0.143139571,0.140638158,0.138315842,0.136187881,0.134357646,0.13270022,0.131456554,0.130455405,0.129774049,0.129464388,0.129746482,0.130896851,0.133778393,0.139619529,0.149092093,0.161815256,0.176839933,0.193277791,0.210015446,0.225786567,0.239792556,0.251992077,0.263253301,0.27412647,0.284398496,0.293136537,0.299320787,0.302657515,0.303202063,0.300906837,0.295580238,0.28811428,0.280022979,0.27234146,0.265742987,0.260422945,0.25641191,0.253466338,0.251340449,0.249726728,0.248271808,0.246796653,0.244984642,0.242754027,0.240308061,0.238145784,0.236623377,0.236026377,0.236589253,0.238460764,0.241933465,0.247274071,0.254570991,0.263882935,0.27500093,0.287420899,0.300760716,0.314405292,0.327846766,0.340337724,0.351303518,0.360923231,0.369650126,0.379056931,0.390809834,0.406962812,0.426357389,0.449801773,0.476697624,0.505593181,0.534479857,0.561345816,0.584762335,0.603927136,0.618528783,0.629178226,0.636670351,0.641747892,0.645132721,0.64754194,0.648822486,0.649254024,0.648657799,0.647114217,0.644911349,0.642405272,0.639385939,0.636085808,0.632889211,0.629429638,0.625873685,0.622737646,0.619978666,0.617638111,0.615185082,0.613441587,0.612118125,0.610972285,0.609943926,0.60864383,0.60736531,0.60613811,0.60439074,0.601956546,0.599075139,0.595180333,0.590628564,0.58549124,0.579972625,0.574154377,0.568468273,0.562749386,0.557117283,0.552049041,0.546918929,0.5421471,0.53819859,0.534224749
WheatWholePerten0097,Perten_DA7200,wheat,Wheat,Spain,2007,11.19999981,11.30000019,0.144963443,0.147496238,0.151867703,0.157698304,0.164369345,0.171282783,0.177481413,0.181916595,0.184496805,0.185583249,0.185499176,0.184531599,0.183140889,0.181137845,0.178519145,0.17563872,0.17253688,0.169361606,0.166160762,0.163127258,0.160192207,0.157308385,0.1543933,0.151483312,0.148667067,0.146232471,0.14395085,0.142020151,0.140397236,0.139145985,0.138328955,0.13791509,0.137815535,0.138341352,0.139942408,0.143575341,0.150603354,0.161875367,0.176853374,0.19424589,0.213087395,0.232084036,0.250042558,0.266027719,0.279985458,0.292791516,0.304927021,0.31632492,0.325819612,0.332372546,0.335802704,0.335975647,0.333129197,0.327044636,0.318639755,0.309650868,0.301251531,0.294107199,0.288304061,0.283965915,0.280747205,0.278399766,0.276702553,0.275242776,0.273780435,0.271935493,0.269697219,0.267238915,0.265063524,0.263650417,0.263284504,0.264218509,0.266640484,0.2708579,0.277198851,0.285644561,0.296293914,0.308870405,0.32284984,0.337712228,0.352758318,0.36760059,0.381357133,0.393510371,0.404321849,0.414327353,0.425202787,0.438889384,0.457636356,0.479880661,0.506129801,0.535572171,0.566200435,0.595990956,0.622931361,0.645967603,0.664495885,0.67849189,0.688675225,0.69574064,0.700643361,0.703940749,0.706286907,0.707502961,0.707919776,0.707378566,0.706003249,0.704105496,0.701656342,0.698869228,0.695846558,0.692733288,0.689431548,0.686008036,0.682964623,0.680364966,0.678067505,0.67560184,0.673692823,0.672238112,0.671050012,0.669952154,0.668696046,0.66732657,0.665867567,0.664148271,0.661718249,0.658952713,0.65505141,0.650578857,0.645575523,0.640256107,0.63453126,0.628872871,0.623194516,0.617685854,0.61242789,0.607180178,0.602581799,0.598226786,0.594352663
WheatWholePerten0098,Perten_DA7200,wheat,Wheat,Spain,2007,10,8.699999809,0.108229451,0.109906644,0.113220125,0.117905445,0.123611227,0.129501343,0.134827405,0.138510108,0.140631244,0.141524777,0.141322792,0.140322015,0.138894916,0.1370994,0.134845883,0.132349253,0.129761249,0.12704955,0.124392055,0.121928416,0.119481988,0.117140994,0.114782073,0.112321734,0.110083982,0.107939594,0.105965272,0.104235627,0.102684736,0.101438381,0.100510553,0.099869251,0.099605218,0.099857688,0.1009707,0.10368228,0.109198391,0.118025318,0.129829302,0.143623918,0.158718735,0.174124688,0.188705251,0.201727629,0.213140652,0.223715022,0.233960822,0.243714467,0.252061486,0.258062363,0.261389375,0.262057215,0.260007441,0.255187541,0.248336971,0.240828246,0.233800665,0.22771287,0.222797647,0.219123676,0.2164381,0.214477971,0.212996647,0.211728588,0.210344255,0.208687484,0.206660628,0.204395458,0.202330098,0.20084542,0.20025304,0.200646117,0.202299148,0.205434233,0.210237503,0.216837376,0.225332633,0.235576168,0.247186855,0.259711176,0.272655338,0.285486877,0.297474533,0.307989389,0.317169577,0.325447202,0.334288746,0.345380336,0.360743851,0.379377037,0.402315736,0.429426462,0.459353536,0.490153283,0.519612074,0.545877159,0.567581415,0.584359884,0.596489847,0.604899943,0.610724986,0.614647448,0.617263973,0.618708909,0.619157791,0.618406594,0.616689563,0.614203632,0.611244381,0.607931674,0.604322314,0.60063082,0.596808374,0.592959583,0.589358687,0.586412787,0.583791673,0.581156492,0.579410136,0.578079999,0.576946259,0.575884223,0.574636221,0.573398948,0.571900904,0.570078671,0.567438364,0.564219475,0.559928238,0.554936051,0.549104333,0.543122172,0.536685824,0.530368269,0.524196327,0.518158376,0.512667954,0.507175326,0.502117932,0.497702301,0.493873239
WheatWholePerten0099,Perten_DA7200,wheat,Wheat,Spain,2007,10.39999962,13.30000019,0.143780813,0.146357417,0.150625065,0.156172782,0.162684605,0.169498265,0.175531179,0.17987971,0.182567194,0.183743134,0.183714405,0.183094621,0.181883231,0.180175379,0.177857965,0.175159589,0.172194481,0.169195563,0.166234583,0.163398862,0.160530493,0.15779978,0.154997245,0.152127564,0.149552107,0.147087261,0.144852936,0.142990187,0.14139612,0.140195817,0.139371902,0.13892138,0.138823882,0.139352709,0.140973598,0.144474581,0.151302651,0.162245274,0.176544622,0.193038166,0.210962579,0.229155153,0.246510387,0.262151927,0.275854439,0.288365275,0.300329655,0.31143707,0.320537537,0.326750755,0.329864979,0.329854965,0.326926589,0.320933163,0.312665314,0.303865612,0.29570657,0.288623661,0.282931417,0.278574765,0.275348514,0.272991568,0.271343112,0.269948483,0.268528283,0.266845465,0.264682412,0.262124062,0.259861916,0.258312374,0.257753342,0.258501381,0.26070863,0.264651179,0.270581573,0.27866593,0.288886935,0.301074296,0.314708203,0.329236239,0.34405756,0.358721107,0.372212201,0.38401714,0.394541889,0.404129088,0.414330214,0.427136451,0.444494188,0.46510005,0.489389747,0.516455591,0.544473767,0.571576595,0.595977962,0.616489887,0.632766724,0.645088315,0.653765619,0.659852743,0.66408509,0.666970372,0.669043958,0.670259655,0.670637667,0.670234144,0.669350803,0.66776067,0.665808082,0.663703501,0.661251247,0.658627391,0.655835331,0.652805865,0.65018481,0.647962749,0.645887554,0.643572748,0.641980946,0.640659809,0.63949424,0.638476491,0.637314022,0.636035264,0.634822011,0.633294702,0.630978286,0.628701031,0.625335634,0.621303737,0.616866946,0.612171888,0.606977403,0.601945162,0.59710139,0.59196949,0.587275088,0.582691073,0.57818079,0.57477659,0.5713498
WheatWholePerten0100,Perten_DA7200,wheat,Wheat,Spain,2007,9.300000191,10.19999981,0.128185138,0.13008444,0.133802608,0.138818368,0.145124123,0.151678279,0.157513008,0.161742255,0.164041862,0.165019319,0.164804995,0.163888186,0.162556112,0.160662845,0.158376813,0.155729711,0.152888089,0.149988413,0.147062808,0.144394904,0.141761839,0.139202222,0.136596367,0.133864403,0.131348789,0.129009083,0.126833245,0.124918133,0.123213045,0.121906906,0.120852083,0.120193876,0.119887963,0.120129988,0.121395424,0.124461561,0.130495653,0.140251622,0.153200507,0.168270662,0.184717357,0.201475248,0.217447728,0.231771022,0.244299412,0.25586012,0.267062694,0.277550727,0.286466122,0.292768121,0.296163231,0.296701044,0.29433316,0.288985282,0.281389833,0.273122817,0.265331179,0.258561105,0.253093839,0.248946205,0.245869651,0.24366954,0.242005363,0.240604237,0.239099011,0.2372486,0.235022411,0.232464656,0.230147392,0.228450343,0.227647275,0.228015333,0.229739517,0.233081281,0.238250479,0.24543041,0.254656643,0.265823424,0.278462619,0.292082667,0.30618003,0.320141763,0.333065361,0.344272763,0.354094714,0.362934172,0.372193128,0.38376385,0.399696946,0.418830335,0.442041606,0.469095469,0.498478353,0.528094053,0.555949092,0.580305636,0.600115657,0.615366399,0.626170218,0.633605242,0.63876456,0.642187774,0.644490421,0.645779789,0.646279633,0.645589054,0.64422524,0.642061293,0.639582157,0.636808991,0.633531034,0.630333245,0.626822472,0.623301506,0.620114446,0.617403328,0.615182936,0.612546384,0.611022532,0.609769881,0.608489633,0.607484222,0.606306434,0.605079889,0.60372895,0.602141142,0.599485457,0.596578658,0.592821896,0.588091016,0.582673609,0.577123404,0.571259856,0.565392315,0.559702575,0.553861082,0.548569858,0.54344368,0.538360477,0.534386635,0.530867994
WheatWholePerten0101,Perten_DA7200,wheat,Wheat,Spain,2007,9.100000382,8.600000382,0.098751918,0.100314707,0.10347274,0.108110525,0.113763444,0.119838402,0.12517035,0.128785461,0.130963773,0.131716773,0.131495476,0.130629659,0.129274532,0.127483457,0.125292346,0.12285275,0.120312817,0.117690511,0.115177825,0.112793699,0.110454217,0.10816782,0.105859742,0.10350842,0.101261504,0.099188879,0.097249173,0.095490418,0.093947947,0.092657901,0.091757231,0.091047891,0.090723492,0.090903297,0.0919801,0.094708428,0.100023121,0.108596161,0.120016426,0.133319154,0.147901565,0.162726268,0.17686823,0.189545304,0.20058395,0.210845709,0.220868781,0.230429724,0.238569349,0.244474813,0.2478012,0.248512387,0.246662483,0.242015928,0.235401705,0.22808668,0.221104398,0.215089575,0.210270017,0.206607819,0.203918576,0.201991111,0.200541288,0.199279293,0.197886765,0.196212113,0.194165379,0.191885501,0.189793229,0.188261047,0.187512532,0.187767625,0.189218745,0.192051098,0.196573496,0.202832446,0.210962579,0.220800385,0.231998503,0.24419336,0.256875366,0.269393891,0.28099218,0.29123959,0.30008617,0.307912022,0.316261739,0.326606631,0.340912432,0.358220339,0.379670769,0.40522489,0.433647871,0.463039637,0.491292328,0.516627967,0.53747952,0.553479672,0.565037072,0.572943509,0.57838738,0.581994653,0.584385932,0.58575964,0.586148083,0.585363448,0.583602727,0.581314325,0.578549266,0.575421035,0.571900904,0.568492889,0.564799964,0.561051905,0.557713449,0.554682791,0.552291393,0.549944997,0.548234642,0.547098577,0.545839012,0.544764161,0.543669343,0.542605758,0.541340113,0.539492369,0.536996543,0.533934951,0.529863298,0.525136828,0.51955688,0.51383698,0.507537961,0.501614869,0.495674521,0.490093201,0.4845469,0.479451299,0.474735856,0.470570266,0.467260957
WheatWholePerten0102,Perten_DA7200,wheat,Wheat,Sweden,2006,13.10000038,9.100000382,0.103232205,0.106274813,0.110747904,0.115910754,0.121602625,0.127381176,0.132278144,0.135610282,0.137566581,0.138201684,0.137820736,0.136900678,0.135442808,0.133565441,0.131372482,0.129016593,0.126465812,0.123862632,0.121450596,0.119138673,0.116890147,0.11456342,0.112398759,0.11028897,0.108236887,0.106414631,0.104906417,0.103417069,0.102388218,0.101524666,0.100992225,0.100704029,0.10068588,0.101171903,0.102291651,0.104893446,0.110088088,0.11890731,0.13112846,0.1453899,0.161085919,0.176581949,0.190810815,0.203043565,0.213445306,0.222748801,0.23191461,0.240561694,0.24812974,0.253460616,0.256390214,0.256757647,0.254695952,0.249886274,0.243016735,0.235709101,0.228889525,0.223004818,0.218289197,0.214725196,0.212138876,0.210205391,0.20886448,0.207612947,0.206397519,0.204945177,0.203336895,0.201487452,0.199987292,0.198997617,0.198987961,0.200067177,0.202379495,0.206148773,0.211580381,0.218771786,0.227738112,0.238184333,0.249494255,0.261329323,0.273223132,0.285011381,0.296113432,0.305973411,0.314887285,0.323606283,0.333633632,0.346413642,0.363271475,0.384232104,0.408577412,0.435538411,0.463764459,0.490911871,0.515920162,0.537519574,0.555273116,0.568809331,0.578545392,0.585093677,0.589824617,0.592971027,0.594890237,0.59606725,0.596127391,0.59513998,0.592899442,0.590240836,0.586867631,0.583608627,0.57971555,0.575901091,0.572064757,0.568534255,0.564946175,0.561669588,0.559282363,0.5567168,0.554731488,0.553637743,0.552061081,0.551025927,0.550021172,0.548816145,0.547456741,0.545872152,0.543503106,0.540556967,0.537143648,0.532878935,0.527969718,0.522758603,0.517364621,0.511953294,0.506784558,0.501698375,0.497024745,0.492400914,0.488146395,0.484210968,0.480437636
WheatWholePerten0103,Perten_DA7200,wheat,Wheat,Australia,2008,12.07999992,20.29117012,0.164884999,0.168510005,0.173722997,0.179867998,0.186872006,0.193810001,0.199940994,0.204601005,0.207577005,0.209024996,0.209288001,0.208792001,0.208032996,0.206700996,0.204697996,0.202149004,0.199249998,0.196190998,0.193127006,0.190170005,0.187242001,0.184135005,0.180977002,0.177941993,0.175081,0.172561005,0.170383006,0.168486998,0.166917995,0.165875003,0.165290996,0.165123999,0.165307999,0.166044995,0.167790994,0.171627,0.178985,0.190827996,0.206360996,0.223783001,0.242358998,0.261018008,0.279127002,0.295736015,0.310164988,0.322935998,0.33485499,0.345723003,0.354223996,0.359416008,0.361598998,0.360765994,0.357093006,0.350481987,0.341702014,0.332462996,0.323954999,0.316725999,0.310811013,0.306118012,0.302561998,0.300020009,0.298301995,0.297017992,0.295917004,0.294627011,0.292683989,0.29034999,0.288284004,0.286857992,0.286704987,0.287827998,0.290466011,0.294905007,0.301272005,0.309776008,0.320481986,0.333121002,0.347065002,0.36173901,0.376801997,0.391505987,0.405081004,0.417073995,0.427466005,0.437539995,0.448758006,0.463108003,0.482133001,0.504921973,0.530389011,0.557603002,0.584843993,0.609718025,0.631259978,0.649025977,0.662939012,0.673294008,0.680540979,0.685679019,0.68918401,0.691716015,0.693315983,0.69442302,0.69452697,0.694067001,0.692991018,0.691434026,0.689671993,0.687636972,0.685364008,0.682754993,0.680133998,0.67740202,0.674699009,0.672415018,0.670427024,0.668506026,0.666893005,0.665467978,0.664074004,0.663058996,0.661800981,0.660534978,0.659345985,0.65793401,0.655905008,0.653374016,0.650381982,0.646799982,0.642677009,0.638225973,0.633722007,0.629148006,0.624671996,0.620187998,0.615719974,0.611459971,0.607366979,0.603685975,0.600428999
WheatWholePerten0104,Perten_DA7200,wheat,Wheat,Australia,2008,12.56999969,17.87715912,0.193413004,0.197386995,0.203266993,0.210222006,0.217987999,0.225777999,0.232794002,0.237948999,0.241150007,0.242691994,0.242953003,0.242259994,0.241184995,0.239487007,0.237119004,0.234255999,0.230955005,0.227577001,0.224094003,0.220763996,0.217548996,0.214175999,0.210761994,0.207478002,0.204382002,0.201637998,0.199226007,0.197203994,0.195538998,0.194356993,0.193696007,0.193425,0.193563998,0.194293007,0.196016997,0.199974999,0.207761005,0.220404998,0.237264007,0.256421,0.276914001,0.29736501,0.316891015,0.334587008,0.349958986,0.363665998,0.376352012,0.387894988,0.397085995,0.402906001,0.405470997,0.404657006,0.400828987,0.393936992,0.384748995,0.375212997,0.366328001,0.358695,0.352492988,0.347573012,0.343921006,0.341300011,0.339430988,0.338037998,0.336712986,0.335150003,0.332993001,0.330531001,0.328310996,0.326862991,0.326705992,0.327951014,0.33087799,0.335797995,0.342768997,0.352082998,0.363692999,0.377368003,0.392387003,0.408068001,0.423952997,0.439500004,0.453749001,0.466338992,0.477261007,0.487791985,0.499642998,0.514631987,0.534470022,0.55833298,0.584630013,0.612146974,0.639199972,0.663672984,0.684608996,0.701668978,0.71480298,0.724506974,0.731415987,0.736102998,0.739252985,0.741761982,0.743139982,0.744140983,0.744215012,0.74375999,0.742541015,0.740962029,0.739094973,0.737007976,0.734659016,0.732155979,0.729480982,0.726984024,0.724475026,0.722217977,0.720202982,0.718391001,0.716829002,0.715503991,0.714254975,0.713334978,0.712159991,0.710847974,0.70974201,0.70837301,0.706420004,0.703935027,0.701224983,0.697737992,0.693944991,0.689889014,0.685559988,0.681002975,0.676726997,0.672379971,0.667952001,0.663897991,0.659839988,0.656376004,0.653204978
WheatWholePerten0105,Perten_DA7200,wheat,Canadian Hard R,Canada,2002,10.5,17.5,0.212015003,0.215058997,0.219901994,0.226064995,0.233025998,0.240158007,0.246522993,0.25097099,0.25356701,0.254577994,0.254500985,0.253748,0.252532005,0.250690997,0.248347998,0.245464996,0.242341995,0.239024997,0.235841006,0.232828006,0.229769006,0.226724997,0.223520994,0.22044,0.217554003,0.215011999,0.212731004,0.210760996,0.209110007,0.207928002,0.207121998,0.206807002,0.206888005,0.207545996,0.209310994,0.213190004,0.220663995,0.232755005,0.248552993,0.266530007,0.285816014,0.30547601,0.324568987,0.341930002,0.357273996,0.371152014,0.384344012,0.396542013,0.406195998,0.412158996,0.41466099,0.414000988,0.409949005,0.402646989,0.393029004,0.382936001,0.373515993,0.365570992,0.359021008,0.353953004,0.35027501,0.347633004,0.345762014,0.344274014,0.342877001,0.341255009,0.338946015,0.336293995,0.333786011,0.332129002,0.331734002,0.332639992,0.335222989,0.340025991,0.346722007,0.355480999,0.367080003,0.380804986,0.396196008,0.412613988,0.429632992,0.446384013,0.461964011,0.475526989,0.487410992,0.498851001,0.511348009,0.527130008,0.548182011,0.573669016,0.602524996,0.63358599,0.665269017,0.694718003,0.720421016,0.741527021,0.757676005,0.769541979,0.778006017,0.783716977,0.787609994,0.790221989,0.792016983,0.793169022,0.793467999,0.793223977,0.792167008,0.790916026,0.789152026,0.787106991,0.784994006,0.782361984,0.779649973,0.777077019,0.774493992,0.772000015,0.770000994,0.768131018,0.766575992,0.765164971,0.764129996,0.762878001,0.761840999,0.760877013,0.759624004,0.758435011,0.756329,0.753733993,0.750500977,0.746459007,0.741720974,0.736699998,0.731688023,0.726297021,0.720983028,0.716111004,0.710877001,0.706552982,0.702194989,0.697786987,0.69420898
WheatWholePerten0106,Perten_DA7200,wheat,Canadian Hard R,Canada,2002,12.39999962,15.57999992,0.197352007,0.201152995,0.206660003,0.213147,0.220189005,0.227293998,0.233532995,0.237869993,0.240344003,0.241219997,0.240991995,0.240025997,0.238587007,0.236559004,0.233952001,0.230941996,0.227697,0.224328995,0.221063003,0.217974007,0.214892,0.211754993,0.208587006,0.205534995,0.202724993,0.200255007,0.198039994,0.196174994,0.194679007,0.193621993,0.192975998,0.192773998,0.193001002,0.193819001,0.195639998,0.199606001,0.207265005,0.219569996,0.235723004,0.254188001,0.273988992,0.293700993,0.312263012,0.328819007,0.343172014,0.356088013,0.368330985,0.379619986,0.388662994,0.39437601,0.396793991,0.396194011,0.392443001,0.385621011,0.376662999,0.367253006,0.358525991,0.351098001,0.345091999,0.340386003,0.336986005,0.334556013,0.332758009,0.33139801,0.330015987,0.328456998,0.326416999,0.324065,0.322032988,0.320811003,0.320795,0.322111994,0.325076997,0.330186009,0.337199986,0.346134991,0.357688993,0.371116996,0.385894001,0.40139699,0.417104989,0.432422012,0.44669199,0.459158003,0.470250994,0.481135994,0.493445993,0.508997977,0.529491007,0.554235995,0.581562996,0.610419989,0.638870001,0.664831996,0.687224984,0.70540297,0.719397008,0.729768992,0.736905992,0.74198401,0.745285988,0.747484982,0.74899298,0.749776006,0.749845982,0.749324977,0.747964978,0.746375978,0.744410992,0.742385984,0.740029991,0.737402022,0.734733999,0.732150972,0.729680002,0.727247,0.72525698,0.723455012,0.722027004,0.720866978,0.719586015,0.718378007,0.717266977,0.71619302,0.715140998,0.713756979,0.711816013,0.709384024,0.706322014,0.702745974,0.698475003,0.693961024,0.689428985,0.684777975,0.680046976,0.675444007,0.670816004,0.666818976,0.662862003,0.659197986,0.655883014
WheatWholePerten0107,Perten_DA7200,wheat,Canadian Hard R,Canada,2002,13.19999981,15.68999958,0.209134996,0.212842003,0.218079999,0.224108994,0.230689004,0.237106994,0.242726997,0.246576995,0.248630002,0.249293,0.248832002,0.247592002,0.245987997,0.243881002,0.241191998,0.238104999,0.234841004,0.231468007,0.228202,0.225043997,0.221976996,0.218851,0.215716004,0.212654993,0.209849998,0.207366005,0.205221996,0.203426004,0.201964006,0.200916007,0.200274006,0.200084001,0.200266004,0.201002002,0.202745006,0.206549004,0.213946998,0.225880995,0.241649002,0.259730011,0.279031009,0.298112005,0.315880001,0.331517994,0.344936013,0.357003003,0.368348986,0.378800005,0.387171,0.392358005,0.394569993,0.393916011,0.390280008,0.383735001,0.375147998,0.366223007,0.357955992,0.350917995,0.345238,0.340766013,0.337471008,0.335076004,0.333319008,0.331954986,0.330671996,0.32922399,0.327298999,0.325159997,0.323406994,0.322407007,0.32257399,0.324124992,0.327197999,0.332397997,0.339390993,0.348179013,0.359506011,0.372512013,0.386642009,0.401360989,0.416105986,0.43036601,0.443677992,0.455356985,0.465761006,0.476191998,0.488166004,0.503461003,0.523459017,0.547475994,0.573544025,0.600522995,0.627023995,0.650741994,0.671172023,0.687561989,0.700187028,0.709703028,0.716233015,0.720688999,0.723625004,0.725530028,0.726710022,0.727290988,0.727274001,0.726490974,0.724932015,0.723029017,0.720965982,0.718676984,0.716265023,0.713496029,0.710641027,0.708010972,0.705591023,0.703077972,0.70095098,0.699005008,0.697520018,0.696232021,0.694770992,0.693621993,0.692474008,0.691257,0.689963996,0.688440025,0.686509013,0.684050977,0.681189001,0.677617014,0.673505008,0.669194996,0.664768994,0.660372019,0.655866981,0.651570022,0.647315979,0.643427014,0.639918983,0.636098027,0.633005977
WheatWholePerten0108,Perten_DA7200,wheat,Canadian Hard R,Canada,2002,13.69999981,15.26000023,0.227137998,0.230970994,0.236439005,0.242571995,0.249136001,0.255528003,0.261119992,0.264954001,0.266997993,0.267648011,0.26711899,0.265917987,0.264266014,0.262062997,0.259276003,0.256148994,0.252822995,0.249378994,0.246003002,0.242820993,0.239706993,0.236562997,0.233382002,0.230324999,0.227513999,0.225017995,0.222886995,0.221134007,0.219592005,0.218583003,0.217978999,0.217772007,0.218003005,0.218747005,0.220495001,0.224300996,0.231727004,0.243744999,0.259737998,0.278129995,0.297841013,0.317360997,0.335433006,0.351345003,0.365007997,0.377207011,0.388799995,0.399459988,0.407997996,0.413388997,0.415636987,0.415033013,0.411316007,0.404608011,0.395841986,0.386638999,0.378199011,0.371039987,0.365224987,0.360666007,0.357362002,0.35491401,0.353087008,0.351669014,0.350326985,0.348843992,0.346873999,0.34474501,0.34297201,0.342065007,0.342321992,0.343953013,0.347202987,0.352609992,0.359845996,0.368950009,0.380591989,0.393943995,0.408396006,0.423406988,0.438448012,0.452995002,0.466594011,0.478482008,0.489183009,0.499926001,0.512385011,0.528320015,0.54905802,0.573855996,0.600574017,0.628067017,0.654717028,0.678429008,0.698531985,0.714604974,0.726945996,0.736160994,0.742516995,0.746855974,0.74969399,0.751519978,0.752704978,0.753252983,0.753180981,0.752411008,0.751052976,0.749086976,0.747002006,0.744768024,0.742307007,0.739642024,0.736950994,0.734183013,0.731646001,0.729227006,0.727015972,0.725162029,0.72359997,0.722382009,0.720986009,0.719780982,0.718376994,0.717381001,0.716051996,0.714679003,0.712769985,0.71034199,0.707382023,0.703791976,0.699949026,0.69569701,0.691290021,0.686770976,0.682434976,0.678139985,0.673964977,0.669888973,0.666329026,0.662711024,0.659474015
WheatWholePerten0109,Perten_DA7200,wheat,Canadian Hard R,Canada,2002,11.39999962,14.42000008,0.207526997,0.211717993,0.217997998,0.225336,0.233556002,0.241831005,0.249211997,0.254332006,0.257227987,0.258459985,0.258327991,0.257283986,0.255704999,0.253538996,0.250726998,0.247455999,0.244002998,0.240446001,0.236974001,0.233706996,0.230491996,0.227134004,0.223753005,0.220513001,0.217539996,0.214835003,0.212482005,0.210473999,0.208838001,0.207651004,0.206891,0.206579,0.206770003,0.207580999,0.209499002,0.213744998,0.221906006,0.235043004,0.252492011,0.272623986,0.294467002,0.316390008,0.337119997,0.355639011,0.371735007,0.386426985,0.40051201,0.413605988,0.424250007,0.431205988,0.43442601,0.434022009,0.429931998,0.422165006,0.411855996,0.400994986,0.390967995,0.382420987,0.375492007,0.370151013,0.366283,0.363525003,0.361449003,0.359802008,0.358206004,0.356321991,0.353836,0.351007998,0.34858799,0.347099006,0.34680301,0.348105013,0.351190001,0.356723011,0.364385992,0.374271005,0.387214005,0.402330995,0.419052005,0.436845988,0.45489201,0.472584993,0.489143997,0.503593028,0.516467989,0.52897799,0.542873979,0.560652018,0.584106982,0.612694025,0.644734979,0.678941011,0.713530004,0.745096028,0.772481024,0.794526994,0.811432004,0.823915005,0.832423985,0.838360012,0.842221975,0.844731987,0.846593022,0.847636998,0.847957015,0.847302973,0.845932007,0.844072998,0.841849983,0.839654028,0.837002993,0.834115982,0.831119001,0.828073025,0.825303972,0.822808027,0.820392013,0.818203986,0.816776991,0.815514982,0.814076006,0.813082993,0.811830998,0.81071198,0.809423983,0.807911992,0.805824995,0.802955985,0.799354971,0.794939995,0.790144026,0.784853995,0.779192984,0.773440003,0.767961979,0.762480974,0.757070005,0.751986027,0.747448981,0.742824972,0.739041984
WheatWholePerten0110,Perten_DA7200,wheat,Canadian Hard R,Canada,2002,13,16.42000008,0.208844006,0.212878004,0.218759999,0.225455999,0.23274,0.240040004,0.246465996,0.250860989,0.253378987,0.254301995,0.254067004,0.252965003,0.251459986,0.249381006,0.246638998,0.243468002,0.240051001,0.236504003,0.233065993,0.229755998,0.226560995,0.223297,0.219929993,0.216722995,0.213737994,0.211170003,0.208945006,0.206998006,0.205479994,0.204447001,0.203858003,0.203682005,0.203955993,0.204841003,0.206828997,0.21108,0.219217002,0.232234001,0.24944,0.269059986,0.290098012,0.311075985,0.330805987,0.348453999,0.363685995,0.377442002,0.390491009,0.402518004,0.41209501,0.418128014,0.42068401,0.419939995,0.415713996,0.408234,0.398479998,0.38826099,0.378928989,0.37104401,0.36459899,0.359587014,0.355951995,0.353311986,0.351357997,0.349880993,0.34849599,0.346864015,0.344743013,0.342325002,0.34029901,0.339141011,0.33919999,0.340768009,0.344044,0.349678993,0.357306987,0.367004007,0.379516006,0.394008994,0.409916997,0.426672012,0.443515003,0.459964007,0.475365013,0.488900006,0.501047015,0.513251007,0.52698803,0.544708014,0.568026006,0.596123993,0.627049983,0.659440994,0.691386998,0.720113993,0.744768977,0.764470995,0.77958101,0.790786982,0.798407972,0.80368501,0.807255983,0.809569001,0.81121999,0.811990023,0.812123001,0.811474979,0.810046971,0.808182001,0.806053996,0.803879023,0.801346004,0.798546016,0.795629025,0.792684972,0.789825022,0.787253976,0.784954011,0.782818019,0.781068981,0.779760003,0.778301001,0.777086973,0.775663972,0.774399996,0.773132026,0.771571994,0.769505978,0.766744971,0.763388991,0.759290993,0.754625022,0.74960798,0.744336009,0.739144027,0.734003007,0.728994012,0.723845005,0.719250023,0.714924991,0.710512996,0.70688802
WheatWholePerten0111,Perten_DA7200,wheat,Canadian Hard R,Canada,2002,13.19999981,16.30999947,0.202374995,0.206200004,0.211673006,0.218034998,0.224933997,0.231663004,0.237568006,0.241635993,0.243956,0.244801998,0.244477004,0.243433997,0.241916999,0.239886001,0.237260997,0.234203994,0.230942994,0.227564007,0.224282995,0.221148998,0.218044996,0.214842007,0.211646006,0.208580002,0.205769002,0.203273997,0.201148003,0.199371994,0.197913006,0.196915001,0.196345002,0.196192995,0.196445003,0.197263002,0.199181005,0.203201994,0.210932002,0.223346993,0.239629,0.258195996,0.278055996,0.297766,0.316208988,0.332571,0.346677005,0.359306991,0.371279001,0.382274985,0.391054004,0.396521986,0.398837,0.398137987,0.394374996,0.387558997,0.378652006,0.369302005,0.360722989,0.35344699,0.347575992,0.342961013,0.339585006,0.337173998,0.33535099,0.333990991,0.332713008,0.331256986,0.329266995,0.327039987,0.325210005,0.324151993,0.324261993,0.325758994,0.328906,0.334219992,0.341385007,0.350407988,0.362058997,0.375467002,0.390103012,0.405458003,0.42087701,0.435799003,0.449824989,0.462103993,0.473075986,0.484043986,0.496574998,0.512489021,0.533514977,0.558803022,0.586429,0.615199029,0.64358598,0.669126988,0.69106698,0.708719015,0.72230798,0.732379973,0.739380002,0.744242013,0.74742502,0.749462009,0.750923991,0.751694024,0.751775026,0.751088977,0.74971199,0.747900009,0.745926023,0.743700981,0.741249025,0.738527,0.735702992,0.732962012,0.730304003,0.727905989,0.725723982,0.723677993,0.722093999,0.720848978,0.719402015,0.718159974,0.716848016,0.715794981,0.71450901,0.713015974,0.711149991,0.708567977,0.705483973,0.701708973,0.697588027,0.693045974,0.688268006,0.68355298,0.67899698,0.674448013,0.669807017,0.665722013,0.661858022,0.658032,0.654833019
WheatWholePerten0112,Perten_DA7200,wheat,Canadian Hard R,Canada,2002,13.10000038,16.52000046,0.184945002,0.188124001,0.192699,0.198073998,0.204000995,0.209880993,0.214977995,0.218478993,0.220394999,0.220948994,0.220452994,0.219316006,0.217786998,0.215765998,0.213210002,0.210265994,0.207160994,0.203933001,0.200791001,0.197822005,0.194840998,0.191784993,0.188716993,0.185788006,0.183042005,0.180646002,0.178574994,0.176777005,0.175307006,0.174270004,0.173636004,0.173436001,0.173587993,0.174273998,0.175949007,0.179616004,0.186720997,0.198111996,0.213156,0.23026,0.248512998,0.266663015,0.283647001,0.298738986,0.311728001,0.323412001,0.334513009,0.344693989,0.352757007,0.357773006,0.359847993,0.359147012,0.355589986,0.349260986,0.340873003,0.33217001,0.324106991,0.317295015,0.311747015,0.307415992,0.304233015,0.301905006,0.300211996,0.298972994,0.297751993,0.296357006,0.294499993,0.292387992,0.29054901,0.28955099,0.289624989,0.291004002,0.293830007,0.298716992,0.305337012,0.313652009,0.324391991,0.336805999,0.350416988,0.364648998,0.378984988,0.392964989,0.406022012,0.417430013,0.427650005,0.437810004,0.449425012,0.464260012,0.483736992,0.507146001,0.532885015,0.559873998,0.586584985,0.610794008,0.631772995,0.648671985,0.661745012,0.671517015,0.678282976,0.682964027,0.686104,0.688126028,0.689516008,0.690285027,0.690330029,0.689661026,0.688220024,0.686398029,0.68453598,0.682416976,0.679912984,0.677277982,0.67455101,0.671815991,0.669301987,0.666824997,0.664691985,0.662748992,0.661251009,0.659954011,0.658577979,0.657407999,0.656072021,0.654947996,0.653735995,0.652208984,0.650237024,0.647792995,0.644840002,0.641165018,0.637102008,0.632737994,0.628187001,0.623634994,0.61926502,0.614785016,0.610338986,0.606293023,0.602617979,0.599007011,0.595824003
WheatWholePerten0113,Perten_DA7200,wheat,Canadian Hard R,Canada,2002,12.39999962,14.96000004,0.209552005,0.214260995,0.220862001,0.228543997,0.236852005,0.245097995,0.252324998,0.257342011,0.260385007,0.261454999,0.261240989,0.26019001,0.258592993,0.256356001,0.253522992,0.250178009,0.246609002,0.242946997,0.239360005,0.235889003,0.232548997,0.229142994,0.225675002,0.222313002,0.219240993,0.216512993,0.214126006,0.212124005,0.210527003,0.209399,0.208759993,0.208618,0.208853006,0.209755004,0.211858004,0.216312006,0.224871993,0.238654003,0.256817013,0.277635992,0.300053001,0.322429001,0.343412012,0.362134993,0.378417999,0.393146008,0.407198012,0.42028901,0.430785,0.437449992,0.440364003,0.43967101,0.435268015,0.427305996,0.416803986,0.405864,0.395749003,0.387201011,0.380302012,0.374969006,0.371084988,0.368304998,0.366266996,0.364672005,0.363130003,0.361310989,0.358947009,0.356353015,0.354043007,0.352710992,0.352692008,0.354189009,0.357591003,0.363474011,0.371486008,0.381736994,0.394993991,0.410416991,0.427403003,0.44531399,0.463393003,0.481068999,0.497651011,0.512201011,0.525247991,0.538293004,0.552987993,0.57170701,0.596458018,0.626465976,0.659711003,0.694832027,0.729631007,0.760981023,0.787913978,0.809334993,0.82566601,0.837648988,0.845863998,0.851464987,0.855001986,0.857436001,0.859147012,0.860035002,0.860170007,0.859435022,0.857837975,0.855982006,0.853850007,0.851449013,0.84857899,0.845632017,0.842504025,0.839661002,0.836745977,0.834011972,0.831615984,0.829522014,0.827628017,0.826186001,0.824609995,0.823336005,0.822088003,0.820967019,0.81931001,0.817668021,0.815445006,0.812487006,0.808884978,0.804638028,0.799465001,0.793905973,0.788434982,0.782769024,0.777077973,0.771772981,0.766111016,0.760945976,0.756188989,0.751667976,0.74732101
WheatWholePerten0114,Perten_DA7200,wheat,Canadian Hard R,Canada,2002,10.89999962,17.11000061,0.218511999,0.221738994,0.226853997,0.233173996,0.240388006,0.247776002,0.254355013,0.258861005,0.261530012,0.262558997,0.262387991,0.261527002,0.260279,0.258350998,0.255829006,0.252844006,0.249567002,0.246202007,0.242954999,0.239806995,0.236596003,0.233437002,0.230208993,0.227017999,0.224079996,0.221457005,0.219081,0.217052996,0.215367004,0.214098007,0.213321999,0.212962002,0.213023007,0.213682994,0.215501994,0.219567999,0.227276996,0.239721999,0.256024987,0.274578005,0.294465005,0.314657003,0.334156007,0.351877004,0.367448002,0.381559014,0.394988,0.407471001,0.417320013,0.423370004,0.426001012,0.425269991,0.421104997,0.413643003,0.403815001,0.393449009,0.383877009,0.375748992,0.369019985,0.363804996,0.360029012,0.35729,0.355291992,0.353828013,0.352371991,0.350612998,0.348260999,0.345450014,0.342916995,0.341230989,0.340797991,0.34175399,0.344440997,0.349397004,0.356260002,0.365258992,0.377186,0.391290009,0.407099009,0.423996002,0.441408008,0.458597988,0.474566996,0.488447011,0.500531018,0.512194991,0.525044978,0.541270971,0.562774003,0.588846982,0.618189991,0.649820983,0.68185401,0.711485028,0.737142026,0.757996023,0.773981988,0.785789013,0.793958008,0.799495995,0.803222001,0.805768013,0.80754298,0.808631003,0.808951974,0.808526993,0.807471991,0.805989027,0.80408299,0.802213013,0.799862027,0.797118008,0.794458985,0.791797996,0.789116025,0.786405027,0.784304023,0.782256007,0.780710995,0.779408991,0.77819401,0.776950002,0.775857985,0.77481401,0.773558021,0.772282004,0.770156026,0.76759702,0.76424402,0.760155976,0.75544101,0.750479996,0.745087028,0.739804983,0.734643996,0.729511976,0.72438699,0.719716013,0.715220988,0.711118996,0.707105994
WheatWholePerten0115,Perten_DA7200,wheat,Canadian Hard R,Canada,2002,13,16.82999992,0.209832996,0.213127002,0.217975006,0.223550007,0.229684994,0.235789999,0.241139993,0.244763002,0.246741995,0.247345999,0.246892005,0.245681003,0.244104996,0.242085993,0.239481002,0.236425996,0.233173996,0.229855001,0.226565003,0.223404005,0.220341995,0.217186004,0.213974997,0.210835993,0.208011001,0.205466002,0.203191996,0.201303005,0.199753001,0.198598996,0.197859004,0.197579995,0.197675005,0.198256001,0.199983999,0.203701004,0.210934997,0.222696006,0.238132998,0.255802989,0.274601996,0.293244004,0.310804009,0.326444,0.339926988,0.351981998,0.363344997,0.37382701,0.382104009,0.387061,0.389131993,0.388339996,0.384528011,0.377873004,0.369269997,0.360213995,0.351880997,0.344810993,0.339001,0.334426999,0.331048012,0.328581989,0.326765001,0.325419009,0.324088991,0.322569013,0.320621997,0.318356007,0.316421002,0.315293998,0.315376014,0.316682011,0.319593996,0.324629009,0.331416994,0.340041995,0.35117501,0.364053011,0.378174007,0.392913997,0.407797009,0.422351986,0.435896009,0.447674006,0.458099991,0.468488991,0.480392993,0.495552987,0.515479982,0.539304972,0.565433025,0.592680991,0.619406998,0.643509984,0.664276004,0.681043983,0.693961978,0.703463018,0.710227013,0.714837015,0.717745006,0.719703972,0.721071005,0.72180599,0.721816003,0.721252978,0.719767988,0.718030989,0.716026008,0.713855028,0.71143198,0.708788991,0.706111014,0.703455985,0.700884998,0.698329985,0.696263015,0.694236994,0.692753017,0.691469014,0.690244019,0.688821018,0.687556028,0.686383009,0.685199976,0.68374598,0.681806982,0.679457009,0.676600993,0.672993004,0.668880999,0.664516985,0.659988999,0.65553999,0.651113987,0.646744013,0.642462015,0.638619006,0.635020018,0.631543994,0.628090978
WheatWholePerten0116,Perten_DA7200,wheat,Canadian Hard R,Canada,2002,13.89999962,15.35000038,0.230169997,0.233926997,0.239130005,0.245239005,0.251637012,0.257865995,0.26334399,0.266994,0.269006014,0.269551009,0.268895,0.267663002,0.265888989,0.26356101,0.260785997,0.257539988,0.254211009,0.250746995,0.247337997,0.244149998,0.241001993,0.237827003,0.234623,0.231527001,0.228728995,0.226235002,0.224074006,0.222271994,0.220776007,0.219749004,0.219136998,0.218940005,0.219155997,0.219845995,0.221654996,0.225463003,0.232832998,0.244885996,0.260930002,0.279478014,0.299291015,0.318866998,0.336971015,0.352907002,0.366515994,0.378684014,0.390255004,0.400972992,0.409511,0.41485101,0.417254001,0.416711986,0.413042992,0.40635401,0.397599012,0.388484001,0.379951,0.372792989,0.366962999,0.362388015,0.359072,0.356660992,0.354820997,0.353433996,0.352086991,0.350571007,0.348648012,0.346516997,0.344814986,0.343921006,0.344249994,0.345907003,0.349224001,0.354671001,0.361952007,0.371120989,0.382817,0.396162987,0.41070199,0.425731987,0.440775007,0.455437005,0.469033986,0.481036991,0.491659999,0.502380014,0.514907002,0.530798018,0.551540017,0.576144993,0.602658987,0.629831016,0.656102002,0.679450989,0.699259996,0.715035975,0.727222979,0.736203015,0.742475987,0.74683702,0.749494016,0.751357019,0.752574027,0.753252029,0.753135026,0.752452016,0.751094997,0.74922502,0.747062028,0.744808972,0.742442012,0.739868999,0.737075985,0.734551013,0.73209101,0.729604006,0.727622986,0.725593984,0.724162996,0.722976983,0.721558988,0.720255017,0.719075978,0.717891991,0.716682971,0.715264976,0.713431001,0.711126983,0.708416998,0.705039978,0.701115012,0.69709003,0.692754984,0.688510001,0.684149027,0.680024982,0.676006019,0.672110975,0.66851002,0.664896011,0.661839008
WheatWholePerten0117,Perten_DA7200,wheat,Canadian Hard R,Canada,2002,13.39999962,15.78999996,0.219579995,0.223138005,0.228284001,0.234121993,0.240406007,0.246630997,0.251996994,0.255667001,0.257705003,0.258352011,0.257966012,0.256785989,0.255181015,0.253107011,0.250535995,0.247584,0.244442001,0.241206005,0.238045007,0.235071003,0.232085004,0.229053006,0.226064995,0.223153994,0.220501006,0.218178004,0.216129005,0.214405,0.213055,0.212143004,0.211572006,0.211383998,0.211600006,0.212328002,0.214032993,0.217739001,0.224845007,0.236355007,0.251655012,0.269248992,0.288138002,0.306827992,0.32426101,0.339670986,0.352914006,0.364780009,0.376015008,0.386353999,0.394683987,0.399868012,0.402081013,0.401450008,0.397877008,0.391413003,0.382950008,0.374098986,0.365918011,0.359037995,0.353392005,0.349029988,0.345831007,0.343517989,0.341805011,0.340456992,0.339186013,0.33772099,0.335873991,0.333829999,0.332105994,0.331158996,0.33139199,0.332911015,0.335987002,0.341165006,0.348102003,0.356822997,0.368014008,0.380861998,0.394858003,0.409366995,0.424014002,0.438237011,0.451445997,0.463027,0.473372996,0.483783007,0.495806009,0.511020005,0.530925989,0.554714024,0.580572009,0.607240021,0.633195996,0.656422973,0.676338017,0.692188978,0.704420984,0.713491976,0.719887972,0.724165976,0.726906002,0.728797019,0.730062008,0.730598986,0.730581999,0.729855001,0.72843802,0.726646006,0.724510014,0.722328007,0.719874024,0.717293978,0.714691997,0.712119997,0.709648013,0.707168996,0.705168009,0.703239024,0.701788008,0.700551987,0.699280024,0.698014975,0.696702004,0.695585012,0.694482029,0.693055987,0.691105008,0.688804984,0.685886979,0.682578981,0.678557992,0.674400985,0.669987977,0.665567994,0.66148299,0.657097995,0.652862012,0.64902699,0.645509005,0.641855001,0.638769984
WheatWholePerten0118,Perten_DA7200,wheat,Canadian Hard R,Canada,2002,10.39999962,16.72999954,0.215626001,0.218838006,0.223803997,0.229957998,0.237056002,0.244332001,0.250833005,0.25545001,0.258127987,0.25918299,0.259157002,0.258365989,0.257171005,0.255353004,0.252997994,0.250077993,0.246976003,0.243726,0.240500003,0.237501994,0.234464005,0.231396005,0.228202,0.225073993,0.222229004,0.219695002,0.217387006,0.215442002,0.213774994,0.212562993,0.211815998,0.211448997,0.211528003,0.212209001,0.213971004,0.217853993,0.225345999,0.237425,0.253223985,0.271207988,0.290609002,0.31031099,0.329499006,0.346996009,0.362430006,0.376460999,0.389865995,0.402195007,0.411965996,0.417953014,0.42059499,0.419914007,0.415771008,0.408376008,0.398674011,0.388451994,0.378960997,0.370958,0.364378989,0.35927999,0.35552901,0.352872014,0.35097301,0.349545002,0.348111987,0.346403986,0.34403801,0.341284007,0.338806003,0.337110996,0.336663991,0.337543994,0.340065986,0.34482801,0.351554006,0.360309988,0.371951014,0.385758013,0.401208997,0.417840987,0.434969991,0.451871991,0.467557013,0.481171995,0.493171006,0.504728019,0.517278016,0.533165991,0.554298997,0.580065012,0.609032989,0.640543997,0.672689021,0.702455998,0.728695989,0.750064015,0.766508997,0.778549016,0.786939025,0.792733014,0.796527028,0.799094975,0.800999999,0.802187979,0.802635014,0.802206993,0.801168978,0.799803019,0.798195005,0.796256006,0.79409498,0.791534007,0.788811982,0.786046982,0.783585012,0.781019986,0.779004991,0.777117014,0.775581002,0.774344027,0.773091972,0.771933973,0.770685971,0.769715011,0.768575013,0.767198026,0.765133023,0.76255703,0.759203017,0.755171001,0.75049001,0.745473981,0.740243018,0.734686971,0.729462028,0.724277973,0.719128013,0.714370012,0.709746003,0.705536008,0.701816976
WheatWholePerten0119,Perten_DA7200,wheat,Canadian Hard R,Canada,2002,12.80000019,16.20000076,0.203713,0.207442001,0.212880001,0.219256997,0.226173997,0.233058006,0.239151001,0.243361995,0.245773003,0.246641994,0.246379003,0.245353997,0.243853003,0.241809994,0.239203006,0.236162007,0.232850999,0.229432002,0.226097003,0.223014996,0.219852001,0.216640994,0.213378996,0.210235,0.207403004,0.204848006,0.202617005,0.200742006,0.199194998,0.198128,0.197533995,0.197317004,0.197508007,0.198339999,0.200240001,0.204252005,0.211925,0.224362001,0.240667,0.259232998,0.279069006,0.298788011,0.317373008,0.334008992,0.348414004,0.361333013,0.373528987,0.384737998,0.393629015,0.39911899,0.401472986,0.400757998,0.396831006,0.389874011,0.380881012,0.371421009,0.362774015,0.355399013,0.349359989,0.344686002,0.341322988,0.338813007,0.337056011,0.335691989,0.334313989,0.332810015,0.330740005,0.328428,0.326433003,0.32525,0.325332999,0.326698989,0.329703003,0.334912986,0.341987997,0.35095501,0.362558007,0.37600401,0.390715987,0.406183988,0.421770006,0.436973989,0.451070011,0.463409007,0.474440992,0.485397995,0.49772501,0.513432026,0.534133971,0.559078991,0.586360991,0.615101993,0.643450975,0.669000983,0.691097975,0.708904028,0.722654998,0.732816994,0.739919007,0.74476999,0.747952998,0.750032008,0.751581013,0.752436996,0.752551019,0.751807988,0.750425994,0.748750985,0.746776998,0.744614005,0.742240012,0.739516974,0.736877024,0.73418802,0.731679976,0.729220986,0.727136016,0.72528398,0.723734021,0.722459972,0.72131002,0.719982028,0.718634009,0.717639983,0.716440976,0.714890003,0.712903976,0.710578978,0.707691014,0.703903973,0.699652016,0.695249021,0.690576971,0.685765028,0.681149006,0.676578999,0.672059,0.667846978,0.663909018,0.660048008,0.656692982
WheatWholePerten0120,Perten_DA7200,wheat,Canadian Hard R,Canada,2002,13,17.22999954,0.205432996,0.208667994,0.213488996,0.219100997,0.225158006,0.231223002,0.236548007,0.240263,0.242272005,0.242880002,0.242562994,0.241395995,0.239867002,0.237886995,0.235305995,0.232323006,0.229158998,0.225805,0.222618997,0.21954,0.216452003,0.213346005,0.210150003,0.207094997,0.204252005,0.201828003,0.199682996,0.197836995,0.196338996,0.195243999,0.194628,0.194380999,0.194501996,0.195208997,0.196905002,0.200618997,0.207831994,0.219537005,0.234962001,0.252517998,0.271281004,0.289979994,0.307586014,0.323329002,0.33702001,0.349249989,0.360841006,0.37142399,0.379869014,0.385010004,0.387118012,0.386343986,0.382514,0.375743985,0.367141008,0.358049989,0.349669993,0.342624009,0.336827993,0.332354993,0.329043001,0.326629013,0.324925989,0.323619992,0.322344989,0.320885003,0.318931013,0.316785008,0.314830989,0.313760012,0.313832998,0.315182,0.318138003,0.323121011,0.329896003,0.338532001,0.349655002,0.362581998,0.37669,0.391499013,0.406430006,0.420969009,0.434572011,0.446440995,0.457150996,0.467779994,0.479869008,0.495299995,0.515559018,0.540004015,0.566828013,0.595053971,0.62303102,0.648241997,0.670077026,0.687780976,0.701574981,0.711777985,0.718897998,0.723855972,0.726974011,0.729067028,0.730693996,0.731374025,0.731482029,0.730799019,0.729288995,0.727726996,0.725605011,0.72339797,0.720959008,0.718210995,0.71549201,0.712674975,0.710012019,0.707410991,0.705286026,0.703440011,0.70175302,0.700357974,0.699038029,0.697715998,0.696327984,0.695266008,0.693997026,0.692436993,0.690537989,0.688104987,0.684877992,0.681291997,0.676962972,0.672357976,0.667653024,0.662823021,0.658268988,0.653548002,0.649056971,0.644869983,0.640845001,0.637288988,0.633814991
WheatWholePerten0121,Perten_DA7200,wheat,Canadian Hard R,Canada,2002,12.5,13.68000031,0.209167004,0.213914007,0.220560998,0.228257,0.236698002,0.245079994,0.252438992,0.257631987,0.260621011,0.261783987,0.261608005,0.260493994,0.258709997,0.256401002,0.253493011,0.250075996,0.246452004,0.242745996,0.239144996,0.235692993,0.232339993,0.228887007,0.225428999,0.222092003,0.219023004,0.216358006,0.213990003,0.211997002,0.210385993,0.209252,0.208560005,0.208384007,0.208621994,0.209497005,0.211546004,0.215955004,0.224377006,0.238068998,0.256298989,0.277424991,0.300282002,0.323060989,0.344366014,0.363222987,0.379494995,0.394160003,0.408288002,0.421489,0.432289988,0.439428985,0.442770004,0.442526996,0.438382,0.430541992,0.420049995,0.408928007,0.398710996,0.390013009,0.383024991,0.377653986,0.373746008,0.370950997,0.368835002,0.367134005,0.365455002,0.363577008,0.361146987,0.358442009,0.356182993,0.354900003,0.354938,0.35649699,0.359961003,0.365897,0.374031007,0.384407014,0.397702009,0.413159013,0.43016699,0.447995007,0.465956986,0.483523011,0.499922991,0.514325023,0.527377009,0.540337026,0.554769993,0.573237002,0.597558975,0.627014995,0.659461021,0.69354099,0.727217972,0.757480025,0.783336997,0.804026008,0.81971699,0.831263006,0.839245021,0.844615996,0.848285973,0.850655019,0.852324009,0.853110015,0.85333699,0.852671027,0.851019025,0.849183977,0.847006023,0.84474498,0.841973007,0.839048982,0.836215019,0.833181977,0.830335975,0.827699006,0.825397015,0.823249996,0.821730018,0.820155025,0.818762004,0.817538977,0.816267014,0.815155983,0.813914001,0.812264979,0.810065985,0.807393014,0.804072976,0.799969018,0.795167029,0.789967001,0.784593999,0.779219985,0.773917019,0.768553019,0.763457,0.758506,0.754127979,0.749698997,0.745815992
WheatWholePerten0122,Perten_DA7200,wheat,Canadian Hard R,Canada,2002,10.89999962,18.04999924,0.211809993,0.214707002,0.219302997,0.224944994,0.231418997,0.238042995,0.243933007,0.248104006,0.250546008,0.25148499,0.251406014,0.250687987,0.249569997,0.247921005,0.245718002,0.242982,0.240013003,0.236966997,0.233974993,0.231087998,0.228221998,0.225250006,0.222177997,0.219292,0.216594994,0.214195997,0.212072998,0.210219994,0.208691001,0.207600996,0.206928998,0.206653997,0.206743002,0.207401007,0.209076002,0.212745994,0.219864994,0.231314004,0.246307001,0.263384998,0.281783015,0.300556004,0.318872988,0.335640013,0.35047999,0.363858998,0.376623005,0.388404012,0.397623003,0.403284013,0.405607998,0.40486601,0.400855988,0.393721014,0.384380013,0.374547988,0.365511,0.357834011,0.351558,0.346664995,0.343082994,0.340472996,0.338661999,0.337343007,0.336115003,0.334587008,0.33237499,0.329829007,0.327506989,0.326023012,0.325652987,0.326579005,0.329104006,0.333786011,0.340328008,0.348807007,0.359988004,0.373275012,0.388181001,0.404154986,0.420621991,0.436818987,0.451990992,0.465216994,0.47696501,0.488274992,0.500653982,0.516403019,0.537334025,0.562734008,0.591332972,0.622397006,0.654073,0.683359027,0.709161997,0.730230987,0.746433973,0.758454025,0.766941011,0.77273798,0.776726008,0.779460013,0.781473994,0.782581985,0.782957971,0.782664001,0.781575024,0.780265987,0.778706014,0.776786029,0.774555028,0.771921992,0.76929301,0.766609013,0.763876021,0.761370003,0.759169996,0.757071972,0.755482018,0.754105985,0.752813995,0.751712978,0.750497997,0.749544978,0.748444021,0.746900022,0.744736016,0.742295027,0.739045978,0.734881997,0.730158985,0.725060999,0.719878018,0.714532018,0.709399998,0.704114974,0.699235976,0.694490016,0.690135002,0.68609798,0.682240009
WheatWholePerten0123,Perten_DA7200,wheat,Canadian Hard R,Canada,2002,13.60000038,15.47999954,0.189417005,0.193443,0.199129,0.205610007,0.212389007,0.219093993,0.225061998,0.229197994,0.231482998,0.232275993,0.231904,0.230902001,0.229396999,0.227235004,0.224677995,0.221621007,0.218370006,0.214980006,0.211696997,0.208682999,0.205626994,0.202474996,0.199322999,0.196321994,0.193569005,0.191153005,0.189077005,0.187289,0.185910001,0.185008004,0.184518993,0.184446007,0.184752002,0.185602993,0.187493995,0.191531003,0.199185997,0.211526007,0.227711007,0.246249005,0.265973002,0.285483003,0.303656995,0.319651991,0.333427995,0.345735997,0.357405007,0.368120015,0.376681,0.382095009,0.384420008,0.383850008,0.380172014,0.373513013,0.364861995,0.355778009,0.347456008,0.340406001,0.334679991,0.330229014,0.326965988,0.324649006,0.322901011,0.321574003,0.320293009,0.318861008,0.316935986,0.314821005,0.313068003,0.312153995,0.312409014,0.313950986,0.317142993,0.322466999,0.32959199,0.338591009,0.350109011,0.363267988,0.377613992,0.39250499,0.407474995,0.421947986,0.435425997,0.447320014,0.458095014,0.468879998,0.481155008,0.496910989,0.517665982,0.542478025,0.569586992,0.59781599,0.625465989,0.650273979,0.671476007,0.688645005,0.701878011,0.711570978,0.718451977,0.72310698,0.726239979,0.728237987,0.729620993,0.730394006,0.730279982,0.729557991,0.72813499,0.726387978,0.724164009,0.721956015,0.719446003,0.716669977,0.713877976,0.711095989,0.708455026,0.705964029,0.703832984,0.70185101,0.700330973,0.698951006,0.697722018,0.696426988,0.694984019,0.693974018,0.692838013,0.691246986,0.689204991,0.686776996,0.683916986,0.68007499,0.675949991,0.671607971,0.667034984,0.662401021,0.657895029,0.65337199,0.648880005,0.644869983,0.640886009,0.637215972,0.633975983
WheatWholePerten0124,Perten_DA7200,wheat,Canadian Hard R,Canada,2002,13.30000019,17.37999916,0.209759995,0.213205993,0.218230993,0.224118993,0.230458006,0.236736,0.242289007,0.246188998,0.248273,0.248953,0.248536006,0.247475997,0.245961994,0.243854001,0.241233006,0.238130003,0.234797001,0.231371,0.227981001,0.224803999,0.221566007,0.218225002,0.214888006,0.211668,0.208706006,0.206130996,0.203792006,0.201905996,0.200307995,0.199183002,0.198546007,0.198253006,0.198385,0.199073002,0.200868994,0.204802007,0.212475002,0.224827007,0.241006002,0.259440005,0.278990001,0.298451006,0.316819012,0.33317101,0.347357988,0.360040993,0.371946007,0.382842004,0.391407996,0.396614999,0.398681998,0.397758991,0.393700004,0.386788994,0.377806991,0.368461996,0.359822005,0.352513999,0.346583009,0.341931999,0.338465989,0.335987985,0.334165007,0.332780004,0.331557989,0.330072999,0.328043997,0.325774014,0.323857993,0.322782993,0.322910011,0.32435599,0.327470988,0.332751989,0.339857996,0.348834008,0.360457003,0.373800993,0.388433009,0.403708011,0.419050992,0.433941007,0.447788,0.459937006,0.470898986,0.481911004,0.494307011,0.510191977,0.530999005,0.555823028,0.582897008,0.611093998,0.638527989,0.663165987,0.684252024,0.70115298,0.714237988,0.723830998,0.730594993,0.735139012,0.738265991,0.74030602,0.741630971,0.742447972,0.742439985,0.741823018,0.740532994,0.738913,0.736908972,0.734893024,0.73248899,0.729875982,0.727361023,0.724761009,0.722305,0.719784975,0.717652977,0.715727985,0.714201987,0.712890983,0.711714029,0.710479021,0.709083974,0.707988977,0.706816971,0.705330014,0.703399003,0.700989008,0.698230982,0.694483995,0.690429986,0.686155975,0.681644023,0.677109003,0.672679007,0.668290019,0.664008021,0.660044015,0.656337023,0.652652025,0.649595022
WheatWholePerten0125,Perten_DA7200,wheat,Canadian Hard R,Canada,2002,13.10000038,16.62000084,0.203804001,0.207043007,0.211860001,0.217492998,0.223605007,0.22969,0.235091999,0.238793001,0.240816996,0.241417006,0.241006002,0.239923999,0.238433003,0.236381993,0.233839005,0.230921,0.227718994,0.224475995,0.221254006,0.218217999,0.215188995,0.212090999,0.208952993,0.205952004,0.203227997,0.200783998,0.198627994,0.196805999,0.195304006,0.194247007,0.193583995,0.193349004,0.193472996,0.194161996,0.195818007,0.199500993,0.206681997,0.218321994,0.233610004,0.251087993,0.269731998,0.28828001,0.305721998,0.321197987,0.334641993,0.346679002,0.358065009,0.36855799,0.376899004,0.382052988,0.384166002,0.383446991,0.379761994,0.373234004,0.36461699,0.355657011,0.347407013,0.340442002,0.334751993,0.330318987,0.327098995,0.324726999,0.322984994,0.321680009,0.320434004,0.319016993,0.317113012,0.314951986,0.31309399,0.312045991,0.312112987,0.313446999,0.316341013,0.321323007,0.328045994,0.336584002,0.347561002,0.360258013,0.374159008,0.388738006,0.403445005,0.417704999,0.431019992,0.442692995,0.453175992,0.463647991,0.475513995,0.490577012,0.510447979,0.534298003,0.560525,0.588068008,0.615428984,0.640165985,0.661395013,0.678673029,0.692056,0.702048004,0.709019005,0.713714004,0.716921985,0.719057977,0.720466971,0.72123301,0.721246004,0.720574021,0.71925199,0.717402995,0.715415001,0.713265002,0.710789025,0.708051026,0.705469012,0.702764988,0.700169027,0.697633028,0.695442975,0.693579018,0.691995025,0.690684021,0.689469993,0.688170016,0.686761975,0.685759008,0.684632003,0.683058977,0.681019008,0.678654015,0.675670981,0.671747029,0.667612016,0.66325599,0.658697009,0.654071987,0.649667978,0.645159006,0.640661001,0.636586011,0.632779002,0.629123986,0.625864029
WheatWholePerten0126,Perten_DA7200,wheat,Canadian Hard R,Canada,2002,14.10000038,15.90999985,0.220127001,0.224017993,0.229510993,0.235704005,0.242338002,0.248833999,0.254534006,0.258495003,0.260623008,0.261375994,0.260969013,0.259819001,0.25819701,0.25602901,0.253289998,0.250158995,0.246839002,0.243404001,0.240073994,0.236928001,0.233695999,0.230495006,0.227248997,0.224142,0.221290007,0.218815997,0.216666997,0.214843005,0.213387996,0.212430999,0.211884007,0.211732,0.211980999,0.21277,0.214601994,0.218538001,0.226123005,0.238404006,0.254700989,0.273384988,0.29341501,0.31327799,0.331829011,0.348226994,0.362361997,0.374980003,0.386830986,0.397816986,0.406545013,0.411951989,0.414267004,0.413599998,0.409761012,0.402911991,0.393967986,0.384609997,0.376040012,0.36878401,0.362881005,0.358332008,0.354972988,0.352517992,0.350686997,0.34928599,0.347966999,0.346480012,0.344543994,0.342390001,0.340573996,0.339682013,0.340085,0.341744006,0.345039994,0.350533009,0.357946992,0.367204011,0.379005015,0.392556012,0.407310993,0.422648996,0.43798101,0.452870995,0.466740996,0.478965014,0.489935994,0.501039982,0.513824999,0.530146003,0.551393986,0.576896012,0.604470015,0.632818997,0.660362005,0.684782982,0.705476999,0.722011983,0.734749019,0.744334996,0.751033008,0.755463004,0.758566022,0.760559976,0.761880994,0.762637973,0.762661994,0.761964023,0.760586977,0.758873999,0.756681979,0.754535973,0.752097011,0.749377012,0.746708989,0.744186997,0.741532028,0.739015997,0.737056017,0.735159993,0.733587027,0.732151985,0.730840027,0.729671001,0.728299975,0.727236986,0.725970984,0.724605978,0.722692013,0.720318019,0.717492998,0.713873982,0.70986402,0.705648005,0.701263011,0.696856976,0.692489028,0.688134015,0.683830023,0.679889977,0.675972998,0.672513008,0.669283986
WheatWholePerten0127,Perten_DA7200,wheat,Canadian Hard R,Canada,2002,13.69999981,14.31000042,0.202954993,0.206539005,0.211723998,0.217715994,0.224076003,0.230263993,0.235714003,0.239556,0.241632,0.242310002,0.241926998,0.240738004,0.239084005,0.236974001,0.234375998,0.231353998,0.228172004,0.224846005,0.221672997,0.218702003,0.215693995,0.212621003,0.209509999,0.206621006,0.203942001,0.201517001,0.199439004,0.197762996,0.196337,0.195308,0.194719002,0.194519997,0.194683999,0.195373997,0.197019994,0.200662002,0.207695007,0.219200999,0.234516993,0.252214998,0.271227002,0.290064007,0.307604015,0.323036999,0.336293995,0.348136008,0.35938099,0.369821996,0.378208011,0.38350901,0.385886997,0.385430992,0.381989986,0.375606,0.367229998,0.35838601,0.350228995,0.343329012,0.337707013,0.333375007,0.330220014,0.327897012,0.326180995,0.324800998,0.323473007,0.32199201,0.320075005,0.317975014,0.316229999,0.315306991,0.315555006,0.317048997,0.320095003,0.325195998,0.332130015,0.340837985,0.351971,0.364757001,0.378634989,0.393070012,0.407597989,0.421599001,0.434704006,0.446162999,0.456494987,0.466872007,0.478693008,0.493802011,0.513495982,0.537243009,0.563148022,0.590038002,0.616505027,0.640179992,0.66058898,0.677196026,0.690019012,0.699675977,0.706376016,0.710928023,0.713962019,0.71596098,0.717387974,0.718091011,0.718065977,0.717459977,0.715927005,0.714164019,0.711970985,0.709713996,0.707220018,0.704550028,0.701774001,0.699186027,0.696668983,0.694187999,0.692089021,0.690132022,0.688531995,0.687161028,0.685934007,0.684795022,0.683516979,0.682446003,0.681171,0.679719985,0.677910984,0.675585985,0.672694027,0.669223011,0.665194988,0.660965025,0.656611979,0.652188003,0.647827029,0.643311977,0.639127016,0.635369003,0.631605029,0.628067017,0.625021994
WheatWholePerten0128,Perten_DA7200,wheat,Canadian Hard R,Canada,2002,12.30000019,14.84000015,0.185347006,0.188599005,0.193388,0.19901,0.205202997,0.211445004,0.216942996,0.220827997,0.223048002,0.223736003,0.223469004,0.222430006,0.220971003,0.218967006,0.216538996,0.213701993,0.210749999,0.207632005,0.204602003,0.201756999,0.198915005,0.196050003,0.193094,0.190250993,0.187647998,0.185323,0.183332995,0.181614995,0.180157006,0.179132998,0.178479999,0.178233996,0.178325996,0.178928003,0.180500999,0.183905006,0.190569997,0.201486006,0.215945005,0.232532993,0.250418991,0.268348008,0.285216987,0.300208002,0.313169986,0.324873,0.336017013,0.346336007,0.354656994,0.359948009,0.362394005,0.361988008,0.358619988,0.352483988,0.344345987,0.335725993,0.327733994,0.321013004,0.315501988,0.311208993,0.308122009,0.305893987,0.30420801,0.302928001,0.301600993,0.300123006,0.298164994,0.295951992,0.29402101,0.292917013,0.292874008,0.294003993,0.296613991,0.301250011,0.307617009,0.315654993,0.326121002,0.338283002,0.351612002,0.365693003,0.379963994,0.393895,0.406924993,0.418273002,0.42830801,0.438241988,0.449389011,0.463548005,0.482248992,0.505093992,0.530628979,0.557986975,0.585555017,0.611039996,0.633436978,0.651929975,0.666510999,0.677272022,0.684940994,0.690198004,0.693615019,0.695991993,0.697529018,0.698445022,0.698625028,0.698005021,0.696551979,0.694748998,0.692520976,0.690232992,0.687600017,0.684803009,0.681901991,0.679018021,0.676365972,0.673793018,0.671562016,0.669556975,0.667967022,0.666723013,0.665455997,0.664313018,0.663016021,0.661885977,0.660740972,0.659247994,0.65715301,0.654694021,0.651657999,0.647791028,0.643437982,0.638743997,0.633907974,0.629171014,0.62439698,0.619647026,0.615127981,0.61094898,0.606917024,0.603233993,0.599784017
WheatWholePerten0129,Perten_DA7200,wheat,Canadian Hard R,Canada,2002,13.60000038,14.21000004,0.200045005,0.203591004,0.208618999,0.214416996,0.220622003,0.226703003,0.232059002,0.235806003,0.237865001,0.238471001,0.23804,0.236904994,0.235238001,0.233052,0.230478004,0.227468997,0.224322006,0.221116006,0.217942998,0.214938,0.211998999,0.209016994,0.205938995,0.203047007,0.200429007,0.198066995,0.195997,0.194241002,0.192797005,0.191802993,0.191186994,0.190926001,0.191069007,0.191744,0.19337,0.196899995,0.203835994,0.215078995,0.230058,0.247363001,0.26590699,0.284292013,0.301380992,0.316404015,0.329259992,0.340750992,0.351662993,0.361741006,0.369908989,0.375108987,0.37745899,0.377067,0.373712987,0.367556006,0.359450996,0.350843996,0.342916012,0.336189985,0.330697,0.326476008,0.323377013,0.321098,0.319364011,0.318022996,0.316691011,0.315198004,0.313297987,0.311250001,0.309475988,0.308557987,0.308761001,0.310203999,0.313102007,0.318040997,0.324766994,0.333182007,0.343980014,0.356371999,0.369856,0.383879006,0.397955,0.411630005,0.424351007,0.435496986,0.445454001,0.455385,0.466735989,0.481231988,0.500265002,0.523208976,0.548388004,0.574549019,0.600412011,0.623750985,0.643963993,0.660308003,0.673075974,0.682624996,0.689348996,0.69383502,0.696950972,0.698880971,0.700092018,0.700878978,0.700873971,0.700007021,0.698512018,0.696726024,0.694501996,0.692143977,0.689606011,0.686968029,0.684028029,0.681362987,0.678771019,0.676167011,0.673960984,0.672106028,0.670535982,0.669197023,0.667940021,0.666722,0.665367007,0.664255977,0.662985981,0.661584973,0.659704983,0.657373011,0.654515028,0.650981009,0.646893024,0.642691016,0.638411999,0.634054005,0.629584014,0.62519002,0.621016026,0.617183983,0.613368988,0.610032022,0.606922984
WheatWholePerten0130,Perten_DA7200,wheat,Canadian Hard R,Canada,2002,13.19999981,17.64999962,0.202433005,0.205820993,0.210750997,0.216414005,0.222646996,0.228810996,0.234247997,0.238025993,0.240055993,0.240725994,0.240376994,0.239311993,0.237780005,0.235751003,0.233260006,0.230287999,0.227065995,0.223686993,0.220407993,0.217277005,0.214171007,0.210948005,0.207679004,0.204601005,0.201738998,0.199193001,0.196991995,0.195133001,0.193581998,0.192519993,0.191872001,0.191605002,0.191777006,0.192472994,0.194211006,0.198041007,0.205514997,0.217562005,0.233330995,0.251217991,0.270307005,0.289303005,0.307231993,0.323282987,0.337148994,0.349597007,0.361306995,0.371969998,0.380466998,0.385558009,0.387567997,0.386758,0.382878989,0.37608099,0.367327988,0.358186007,0.349763006,0.342655987,0.336856991,0.332329005,0.328987002,0.326608002,0.324858993,0.323579997,0.322311997,0.320897996,0.319022,0.316846997,0.314945012,0.313874006,0.313977003,0.315467,0.318455994,0.323534012,0.330471993,0.339255989,0.350526005,0.363548994,0.377846986,0.392823011,0.407851011,0.422526002,0.436194003,0.448181987,0.458968014,0.469716013,0.48190701,0.497489005,0.517822981,0.542294025,0.569091022,0.597037017,0.624437988,0.64912802,0.670405984,0.687533021,0.700755,0.710520983,0.717369974,0.722069979,0.725255013,0.727379024,0.728941023,0.729704976,0.729798019,0.729232013,0.728003979,0.726345003,0.724440992,0.722461999,0.720076978,0.717519999,0.715070009,0.712475002,0.709915996,0.707589984,0.705604017,0.703710973,0.702233017,0.700899005,0.699588001,0.698454976,0.697230995,0.696169019,0.695061982,0.693473995,0.691558003,0.689211011,0.686267018,0.68274802,0.678793013,0.674426019,0.669924974,0.665467024,0.66101402,0.656482995,0.65217799,0.648380995,0.64468199,0.641017973,0.637651026
WheatWholePerten0131,Perten_DA7200,wheat,Canadian Hard R,Canada,2002,13.5,16.94000053,0.199615002,0.203621998,0.209196001,0.215487003,0.222267002,0.228943005,0.234807,0.238881007,0.241309002,0.241999999,0.241664007,0.240656003,0.239108995,0.237018004,0.234449998,0.231401995,0.228038997,0.224637002,0.221331,0.218103007,0.214936003,0.211710006,0.208417997,0.205256999,0.202426001,0.199873,0.197672993,0.195876002,0.194431007,0.193406999,0.192886993,0.192772999,0.192990005,0.193866998,0.195869997,0.199920997,0.207727999,0.220289007,0.236723006,0.255452991,0.275422007,0.295201004,0.313708991,0.330157995,0.34434101,0.356929988,0.368891001,0.379835993,0.388431996,0.393736988,0.395942003,0.395146012,0.39132601,0.384537995,0.375620008,0.366338998,0.357829988,0.350623995,0.344761998,0.340218008,0.336851001,0.334378004,0.332603008,0.331317008,0.330000997,0.328604013,0.326716006,0.324517995,0.322715014,0.321756989,0.321970999,0.323534995,0.326783001,0.332145006,0.339396,0.34849301,0.360101014,0.373486012,0.388154,0.403403997,0.418657988,0.433602989,0.447486997,0.459610999,0.470578015,0.481568992,0.494049996,0.510083973,0.531072974,0.556237996,0.583765984,0.612459004,0.640401006,0.665426016,0.687071025,0.704554021,0.71785599,0.727800012,0.734749019,0.739476979,0.742763996,0.744810998,0.746173024,0.747065008,0.746972978,0.746146023,0.744831026,0.743115008,0.740691006,0.738560975,0.736258984,0.733235002,0.73052001,0.727819026,0.725108028,0.722557008,0.720506012,0.718385994,0.716808975,0.715568006,0.714074016,0.712800026,0.711513996,0.710295022,0.709020972,0.707593024,0.705498993,0.703045011,0.700138986,0.69631201,0.692187011,0.687825024,0.683300018,0.678444028,0.674028993,0.669468999,0.664983988,0.661251009,0.657140017,0.653357029,0.650219977
WheatWholePerten0132,Perten_DA7300,wheat,Wheat,Sweden,2008,13.48999977,11.55000019,0.315252006,0.317703009,0.321906,0.327280998,0.333332002,0.339473009,0.344866008,0.348803014,0.350973994,0.351489008,0.350993007,0.349669993,0.347947002,0.345672011,0.342965007,0.340003014,0.336858988,0.333642006,0.330469996,0.327324003,0.32447201,0.321747005,0.319068998,0.31634599,0.31368801,0.311340988,0.309147,0.307244003,0.305691004,0.304524988,0.303685993,0.303191006,0.303149998,0.303512007,0.304742992,0.307734013,0.313811988,0.324198008,0.338683009,0.355827004,0.374695987,0.393534005,0.411015987,0.426171005,0.438905001,0.450500011,0.46163401,0.472137004,0.48079899,0.486799002,0.489565015,0.489199996,0.485864013,0.479395002,0.470497012,0.461006999,0.45213601,0.444445998,0.437929004,0.433037013,0.429354012,0.426476002,0.424392998,0.422513008,0.420659006,0.418534011,0.416007996,0.413298011,0.411071003,0.409676999,0.40940401,0.41039899,0.413031995,0.41743201,0.424005985,0.432673991,0.443607986,0.456252009,0.470191002,0.484616995,0.499092013,0.513320983,0.526552022,0.538245976,0.548708022,0.559001029,0.571022987,0.586606979,0.607151985,0.631935,0.659990013,0.689499021,0.718818009,0.745642006,0.768615007,0.787298977,0.801738024,0.812110007,0.819311023,0.824513018,0.827713013,0.829976022,0.831422985,0.832077026,0.832073987,0.831023991,0.829532981,0.827215016,0.82457298,0.821821988,0.819088996,0.815961003,0.812889993,0.809683979,0.806834996,0.804157019,0.802033007,0.800202012,0.79865402,0.797586024,0.796500981,0.795421004,0.794436991,0.793736994,0.792732,0.791025996,0.789312005,0.786719024,0.784053028,0.780449987,0.776278019,0.771726012,0.766973019,0.762010992,0.757378995,0.752743006,0.747839987,0.743584991,0.739713013,0.735875011,0.732407987
WheatWholePerten0133,Perten_DA7300,wheat,Wheat,Sweden,2008,14.71000004,9.899998665,0.315245003,0.319546014,0.325437993,0.332055003,0.339015007,0.345817,0.351588011,0.355495989,0.357733011,0.358455002,0.358054996,0.356602013,0.354669005,0.352398008,0.349736005,0.346576005,0.343371987,0.340106994,0.336971015,0.333819985,0.330765009,0.328029007,0.325412989,0.322858006,0.320268005,0.317990989,0.315955997,0.31428799,0.312812001,0.31172201,0.311194003,0.310795009,0.310694993,0.311167985,0.312462002,0.315692008,0.322174013,0.333211005,0.348562002,0.366641998,0.386343002,0.405797005,0.423411995,0.438302994,0.450711995,0.461654007,0.472420007,0.48249501,0.491021991,0.496991009,0.499899,0.499700993,0.496522993,0.49001199,0.481137991,0.471718013,0.462990999,0.455437005,0.449247986,0.444415003,0.440726012,0.438042015,0.435660005,0.433789015,0.432126999,0.430040985,0.42771101,0.425352007,0.423321009,0.422086,0.422134996,0.423503012,0.426465988,0.431412995,0.438448012,0.447340995,0.458523005,0.471451998,0.485345006,0.499709994,0.513943017,0.527662993,0.540602982,0.552163005,0.562849999,0.57367599,0.586160004,0.602824986,0.625012994,0.651677012,0.681429982,0.71311599,0.74455899,0.773208976,0.797855973,0.818015993,0.833814025,0.845439017,0.853748977,0.859248996,0.862908006,0.865463018,0.866953015,0.867699981,0.867241979,0.865997016,0.86362797,0.860629976,0.857366025,0.853895009,0.850063026,0.846210003,0.842212021,0.838451982,0.834951997,0.831632018,0.829092979,0.826717973,0.824921012,0.823451996,0.821924985,0.820559025,0.819396973,0.817987979,0.816437006,0.814597011,0.812277973,0.809390008,0.80608201,0.801883996,0.797095001,0.791836977,0.786567986,0.781325996,0.776144981,0.771112025,0.766057015,0.76117897,0.756754994,0.752902985,0.749306023
WheatWholePerten0134,Perten_DA7200,wheat,Wheat,US,2011,7.900000095,10.82999992,0.145400003,0.1473075,0.151003793,0.156399995,0.163348496,0.170663595,0.176958904,0.181145594,0.183306396,0.1840242,0.183765099,0.182787493,0.181226805,0.1792216,0.176812604,0.174082995,0.171184495,0.1682439,0.165364295,0.162662193,0.160030097,0.157399103,0.154672504,0.151840702,0.149147496,0.146657705,0.144427002,0.142285496,0.140351296,0.1387759,0.137567893,0.136649698,0.136043206,0.1360237,0.136969805,0.139662504,0.145294398,0.154739797,0.167317003,0.181940198,0.197845995,0.214090094,0.229843095,0.244146705,0.256665289,0.268311501,0.279811114,0.290792912,0.300049603,0.30637759,0.309827507,0.310450107,0.30803591,0.302456111,0.29440251,0.285512298,0.277011603,0.269538611,0.26342231,0.258689404,0.255196393,0.252673388,0.250712603,0.2490751,0.247316703,0.245169893,0.242504105,0.239435896,0.236538202,0.234238803,0.232913196,0.2327324,0.233842,0.2365942,0.241211206,0.247800499,0.256574094,0.267469287,0.280140609,0.294080108,0.308671713,0.323082596,0.336243093,0.347341687,0.356831789,0.365220994,0.374017686,0.385095596,0.399877012,0.418237686,0.440277308,0.466078907,0.494345188,0.522973716,0.549645722,0.572626829,0.590919614,0.60426718,0.613341928,0.619364679,0.623181284,0.625608921,0.627059519,0.627635419,0.627405107,0.626437783,0.624741674,0.622608483,0.620304823,0.617489994,0.614478827,0.611316383,0.607988715,0.604565382,0.601413727,0.59861362,0.596143484,0.594232976,0.592754781,0.591623485,0.590600014,0.589743018,0.588767707,0.587894976,0.586725116,0.585086584,0.582883298,0.580111325,0.576570272,0.572303712,0.567335129,0.561946273,0.55631417,0.550694585,0.545205414,0.539955199,0.534691572,0.529728413,0.525123715,0.520966113,0.517344475
WheatWholePerten0135,Perten_DA7200,wheat,Wheat,US,2011,11.10000038,10.52999973,0.157710999,0.161756396,0.1677901,0.175206006,0.183519602,0.192061007,0.199487001,0.204739094,0.2077232,0.208919004,0.208842695,0.207943395,0.206302896,0.204034194,0.201314896,0.198191702,0.194877401,0.191539496,0.188253105,0.185059801,0.1820039,0.179000393,0.175928697,0.172818407,0.1699045,0.167201296,0.164895803,0.162899897,0.161166996,0.159815997,0.158868998,0.158352807,0.158195302,0.158590794,0.160035893,0.163496107,0.170479298,0.182227105,0.197999403,0.216482595,0.236643806,0.257001013,0.276213795,0.293267489,0.30804649,0.321555793,0.334665895,0.347098708,0.357505292,0.36460039,0.368183494,0.368272513,0.364859104,0.357963711,0.34843269,0.338230103,0.328735501,0.320517808,0.313882411,0.308806807,0.305084795,0.302394003,0.300312609,0.298541099,0.296713203,0.294584006,0.291944414,0.28901571,0.286438704,0.284572512,0.283964813,0.28473109,0.2872293,0.291712612,0.298360795,0.307350308,0.318889588,0.332676709,0.348007113,0.364233404,0.380916894,0.397417396,0.412748188,0.426031411,0.437705815,0.448751986,0.461090714,0.476858795,0.498099715,0.524521411,0.555383802,0.589823127,0.625613272,0.659845114,0.690369129,0.715808809,0.735791683,0.750474989,0.760503113,0.767148078,0.771502197,0.774403274,0.776138306,0.777065814,0.776749015,0.77549541,0.773494303,0.7708233,0.767786682,0.76432389,0.760598421,0.756779492,0.752911687,0.748880088,0.745299399,0.741927922,0.738885582,0.736365974,0.734399021,0.732857823,0.731409907,0.730042219,0.728509009,0.727116108,0.725594878,0.723463714,0.720830917,0.717280328,0.713038683,0.707995296,0.702311516,0.696060419,0.689490676,0.682977974,0.676474273,0.670147479,0.663850009,0.657719076,0.652320087,0.647328913,0.642898083
WheatWholePerten0136,Perten_DA7200,wheat,Wheat,UK,2011,17.12999916,14,0.295857012,0.301037997,0.307819009,0.315225005,0.322849989,0.330125004,0.336174995,0.340330005,0.342384994,0.342541009,0.341320008,0.339203,0.336369008,0.333038986,0.329025,0.324579001,0.319916993,0.315169007,0.31053099,0.306093007,0.301892996,0.297796011,0.293742001,0.289810985,0.286199004,0.283055008,0.280384988,0.278263986,0.276627004,0.275595009,0.275148004,0.275164008,0.275570989,0.276625007,0.278910995,0.283876002,0.293498993,0.309159994,0.330352008,0.355049014,0.381249011,0.406378001,0.428912014,0.448166013,0.464457005,0.478956014,0.492502987,0.505029976,0.515152991,0.521775007,0.524559975,0.523609996,0.519123018,0.511038005,0.500526011,0.48961699,0.479573995,0.471031994,0.464156985,0.458811998,0.454739004,0.451696008,0.44937101,0.447609007,0.44599399,0.444155991,0.442065001,0.439943999,0.438600987,0.438277006,0.439521998,0.442618996,0.447759002,0.45540899,0.465629995,0.478368998,0.493681014,0.510957003,0.529277027,0.547731996,0.565687001,0.583144009,0.599249005,0.613555014,0.626963973,0.640944004,0.657871008,0.679627001,0.70717901,0.739113987,0.772442997,0.804641008,0.833463013,0.857582986,0.876875997,0.891533017,0.902693987,0.910637975,0.916221023,0.919901013,0.922632992,0.924221993,0.925098002,0.925936997,0.925741017,0.924606979,0.92297399,0.920964003,0.918657005,0.916266978,0.913461983,0.910942972,0.908223987,0.905258,0.90259999,0.900557995,0.898693979,0.896192014,0.894369006,0.892829001,0.891402006,0.890169978,0.88864398,0.887416005,0.886013985,0.884504974,0.882676005,0.880474985,0.877638996,0.874503017,0.870958984,0.866927981,0.862896979,0.85868901,0.85452503,0.850217998,0.846167982,0.842121005,0.838418007,0.835102022,0.831704974
WheatWholePerten0137,Perten_DA7200,wheat,Wheat,UK,2011,12.55000019,15.06999969,0.285441011,0.288700998,0.293725997,0.299962014,0.307146996,0.314238995,0.320380986,0.324593008,0.326754004,0.327394992,0.326718986,0.325141996,0.32316199,0.320591986,0.317467988,0.313888997,0.309976012,0.306084991,0.30221501,0.298390001,0.29480499,0.291278988,0.287683994,0.284218997,0.280847013,0.277745992,0.275133014,0.272888005,0.270994991,0.269679993,0.268815011,0.268368989,0.268308014,0.268804014,0.270539999,0.274646014,0.282685012,0.295960993,0.313722998,0.334307998,0.356445015,0.378414989,0.398984999,0.417284012,0.433045,0.447257996,0.46063301,0.473044992,0.483016998,0.48941201,0.492181003,0.491466999,0.487313002,0.479701996,0.469758987,0.459277988,0.449461013,0.441085011,0.434323996,0.429030001,0.424984008,0.422049999,0.41987899,0.418190986,0.416599989,0.414667994,0.412207007,0.409512997,0.407310993,0.405887991,0.405831009,0.407519013,0.410973996,0.41672799,0.424789995,0.435321987,0.448433995,0.463717014,0.480574012,0.498153001,0.51580298,0.533158004,0.549094975,0.562857986,0.575281978,0.587366998,0.601307988,0.618840993,0.641372025,0.668326974,0.697727978,0.727919996,0.756681025,0.781973004,0.802902997,0.819492996,0.832067013,0.841320992,0.847723007,0.851822972,0.854839027,0.856734991,0.858178973,0.859338999,0.859431028,0.858772993,0.857841015,0.856395006,0.854790986,0.853003025,0.851029992,0.849039018,0.846518993,0.844430983,0.842189014,0.840029001,0.838192999,0.836525977,0.835386992,0.834417999,0.833389998,0.832584024,0.831694007,0.830762029,0.830030024,0.828769982,0.827229023,0.825199008,0.822583973,0.819611013,0.816196024,0.811931014,0.807918012,0.803972006,0.799790025,0.795759976,0.791598022,0.787530005,0.78392899,0.780568004,0.777436018
WheatWholePerten0138,Perten_DA7200,wheat,Wheat,UK,2011,13.90999985,10.35000038,0.178764001,0.182127997,0.186947003,0.192754999,0.199082002,0.205434993,0.210809007,0.214408994,0.216266006,0.216670007,0.215881005,0.214416996,0.212374002,0.209729001,0.206846997,0.203679994,0.200225994,0.196808994,0.193439007,0.190169007,0.187114,0.184221,0.181242004,0.178349003,0.175539002,0.173079997,0.170926005,0.169070005,0.167495996,0.166427001,0.165727004,0.165352002,0.165291995,0.165775999,0.167197004,0.170516998,0.177065998,0.188023001,0.202943996,0.220532,0.239478007,0.258055002,0.275002986,0.289741993,0.302392006,0.313944995,0.324959993,0.335359007,0.344080001,0.350066006,0.352932006,0.352728993,0.349494994,0.343232006,0.334924012,0.326189995,0.318078011,0.311197996,0.30576101,0.301589012,0.298509002,0.296223015,0.294458002,0.293002009,0.29164201,0.289941013,0.287941992,0.285919994,0.284281999,0.283380002,0.283589006,0.285126001,0.288219005,0.293181986,0.300105989,0.309087992,0.320199996,0.333095014,0.347153992,0.361759991,0.376457989,0.391000986,0.404561997,0.416428,0.427359998,0.438327014,0.451267004,0.46785301,0.489966005,0.517485023,0.549166024,0.583616972,0.618876994,0.652365029,0.682343006,0.707798004,0.728259981,0.743741989,0.754867017,0.762212992,0.767219007,0.770505011,0.772705019,0.773977995,0.773838997,0.772211015,0.769729972,0.766551018,0.762943029,0.758975983,0.754712999,0.750383019,0.745872974,0.741725981,0.737631023,0.733693004,0.730440021,0.72766602,0.725659013,0.723715007,0.72191298,0.72041899,0.718823016,0.717333019,0.71568799,0.713464975,0.710700989,0.707126975,0.702790022,0.697660029,0.691917002,0.685499013,0.678937972,0.672614992,0.666378975,0.660001993,0.653789997,0.647926986,0.642681003,0.637917996,0.633687019
WheatWholePerten0139,Perten_DA7200,wheat,Wheat,UK,2011,13.85000038,11.64000034,0.248270005,0.252618998,0.258855999,0.266333014,0.274392992,0.282359988,0.289121985,0.293839008,0.296393007,0.297066987,0.296321005,0.294663012,0.292259991,0.289362013,0.286009014,0.282160997,0.278072,0.273970008,0.269901991,0.266038001,0.262398988,0.258830994,0.255214989,0.251735002,0.248435006,0.245482996,0.242882997,0.240714997,0.238936007,0.237720996,0.236987993,0.236650005,0.236699,0.237397,0.239314005,0.243612006,0.252012998,0.26590699,0.284756005,0.306858987,0.330724001,0.354160994,0.375555009,0.394044012,0.409796,0.424084991,0.437703013,0.450533003,0.461095989,0.468304008,0.471763998,0.471466005,0.467501998,0.45985499,0.449553013,0.438757002,0.428674996,0.420094013,0.413269997,0.407967001,0.403961003,0.40109399,0.398876995,0.39704299,0.395316988,0.393256009,0.390794009,0.388251007,0.386260986,0.385138005,0.385425001,0.387472004,0.391386002,0.397722006,0.406405985,0.417667002,0.431618005,0.447645009,0.465076,0.483105004,0.501011014,0.518568993,0.53491199,0.549070001,0.561989009,0.57494098,0.590020001,0.609067023,0.633813024,0.663392007,0.696035028,0.729593992,0.761663973,0.79014498,0.813956022,0.832916021,0.847570002,0.858253002,0.865769029,0.870688975,0.873973012,0.876069009,0.877757013,0.878675997,0.878736973,0.877826989,0.876272976,0.874440014,0.872291982,0.869737029,0.867133021,0.864326,0.861319006,0.858509004,0.85572499,0.853069007,0.850925028,0.848868012,0.847688019,0.846325994,0.845149994,0.844205976,0.842971027,0.841935992,0.840847015,0.839277029,0.837450981,0.834963024,0.832118988,0.828408003,0.824236989,0.819489002,0.814643979,0.809877992,0.805019975,0.800193012,0.795437992,0.790759981,0.786444008,0.782491028,0.779017985
WheatWholePerten0140,Perten_DA7200,wheat,Wheat,UK,2011,13.18000031,12.77999973,0.241848007,0.245509997,0.251040012,0.257737994,0.265253007,0.272715002,0.279206991,0.283692986,0.286078006,0.286635995,0.285912991,0.284368992,0.282153994,0.279502988,0.276205003,0.272509009,0.268548995,0.264521003,0.260509998,0.25671801,0.253129989,0.249531999,0.245923996,0.242382005,0.239025995,0.235960007,0.233248994,0.231004,0.229126006,0.227761,0.226877004,0.226427004,0.226368994,0.226967007,0.228726,0.232899994,0.241055995,0.254545987,0.272686005,0.29380101,0.316561997,0.339006007,0.359759986,0.378024995,0.39368099,0.407900006,0.421391994,0.434038997,0.444371998,0.451283991,0.454450995,0.453988999,0.44995299,0.442324996,0.432161003,0.421440005,0.411480993,0.40298,0.396210015,0.390913993,0.386896014,0.384039015,0.381870002,0.380116999,0.378455013,0.37639299,0.373885006,0.371302009,0.369098991,0.367821008,0.36786601,0.369538009,0.373118013,0.378991991,0.387201995,0.397926003,0.411211014,0.426690012,0.44362101,0.461288989,0.478947997,0.496342003,0.512392998,0.526308,0.538996995,0.551446021,0.565787017,0.583877981,0.607477009,0.635917008,0.667473018,0.700447977,0.732556999,0.76136601,0.785709024,0.805317998,0.820517004,0.831399024,0.839308024,0.844449997,0.847823978,0.850215018,0.851912975,0.853029013,0.853003025,0.85214603,0.850928009,0.849074006,0.846952975,0.844707012,0.842015028,0.839254022,0.836358011,0.833450019,0.830663979,0.827961028,0.825609028,0.823715985,0.822318971,0.820919991,0.819540024,0.818467975,0.81735599,0.816302002,0.815173984,0.81368202,0.811900973,0.809370995,0.806325018,0.802395999,0.798229992,0.793578029,0.78857398,0.78361702,0.778807998,0.773886025,0.769101024,0.764407992,0.759925008,0.756145001,0.752694011
WheatWholePerten0141,Perten_DA7200,wheat,Wheat,UK,2011,13.53999996,13.05000019,0.260704011,0.263931006,0.268873006,0.274967015,0.281812012,0.288778007,0.294575006,0.298577994,0.300698996,0.301111013,0.300233007,0.298536003,0.296321005,0.293509007,0.290102005,0.286341012,0.282391012,0.278284997,0.274295986,0.270484,0.266777992,0.263085991,0.259429008,0.255820006,0.252449989,0.249442995,0.246701002,0.244338006,0.242400006,0.240982994,0.240049005,0.239548996,0.239347994,0.239779994,0.241448999,0.245419994,0.253338009,0.266348004,0.283881992,0.30430001,0.326214999,0.347856998,0.367843986,0.385349989,0.400362998,0.413899005,0.426575005,0.438304007,0.447912991,0.454234004,0.456999004,0.456411988,0.452423006,0.445176005,0.435591012,0.425494999,0.416143,0.408048987,0.401558995,0.396521002,0.392670989,0.389820993,0.387706995,0.38597101,0.384265006,0.382200003,0.379770011,0.37718901,0.375122011,0.373874009,0.373874009,0.375514001,0.379020006,0.384683996,0.39259401,0.402925998,0.415666014,0.430418015,0.446570993,0.463229001,0.479842991,0.496133,0.511151016,0.524214029,0.535908997,0.547397018,0.56081897,0.577785015,0.599880993,0.626640022,0.655937016,0.686513007,0.716041982,0.742730022,0.76541698,0.78372103,0.798021019,0.808372021,0.81567198,0.82040298,0.823736012,0.825895011,0.827400982,0.828227997,0.828329027,0.827417016,0.825940013,0.823993981,0.821950972,0.819402993,0.816720009,0.814046979,0.811154008,0.80825299,0.805414021,0.803165972,0.801268995,0.798958004,0.797348976,0.795992017,0.794800997,0.793694019,0.792632997,0.791630983,0.79034102,0.788909972,0.787113011,0.784729004,0.781697989,0.778253019,0.774203003,0.769756973,0.764967024,0.76007998,0.75561899,0.751076996,0.746432006,0.742444992,0.738304019,0.734771013,0.73159498
WheatWholePerten0142,Perten_DA7200,wheat,Wheat,UK,2011,13.28999996,11.81999969,0.264376015,0.268040001,0.273544014,0.280306011,0.288035005,0.295839012,0.302475989,0.307119012,0.309691995,0.310449004,0.309684008,0.308007002,0.305808008,0.302991986,0.29952699,0.295717001,0.291608006,0.28746599,0.283477992,0.279606998,0.275902987,0.272208989,0.268566996,0.264934003,0.261599004,0.258560002,0.255831987,0.253509998,0.251520991,0.250068992,0.249136001,0.248604998,0.248410001,0.248907,0.250600994,0.254637003,0.262741,0.27619499,0.294523001,0.316064,0.339466006,0.362807989,0.384469003,0.403515995,0.419943988,0.434843004,0.449019015,0.462366998,0.473398,0.480908006,0.48438099,0.484100014,0.479930013,0.471917987,0.46123299,0.449928999,0.439446002,0.430449009,0.423319012,0.417766005,0.413603008,0.410530001,0.408221006,0.406304002,0.404361993,0.402033001,0.399309009,0.396458,0.394131988,0.392641991,0.392509013,0.394133002,0.397765011,0.403786004,0.412209988,0.42336601,0.437238008,0.453355998,0.471152991,0.48961401,0.508141995,0.526419997,0.543317974,0.558040977,0.571343005,0.584369004,0.599259019,0.618134022,0.642836988,0.672820985,0.706036985,0.740885973,0.774618983,0.805109978,0.830751002,0.851261973,0.867087007,0.878494024,0.886556983,0.891869009,0.895681024,0.898122013,0.899774015,0.900654018,0.900950015,0.900223017,0.89903301,0.897041977,0.895017982,0.892543018,0.88993597,0.887337029,0.884472013,0.88141799,0.878611982,0.876420975,0.87469399,0.872403979,0.870612979,0.869337022,0.86836803,0.867457986,0.866182029,0.865274012,0.864126027,0.862811983,0.861055017,0.858451009,0.855153024,0.851420999,0.847124994,0.842261016,0.837101996,0.831803978,0.826628983,0.821641028,0.816513002,0.811815023,0.807057023,0.803170025,0.79934901
WheatWholePerten0143,Perten_DA7200,wheat,Wheat,UK,2011,12.23999977,13.57999992,0.267569989,0.269850999,0.27373901,0.278685004,0.284765989,0.290899992,0.296018004,0.299571008,0.301382989,0.301667005,0.300808996,0.299223989,0.297298998,0.294768006,0.29173401,0.288307011,0.284678996,0.281024009,0.277485013,0.274004012,0.270677,0.267356992,0.264032006,0.260760009,0.257669985,0.254772991,0.252117991,0.249828994,0.247867003,0.246335998,0.245181993,0.244400993,0.243922994,0.244008005,0.245151997,0.248339996,0.254920989,0.265973002,0.281024993,0.298640013,0.31782499,0.336977989,0.355028004,0.371059001,0.384921998,0.397576004,0.409420013,0.420509994,0.429554999,0.435501009,0.438154995,0.437664986,0.433997005,0.42712599,0.418009996,0.408362001,0.399307996,0.391514987,0.385224998,0.38033101,0.37649399,0.373645008,0.37154299,0.369751006,0.36798501,0.365826994,0.363258988,0.360527009,0.358164012,0.356561989,0.356119007,0.357165009,0.359921008,0.364677012,0.371551007,0.38074401,0.392271996,0.405871987,0.420924008,0.436684996,0.452508003,0.468129009,0.482481003,0.494854987,0.505868018,0.516386986,0.528554022,0.543828011,0.563767016,0.588015974,0.615024984,0.643657982,0.671900988,0.697700977,0.719887972,0.737957001,0.75199002,0.762085021,0.769317985,0.773868024,0.777107,0.779273987,0.780776024,0.781503022,0.781634986,0.780924022,0.779569984,0.777948976,0.776215017,0.773837984,0.771501005,0.76897502,0.766318023,0.763677001,0.761065006,0.758940995,0.757238984,0.755243003,0.753906012,0.752789974,0.75169301,0.750751972,0.749861002,0.748975992,0.74792999,0.746609986,0.745150983,0.742968023,0.740105987,0.736802995,0.732926011,0.728552997,0.724061012,0.719487011,0.714950979,0.710557997,0.706233978,0.702198029,0.698203027,0.695089996,0.691833973
WheatWholePerten0144,Perten_DA7200,wheat,Wheat,UK,2011,15.40999985,11.13000011,0.221370995,0.225833997,0.232351005,0.239596993,0.247235,0.254597008,0.260785997,0.265087009,0.267466009,0.267962992,0.267138004,0.265435994,0.263015986,0.260017991,0.256592989,0.252703995,0.248613998,0.244417995,0.240415007,0.236543,0.232853994,0.229313001,0.225749001,0.222317994,0.219115004,0.216268003,0.213813007,0.211798996,0.210190997,0.209147006,0.208535999,0.208388001,0.208618,0.209424004,0.211368993,0.215724006,0.224126995,0.237898007,0.256538004,0.278326988,0.301602989,0.324166,0.344437003,0.361853004,0.37667799,0.390065014,0.402577013,0.414265007,0.42396,0.430559009,0.433562994,0.433102012,0.429316998,0.422203004,0.41276899,0.402929992,0.393831015,0.386058003,0.379869998,0.375140011,0.37154299,0.368943989,0.366923004,0.36520499,0.363676995,0.361824006,0.359721005,0.357618004,0.356043011,0.355378985,0.355984002,0.358280003,0.362410992,0.368773997,0.377384991,0.388339996,0.401686013,0.416889995,0.433266014,0.449847013,0.466230005,0.482322991,0.497159004,0.510334015,0.522459984,0.534736991,0.549399972,0.568107009,0.592418015,0.621632993,0.653716981,0.686648011,0.718060017,0.74632299,0.770233989,0.78964603,0.804758012,0.815955997,0.823993027,0.82941097,0.833006978,0.835514009,0.837098002,0.838069975,0.838023007,0.836827993,0.835251987,0.832952976,0.830244005,0.827162981,0.824006975,0.820824981,0.817425013,0.814037025,0.810854018,0.807989001,0.805482984,0.802980006,0.801037014,0.799431026,0.798115015,0.79677099,0.795244992,0.793893993,0.792461991,0.790768027,0.78866899,0.785950005,0.782642007,0.778623998,0.774154007,0.769331992,0.76403302,0.75909698,0.754072011,0.748816013,0.743901014,0.73920399,0.734872997,0.731027007,0.72714603
WheatWholePerten0145,Perten_DA7200,wheat,Wheat,UK,2011,13.28999996,12.44999981,0.209031001,0.212451994,0.217478007,0.223584995,0.230371997,0.237158001,0.242862001,0.246830002,0.249005005,0.249533996,0.248789996,0.247211993,0.245096996,0.242623001,0.239506006,0.236012995,0.232328996,0.228585005,0.224886,0.221345007,0.217969999,0.214600995,0.211241007,0.208004996,0.204933003,0.202178001,0.199732006,0.197657004,0.195961997,0.194757,0.194006994,0.193652004,0.193645001,0.194232002,0.195931003,0.199821994,0.207344994,0.219723001,0.23635,0.255674988,0.276450008,0.296853989,0.315447003,0.331658006,0.345476002,0.357944012,0.36974299,0.380852997,0.390000999,0.396155,0.399031997,0.398766995,0.395420015,0.388862014,0.380052,0.370817006,0.362172991,0.354829013,0.348948002,0.344424009,0.341046006,0.338625997,0.336771995,0.335229993,0.333790004,0.332017005,0.329881996,0.327688992,0.325939,0.324954003,0.325082988,0.326721996,0.330060005,0.335386008,0.342772007,0.352353007,0.364151001,0.377819002,0.39271,0.408039004,0.423409998,0.438540995,0.452565014,0.464751989,0.475874007,0.486831009,0.499651015,0.515793979,0.536993027,0.562886,0.591934979,0.622753978,0.653119981,0.68116802,0.70549202,0.725589991,0.741343975,0.753081024,0.761376023,0.767023027,0.770932972,0.773576975,0.77533102,0.776373029,0.776576996,0.775687993,0.774176002,0.77206099,0.769758999,0.767030001,0.764110982,0.761067987,0.757916987,0.754823029,0.751610994,0.748951972,0.746708989,0.744464994,0.742883027,0.741416991,0.740274012,0.739135981,0.737883985,0.736772001,0.735529006,0.734048009,0.732119024,0.729478002,0.726220012,0.722377002,0.718023002,0.713275015,0.708076,0.703164995,0.698203027,0.693202972,0.688444972,0.683883011,0.679618001,0.675832987,0.67237401
WheatWholePerten0146,Perten_DA7200,wheat,Wheat,UK,2011,14.25,11.44999981,0.205507994,0.208041996,0.211897999,0.216521993,0.221633002,0.226647005,0.230812997,0.233592004,0.234957993,0.234937996,0.233946994,0.232299998,0.230279997,0.227855995,0.224968001,0.221769005,0.218465,0.215145007,0.211807996,0.208638996,0.205656007,0.202694997,0.199777007,0.196934998,0.194250003,0.191859007,0.189695999,0.187889993,0.186418995,0.185352996,0.184687004,0.184274003,0.184186995,0.184603006,0.185909003,0.189033002,0.195188999,0.205372006,0.219338998,0.235677004,0.253268004,0.270496994,0.286024988,0.299360991,0.310575008,0.320661008,0.33020401,0.339170009,0.346603006,0.351646006,0.354005009,0.353765994,0.350917012,0.345402986,0.337963998,0.330172986,0.322901994,0.316653997,0.311733007,0.307877988,0.304942995,0.302792013,0.30111599,0.299717993,0.298413009,0.296828002,0.295026004,0.293242008,0.291824997,0.291094005,0.291337013,0.292894006,0.295908004,0.300610006,0.307071,0.315396011,0.325594008,0.337242007,0.349842012,0.362648994,0.375393987,0.387888998,0.399444014,0.409503013,0.418646991,0.427888006,0.438946992,0.452971011,0.471282005,0.493499011,0.518190026,0.544112027,0.569405019,0.592702985,0.612793982,0.629436016,0.642673016,0.652504027,0.65950799,0.664191008,0.667397976,0.669487,0.670886993,0.671674013,0.671618998,0.670553982,0.668837011,0.666670024,0.664242029,0.661490977,0.658590972,0.655583978,0.652536988,0.649480999,0.646499991,0.643931985,0.641768992,0.639554024,0.637962997,0.636541009,0.635343015,0.63418299,0.632883012,0.63161999,0.630360007,0.628904998,0.627110004,0.624642015,0.621780992,0.618353009,0.614364028,0.610208988,0.605753005,0.601445973,0.597123981,0.592664003,0.588611007,0.584774017,0.581071973,0.577875972,0.574832022
WheatWholePerten0147,Perten_DA7200,wheat,Wheat,UK,2011,14.22000027,12.18000031,0.222320005,0.22484,0.228595004,0.232879996,0.237673998,0.242451996,0.246463999,0.249062002,0.250344992,0.250393003,0.249461994,0.247951999,0.246096999,0.243835002,0.241081998,0.238132998,0.235010997,0.231851995,0.228786007,0.225778997,0.222886995,0.220100999,0.217280999,0.214557007,0.211982995,0.209574997,0.207482994,0.205705002,0.204097003,0.202941001,0.202105001,0.201518998,0.201227993,0.201346993,0.202268004,0.204880998,0.210244998,0.219327003,0.231912002,0.246785998,0.262953013,0.278964996,0.293594986,0.306383014,0.317303985,0.327190012,0.336540997,0.345272005,0.352434009,0.357241005,0.359274,0.358696014,0.355542004,0.349743992,0.342216998,0.334405005,0.327098012,0.32091099,0.315887004,0.311915994,0.308869004,0.306623012,0.304811001,0.303288013,0.301876009,0.300228,0.298292995,0.296355993,0.294777989,0.293857008,0.293920994,0.295258999,0.297982007,0.302444011,0.308571011,0.316487998,0.326375008,0.337821007,0.35036999,0.363265008,0.376159012,0.388920009,0.400864989,0.411233008,0.420726001,0.430267006,0.44184801,0.456743985,0.47645399,0.50088799,0.528591991,0.558384001,0.588347018,0.616545975,0.64151299,0.662558973,0.679414988,0.692215979,0.701370001,0.70737499,0.711475015,0.714115024,0.715861976,0.716785014,0.716436029,0.714940012,0.712755978,0.709806979,0.706543982,0.702867985,0.698934019,0.694980979,0.69107002,0.687116027,0.683315992,0.680019021,0.677033007,0.674314022,0.672205985,0.670333982,0.668702006,0.667129993,0.665547013,0.663900971,0.662267983,0.660327971,0.657890976,0.654667974,0.650835991,0.64645201,0.641533017,0.636088014,0.630402029,0.624945998,0.619517028,0.614076018,0.608877003,0.603992999,0.599552989,0.595467985,0.591790021
WheatWholePerten0148,Perten_DA7200,wheat,Wheat,UK,2011,14.40999985,8.420000076,0.157333002,0.159869999,0.163807005,0.168628007,0.173926994,0.179164007,0.183552995,0.186528996,0.188036993,0.188242003,0.187545002,0.186112002,0.184156999,0.181847006,0.179223001,0.176376,0.173357993,0.170316994,0.167389005,0.164573997,0.161906004,0.159337997,0.156799004,0.154300004,0.151929006,0.149743006,0.147885993,0.146277994,0.144955993,0.143975005,0.143307,0.142943993,0.142873004,0.143274993,0.144468993,0.147342995,0.152940005,0.162199006,0.174869001,0.189893007,0.206159994,0.222163007,0.236658007,0.249149993,0.259746999,0.269492,0.278887987,0.287847012,0.295516998,0.300893992,0.303678006,0.303847998,0.301373005,0.296207994,0.289029002,0.281428993,0.274396986,0.268444985,0.263736993,0.260181993,0.257530987,0.255620003,0.254114002,0.252826005,0.251565009,0.250036001,0.248338997,0.246583998,0.245243996,0.244509995,0.244642004,0.245992005,0.248689994,0.252936006,0.258830994,0.266507,0.275979012,0.286962003,0.298983008,0.311428994,0.324014992,0.336578012,0.348354012,0.358770013,0.368288994,0.377826989,0.389241993,0.404031009,0.423860014,0.448747009,0.478000999,0.510681987,0.544781029,0.577902019,0.608349979,0.634685993,0.656314015,0.673003018,0.685019016,0.693059027,0.698737979,0.70252198,0.704825997,0.706151009,0.705955982,0.704155028,0.701225996,0.697537005,0.693471015,0.68877399,0.683993995,0.679233015,0.674279988,0.669459999,0.664999008,0.661032975,0.657697976,0.654671013,0.652402997,0.65051502,0.648715019,0.647135019,0.645527005,0.644016028,0.642172992,0.63992399,0.637143016,0.633423984,0.628968,0.623763979,0.618009985,0.611572027,0.604977012,0.598506987,0.592166007,0.585799992,0.579791009,0.574268997,0.569032013,0.564449012,0.560379028
WheatWholePerten0149,Perten_DA7200,wheat,Wheat,UK,2011,14.63000011,14.72000027,0.264652014,0.266526997,0.269618005,0.273411989,0.277429014,0.281397998,0.284799993,0.286855012,0.287755013,0.287584007,0.286536992,0.284961999,0.283082008,0.280743986,0.278044999,0.275092989,0.271968007,0.268734992,0.265579999,0.262558013,0.259696007,0.256814987,0.253930003,0.251138002,0.248490006,0.246074006,0.243901998,0.241981,0.240388006,0.239127994,0.238254994,0.237642005,0.237229005,0.237272993,0.238114998,0.240576997,0.245795995,0.254671991,0.266820997,0.281105995,0.296557009,0.311807007,0.325807989,0.338075012,0.348601997,0.357988,0.366733015,0.374799013,0.381301999,0.385390014,0.386970013,0.386014998,0.382661998,0.377016008,0.369697988,0.362094998,0.354999989,0.348940998,0.344022989,0.34007901,0.336993992,0.334710985,0.332904011,0.331393987,0.330009997,0.328438014,0.326617003,0.324699014,0.323128998,0.322272986,0.322382003,0.323651999,0.326359004,0.330716997,0.336762995,0.344554007,0.354135007,0.365301997,0.37745899,0.389885008,0.402249992,0.414413989,0.425610006,0.435452014,0.444411993,0.453482002,0.464511991,0.47863701,0.497099996,0.519551992,0.544399977,0.570317984,0.595645011,0.618591011,0.638433993,0.654725015,0.667544007,0.677091003,0.683767974,0.688040972,0.690989018,0.692897975,0.694133997,0.694678009,0.694339991,0.693104982,0.691242993,0.689064026,0.68660301,0.683722019,0.680648983,0.677632988,0.674520016,0.671436012,0.668493986,0.665753007,0.663416982,0.661238015,0.65951997,0.65804702,0.656484008,0.654992998,0.653630018,0.652301014,0.65091002,0.649294019,0.647257984,0.644771993,0.641750991,0.638292015,0.634343982,0.630056977,0.625620008,0.621336997,0.617021024,0.61262399,0.608509004,0.604651988,0.600956023,0.597873986,0.594919026
WheatWholePerten0150,Perten_DA7250,wheat,Wheat,Norway,2014,13.5,14.60000038,0.234695405,0.238563404,0.244075403,0.25082311,0.258310288,0.265832692,0.272441685,0.277160794,0.279867798,0.280739814,0.280196488,0.278887808,0.2769804,0.274373889,0.271287412,0.267644912,0.263739288,0.259682,0.255708307,0.251875103,0.248176098,0.244475305,0.240828201,0.2371687,0.233781397,0.230791494,0.228056297,0.225814998,0.223969296,0.2225499,0.221650705,0.221219003,0.221277505,0.221835598,0.223571405,0.227689207,0.235904396,0.249520704,0.267787993,0.28890121,0.311510712,0.333896905,0.354768515,0.373298705,0.389076203,0.403122395,0.416418314,0.428760707,0.438691497,0.445048004,0.447759986,0.44728139,0.443237096,0.435661703,0.425536692,0.4148947,0.405119389,0.396771103,0.3899768,0.384783894,0.380868495,0.377907515,0.375718415,0.373900086,0.372219086,0.370250791,0.367814094,0.365074486,0.362692505,0.36132741,0.36120081,0.362787992,0.366291404,0.371914595,0.379881203,0.390254796,0.403281391,0.418345988,0.434766889,0.45175001,0.468705803,0.485145509,0.500255883,0.513510108,0.525425971,0.537075281,0.550239325,0.567366183,0.589715421,0.616220176,0.645182073,0.675044477,0.703365207,0.72848171,0.749471426,0.766216219,0.778967917,0.788065374,0.79430747,0.798606277,0.801388919,0.803129375,0.804287672,0.804852605,0.8047961,0.803968191,0.8027668,0.800953925,0.799034894,0.796671093,0.794399917,0.791809022,0.789077818,0.786468506,0.783822417,0.781386018,0.779286087,0.777598679,0.776015997,0.774589181,0.773358405,0.772297323,0.771381319,0.770285428,0.768961072,0.767515779,0.765630901,0.763378024,0.760610819,0.756897628,0.752778411,0.748286903,0.743770123,0.739180803,0.734354377,0.729484379,0.724828184,0.720387995,0.716294587,0.712668419,0.708910227
